{
  "noise": 0.2900149780693404, 
  "log_likelihood": -1089.431571841441, 
  "nlpd": -262.61163460904771, 
  "rmse": 10.887704761763235, 
  "weight_variance": [
    1735192.8690286661
  ], 
  "bias_variance": 349800.28079467185, 
  "mae": 7.641659253651909, 
  "pearsonr": [
    0.68935894533043829, 
    2.193609880934695e-15
  ], 
  "variance": 1.1206095300510988
}