{
  "noise": 145.42575221640547, 
  "log_likelihood": -3844.4299135504066, 
  "nlpd": -4.2092142285813345, 
  "rmse": 16.646273522035489, 
  "lengthscale": [
    2.1834693572057189
  ], 
  "mae": 13.13541900915196, 
  "pearsonr": [
    0.71215125677946889, 
    9.7980406303528408e-17
  ], 
  "variance": 435.5852817677868
}