{
  "log_likelihood": -4827.589457346593, 
  "nlpd": 4.2311302384655276, 
  "rmse": 16.454641295673092, 
  "rbf.lengthscale": 2.2720422506935662, 
  "Gaussian_noise.variance": 171.56648644435023, 
  "mae": 12.675454969918579, 
  "pearsonr": [
    0.76473050700389267, 
    3.1057740273527903e-25
  ], 
  "rbf.variance": 440.8703426975835
}