{
  "regularization": 10.0, 
  "rmse": 20.111295598334745, 
  "intercept": 11.175913345506098, 
  "mae": 15.440775530871212, 
  "pearsonr": [
    0.60505786241965298, 
    7.8157413886130355e-14
  ], 
  "coefs": [
    -2.3232980086221855, 
    3.5252889808614576, 
    -1.421925001862947, 
    -5.8081241335914946, 
    -3.3425664724598074, 
    6.0061112457691825, 
    1.1692518143436692, 
    1.9699097069584655, 
    5.3811247103924575, 
    2.6805583838988096, 
    0.79708488498402252, 
    6.0450112197284573, 
    5.9192410646065206, 
    0.56108269887988438, 
    1.7948396469729779, 
    2.2655073996023547, 
    -0.71240270967977692, 
    3.6480272659358275, 
    -3.8949835794495109, 
    7.7915406525293163, 
    2.9376196538174115, 
    3.1169556748934935, 
    10.833049977221348, 
    4.1423593453094991, 
    -0.48379191720573284, 
    0.820625663451648, 
    -2.3340931800815956, 
    6.1717751047738147, 
    5.3707923048441035, 
    4.797248943880132, 
    7.4024079995741348, 
    2.6112719114289535, 
    -1.3706202300460064, 
    -1.5971738606176258, 
    -9.781371559535998, 
    1.842804444771142, 
    -2.2731673556042824, 
    -5.3157819485458102, 
    3.191166791181522, 
    3.936209197383842, 
    -1.994308643904579, 
    3.1891527587835067, 
    -4.4592104735582101, 
    -1.4077834748250191, 
    2.54495917880489, 
    6.7079931797075742, 
    -1.0791552512722398, 
    6.1639073469438062, 
    -10.196250570962599, 
    5.410582029120504, 
    1.4585054709532088, 
    -5.1013171838981899, 
    -2.2534628114924278, 
    5.8866309091758362, 
    2.7312666972652146, 
    -1.2979752302586332, 
    -0.5613648963076987, 
    -3.2726264714177229, 
    -2.6877785147537239, 
    8.0837449700518214, 
    3.3077895591274618, 
    -1.1531133111753364, 
    3.0618059750215685, 
    -2.9466583174655048, 
    -8.3447438136141265, 
    4.9150877339241807, 
    0.86027992661102048, 
    -0.96504138872474443, 
    -3.6143570805910077, 
    0.22549252725815569, 
    -3.6813527441447609, 
    -1.8720009663248072, 
    -0.71736697701746577, 
    9.3336616666486893, 
    5.9118526298470817, 
    -2.9966808440485813, 
    2.5938665974679473, 
    6.1864681320707069, 
    -2.8795175652689307, 
    4.5481004443597586, 
    7.1423506688337479, 
    6.8761287322920079, 
    3.0715824922930559, 
    -0.104004407843675, 
    1.1148510571933476, 
    -5.5945160179803439, 
    -3.3271090682773568, 
    -7.9607758886848687, 
    -4.6356232692863699, 
    1.2114480378506982, 
    6.1044939072391236, 
    3.5964260164365287, 
    1.8552635163730062, 
    6.3619030148263818, 
    -1.198522138920473, 
    7.7858501594903986, 
    3.5170972814175325, 
    5.3941263030082789, 
    0.51812030976907164, 
    -6.3771388391423729
  ]
}