{
  "lengthscale": [
    0.57073011666987905
  ], 
  "noise": [
    30.41654839179075, 
    16.43705923890404, 
    29.69339011189438, 
    32.041143422648325, 
    33.859064156144484, 
    43.078779542322835
  ], 
  "kappa": [
    21.138283089425077, 
    18.64965137465637, 
    45.78754917913662, 
    46.33573625929282, 
    45.44478521159661, 
    32.631262099797475
  ], 
  "log_likelihood": -21366.942062120826, 
  "power": [
    0.023650093795414537
  ], 
  "joy": {
    "mae": 12.50543212365702, 
    "nlpd": 4.2089907185532631, 
    "pearsonr": [
      0.62750679824086775, 
      2.8220585869312384e-12
    ], 
    "rmse": 15.595886112933478
  }, 
  "W": [
    2.4759859408318805, 
    1.6606163819962003, 
    3.3751269592424937, 
    -7.067389107027337, 
    6.317363652586659, 
    -1.5688327375443925
  ], 
  "sadness": {
    "mae": 11.761405950816012, 
    "nlpd": 4.2732314568202909, 
    "pearsonr": [
      0.65650456104523047, 
      1.2105673945133002e-13
    ], 
    "rmse": 16.682057779280257
  }, 
  "disgust": {
    "mae": 4.7568062069899559, 
    "nlpd": 3.3488510272242711, 
    "pearsonr": [
      0.43985118246966481, 
      4.6751413874444956e-06
    ], 
    "rmse": 6.2923411283478714
  }, 
  "variance": 64.33839493763895, 
  "anger": {
    "mae": 6.633566971865787, 
    "nlpd": 3.7020325290033322, 
    "pearsonr": [
      0.72037369080270419, 
      2.9618496792156312e-17
    ], 
    "rmse": 9.6775421796787668
  }, 
  "surprise": {
    "mae": 9.9927567638983685, 
    "nlpd": 3.9704464598947982, 
    "pearsonr": [
      0.52981404253547792, 
      1.4424388298703999e-08
    ], 
    "rmse": 12.631935989973016
  }, 
  "fear": {
    "mae": 11.284779008435633, 
    "nlpd": 4.1657776489451344, 
    "pearsonr": [
      0.74733286248102893, 
      4.2621797662047679e-19
    ], 
    "rmse": 14.935300627214458
  }
}