{
  "noise": 0.5284945124471466, 
  "log_likelihood": -1040.2240542455656, 
  "nlpd": -488.03574391784031, 
  "rmse": 17.447783216847331, 
  "mae": 13.837596010186951, 
  "pearsonr": [
    0.48290033440470642, 
    3.6116433637827607e-07
  ], 
  "variance": [
    0.21687816956411327, 
    5.4925437349462368e-07, 
    1.0956196703579978e-07, 
    0.20075116059674497, 
    0.040572797526595851, 
    0.036958478564023484, 
    2.4767314150680855e-08, 
    3.33881389008265e-06, 
    0.28484357428815232, 
    1.3698149361042992e-08, 
    2.4131863196618615e-08, 
    0.085288029652024158, 
    0.0042961999224970654, 
    1.9051892377397938e-08, 
    7.051669577900441e-08, 
    1.5613383013332569e-07, 
    8.7087665506188371e-07, 
    2.0149160837208734e-08, 
    0.080975906938541758, 
    0.21126898249606338, 
    1.063204543796433e-06, 
    1.8291071541791884e-08, 
    0.45602311015312613, 
    0.018753342478652721, 
    2.2655988426780344e-08, 
    2.0448432687203277e-08, 
    2.7180638589900907e-08, 
    0.11704675688334651, 
    0.033121846749907355, 
    0.067991209772082548, 
    0.18421447530275745, 
    2.0358620468834551e-07, 
    7.0447993148766102e-08, 
    1.1683366399624187e-06, 
    0.44096607855138548, 
    3.3510350341415581e-08, 
    4.1714166994473688e-08, 
    0.062833741611182284, 
    6.9510567480792045e-08, 
    5.0573338158524943e-08, 
    4.6266552638184687e-07, 
    0.050087976306882352, 
    2.9212104801913243e-08, 
    8.6533007896477354e-08, 
    2.4506678915588541e-07, 
    0.1634004630510677, 
    0.020110565970124186, 
    0.064464250577292895, 
    0.2827218106180116, 
    0.19802669659548236, 
    3.4021541750416122e-08, 
    0.20490696273562387, 
    1.356548226085131e-07, 
    0.044132418643138834, 
    0.017458095774148648, 
    2.3701323542549024e-09, 
    1.913275272171266e-08, 
    0.032080452559712556, 
    1.093257028560077e-08, 
    0.39491952007264303, 
    0.043106635109272137, 
    7.1468534826457986e-09, 
    1.5083034745999513e-08, 
    0.00020287301116757948, 
    0.54986735656523067, 
    0.14871930396488273, 
    1.9360429720911505e-08, 
    1.1712781014053183e-08, 
    0.065825825585339101, 
    1.1922634669603241e-08, 
    8.4165017354779944e-08, 
    1.6464947582368065e-08, 
    1.7467821341629263e-08, 
    0.36002261018122361, 
    0.12033048648796947, 
    0.17379003060843501, 
    0.05900585310996196, 
    8.4469364660633431e-08, 
    4.4291826380139462e-06, 
    3.8713705502888342e-07, 
    0.20290885221233002, 
    0.29831927362412902, 
    5.6220940182958453e-08, 
    4.6830319192754181e-08, 
    9.4508119212086819e-09, 
    0.011379149184786289, 
    0.048454601582960555, 
    0.071656126878109114, 
    0.0057447353834056266, 
    1.3973793585595128e-08, 
    0.0091221809441299258, 
    8.6080636373608979e-08, 
    0.045803568522199765, 
    0.028569572202961503, 
    2.1509641878360105e-07, 
    0.14940597154647028, 
    4.6308968249434545e-08, 
    0.10595456736873939, 
    1.2501713952341734e-08, 
    0.26608375281953545
  ]
}