{
  "noise": 0.04568352904320004, 
  "log_likelihood": -1063.527674666756, 
  "nlpd": -1038.8738064217114, 
  "rmse": 20.364517096604601, 
  "lengthscale": [
    1.5520069180629585, 
    0.41302268126103514, 
    1.0339793562577853, 
    2.1961257683263202, 
    1.8417178615265399, 
    0.7667236625140057, 
    1.1304951456785166, 
    12.798636664379227, 
    2.9171509681554877, 
    1.5272366148825838, 
    1.6477408944679242, 
    2.1660506046258878, 
    10.514006050617331, 
    8.1689538335184473, 
    0.30144694002941863, 
    2.8348992683337286, 
    1.0495130200529437, 
    11.828379589153245, 
    9.6725356936376468, 
    14.051395206871732, 
    2.0743641273855711, 
    1.1718920352608453, 
    10.060065579146542, 
    0.79109222368293719, 
    9.9786182629300733, 
    12.022418684778208, 
    8.2414735731925983, 
    10.828961129870416, 
    5.5115427534582331, 
    0.89828413117126238, 
    2.1068342719594098, 
    10.293650742285648, 
    0.84494709285542491, 
    10.238155246493131, 
    0.79560412220552923, 
    10.987959873154308, 
    0.76286913098888542, 
    11.547110056585151, 
    8.9578919933624555, 
    8.4787798608898868, 
    2.7895332165149118, 
    1.1049469754478645, 
    1.9984475436552138, 
    7.4245673741915326, 
    1.4152371155509444, 
    11.939086889662756, 
    8.4380826634477817, 
    1.7001601968592246, 
    8.2022214700291247, 
    9.0162879302117833, 
    0.7273886044959128, 
    4.0638785247441351, 
    1.4554170842046446, 
    12.757738417573172, 
    9.1278613780133746, 
    13.38884996409163, 
    7.8990270858584628, 
    2.3765439664624708, 
    13.824779314422871, 
    1.0954785774852209, 
    11.823444619118529, 
    1.1574215604559042, 
    14.857496070625805, 
    12.297944089992637, 
    13.035405001790995, 
    9.7694356830028983, 
    10.293030083446967, 
    0.56281316573958096, 
    1.2703314035072537, 
    1.7518172387826727, 
    0.76222537345912511, 
    0.9163926760433746, 
    9.0231737441600171, 
    12.53143128270824, 
    10.374215851898816, 
    10.258878957757753, 
    3.8326877610311088, 
    13.714135205102957, 
    1.4852695347171117, 
    0.5363359862590954, 
    0.90895601519603841, 
    2.3218453213809731, 
    1.3695643553810088, 
    2.0557971317920445, 
    9.5170522244366804, 
    11.487580187766742, 
    1.8220973555138467, 
    13.565623172463916, 
    1.1522047488458251, 
    13.62503361829256, 
    1.3404171566942999, 
    6.0792598800079141, 
    10.442682635949579, 
    13.647402177315907, 
    0.87774525339601217, 
    3.7395374983706828, 
    0.8893712026826488, 
    13.265596877027352, 
    8.7982659006344264, 
    0.79944750261070796
  ], 
  "mae": 16.012536352919863, 
  "pearsonr": [
    0.46788762836378994, 
    9.1803441777749022e-07
  ], 
  "variance": 1.0569112235910938
}