{
  "warp_d": 2.551748671746257, 
  "noise": 221.05055480861412, 
  "log_likelihood": -3853.9412189983295, 
  "nlpd": -4.1741101250077168, 
  "rmse": 16.148942089613666, 
  "weight_variance": [
    710.46218871734243
  ], 
  "bias_variance": 2295.9172122370187, 
  "mae": 11.507615791450542, 
  "pearsonr": [
    0.65067528094996585, 
    2.343054211756742e-13
  ], 
  "variance": 6798.691976390993, 
  "warp_psi": [
    [
      5.5626846462681369e-309, 
      1.1601943091260736e-139, 
      78.551889405811409
    ], 
    [
      5.5626846462681369e-309, 
      5.5626846462681369e-309, 
      -3.9692059429476116
    ], 
    [
      5.5626846462681369e-309, 
      247.85443658443646, 
      -1136.6696531976343
    ]
  ]
}