{
  "regularization": 1.0, 
  "rmse": 19.17373154790905, 
  "epsilon": 0.10000000000000001, 
  "mae": 14.592698143879042, 
  "pearsonr": [
    0.56428377505307481, 
    9.7120823646240765e-10
  ], 
  "gamma": 0.10000000000000001
}