{
  "noise": 0.3132511099799117, 
  "log_likelihood": -1079.9622995762484, 
  "nlpd": -242.06002322335607, 
  "rmse": 10.065354026610544, 
  "lengthscale": [
    1.6027941903382688
  ], 
  "mae": 7.0572349848189928, 
  "pearsonr": [
    0.69247726817847044, 
    1.4582167271468253e-15
  ], 
  "variance": 0.5336452027728291
}