{
  "regularization": 10.0, 
  "rmse": 12.519564076483443, 
  "intercept": -0.12002613724442587, 
  "mae": 9.3758922977405952, 
  "pearsonr": [
    0.45534244570742111, 
    1.9361984112464286e-06
  ], 
  "coefs": [
    0.37454517273750276, 
    0.20252127907332776, 
    -0.23973271719286368, 
    0.17618260386075743, 
    -0.26801529898668941, 
    0.057680347290454133, 
    0.17431264402769572, 
    0.23967221697013269, 
    0.060430641324611928, 
    -0.019005503323088039, 
    -0.15144539036427659, 
    -0.031469792297043393, 
    0.083666696550480382, 
    0.15431801068809514, 
    0.21658800735985845, 
    0.0198783793458908, 
    0.024912003607605305, 
    0.086297875791821591, 
    0.30658001772755938, 
    -0.027011034836947938, 
    -0.096570376535197497, 
    0.12566738936412197, 
    -0.19236890245197738, 
    0.015729434222995088, 
    -0.0018117806128731509, 
    -0.037341984653803721, 
    0.053889121880296716, 
    -0.21702500606344108, 
    0.051036075455819986, 
    -0.23850293979399795, 
    0.017888033854452572, 
    0.12372893170813325, 
    -0.21245579603114814, 
    -0.32086506235450568, 
    0.015712324261792539, 
    -0.05760606042304612, 
    -0.19487505460539822, 
    0.034252309023768183, 
    0.15099350129724554, 
    0.12490908122770986, 
    -0.30827839166626658, 
    0.10368117337287296, 
    0.046987226560708119, 
    -0.056993372213179815, 
    -0.33488408220775417, 
    0.011524487002886424, 
    -0.057852950197018291, 
    0.16114365784188772, 
    0.029847656686694975, 
    -0.036471764403457299, 
    0.12851887569914511, 
    0.047211932214304052, 
    0.20576948903582548, 
    0.025595099533787767, 
    -0.064869048441089219, 
    -0.0043648598579644083, 
    -0.27567146063423992, 
    -0.097935456877549107, 
    0.17408874812598887, 
    -0.21839262953892521, 
    -0.13903803429135328, 
    0.10654113692952036, 
    0.31556561566705432, 
    -0.0061323436307660151, 
    0.084532980524759702, 
    0.024433299182030587, 
    0.37131806161233072, 
    -0.42745132885015613, 
    0.06168701057052059, 
    -0.027920105335881955, 
    0.48923276224080436, 
    -0.068348625311646941, 
    0.13582399952635746, 
    0.16642609598558475, 
    0.014778467342529853, 
    0.15469797455247586, 
    0.075779873736861361, 
    -0.2250122281861171, 
    0.049717320412190194, 
    -0.2011558402699562, 
    -0.26174033148331061, 
    -0.26519840164304803, 
    -0.10516796532911644, 
    -0.078843258719218171, 
    -0.080055671466061004, 
    0.24808236455813185, 
    0.20039516445361819, 
    0.029300397331791347, 
    -0.026658055215489286, 
    0.12780769156998159, 
    0.24705598947028329, 
    0.050478468078543774, 
    0.36782705289847911, 
    -0.062821203896859135, 
    -0.044614147516768586, 
    -0.064392272616849239, 
    -0.24015387912381245, 
    -0.31113714449009983, 
    0.095156306303646437, 
    -0.23162176753285665
  ]
}