{
  "noise": 0.04261181333439978, 
  "power": [
    0.022957554746880368
  ], 
  "nlpd": -1017.6625674628855, 
  "rmse": 20.138204013408796, 
  "lengthscale": [
    4.8113307069410105, 
    0.39250700348897649, 
    0.56401362524507981, 
    0.57025529010755316, 
    0.89140467192719952, 
    0.45162584954055951, 
    0.40586851541303559, 
    5.8691548661102564, 
    0.50985405403979522, 
    0.86283108619926852, 
    6.4850032507849278, 
    4.8866779689374829, 
    8.5106314006511123, 
    9.2434315288446172, 
    0.16554168399644076, 
    1.4650534807439752, 
    0.52693269067583415, 
    11.0581659421726, 
    10.200265584708704, 
    10.676370983291376, 
    1.5752192593207757, 
    0.46386332420222609, 
    6.2399708242702321, 
    9.1439886006573978, 
    8.6884756400802559, 
    10.239149284132811, 
    9.4166787152235774, 
    12.050349673239415, 
    2.1007952208744203, 
    0.48849417236209691, 
    1.1542031496482541, 
    5.0467068303499723, 
    0.52382267779357805, 
    0.78416438389709708, 
    0.46195467139670243, 
    6.2968616972708631, 
    0.33289445961092634, 
    9.572451765484189, 
    3.8078299573621979, 
    7.7994275170719964, 
    1.2274429937793423, 
    6.613010047229837, 
    0.62308660576147745, 
    3.6181164307113152, 
    0.80661055490686961, 
    9.4464815994441977, 
    1.9701038481199009, 
    10.693040571698779, 
    3.8581153172684499, 
    7.9987496697322218, 
    0.50153174322703176, 
    3.0769070054082754, 
    7.1574720022258411, 
    8.8112927249315636, 
    9.4490942831326041, 
    1.5811709622735162, 
    9.5633784109161741, 
    1.1989814747426595, 
    9.5931387043942102, 
    0.5684503405591248, 
    5.576747290643004, 
    0.93679126836366999, 
    9.9440790215341703, 
    9.0384624343167488, 
    10.601964549828613, 
    9.2541342374732274, 
    9.8344574877124558, 
    3.4014253692515855, 
    0.50673442012945002, 
    0.94342557334098442, 
    0.35686027315159352, 
    0.64173765832013918, 
    3.2692862200076265, 
    5.76757575219772, 
    8.5784950513685629, 
    9.0559466565965856, 
    2.9788970942814808, 
    10.210448891132222, 
    2.9160687356702844, 
    0.44354291692116565, 
    0.65602000093980239, 
    1.6902077559656665, 
    1.0684385532758953, 
    8.696467517950671, 
    9.3858834944808969, 
    7.9287453436329232, 
    0.93919793569845567, 
    10.778913848678682, 
    0.41906729893801536, 
    9.2551009439408549, 
    0.49421825638167943, 
    1.2193931339413975, 
    3.4036463135426485, 
    9.6107327873109103, 
    0.41066026168967024, 
    0.92117255150922572, 
    0.80216314560509439, 
    8.2557492221070188, 
    6.4426530648812435, 
    0.31208380098673577
  ], 
  "mae": 15.545690463284913, 
  "pearsonr": [
    0.48060918720363371, 
    4.1762980866888975e-07
  ], 
  "variance": 22.184459313395756, 
  "log_likelihood": -1065.4431038488087
}