{
  "noise": 0.06381789098448072, 
  "log_likelihood": -1087.4099731158324, 
  "nlpd": -748.31724417821079, 
  "rmse": 15.745073396599535, 
  "weight_variance": [
    39371.568521366316, 
    73321.073359329079, 
    72577.076952739473, 
    28699.433864833478, 
    18032.433601068147, 
    168294.82939724126, 
    44059.672484902207, 
    5.5626846462681369e-309, 
    30107.121073012608, 
    121823.79842704655, 
    5.5626846462681369e-309, 
    24435.61182616654, 
    5.5626846462681369e-309, 
    5.5626846462681369e-309, 
    5.5626846462681369e-309, 
    7408.4270586555722, 
    105266.26113781326, 
    80458.991623856462, 
    5.5626846462681369e-309, 
    5.5626846462681369e-309, 
    4954.3528630509227, 
    43646.112582336711, 
    50785.863511610551, 
    5.5626846462681369e-309, 
    5.5626846462681369e-309, 
    5.5626846462681369e-309, 
    5.5626846462681369e-309, 
    28706.989575449679, 
    18715.20057195616, 
    255657.97212168231, 
    36468.609922416923, 
    5.5626846462681369e-309, 
    5.5626846462681369e-309, 
    36289.047663024154, 
    59541.598513231605, 
    33488.8675727761, 
    49325.236047602404, 
    5.5626846462681369e-309, 
    33739.797645341678, 
    65808.815101116154, 
    147276.53126849132, 
    14318.361187459981, 
    49435.860449076696, 
    5.5626846462681369e-309, 
    5.5626846462681369e-309, 
    5.5626846462681369e-309, 
    5.5626846462681369e-309, 
    5.5626846462681369e-309, 
    5.5626846462681369e-309, 
    5.5626846462681369e-309, 
    221792.02378394836, 
    3291.3169036252666, 
    5.5626846462681369e-309, 
    18789.480303023061, 
    5.5626846462681369e-309, 
    5.5626846462681369e-309, 
    5.5626846462681369e-309, 
    65895.282378152653, 
    5.5626846462681369e-309, 
    136472.68462192742, 
    5.5626846462681369e-309, 
    47542.798786871645, 
    5.5626846462681369e-309, 
    5.5626846462681369e-309, 
    5.5626846462681369e-309, 
    5.5626846462681369e-309, 
    5.5626846462681369e-309, 
    5.5626846462681369e-309, 
    37756.173081671717, 
    98552.980230137357, 
    106126.57142038224, 
    125372.81197041406, 
    5.5626846462681369e-309, 
    5.5626846462681369e-309, 
    5.5626846462681369e-309, 
    5.5626846462681369e-309, 
    160966.93912878432, 
    5.5626846462681369e-309, 
    22757.867148074249, 
    55091.871369915505, 
    144507.46689388397, 
    43866.80945147395, 
    5.5626846462681369e-309, 
    5.5626846462681369e-309, 
    5.5626846462681369e-309, 
    5.5626846462681369e-309, 
    75248.114633768171, 
    30548.480844418718, 
    158436.51249719763, 
    5.5626846462681369e-309, 
    5.5626846462681369e-309, 
    113111.33112513366, 
    5.5626846462681369e-309, 
    5.5626846462681369e-309, 
    120501.58935042145, 
    14848.450523989421, 
    5.5626846462681369e-309, 
    5.5626846462681369e-309, 
    5.5626846462681369e-309, 
    5.5626846462681369e-309
  ], 
  "bias_variance": 48412.482735718986, 
  "mae": 12.945460696488819, 
  "pearsonr": [
    0.62587115323887754, 
    3.3380090780304777e-12
  ], 
  "variance": 2.029240902191016
}