{
  "noise": 0.0894420529319753, 
  "log_likelihood": -1108.1819968623727, 
  "nlpd": -119.68870218779244, 
  "rmse": 7.6710553217229407, 
  "lengthscale": [
    21.3420796580263, 
    1.2938512272804716, 
    8.9173182781261797, 
    0.4391897241114302, 
    27.26377971270707, 
    15.262766675825526, 
    0.83075451924592547, 
    15.974980054814905, 
    8.4664992458671602, 
    0.64397057638224076, 
    0.79930412322904465, 
    19.36516403280373, 
    8.5743850095418779, 
    18.218134802229617, 
    23.109086654070982, 
    0.64705069596346509, 
    24.013216652794313, 
    0.72400878225409626, 
    20.062386368492628, 
    11.369981037129573, 
    16.739277184386747, 
    25.085693663186596, 
    23.777119909525126, 
    17.788168687731062, 
    12.849019961392305, 
    17.367222198649028, 
    12.530914221650409, 
    0.5632461493069032, 
    23.521315778352811, 
    0.40347030254082622, 
    0.46988113631172634, 
    10.446693287073554, 
    12.493724547660566, 
    27.037046852515818, 
    20.036383396697371, 
    0.83311172658711496, 
    11.793257569220941, 
    0.6847266153272642, 
    0.72054637525451415, 
    1.3015895685402092, 
    16.65248211677001, 
    22.214400015474901, 
    13.01994875837247, 
    22.870163438211033, 
    17.171211099541644, 
    16.584913213749786, 
    19.057964472289981, 
    0.68158157421747523, 
    14.481057263712517, 
    1.1149508140261979, 
    17.2568449204724, 
    16.078345272919737, 
    4.5007431263255961, 
    21.660278721614208, 
    0.83701972837393068, 
    17.773152109962762, 
    16.521917021158078, 
    19.954273769861505, 
    5.1478640975513077, 
    20.339470992644628, 
    13.733648346637883, 
    17.791547983987169, 
    20.130052412833123, 
    0.91249637361674896, 
    21.976164930519548, 
    0.64052073630607553, 
    20.432457796179616, 
    12.444418366841976, 
    14.75293835506945, 
    0.79830245142400358, 
    16.576917810240172, 
    0.45594166738016417, 
    1.0675844293187886, 
    0.81348645681725007, 
    0.85127008698487194, 
    20.991118629792908, 
    0.37375461915516578, 
    0.3630936150584233, 
    20.045841839820365, 
    8.5403647246596464, 
    1.1202212254376245, 
    1.2968227295042822, 
    23.219976493202942, 
    18.676663119675084, 
    26.417819669946368, 
    0.93397256991399935, 
    14.628359631270536, 
    2.5408458266919007, 
    13.295944465745263, 
    22.105241112723583, 
    12.726501448764671, 
    27.161934695008668, 
    0.56424390386168177, 
    19.697781590554019, 
    1.0463263995755476, 
    21.257866709676609, 
    0.63093020617878026, 
    4.8153369686490954, 
    21.508657055115474, 
    0.65470938611668505
  ], 
  "mae": 4.9456160037001924, 
  "pearsonr": [
    0.76470420621217572, 
    2.0640098847929903e-20
  ], 
  "variance": 0.8504434573623839
}