{
  "noise": [
    112.361593980858, 
    78.94928564505145, 
    204.17231460587297, 
    313.6535142144467, 
    292.19656093499435, 
    147.0455498552189
  ], 
  "kappa": [
    0.005310759595914494, 
    5.744613248534335, 
    47.775863570981834, 
    61.42177778041003, 
    72.83692619153113, 
    37.69694173323205
  ], 
  "log_likelihood": -21894.055255008574, 
  "joy": {
    "mae": 14.726370939715027, 
    "nlpd": 4.2876627216064316, 
    "pearsonr": [
      0.49706345347283892, 
      1.4366648628979784e-07
    ], 
    "rmse": 17.576610089474922
  }, 
  "W": [
    -5.208990564386846, 
    -2.909187471539497, 
    -3.192300357266034, 
    5.407066454392821, 
    -4.519384805982742, 
    1.0594253343951117
  ], 
  "sadness": {
    "mae": 12.950357997825744, 
    "nlpd": 4.2807198473007801, 
    "pearsonr": [
      0.60446629050094891, 
      2.7529037441155409e-11
    ], 
    "rmse": 17.483022006484187
  }, 
  "disgust": {
    "mae": 5.346158864081719, 
    "nlpd": 3.3948569615419548, 
    "pearsonr": [
      0.39329080014236228, 
      5.1692062715833712e-05
    ], 
    "rmse": 6.6352560786429864
  }, 
  "variance": [
    0.29643213115691625
  ], 
  "anger": {
    "mae": 7.6988712128988412, 
    "nlpd": 3.8175661827637284, 
    "pearsonr": [
      0.61500416036595273, 
      9.9385399667964845e-12
    ], 
    "rmse": 11.005443669638257
  }, 
  "surprise": {
    "mae": 10.865539350045559, 
    "nlpd": 4.0240383075358634, 
    "pearsonr": [
      0.43784677151178736, 
      5.2236402932395187e-06
    ], 
    "rmse": 13.466019181279988
  }, 
  "fear": {
    "mae": 12.017172764778465, 
    "nlpd": 4.1836766963567964, 
    "pearsonr": [
      0.71039062378758511, 
      1.2590562588422724e-16
    ], 
    "rmse": 15.804732458710182
  }
}