{
  "log_likelihood": -4698.347222101149, 
  "nlpd": 4.2653995000336886, 
  "rmse": 17.033416279061651, 
  "Gaussian_noise.variance": 218.0544497288579, 
  "mae": 12.036943365342941, 
  "pearsonr": [
    0.65154806396665732, 
    1.9039903576591612e-16
  ], 
  "linear.variances": 16.6780353247051
}