{
  "noise": 0.33860766936555364, 
  "log_likelihood": -1166.7486036421972, 
  "nlpd": -393.05808278120855, 
  "rmse": 11.812526773559142, 
  "lengthscale": [
    1.5635329200834047
  ], 
  "mae": 9.0421999982785746, 
  "pearsonr": [
    0.54183885745160454, 
    5.8244852463539762e-09
  ], 
  "variance": 0.6271256708296928
}