{
  "noise": 62.77749940708524, 
  "power": [
    0.20619531925640033
  ], 
  "nlpd": -3.9690947372746188, 
  "rmse": 12.712730381928955, 
  "lengthscale": [
    12.524630882472328, 
    0.52994688772475063, 
    0.4573757515727066, 
    96.74049605153688, 
    0.32368930617264119, 
    45.978225642487388, 
    34.500933512867206, 
    0.85199541208327068, 
    46.937804577193944, 
    30.757520431588613, 
    29.188759819959042, 
    0.24443029531931559, 
    101.97848023538837, 
    27.738076248725367, 
    59.993446395909842, 
    39.641788940458234, 
    50.908250233059753, 
    118.28491087174618, 
    99.239228173282882, 
    48.076810030684939, 
    124.35104293103515, 
    36.714254834597632, 
    24.619255098370488, 
    39.695046798509971, 
    34.545069409017749, 
    24.528362630847592, 
    59.652072456036237, 
    0.83268817999102274, 
    109.98856955417151, 
    0.43731175250135157, 
    57.820733287020971, 
    6.7442128398606931, 
    35.760642704620089, 
    1.2277396904489619, 
    90.249904474950071, 
    43.905925563413085, 
    0.72433605814847868, 
    58.579226624510092, 
    15.237024535582004, 
    0.32187196086625747, 
    72.600833699719743, 
    9.4050912042559442, 
    22.243984220226221, 
    17.033763814260286, 
    0.28058295889019313, 
    41.511535772619773, 
    43.816683200358327, 
    39.102250300530692, 
    66.001109964634693, 
    32.567810459402089, 
    37.624148467985066, 
    34.164063371220138, 
    32.970286567169765, 
    42.725092464402515, 
    21.866076587341865, 
    39.792069388969146, 
    0.83924382663001706, 
    35.59259431406015, 
    46.401412111572071, 
    0.70267881111193287, 
    36.358087507280217, 
    60.505581704753276, 
    0.79359869182472143, 
    72.975829194178729, 
    28.038527172020181, 
    99.416782293176766, 
    0.70966482634516237, 
    0.23188007353954221, 
    79.788908069460561, 
    62.591421133384515, 
    0.60169476170525593, 
    0.29306390914275415, 
    0.18955535898110593, 
    64.406697860902838, 
    31.158085655918708, 
    23.897292220801873, 
    87.693120095982906, 
    55.931779505260131, 
    48.584984708608182, 
    72.661281212499475, 
    1.1835718310876664, 
    0.73484141732699393, 
    0.42362783257045178, 
    23.337780652678415, 
    46.268302999151459, 
    33.970425277837194, 
    22.161515334934762, 
    30.046047407317051, 
    30.604139066420913, 
    48.557365049545574, 
    0.47530844754837132, 
    0.53723376698335379, 
    0.26289933282985289, 
    46.570273497202145, 
    22.767081591113175, 
    72.089728101983042, 
    0.33878463848744717, 
    0.43617134955587622, 
    34.355163224883093, 
    0.35429959424747659
  ], 
  "mae": 9.4252207880970644, 
  "pearsonr": [
    0.46438618902473999, 
    1.1340010768618062e-06
  ], 
  "variance": 330.2427445461755, 
  "log_likelihood": -3513.4111504476546
}