{
  "noise": 0.10093662739353189, 
  "log_likelihood": -1153.2554713242046, 
  "nlpd": -54.095329320815551, 
  "rmse": 6.3056854367925546, 
  "lengthscale": [
    1.2394383728312992
  ], 
  "mae": 4.759108741700393, 
  "pearsonr": [
    0.45307396345793732, 
    2.2089812137272331e-06
  ], 
  "variance": 0.8474319658008477
}