{
  "regularization": 10.0, 
  "rmse": 17.175611901512823, 
  "intercept": 12.195141731154274, 
  "mae": 13.046425592723899, 
  "pearsonr": [
    0.49647913153694917, 
    3.9001078180307736e-09
  ], 
  "coefs": [
    -2.7692049841662509, 
    3.1559788899867742, 
    0.094119034762444986, 
    -6.8156767383261743, 
    -3.1830441829159466, 
    5.5761428272181899, 
    1.7975971185850572, 
    2.7309939261700893, 
    5.2800901073048054, 
    3.0382501087224147, 
    -1.5216409564916225, 
    5.1279220447411591, 
    5.598245901944173, 
    -0.5424788616155678, 
    3.0944003052162188, 
    1.6716679012796409, 
    -0.75981087625187382, 
    3.9056658454963915, 
    -5.0853879586834481, 
    8.9738403050441402, 
    3.7957423005782096, 
    0.81390523201098453, 
    11.079867314229075, 
    4.2272805487461262, 
    -0.053791421132127294, 
    2.0666595225505033, 
    -1.597545778935481, 
    5.2576960465344467, 
    5.7184029892331871, 
    2.884595847479269, 
    8.3039425304323977, 
    2.8938273024522836, 
    -1.8349185938962229, 
    -1.9986876317080136, 
    -11.346002021825191, 
    -0.025737276614050855, 
    -2.8058318388066077, 
    -4.4482135842492125, 
    2.489751635391285, 
    2.804674962084476, 
    -0.85233366178365755, 
    3.1190913366477022, 
    -3.3994957275212991, 
    0.93878801385390642, 
    4.356229131487332, 
    7.8292476321579461, 
    1.0721636579346461, 
    5.135128087918079, 
    -10.787902988574992, 
    3.8591601572121599, 
    0.43097796149057144, 
    -4.6682241115530241, 
    -4.0161229297965022, 
    4.1562972702697651, 
    0.91138134900730627, 
    -0.23503570419400061, 
    -1.7259289641225015, 
    -3.7395839499041519, 
    0.16795966072055254, 
    6.9852510820953144, 
    6.3578120635909441, 
    -0.14820883431222517, 
    3.2259897947902352, 
    -3.3911483412873746, 
    -9.2620862796175096, 
    5.8943747509410533, 
    0.85380438316906282, 
    0.65524391054173858, 
    -3.4273968731583824, 
    2.0523368539102682, 
    -4.371164721434794, 
    -3.2581447223314584, 
    -0.57868534159146379, 
    8.8920863615752879, 
    4.9862805654162665, 
    -3.9080235446589624, 
    4.1473208023284487, 
    6.630228675667059, 
    -1.3119586091068516, 
    4.6465521940820276, 
    5.4269949075940556, 
    7.0556440684158233, 
    2.5417317354502007, 
    1.3997895223307704, 
    2.9321491160433104, 
    -5.5447741110893638, 
    -3.9602827569177403, 
    -6.449494985198938, 
    -3.6620172084274398, 
    1.6403672245948198, 
    6.396078821516042, 
    3.8432837352489786, 
    4.4351070025348518, 
    7.0510105645542458, 
    -1.0440526538352271, 
    6.2721721773400922, 
    6.050896516158315, 
    3.9926117873389608, 
    1.4858952143437278, 
    -6.2539939763680907
  ]
}