{
  "noise": 0.08369638309856467, 
  "log_likelihood": -1062.1318720698105, 
  "nlpd": -87.519289914310534, 
  "rmse": 9.1227846954006537, 
  "lengthscale": [
    9.9406362679189311, 
    3.23229799612978, 
    10.156225721991509, 
    0.94770972473928372, 
    16.584540580810259, 
    9.7523838813811441, 
    4.0327684971157494, 
    14.189570450290146, 
    0.84350205832879388, 
    0.89661668574026632, 
    12.566079673866824, 
    5.8433618688076807, 
    10.650034863604033, 
    13.14651524846748, 
    10.11805046022878, 
    7.5974533634708257, 
    6.7738963825990073, 
    8.4101734111380555, 
    2.1716964648257662, 
    8.1224285793558515, 
    3.8495452878306442, 
    13.925936949977611, 
    9.5277755871887173, 
    11.16716075077372, 
    8.3838874255259341, 
    9.2925224536002347, 
    8.2558647524976774, 
    0.50927960127450789, 
    14.346284906011229, 
    0.34409584152254835, 
    0.51501789651155849, 
    1.0878999347289739, 
    3.117636673884395, 
    15.68128192944223, 
    15.161327365497147, 
    1.2232548038624074, 
    6.1779301494716234, 
    6.1707972558543736, 
    0.9298764429201597, 
    11.361293132137886, 
    10.753077558948789, 
    13.757267973122016, 
    13.632204836958367, 
    6.630714404223899, 
    10.77046976590492, 
    1.4436102740550976, 
    0.78259575997957653, 
    5.2610951796478078, 
    13.187146561167966, 
    2.4787665314829948, 
    2.1380958339217822, 
    10.269521758749613, 
    1.2245077374697257, 
    12.255296612677858, 
    1.1352664102523953, 
    3.1951641267774344, 
    8.638425919999893, 
    11.928202002790034, 
    0.96129817232292458, 
    11.443987514267503, 
    0.4324731596770906, 
    16.033266151295024, 
    10.159573746890461, 
    1.7239658465984435, 
    12.054305789381115, 
    8.0394356224689485, 
    1.437372831330556, 
    11.370202873602825, 
    12.116735791302219, 
    0.76635014932106182, 
    10.906662754672769, 
    0.46224182842915995, 
    7.425346616210394, 
    1.3912774235452219, 
    8.3738804481491016, 
    7.4417531933623904, 
    0.82207445125501488, 
    0.53278102963137064, 
    13.582568807478905, 
    12.65519013706942, 
    7.5278953333166614, 
    1.0585565216252719, 
    11.042890818246228, 
    4.2458775725383928, 
    11.316431387932287, 
    0.87211709672118176, 
    9.674910946578013, 
    1.097702313811483, 
    7.4069732691905985, 
    12.649449245425169, 
    10.952060457269056, 
    14.128182116655616, 
    2.2126813689069915, 
    9.9506162157779556, 
    0.76024671158230994, 
    9.8706645847702319, 
    0.77926492962601968, 
    7.0499762673632249, 
    18.117611072930448, 
    8.0599272228907335
  ], 
  "mae": 5.9710512633997448, 
  "pearsonr": [
    0.24390002542642725, 
    0.014469702372069739
  ], 
  "variance": 0.8721951984946825
}