{
  "noise": 0.11889126772490863, 
  "log_likelihood": -973.7380613034038, 
  "nlpd": -672.7936596403465, 
  "rmse": 12.077002246814898, 
  "lengthscale": [
    2.2071683843728653
  ], 
  "mae": 8.8309214537442404, 
  "pearsonr": [
    0.77538748619511755, 
    2.8086207523894913e-21
  ], 
  "variance": 0.7982985455555522
}