{
  "noise": 9.6919803006785, 
  "log_likelihood": -3355.8364770492003, 
  "nlpd": -3.8033771579004965, 
  "rmse": 10.456881252017592, 
  "lengthscale": [
    13.032751047036058, 
    14.536455048566928, 
    1.1214555828364192, 
    10.36911706833715, 
    12.696114820963654, 
    9.3849477927936356, 
    0.72039747247560482, 
    0.9856451674221971, 
    12.497246857416838, 
    0.93218349975708503, 
    12.624833785834234, 
    14.47211134534842, 
    12.887166630794372, 
    9.1632331366308097, 
    1.0162288155426049, 
    0.38876387280285951, 
    2.2772209245598249, 
    12.777403083372743, 
    0.56147040065005815, 
    7.7605138024690543, 
    0.50980915690829187, 
    6.9924558001151924, 
    11.782555694202218, 
    0.65972175311747128, 
    12.63729774510864, 
    10.278972818730892, 
    8.3781236294360504, 
    12.865683933241101, 
    14.023512835153204, 
    1.0461031221829074, 
    1.2013216274562222, 
    0.75367936999382235, 
    11.787793167935384, 
    1.5380535346466393, 
    13.066820628907129, 
    12.280214002924447, 
    11.158337061546401, 
    13.181325211784197, 
    11.162260502241157, 
    0.8678102269052026, 
    1.0941761476784657, 
    13.601375889233438, 
    17.789713398709242, 
    13.120232680316169, 
    11.834872724447454, 
    6.2917103977267459, 
    16.822088510043848, 
    9.5462944228471027, 
    19.354963884317584, 
    9.8665430640372875, 
    12.565476140254885, 
    13.157113373016479, 
    0.9908382137660503, 
    2.4214741904227366, 
    13.392811422992509, 
    13.908411323811563, 
    15.141896681894025, 
    15.44682809448579, 
    11.935406627356258, 
    12.835966271342164, 
    9.1212525100069168, 
    13.518832999019695, 
    13.307214009383751, 
    1.1340885885575318, 
    14.976905076677108, 
    0.68363988484668881, 
    1.141669549066074, 
    1.0549610123157172, 
    13.069570326976255, 
    6.2680431675542305, 
    13.482317493956895, 
    11.136526400176987, 
    8.3143584144579155, 
    1.3697554449069633, 
    10.376145763503491, 
    14.430713216786785, 
    8.4430271199877591, 
    0.66170674803806795, 
    10.025722291709881, 
    1.1990294602310485, 
    5.9525161477920898, 
    1.179653133249964, 
    14.320274543188443, 
    10.13083421983915, 
    12.431380348706989, 
    11.688216517189577, 
    12.853952562978877, 
    13.880445839954382, 
    0.88972092559801574, 
    7.7802817596937155, 
    12.469948907898054, 
    10.178160364397497, 
    7.6387887350242938, 
    14.935242544730455, 
    1.4240697749116003, 
    1.0796858374832878, 
    14.677664447096342, 
    0.454332721498938, 
    13.501901820266355, 
    2.0154656957118413
  ], 
  "mae": 7.2912957857584386, 
  "pearsonr": [
    0.56230093144304416, 
    1.1438908656540086e-09
  ], 
  "variance": 152.0476369066301
}