{
  "warp_d": 0.09652848987574283, 
  "noise": 0.28664231169469845, 
  "power": [
    0.11946011039171832
  ], 
  "nlpd": -4.154724074485598, 
  "rmse": 14.996762055936486, 
  "lengthscale": [
    0.86531053386123269
  ], 
  "mae": 11.122897897410166, 
  "pearsonr": [
    0.68551807666870346, 
    3.602099998544266e-15
  ], 
  "variance": 17.0751755022784, 
  "warp_psi": [
    [
      2.0870028484340157e-07, 
      0.20421042144045107, 
      1.8796758320009601
    ], 
    [
      5.1131686721859328e-08, 
      0.31915531005976061, 
      0.36580446296227226
    ], 
    [
      1.5032699814677294e-10, 
      0.031268686357105065, 
      2.7947612381565774
    ]
  ], 
  "log_likelihood": -3837.818014093717
}