{
  "noise": 294.19336761459834, 
  "log_likelihood": -3907.3927633329836, 
  "nlpd": -4.2400639292074036, 
  "rmse": 16.785191437952747, 
  "mae": 13.55856197110108, 
  "pearsonr": [
    0.69706795383640863, 
    7.9184528827708952e-16
  ], 
  "variance": [
    27.770378913169534
  ]
}