{
  "lengthscale": [
    2.0387533168625196
  ], 
  "noise": [
    71.42961526723244, 
    47.62273545015439, 
    76.67638701221162, 
    75.0614678329572, 
    85.81430740405075, 
    101.09908229257954
  ], 
  "kappa": [
    2.418967152459553e-18, 
    5.452601569873436, 
    42.66593864669749, 
    61.86554819457561, 
    59.81923548339532, 
    19.06086212051786
  ], 
  "log_likelihood": -21477.216286569183, 
  "joy": {
    "mae": 13.161160489344782, 
    "nlpd": 4.2741627971366132, 
    "pearsonr": [
      0.57373688535630651, 
      4.3847290683026847e-10
    ], 
    "rmse": 16.643480989650612
  }, 
  "W": [
    4.350220409811804, 
    2.7095428036359404, 
    3.416492331355596, 
    -6.787316530053307, 
    5.446918369375413, 
    -1.4690632506704253
  ], 
  "sadness": {
    "mae": 12.417255649267483, 
    "nlpd": 4.3121902181514455, 
    "pearsonr": [
      0.61603461227977263, 
      8.9778173222557898e-12
    ], 
    "rmse": 17.265014931290622
  }, 
  "disgust": {
    "mae": 4.7500534552839095, 
    "nlpd": 3.3432932821612216, 
    "pearsonr": [
      0.46860754912964669, 
      8.7875365659160622e-07
    ], 
    "rmse": 6.2332027509558401
  }, 
  "variance": 6.629653011762635, 
  "anger": {
    "mae": 7.3357427723903355, 
    "nlpd": 3.7819088843793986, 
    "pearsonr": [
      0.66001031562998491, 
      8.0808940259254037e-14
    ], 
    "rmse": 10.543329229875749
  }, 
  "surprise": {
    "mae": 10.137749391752143, 
    "nlpd": 3.9948511730156047, 
    "pearsonr": [
      0.49048624148914471, 
      2.2157410177525661e-07
    ], 
    "rmse": 13.026339383926041
  }, 
  "fear": {
    "mae": 11.184540633692906, 
    "nlpd": 4.1577625802877414, 
    "pearsonr": [
      0.7455045712714744, 
      5.7784418116672326e-19
    ], 
    "rmse": 14.915862967222999
  }
}