{
  "warp_d": 0.4092395933692311, 
  "noise": 4.595724508718432, 
  "log_likelihood": -3775.890813244032, 
  "nlpd": -4.4142463336506603, 
  "rmse": 19.005409132226543, 
  "weight_variance": [
    2.4744697924608241, 
    2.8875504531647098, 
    22.177607451568434, 
    0.37441831127175657, 
    2.2859329700063777, 
    26.193619522814497, 
    0.00060645044349523134, 
    13.115454205988394, 
    19.665280794572514, 
    8.8931747566515099e-06, 
    39.517255410873993, 
    7.3166943141201104, 
    1.2212562372868274, 
    2.288640436056715e-11, 
    1.4679398883429625e-08, 
    22.27637410224526, 
    2.6422844551503085e-10, 
    8.5439106620236569e-08, 
    53.793585398831041, 
    23.375575921531343, 
    3.2741424444584858e-07, 
    8.7597476905077869, 
    7.9494363648459805, 
    1.0070568780877058, 
    2.4047126121127038e-12, 
    9.6286698169496803e-13, 
    11.844698372426157, 
    0.01040857272017155, 
    4.7610429821271909, 
    6.2027375454055687, 
    24.457385250338636, 
    2.8852319826673893, 
    2.0595123778030699, 
    2.8013220971395694e-11, 
    30.191896942033758, 
    9.7648819874872712e-06, 
    3.1645802500742783e-09, 
    2.768787359378232e-09, 
    5.1268740123998505e-06, 
    5.1482511086472514e-12, 
    2.9692217167619108e-10, 
    5.2398551469269874, 
    20.747721024496904, 
    2.8550202335314381e-12, 
    11.085106148947959, 
    1.525648761207391e-05, 
    4.0959557129407727e-08, 
    6.6478839699183423, 
    36.523356767749654, 
    15.968615649876595, 
    3.8449368037184601e-05, 
    2.2048577347877831, 
    1.5433451490575403e-07, 
    5.7077036289045964e-08, 
    1.60531012317292e-05, 
    2.385157670301912e-08, 
    9.3272309851303881, 
    1.7586759199651906e-13, 
    5.1826700475552299, 
    5.0957258527305171, 
    1.7968169820356894, 
    2.1859462623701939e-05, 
    1.1628502824232388e-09, 
    1.5120858298270483, 
    30.60624448532808, 
    2.9321123569253666, 
    7.1575310316762548e-13, 
    1.6767576139978537, 
    4.2303640126277124e-05, 
    5.0383216649180094, 
    1.2341413250111258e-10, 
    1.151000494189961, 
    3.6008051325647098e-08, 
    16.732886112248117, 
    3.1073988279122617, 
    38.847363573222481, 
    4.312815092820872e-11, 
    12.626809021805331, 
    7.3031673674271796e-06, 
    6.1719470690453582, 
    28.276444160075975, 
    21.596432062682538, 
    1.7336089686842515e-09, 
    5.6134782860183871e-11, 
    23.464013628297554, 
    27.126273539460559, 
    17.188914689482974, 
    44.273153740327032, 
    3.2461640563867311, 
    3.2297982153680761e-11, 
    69.076778601550444, 
    4.4326634834319076, 
    17.396395065546365, 
    6.3075966259272489, 
    15.72421950846643, 
    11.247314881410453, 
    5.8637620015377447e-05, 
    1.7201944022970521, 
    0.0008910367037337554, 
    14.386705976260043
  ], 
  "bias_variance": 110.43688097360828, 
  "mae": 14.403597669289981, 
  "pearsonr": [
    0.65422256983170102, 
    1.5703868937976171e-13
  ], 
  "variance": 263.1493614199142, 
  "warp_psi": [
    [
      1.089017027840977e-74, 
      1.1076695042978039e-08, 
      -0.47075018021991111
    ], 
    [
      1.3548921889620834e-114, 
      4.190881233821842, 
      1.9165386462406062
    ], 
    [
      4.9924430596028092e-114, 
      0.00062593926901339126, 
      -10.307567808965187
    ]
  ]
}