{
  "log_likelihood": -4377.380712729198, 
  "nlpd": 3.9047580804266566, 
  "rmse": 11.580005114620681, 
  "rbf.lengthscale": 1.9432952055768635, 
  "Gaussian_noise.variance": 78.29709192772098, 
  "mae": 8.0881380061087178, 
  "pearsonr": [
    0.73229759001279726, 
    2.913138707454889e-22
  ], 
  "rbf.variance": 138.69763904793197
}