{
  "lengthscale": [
    2.1887571137348631
  ], 
  "noise": [
    41.42226119965127, 
    23.791871772033495, 
    42.3094210089575, 
    33.66709709807624, 
    38.50562065916346, 
    56.6774867329996
  ], 
  "kappa": [
    7.623828247411689, 
    7.020360010282871, 
    22.98541154165108, 
    26.383575146066974, 
    26.46452425143671, 
    14.661232169702751
  ], 
  "log_likelihood": -21367.828749228072, 
  "joy": {
    "mae": 12.329833165606196, 
    "nlpd": 4.2362291654064217, 
    "pearsonr": [
      0.61524460633421629, 
      9.705871442825004e-12
    ], 
    "rmse": 16.321038634775512
  }, 
  "W": [
    1.983757225955929, 
    1.2512727245519886, 
    2.6565051864896443, 
    -4.906516443566749, 
    4.235109872141994, 
    -1.0911123689909659
  ], 
  "sadness": {
    "mae": 11.297489905840628, 
    "nlpd": 4.1596902021598989, 
    "pearsonr": [
      0.67911171244652446, 
      8.1017860410685738e-15
    ], 
    "rmse": 15.151450678293363
  }, 
  "disgust": {
    "mae": 5.791384742096338, 
    "nlpd": 3.6141609266451096, 
    "pearsonr": [
      0.26243951202565907, 
      0.0083444265878555388
    ], 
    "rmse": 8.8651005306305581
  }, 
  "variance": 12.105705807381964, 
  "anger": {
    "mae": 7.5420296026853642, 
    "nlpd": 3.8146724950977013, 
    "pearsonr": [
      0.69149304142915002, 
      1.659723404294691e-15
    ], 
    "rmse": 10.851715447942336
  }, 
  "surprise": {
    "mae": 10.404532256337687, 
    "nlpd": 3.9919206875420654, 
    "pearsonr": [
      0.49359170300310812, 
      1.8078729906892044e-07
    ], 
    "rmse": 12.923481243146997
  }, 
  "fear": {
    "mae": 8.786563305843254, 
    "nlpd": 3.8939509525673639, 
    "pearsonr": [
      0.82299650381702993, 
      8.2678398737160262e-26
    ], 
    "rmse": 11.295359127662911
  }
}