{
  "noise": 71.71786022000947, 
  "log_likelihood": -3630.1486540603646, 
  "nlpd": -4.2975526972199427, 
  "rmse": 15.776020469402978, 
  "lengthscale": [
    1.5944586350758685, 
    18.707280443633689, 
    18.979589127137622, 
    3.5244888421225005, 
    38.21982027595174, 
    17.906369982731679, 
    50.77559779715601, 
    19.567995179814464, 
    17.935124300926606, 
    1.4213360442445875, 
    27.106622178257481, 
    3.8022389479665861, 
    29.005305907511641, 
    54.612588939642535, 
    22.625270938057199, 
    25.788165551850458, 
    2.6991128933304416, 
    13.29905255029735, 
    1.3708474921731082, 
    28.511920254083357, 
    1.4551330255479491, 
    25.063519736895362, 
    20.739560615433756, 
    11.471422026058455, 
    24.174428372883728, 
    2.5047660375171992, 
    25.016975347260725, 
    2.2809051820056907, 
    14.293428370424584, 
    2.5649628436220748, 
    2.4699501785809246, 
    2.208956600419353, 
    0.741707037726688, 
    24.04793449051563, 
    28.303970112126034, 
    1.4451635760773809, 
    19.881572310158198, 
    2.4206850046439428, 
    2.6190104909704135, 
    0.81311195986651186, 
    1.7718736420805286, 
    21.579991626244357, 
    1.2053781403373078, 
    15.29240187499629, 
    1.1680992622374715, 
    22.814756052930594, 
    1.3759740934414706, 
    29.477868467420567, 
    19.859255515404506, 
    78.668236189908157, 
    25.088656541630829, 
    0.6277639486759633, 
    59.706556680498586, 
    2.0602745600798906, 
    8.4898861706123938, 
    30.431904888851534, 
    10.320321636171764, 
    17.678850177368421, 
    26.548767838539899, 
    7.1035150731180101, 
    42.430012003810923, 
    1.4666035103035535, 
    32.304426516153917, 
    2.977854815878922, 
    19.139267375717505, 
    0.90261362045648275, 
    2.4772772027735308, 
    34.815500982681563, 
    2.8829906648440846, 
    2.7997819151214558, 
    27.53252164550695, 
    97.367122614090178, 
    24.979857376379929, 
    10.987858548598027, 
    17.462170670902388, 
    25.00390274860856, 
    7.0994306852277846, 
    18.183301443555685, 
    12.30737902041964, 
    9.1957515515423633, 
    56.666948241120714, 
    1.933990640887268, 
    1.0621086810814009, 
    35.284120742242159, 
    26.934514609629428, 
    35.168558535257084, 
    1.7477518676248387, 
    24.369384024463962, 
    7.9621974839216971, 
    26.671440999641909, 
    13.080177347768688, 
    0.97721386869777449, 
    32.290036951989059, 
    32.575960231723975, 
    16.820294334556976, 
    24.51538906798201, 
    1.6836644613416893, 
    2.7014130847207474, 
    12.316673940335013, 
    3.2418483301724184
  ], 
  "mae": 12.051427598791811, 
  "pearsonr": [
    0.64967898069845831, 
    2.6192510012186982e-13
  ], 
  "variance": 420.4917722430886
}