{
  "noise": 0.6678003361224986, 
  "log_likelihood": -1162.419964485596, 
  "nlpd": -627.61643511109457, 
  "rmse": 19.248599733866797, 
  "mae": 15.795399634979542, 
  "pearsonr": [
    0.52491539164262524, 
    2.0662593414943452e-08
  ], 
  "variance": [
    0.054069372644496218
  ]
}