{
  "noise": 0.04599781119622987, 
  "log_likelihood": -1114.0952447819525, 
  "nlpd": -897.95102754191305, 
  "rmse": 17.713597180239063, 
  "lengthscale": [
    1.6989090369088413
  ], 
  "mae": 13.922877944448244, 
  "pearsonr": [
    0.53735105980791797, 
    8.2044326349222146e-09
  ], 
  "variance": 1.1088966841732335
}