{
  "noise": 17.19386856115049, 
  "log_likelihood": -3887.1993738231995, 
  "nlpd": -4.1107626417068568, 
  "rmse": 14.077818816882749, 
  "weight_variance": [
    368803.19715790031
  ], 
  "bias_variance": 34651860.89952468, 
  "mae": 11.598251713024622, 
  "pearsonr": [
    0.66043208889064342, 
    7.6945709903785026e-14
  ], 
  "variance": 2802.398522757262
}