{
  "noise": 0.09781115377496123, 
  "log_likelihood": -1081.2920585903548, 
  "nlpd": -92.32633956710751, 
  "rmse": 7.1438766476585185, 
  "lengthscale": [
    14.189669575869793, 
    0.84286742521848246, 
    10.454494803876388, 
    0.49151575947505444, 
    10.684256997212341, 
    12.683545022007401, 
    0.43870518251091445, 
    10.820000830422268, 
    6.5543055266051748, 
    0.80853278946972817, 
    8.3879486303607873, 
    10.823865340938861, 
    8.8105891079806664, 
    14.957740922606121, 
    15.062102491586227, 
    0.3215889440155793, 
    15.405540403109717, 
    5.1891903321122692, 
    16.111372147776201, 
    1.2873195316624773, 
    10.752842346589823, 
    15.2988618672561, 
    12.424690115362955, 
    14.97724153276679, 
    8.0569677122896159, 
    12.4027370826356, 
    1.2117804646890302, 
    0.53939859553071945, 
    15.149634532352593, 
    0.39831749531076588, 
    0.54012306995512227, 
    1.126237474210168, 
    0.76038713696300197, 
    15.543561889172462, 
    17.159855046487245, 
    11.125444005989271, 
    4.3759569956327962, 
    1.3100844334979649, 
    5.4755089230332183, 
    8.2751414242638504, 
    13.898210591713648, 
    15.092085684562225, 
    8.9143943876413214, 
    8.3258502142452855, 
    8.5530183562462234, 
    10.992696110846451, 
    12.011177069323878, 
    0.75611389680869878, 
    11.917864983435074, 
    0.81153946547224398, 
    10.475556253443109, 
    9.7257941294296639, 
    0.84464808412236714, 
    13.986515254662374, 
    0.80637254556356086, 
    12.596321030005214, 
    12.386386927696726, 
    12.031096522016052, 
    11.973577792593348, 
    14.590693679386904, 
    4.6424980938883262, 
    15.059833981777288, 
    10.372878085781478, 
    1.2814482776912348, 
    13.130973083213071, 
    0.83577808907731188, 
    9.8461884288818986, 
    13.546607087528672, 
    16.477123524766021, 
    5.0046587218404142, 
    8.5976965911914629, 
    0.48698392308519201, 
    0.86948289761628472, 
    0.81278440393984486, 
    3.3935976932902405, 
    14.550024163627606, 
    0.27524197723508931, 
    0.87992572718014872, 
    13.502911561518363, 
    7.0051330516812413, 
    1.3077583445535175, 
    5.5543026679170309, 
    12.894227183514746, 
    7.8241764806157894, 
    12.426829928740592, 
    1.7332505026770268, 
    8.5379687119843517, 
    3.6780159109781749, 
    8.3882116706919607, 
    12.651999526902509, 
    1.0127506225775444, 
    13.247693122607549, 
    8.4190929804691645, 
    7.0647198026065592, 
    0.96383688727457872, 
    14.281749397864653, 
    0.627736864318716, 
    0.72526554953962252, 
    14.575319125469735, 
    0.6710722608672568
  ], 
  "mae": 4.7602360146532652, 
  "pearsonr": [
    0.61850805798432285, 
    7.0231644460965168e-12
  ], 
  "variance": 0.8209134293687506
}