{
  "regularization": 10.0, 
  "rmse": 10.55766211762421, 
  "intercept": -0.15611541118363675, 
  "mae": 8.5973721646133079, 
  "pearsonr": [
    0.2875342830394626, 
    0.0037231489746765815
  ], 
  "coefs": [
    0.4066316899848757, 
    0.13346693533993145, 
    -0.17248533317942372, 
    0.2176109021605119, 
    -0.25633098295458573, 
    0.071635211219029632, 
    0.16069568294386968, 
    0.38269027035112485, 
    0.052294548490812269, 
    -0.11695355670331659, 
    -0.13924116765502487, 
    -0.116231556204774, 
    0.074188440324509206, 
    0.016343321050305316, 
    0.33151881737686761, 
    -0.016677507001557793, 
    -0.044684508810646652, 
    0.12031823104333456, 
    0.20223936941718995, 
    0.050270045056037056, 
    0.015012836894730494, 
    0.11629009425322744, 
    -0.16828483276437675, 
    0.034004106007768153, 
    -0.076103871711370244, 
    -0.064699771247209159, 
    0.030585469690151957, 
    -0.1257558790371876, 
    0.055783665801689267, 
    -0.15896154737792015, 
    0.12766915748150151, 
    0.11288099486893402, 
    -0.29670112222432493, 
    -0.34315152451148606, 
    0.058999423473285961, 
    0.0054514066099802857, 
    -0.17383735308567055, 
    0.013201239539439257, 
    0.17801096938798142, 
    0.14014437492475385, 
    -0.29487856928072792, 
    0.025452316449873769, 
    0.043164562145266594, 
    -0.1112723603066227, 
    -0.24914014305488194, 
    0.039417310900737149, 
    0.019029292791668144, 
    0.12765951631556866, 
    0.031608511355595739, 
    -0.017242202100809161, 
    0.17896238340815107, 
    0.0082489973256696918, 
    0.24807684102264849, 
    0.080575519639546345, 
    -0.13205590054635094, 
    -0.033600967406757977, 
    -0.25214706726632308, 
    -0.0089321691546451754, 
    0.11651690597549096, 
    -0.25006392766391283, 
    -0.1552747004890023, 
    0.11061603182896554, 
    0.30173220454447958, 
    0.035596826952737776, 
    0.1018318484055413, 
    -0.011186069003490314, 
    0.37010201328264763, 
    -0.44390831183445256, 
    0.10766667533280547, 
    -0.019722940314205843, 
    0.55557273347745595, 
    -0.040761826009278239, 
    0.14188519171752703, 
    0.23174240719505135, 
    -0.087148366268741145, 
    0.16414535729556445, 
    0.10625180220510812, 
    -0.25263571198725848, 
    0.071467747162167167, 
    -0.095129148148209275, 
    -0.24398781003911815, 
    -0.27153303264649387, 
    -0.11887007943658777, 
    -0.081635566978787447, 
    -0.056176682957850076, 
    0.26707153754523388, 
    0.21209242707435383, 
    0.081723318122115446, 
    -0.056847825669166567, 
    0.1564055422042685, 
    0.20462220597627059, 
    -0.016294453605623396, 
    0.34175897583739717, 
    -0.055350374890097032, 
    0.018699609989232435, 
    -0.066886876986261223, 
    -0.37219507372701349, 
    -0.31225304474131749, 
    0.045949372192820449, 
    -0.10321111410752619
  ]
}