{
  "regularization": 100.0, 
  "rmse": 18.644037502218012, 
  "epsilon": 10.0, 
  "mae": 14.632844682149281, 
  "pearsonr": [
    0.59103213899066243, 
    3.9845877235516517e-13
  ], 
  "gamma": 0.10000000000000001
}