{
  "noise": 0.024641757814777746, 
  "log_likelihood": -947.8961348492417, 
  "nlpd": -1098.1278432284837, 
  "rmse": 18.127786969495808, 
  "lengthscale": [
    0.86058650113365864, 
    2.4576438125689286, 
    1.29576437389472, 
    10.23135539926731, 
    11.094616987225873, 
    1.8367251333577816, 
    0.57047724468501126, 
    12.87749362800675, 
    3.3675582854559494, 
    13.230416491341533, 
    3.6751166261408961, 
    1.2763939329160314, 
    1.8306766409871695, 
    13.627150868871201, 
    1.9360520491776256, 
    10.192227141185263, 
    13.006386962898944, 
    10.334111288931009, 
    0.97404950178077787, 
    1.0917764082164569, 
    7.9387571821119458, 
    7.6956294573638591, 
    0.7731317167209385, 
    10.621145885826657, 
    14.809309150548783, 
    8.7977767293247933, 
    9.6710543237866151, 
    2.3385904899081602, 
    2.6446756573877308, 
    0.77472550584674149, 
    1.2900095602600812, 
    9.2925062931950819, 
    1.2428887420284922, 
    12.509305624408945, 
    1.7944784044162041, 
    1.0550801252664979, 
    7.1958118010856245, 
    9.8992357212269777, 
    7.1812588663613202, 
    6.1439905646742927, 
    10.613521705508855, 
    1.812738728137961, 
    10.336903011972234, 
    9.9377766680378752, 
    2.7154070205744851, 
    0.97225546132492768, 
    12.646538621785361, 
    1.7589466661901372, 
    0.66419886955585516, 
    7.9743751461235295, 
    11.703867752362859, 
    2.5026259019794388, 
    7.975397646055697, 
    11.680223625163936, 
    0.54770351953822294, 
    7.3717521270600779, 
    9.7204750306642254, 
    14.481595968296793, 
    13.278210161119604, 
    7.082638549119455, 
    9.2533717595604514, 
    8.7354028534819808, 
    11.581960549615008, 
    0.96334323776896169, 
    1.3856695243275399, 
    10.950206429408651, 
    8.5848484657737441, 
    11.698568580713285, 
    8.9521408105462452, 
    2.7188502029642696, 
    12.124406930658093, 
    2.271432720119408, 
    6.5808621564047503, 
    1.5136653076489726, 
    1.6123539281229371, 
    0.85776780657931639, 
    11.351416725040277, 
    7.5375091441499009, 
    12.870913128085144, 
    8.4515204735523639, 
    5.4925529008263094, 
    1.9442359804842633, 
    10.221633277695672, 
    11.121338837488134, 
    1.8312517211883093, 
    1.2857784864133439, 
    1.1893540253403589, 
    0.99892185518173504, 
    1.9356724040103153, 
    2.0768102074451904, 
    0.76415767354763697, 
    5.9355550793678757, 
    4.565100018607902, 
    12.320329772036168, 
    0.92951034955340095, 
    9.3905341753993508, 
    0.72549680097592306, 
    1.7390142617043001, 
    7.0810129607128518, 
    1.2079826567159726
  ], 
  "mae": 14.039249195910049, 
  "pearsonr": [
    0.57342343375479832, 
    4.5037130125430372e-10
  ], 
  "variance": 0.9212198360552617
}