{
  "warp_d": 0.3100935882709869, 
  "noise": 15.388894068126863, 
  "log_likelihood": -3617.7187808451913, 
  "nlpd": -4.1863013712522061, 
  "rmse": 15.494595872601471, 
  "mae": 11.551164719605211, 
  "pearsonr": [
    0.34038667796633382, 
    0.00052993524900398186
  ], 
  "variance": [
    0.30659424649261691, 
    0.071905687636641735, 
    8.3497895549953451, 
    0.25713513766920526, 
    1.7839054917825388, 
    0.030736529564928779, 
    5.7396736493370009, 
    0.036812383685972276, 
    0.040310538355333971, 
    12.301458901386454, 
    0.076723290706804739, 
    0.34500615473037616, 
    0.029951069319008535, 
    0.71512407850394721, 
    1.416372110929345, 
    0.051534187134575485, 
    0.15475235863880862, 
    0.034534736613393437, 
    10.727640452448121, 
    0.095445967600388523, 
    3.7153957214529409, 
    0.03022857100362214, 
    0.21539360978188007, 
    1.0900884438948488, 
    0.13163342220397339, 
    0.030013225580627387, 
    1.9768841762130731, 
    0.041838455584730101, 
    5.9815187719901139, 
    17.73166516222712, 
    0.11587413053746776, 
    0.064058267957232545, 
    11.193712093428354, 
    5.0821649107617644, 
    0.032062964923902364, 
    0.039929695770096169, 
    0.053087459690656549, 
    0.033836682523743, 
    6.0331461219308418, 
    0.047952593962506639, 
    0.038545861806761422, 
    0.063748540497902767, 
    3.0964391394619608, 
    3.0205526143862409, 
    0.10788556678725146, 
    0.066363163386703131, 
    0.026626332224921695, 
    0.38004601722155318, 
    6.8281910291178782, 
    0.033007197645172986, 
    0.97445549815820065, 
    0.10844103387875866, 
    0.081395643902512652, 
    1.983518176916977, 
    0.037792190284409312, 
    17.783733192367055, 
    12.172250684552658, 
    0.15749636885571902, 
    0.98973858526601677, 
    0.043513093317690668, 
    0.64233952318691356, 
    1.3588417623992333, 
    1.4440289932545891, 
    0.64388993814145334, 
    1.1160692899906173, 
    1.8650182820378243, 
    1.5080152595421255, 
    0.028525935980557946, 
    1.7924121207782682, 
    3.7546318157698817, 
    0.11087461481659255, 
    3.2179618832787376, 
    0.16349829307087207, 
    0.065400767117379938, 
    0.81652079387965337, 
    0.38617167492680315, 
    0.09721857190283878, 
    0.045720047859036564, 
    2.3586664362139098, 
    4.2847090846290579, 
    0.46064520046937968, 
    0.13343257270177797, 
    0.051842682155882926, 
    5.1991615628613381, 
    0.44185744187356046, 
    0.034342562493704203, 
    2.0297025032517815, 
    0.040061286882562067, 
    0.46440109749023628, 
    1.3723130524081064, 
    1.6731311369643209, 
    0.17823687565826712, 
    1.6530845989774996, 
    2.900838139943775, 
    0.27900492401971499, 
    0.090355908682305572, 
    0.027908628865274201, 
    0.47311049498230756, 
    0.03467213770479384, 
    0.16553431934624432
  ], 
  "warp_psi": [
    [
      6.4791049068455382e-22, 
      0.017397792394397631, 
      -2.6529735112374997
    ], 
    [
      6.3660039156824099e-17, 
      6.9013267285002868, 
      3.8508564770771505
    ], 
    [
      6.4909703933552765e-13, 
      5.856485047574199, 
      3.1048286648058143
    ]
  ]
}