{
  "noise": 0.07132771724334497, 
  "log_likelihood": -1085.3089451228511, 
  "nlpd": -63.476847539481334, 
  "rmse": 6.7503865403376544, 
  "weight_variance": [
    5.5626846462681369e-309, 
    5.5626846462681369e-309, 
    5.5626846462681369e-309, 
    194590.36826358954, 
    5.5626846462681369e-309, 
    5.5626846462681369e-309, 
    336785.74587469798, 
    5.5626846462681369e-309, 
    5.5626846462681369e-309, 
    121781.92207867399, 
    5.5626846462681369e-309, 
    5.5626846462681369e-309, 
    5.5626846462681369e-309, 
    5.5626846462681369e-309, 
    5.5626846462681369e-309, 
    807466.24922653218, 
    5.5626846462681369e-309, 
    283772.3318249397, 
    79993.79869300776, 
    5.5626846462681369e-309, 
    5.5626846462681369e-309, 
    5.5626846462681369e-309, 
    5.5626846462681369e-309, 
    5.5626846462681369e-309, 
    5.5626846462681369e-309, 
    5.5626846462681369e-309, 
    580542.61401546188, 
    602687.14063862385, 
    5.5626846462681369e-309, 
    1227894.1409370785, 
    1210343.7787686093, 
    324712.1290129869, 
    5.5626846462681369e-309, 
    5.5626846462681369e-309, 
    5.5626846462681369e-309, 
    410841.64999768866, 
    5.5626846462681369e-309, 
    411611.06059203402, 
    192339.57793122053, 
    5.5626846462681369e-309, 
    5.5626846462681369e-309, 
    5.5626846462681369e-309, 
    5.5626846462681369e-309, 
    5.5626846462681369e-309, 
    247719.50113585484, 
    5.5626846462681369e-309, 
    5.5626846462681369e-309, 
    5.5626846462681369e-309, 
    5.5626846462681369e-309, 
    204418.62211139014, 
    138223.01258972319, 
    5.5626846462681369e-309, 
    91627.40429005168, 
    5.5626846462681369e-309, 
    255901.13724057502, 
    5.5626846462681369e-309, 
    5.5626846462681369e-309, 
    5.5626846462681369e-309, 
    135255.0165479898, 
    5.5626846462681369e-309, 
    5.5626846462681369e-309, 
    5.5626846462681369e-309, 
    5.5626846462681369e-309, 
    159874.58883363058, 
    5.5626846462681369e-309, 
    12690.821894007839, 
    44713.54061736814, 
    229308.29893784705, 
    399928.52262337634, 
    291937.80447168305, 
    5.5626846462681369e-309, 
    528348.25310212839, 
    5.5626846462681369e-309, 
    730439.74361948995, 
    5.5626846462681369e-309, 
    5.5626846462681369e-309, 
    321708.96744157659, 
    385024.26476647914, 
    5.5626846462681369e-309, 
    5.5626846462681369e-309, 
    5.5626846462681369e-309, 
    153889.33829137677, 
    5.5626846462681369e-309, 
    5.5626846462681369e-309, 
    5.5626846462681369e-309, 
    18646.811843702246, 
    5.5626846462681369e-309, 
    580471.93011549697, 
    5.5626846462681369e-309, 
    5.5626846462681369e-309, 
    5.5626846462681369e-309, 
    5.5626846462681369e-309, 
    454110.68034751562, 
    5.5626846462681369e-309, 
    2433148.9981977991, 
    5.5626846462681369e-309, 
    709792.124259189, 
    5.5626846462681369e-309, 
    5.5626846462681369e-309, 
    126982.90077048415
  ], 
  "bias_variance": 341694.6417288606, 
  "mae": 4.9094909730320699, 
  "pearsonr": [
    0.44194698210936295, 
    4.1599824075767568e-06
  ], 
  "variance": 2.2599089564730197
}