{
  "lengthscale": [
    2.1728590344654926
  ], 
  "noise": [
    59.27196886637759, 
    40.111270197538936, 
    59.5680516751979, 
    47.30736421653673, 
    59.00971816813404, 
    71.79022580750615
  ], 
  "kappa": [
    7.649373311562879, 
    6.1947123286320105, 
    26.079334988280852, 
    24.861889704527076, 
    29.64209823561382, 
    16.190095253156045
  ], 
  "log_likelihood": -21413.4246786888, 
  "joy": {
    "mae": 13.97990770008286, 
    "nlpd": 4.3497183824474375, 
    "pearsonr": [
      0.53847415350932104, 
      7.5338482418018364e-09
    ], 
    "rmse": 17.784538110331944
  }, 
  "W": [
    -2.1233075113788145, 
    -1.3398949750898719, 
    -2.9925843687212432, 
    6.191291078392068, 
    -5.191789461526955, 
    1.3169522475300897
  ], 
  "sadness": {
    "mae": 11.542271696851794, 
    "nlpd": 4.1512208479918122, 
    "pearsonr": [
      0.62440101972821482, 
      3.8785257519917984e-12
    ], 
    "rmse": 14.851127489480131
  }, 
  "disgust": {
    "mae": 4.4970358358932243, 
    "nlpd": 3.464860116283428, 
    "pearsonr": [
      0.77324291421333469, 
      4.2281942283224927e-21
    ], 
    "rmse": 7.5875893827474394
  }, 
  "variance": 10.128479976194942, 
  "anger": {
    "mae": 6.0550045201004323, 
    "nlpd": 3.5815951799695029, 
    "pearsonr": [
      0.68030401457242129, 
      6.9781156468409717e-15
    ], 
    "rmse": 8.226662409109986
  }, 
  "surprise": {
    "mae": 8.8662805256999313, 
    "nlpd": 3.8945353790688939, 
    "pearsonr": [
      0.5029762388858916, 
      9.6560147367174267e-08
    ], 
    "rmse": 11.792433392929572
  }, 
  "fear": {
    "mae": 9.6914635291533742, 
    "nlpd": 4.048214913803311, 
    "pearsonr": [
      0.70337711306507433, 
      3.3570590625707005e-16
    ], 
    "rmse": 13.599109956255139
  }
}