{
  "noise": 0.11906725464238632, 
  "log_likelihood": -1004.880776006192, 
  "nlpd": -292.66942408331369, 
  "rmse": 11.704095200435381, 
  "lengthscale": [
    11.015213116377298, 
    12.748440287654386, 
    6.8441966550945201, 
    12.32600052569212, 
    12.806969706238323, 
    14.442893518728859, 
    0.76545677486643193, 
    1.3440514456668564, 
    12.015677184396482, 
    1.1140448517911381, 
    10.694205075058795, 
    14.965643185265797, 
    0.85039762286058029, 
    5.1421674301838669, 
    1.0849221934363189, 
    2.9340664316829681, 
    1.4383784772618797, 
    11.756649058240715, 
    0.57922223331418521, 
    2.0062907254284221, 
    0.67406831858157323, 
    7.5507171957325978, 
    10.846070051460348, 
    6.5759054641575752, 
    13.044677010264795, 
    11.91300409711884, 
    2.4675910564540051, 
    7.362044416888919, 
    8.6202732515760001, 
    0.8303550587411328, 
    1.6250647245355005, 
    0.78324509212824633, 
    9.2530199703898433, 
    10.905888930656147, 
    15.479196670703224, 
    8.4695305947132802, 
    8.622864567421459, 
    8.8391574206408912, 
    10.752350384037582, 
    10.401872325123517, 
    1.4197217627820358, 
    7.9916564088389856, 
    12.020533371560932, 
    12.804439881186893, 
    11.223459437629012, 
    2.4486205232158791, 
    13.114303537180328, 
    4.90509648245063, 
    5.5788638884559614, 
    12.627899416115033, 
    7.0419647473356619, 
    9.6655692530228841, 
    2.0112244318382095, 
    6.8803181507577591, 
    10.51623476251447, 
    14.473583630176943, 
    9.6587019716723095, 
    12.04915271097302, 
    11.2247895493252, 
    9.9892646113978127, 
    0.37389514907983135, 
    14.967399997286236, 
    13.04870947841604, 
    5.6802477724978058, 
    10.418526125083318, 
    6.5285984178863012, 
    1.5569700232962296, 
    3.7479691287952579, 
    11.583153591579469, 
    1.0602300301231891, 
    9.7112452052818359, 
    11.088900219698981, 
    7.013339910504091, 
    1.5906536331939523, 
    7.6607052905474333, 
    11.236797608460147, 
    0.73549509270957314, 
    8.5694939576106446, 
    2.3424970901629072, 
    0.88764120793827095, 
    7.2384339271986233, 
    0.5245217747806159, 
    14.83531920933954, 
    9.3328519315698681, 
    12.81727625133585, 
    0.51945579527568086, 
    10.848410266462579, 
    12.796372681401898, 
    12.08625871944764, 
    1.432494345219314, 
    1.7261154438509247, 
    9.4851143591119165, 
    8.7221714160654713, 
    9.9288191364265366, 
    1.6400656719316642, 
    1.7568321381596443, 
    12.78855959860531, 
    0.55511932344904125, 
    8.5007129443545235, 
    1.237189883899958
  ], 
  "mae": 7.3782286982392122, 
  "pearsonr": [
    0.63940965397295202, 
    8.0676275512848997e-13
  ], 
  "variance": 0.7453962056335821
}