{
  "noise": 42.86280873120204, 
  "log_likelihood": -3821.8854015972825, 
  "nlpd": -4.2982713469039533, 
  "rmse": 17.660818921539672, 
  "lengthscale": [
    2.365909512705922
  ], 
  "mae": 13.42421181979255, 
  "pearsonr": [
    0.71248236471786974, 
    9.3447414778944687e-17
  ], 
  "variance": 557.2030038669777
}