{
  "pearsonr": [
    0.68367417324437318, 
    1.5507180349929586e-18
  ], 
  "nlpd": 4.198684451115394, 
  "rmse": 16.434585783228872, 
  "Mat32.lengthscale": 2.3479635196069104, 
  "Gaussian_noise.variance": 87.31631882198735, 
  "mae": 12.749819607970281, 
  "Mat32.variance": 494.2502883921321, 
  "log_likelihood": -4817.277869862159
}