{
  "warp_d": 0.0988840803526452, 
  "noise": 1.43454348398683, 
  "log_likelihood": -3580.9573809482617, 
  "nlpd": -3.9388403477545624, 
  "rmse": 12.45519292068329, 
  "lengthscale": [
    10.854678467510405
  ], 
  "mae": 9.3654259898227625, 
  "pearsonr": [
    0.46211695586425749, 
    1.2987850235971287e-06
  ], 
  "variance": 9.296439761340466, 
  "warp_psi": [
    [
      1.2108055545129482e-05, 
      0.71094312599201848, 
      0.19771421162673694
    ], 
    [
      2.5885014662157465e-05, 
      8.4559400266153502e-05, 
      0.64928385412446377
    ], 
    [
      4.588698037389204e-05, 
      1.5453666013852851, 
      0.86513411276030294
    ]
  ]
}