{
  "noise": 0.047674818921269735, 
  "log_likelihood": -1096.475106229093, 
  "nlpd": -670.85260689701852, 
  "rmse": 14.491680536490781, 
  "weight_variance": [
    314271.37250424654, 
    5.5626846462681369e-309, 
    78809.104861505577, 
    18342.266741465461, 
    269623.94094844925, 
    541739.34547965729, 
    284773.22143754468, 
    5.5626846462681369e-309, 
    12712.21207765203, 
    321049.53761894169, 
    5.5626846462681369e-309, 
    162774.06269456021, 
    5.5626846462681369e-309, 
    5.5626846462681369e-309, 
    5.5626846462681369e-309, 
    104418.04348917464, 
    325379.4177581555, 
    265956.46544178145, 
    5.5626846462681369e-309, 
    5.5626846462681369e-309, 
    5.5626846462681369e-309, 
    220607.98147241076, 
    198411.98367783651, 
    5.5626846462681369e-309, 
    5.5626846462681369e-309, 
    5.5626846462681369e-309, 
    5.5626846462681369e-309, 
    299639.92946329701, 
    140501.26755066981, 
    1045548.736661711, 
    240785.09904774907, 
    140470.34642405156, 
    5.5626846462681369e-309, 
    245223.95481663576, 
    335439.33277158317, 
    5.5626846462681369e-309, 
    5.5626846462681369e-309, 
    5.5626846462681369e-309, 
    75088.776014503164, 
    5.5626846462681369e-309, 
    641729.21490534372, 
    129901.7807207287, 
    141105.33746140584, 
    5.5626846462681369e-309, 
    5.5626846462681369e-309, 
    5.5626846462681369e-309, 
    5.5626846462681369e-309, 
    5.5626846462681369e-309, 
    5.5626846462681369e-309, 
    5.5626846462681369e-309, 
    959076.61101592798, 
    97758.787751032447, 
    5.5626846462681369e-309, 
    5.5626846462681369e-309, 
    5.5626846462681369e-309, 
    5.5626846462681369e-309, 
    5.5626846462681369e-309, 
    179100.37094797491, 
    5.5626846462681369e-309, 
    388253.55320104741, 
    5.5626846462681369e-309, 
    194210.36569977293, 
    5.5626846462681369e-309, 
    5.5626846462681369e-309, 
    5.5626846462681369e-309, 
    5.5626846462681369e-309, 
    5.5626846462681369e-309, 
    237454.92802241488, 
    127169.90891840559, 
    469439.89254590741, 
    315800.71763932414, 
    248306.80633441338, 
    5.5626846462681369e-309, 
    5.5626846462681369e-309, 
    5.5626846462681369e-309, 
    5.5626846462681369e-309, 
    752746.86587480351, 
    5.5626846462681369e-309, 
    85461.773428884859, 
    350303.63060872821, 
    517681.74585658626, 
    87641.783135139864, 
    5.5626846462681369e-309, 
    5.5626846462681369e-309, 
    5.5626846462681369e-309, 
    5.5626846462681369e-309, 
    144669.9358345904, 
    241262.33336500436, 
    548219.36160068691, 
    5.5626846462681369e-309, 
    5.5626846462681369e-309, 
    278247.12203549757, 
    5.5626846462681369e-309, 
    5.5626846462681369e-309, 
    510687.06729673588, 
    5.5626846462681369e-309, 
    257794.93855962099, 
    5.5626846462681369e-309, 
    5.5626846462681369e-309, 
    5.5626846462681369e-309
  ], 
  "bias_variance": 167506.25461495254, 
  "mae": 11.321526852109711, 
  "pearsonr": [
    0.70877074059927203, 
    1.583186440950733e-16
  ], 
  "variance": 2.0929466323457913
}