{
  "noise": 0.0841897777475388, 
  "log_likelihood": -991.0451483535875, 
  "nlpd": -1239.0559423991881, 
  "rmse": 17.898874649645766, 
  "lengthscale": [
    1.0248320989275286, 
    2.4866111581875194, 
    0.90959008603402003, 
    35.772739064981437, 
    4.1478745732812001, 
    1.4579397830402328, 
    8.9687047956338706, 
    38.518613428514044, 
    5.1928881225306087, 
    28.901751678031992, 
    0.79863682889979881, 
    2.693742033655151, 
    15.457684012973651, 
    40.251900469832123, 
    1.6218572333861283, 
    3.6772000441208972, 
    36.997833668640531, 
    24.668451098833145, 
    0.79147024196359517, 
    1.1607190604735802, 
    30.009969119338436, 
    15.443738247758027, 
    1.2254407188088239, 
    31.529395434110619, 
    31.454969206447572, 
    32.655023078253741, 
    0.84322972237310323, 
    25.826630909594815, 
    1.9533887760665039, 
    1.6225916698434368, 
    1.2316803527355877, 
    20.310062504571501, 
    16.479199680468174, 
    36.763228482455226, 
    0.92168376417865405, 
    1.7535221939421293, 
    23.404531433887822, 
    35.16447860284741, 
    24.849559304428169, 
    19.121609829458578, 
    36.766980899385665, 
    0.69114183395706696, 
    3.4995854354517202, 
    2.3963802093038185, 
    22.002367993632944, 
    1.6778809833844703, 
    0.83723869800572703, 
    1.6660347551862149, 
    0.76095470470047399, 
    1.2446598229234134, 
    29.662239393106777, 
    4.5371178794758276, 
    20.246173990768597, 
    42.579846010057608, 
    19.192648754913847, 
    35.680968319579208, 
    0.90883892356968843, 
    39.82333860719406, 
    32.295956417084533, 
    3.4439243326411595, 
    26.73799974116654, 
    0.85887851838421236, 
    34.139985412777776, 
    0.86279700339854737, 
    0.93672124423971381, 
    33.875361915658083, 
    25.822559527609275, 
    13.599686397721788, 
    26.559446506209607, 
    0.73287607985193559, 
    12.697625545773613, 
    16.060523892818779, 
    9.996529079692662, 
    1.9443909647222377, 
    1.5841274556034104, 
    0.6345844313770842, 
    28.802998368714114, 
    21.586662765964405, 
    22.607335850921107, 
    28.009267544481894, 
    0.66293883387961794, 
    1.5838830809169966, 
    23.463534022373828, 
    23.072649616493727, 
    1.8778272972747048, 
    0.97519783346651812, 
    16.331956687493669, 
    0.63454656781447427, 
    1.596693055376647, 
    1.6825681674400699, 
    0.55654653661259212, 
    15.345752648678245, 
    21.924065759252752, 
    10.070958016660409, 
    1.6550144705400482, 
    1.7060641646594012, 
    0.87235526001398578, 
    25.921375419865864, 
    14.367279967714961, 
    2.0042642504867696
  ], 
  "mae": 13.463718922318174, 
  "pearsonr": [
    0.73416909060178126, 
    3.6052237819618353e-18
  ], 
  "variance": 0.950045037441904
}