{
  "warp_d": 0.31847362300434545, 
  "noise": 13.84784912069192, 
  "log_likelihood": -3566.867666481727, 
  "nlpd": -4.0062684200760073, 
  "rmse": 13.232876044001403, 
  "mae": 9.609303928067952, 
  "pearsonr": [
    0.21120107855303322, 
    0.034917564620429151
  ], 
  "variance": [
    1.516250452154865
  ], 
  "warp_psi": [
    [
      7.3306504791590393e-06, 
      0.00029152422461784687, 
      0.7235168043282566
    ], 
    [
      1.9910702379377964e-08, 
      3.2473919094027113, 
      11.799548971550154
    ], 
    [
      4.4315897467185302e-07, 
      1.1788027433700907, 
      0.76234260249406804
    ]
  ]
}