{
  "warp_d": 0.15465381661883354, 
  "noise": 1.9425313471440495, 
  "log_likelihood": -3431.6878471368454, 
  "nlpd": -3.9259378202282509, 
  "rmse": 11.756930482155786, 
  "lengthscale": [
    5.5615401365122077
  ], 
  "mae": 7.9647057213450374, 
  "pearsonr": [
    0.63785270143772566, 
    9.5328538829085922e-13
  ], 
  "variance": 10.223028898562294, 
  "warp_psi": [
    [
      3.3853909944775377e-07, 
      0.39534390330471897, 
      2.3218284680291541
    ], 
    [
      2.3552048053168917e-07, 
      0.51746653070583315, 
      2.1314536231579799
    ], 
    [
      1.2302979454609281e-07, 
      3.1388906269510026, 
      1.0551933987000752
    ]
  ]
}