{
  "lengthscale": [
    2.1028275741508238
  ], 
  "noise": [
    32.00561155171644, 
    51.136283799168744, 
    44.74614460493053, 
    51.64968261214139, 
    47.78474514746609, 
    67.12577249822556
  ], 
  "kappa": [
    0.04187004256626545, 
    1.5389531744908425, 
    21.90917659107475, 
    16.48512326244414, 
    16.298987837687935, 
    11.38633286709323
  ], 
  "log_likelihood": -21321.257978720387, 
  "joy": {
    "mae": 12.901106943461937, 
    "nlpd": 4.2256831541646118, 
    "pearsonr": [
      0.56211154258929108, 
      1.1618458282936837e-09
    ], 
    "rmse": 15.990510513334605
  }, 
  "W": [
    [
      3.026520680960151, 
      1.7083071842922182
    ], 
    [
      1.5491819363341652, 
      0.93904073433800528
    ], 
    [
      0.18798312887094173, 
      2.0796707722713936
    ], 
    [
      0.13005993647757139, 
      -4.8646295277639497
    ], 
    [
      -0.8950447821391524, 
      4.4882136021160646
    ], 
    [
      -0.1338772352888449, 
      -0.88769016201630013
    ]
  ], 
  "sadness": {
    "mae": 12.801727299166242, 
    "nlpd": 4.259595710497754, 
    "pearsonr": [
      0.72171134768602307, 
      2.4281908575178081e-17
    ], 
    "rmse": 16.426900699059633
  }, 
  "disgust": {
    "mae": 4.6649220857933553, 
    "nlpd": 3.439717899472738, 
    "pearsonr": [
      0.75509326813943201, 
      1.136967276491388e-19
    ], 
    "rmse": 7.2189698769917277
  }, 
  "variance": 14.612698734189163, 
  "anger": {
    "mae": 7.112627817725822, 
    "nlpd": 3.8359197114751979, 
    "pearsonr": [
      0.71793820602258063, 
      4.2401120185447706e-17
    ], 
    "rmse": 10.868687882116497
  }, 
  "surprise": {
    "mae": 8.7050681199444302, 
    "nlpd": 3.9233036912428849, 
    "pearsonr": [
      0.45361180715277516, 
      2.1412007474860298e-06
    ], 
    "rmse": 12.118071647512702
  }, 
  "fear": {
    "mae": 10.714254048364673, 
    "nlpd": 4.13802766760484, 
    "pearsonr": [
      0.70736655604458598, 
      1.9285228770865198e-16
    ], 
    "rmse": 14.619731093524393
  }
}