{
  "warp_d": 0.3031440296685406, 
  "noise": 15.383915056159548, 
  "log_likelihood": -3663.2366271016213, 
  "nlpd": -3.9977462983249654, 
  "rmse": 13.25500772586056, 
  "mae": 10.20578474728983, 
  "pearsonr": [
    0.49321074229921191, 
    1.8537595891154534e-07
  ], 
  "variance": [
    1.8969722829526612
  ], 
  "warp_psi": [
    [
      2.2392777422500164e-06, 
      4.8859978450287995, 
      1.9327325552572252
    ], 
    [
      1.1792272063812945e-06, 
      1.3370211024558629, 
      1.0736538697313613
    ], 
    [
      6.2893337725020926e-10, 
      0.48333823748760318, 
      -1.3623488601539824
    ]
  ]
}