{
  "regularization": 10.0, 
  "rmse": 17.09902153349211, 
  "intercept": 13.073470777949659, 
  "mae": 12.316922242108751, 
  "pearsonr": [
    0.66811938333552656, 
    3.1072409307375855e-14
  ], 
  "coefs": [
    -4.0312928686720548, 
    3.1121937034780687, 
    -2.0714404069079406, 
    -6.0307740382806942, 
    -3.2589782513233843, 
    5.3133854336255792, 
    0.48262661512465144, 
    2.8693412173904549, 
    6.0071972213539322, 
    0.73172758205473099, 
    0.78005792696458198, 
    7.4652759991328637, 
    4.5318761733057453, 
    -0.2539475204910342, 
    2.2269143446849036, 
    0.98583162501261157, 
    -1.4525491009000533, 
    2.1282398367863697, 
    -4.7726153333189512, 
    7.9808374778063378, 
    3.7249018414246651, 
    1.3629948613421601, 
    7.6044327211318645, 
    5.0828566034428491, 
    4.4557233152761571, 
    0.024494190030302947, 
    -0.035535468304482384, 
    5.1252260800255867, 
    4.8692146344588387, 
    4.2926630345388217, 
    9.2194078975604494, 
    3.8468116074190029, 
    -1.8544292743323081, 
    -3.9849126332776397, 
    -10.699902944120961, 
    -0.65870210333943502, 
    -2.0395904548237969, 
    -5.3126284987665189, 
    0.53074469782560696, 
    2.1153594567452156, 
    -2.2739118334191559, 
    2.5597575107026986, 
    -2.1475261471530911, 
    0.99270186704640628, 
    4.716170789743356, 
    7.0500950736098593, 
    -0.89179321111979071, 
    3.9786088488424136, 
    -7.6769241770207257, 
    5.3833399711227816, 
    1.2992166790684885, 
    -6.1797650788162777, 
    -1.0168970695385207, 
    5.4862529457647415, 
    3.6633515307311599, 
    0.21970011126195832, 
    -1.5774694556533901, 
    -3.2201509450599386, 
    -1.9661369985660953, 
    5.8190377550654846, 
    4.625855974279367, 
    -1.1494378485333698, 
    0.98023057077594844, 
    -2.3073417156899105, 
    -8.7596789799531223, 
    4.9422760407145478, 
    2.0111540656226428, 
    0.20097338442338614, 
    -2.3010699069331806, 
    0.90876960044572774, 
    -3.6071471798073129, 
    -1.173178362090447, 
    -1.3982001897890728, 
    10.090876805601953, 
    6.894547281513189, 
    -5.7750614710448129, 
    3.9463470514789187, 
    4.274993918436313, 
    -2.13983330751274, 
    6.3363287799828267, 
    5.1046311363232322, 
    8.2097763503133461, 
    2.0944152546619206, 
    0.25847609979855068, 
    0.68488582623466632, 
    -3.2303551092072733, 
    -2.2527208089904782, 
    -5.7620339801718954, 
    -4.5510401901151392, 
    0.21240151600410528, 
    5.9949926123473301, 
    5.4702015388704321, 
    2.9744515568511152, 
    5.56445012703304, 
    -1.9898183484257304, 
    9.1723975236845234, 
    2.990135140016188, 
    4.4225738898724911, 
    1.4272851639418414, 
    -9.0730438358068675
  ]
}