{
  "noise": 305.02981933774214, 
  "log_likelihood": -3921.2519690066815, 
  "nlpd": -4.412845942065001, 
  "rmse": 19.973036203545327, 
  "mae": 16.561829788456794, 
  "pearsonr": [
    0.47379115829024981, 
    6.3949166596037731e-07
  ], 
  "variance": [
    26.948779572344151
  ]
}