{
  "regularization": 100.0, 
  "rmse": 15.124690455008007, 
  "epsilon": 0.001, 
  "mae": 10.658123553394276, 
  "pearsonr": [
    0.69768090039634434, 
    1.5618483329849188e-19
  ], 
  "gamma": 0.10000000000000001
}