{
  "regularization": 100.0, 
  "rmse": 14.853445050723485, 
  "epsilon": 1.0, 
  "mae": 11.015191080445206, 
  "pearsonr": [
    0.69720357512399322, 
    7.7755377364546222e-16
  ], 
  "gamma": 0.10000000000000001
}