{
  "noise": 0.24067405032142125, 
  "log_likelihood": -1137.0741525263475, 
  "nlpd": -582.59368633153133, 
  "rmse": 13.0195100325467, 
  "lengthscale": [
    1.0185930333300643, 
    9.2578941018862473, 
    1.0175780901974698, 
    5.2335942871230037, 
    0.67092935805633203, 
    14.595158801665471, 
    3.0586394751121571, 
    1.5082863955227868, 
    11.728104980044861, 
    8.8689137154108053, 
    16.579877936118216, 
    0.60604613166359522, 
    13.770608206706536, 
    14.528178674598621, 
    0.80698894104063867, 
    10.921784742020661, 
    7.6053073218776346, 
    3.3039255481546195, 
    16.082693849890454, 
    15.265203991644093, 
    1.0248954381952995, 
    11.680773544603923, 
    10.118058507388612, 
    13.189928881139688, 
    14.293280860610079, 
    13.996274481863336, 
    1.1820781297349452, 
    12.86814045581068, 
    0.97413168949376905, 
    0.62551288981097219, 
    7.5551295712063995, 
    2.2366580231966768, 
    12.733376299704467, 
    1.6025287035670457, 
    1.767770989524442, 
    13.591336993633659, 
    2.1665051599238843, 
    8.19199246884045, 
    1.2869923305405722, 
    3.9556184395773943, 
    0.93098513519834847, 
    9.4643806261217502, 
    15.477805172571852, 
    14.899282405468039, 
    0.69434549860613004, 
    13.165197147647952, 
    14.820906198177944, 
    8.7383361736373839, 
    4.5045810348294735, 
    16.620138087295274, 
    12.850678708586122, 
    13.888296444302942, 
    11.774606036807215, 
    11.555275289246469, 
    11.025671278042694, 
    19.748422083165938, 
    2.2617050806879631, 
    8.9907741697258778, 
    15.168374774787704, 
    8.0481565339083794, 
    16.260031446073256, 
    12.337601467118983, 
    4.4083247110064008, 
    8.7651331311402796, 
    5.1195029326570527, 
    10.183690448933556, 
    5.1150423555913012, 
    0.61329665525146093, 
    14.131578428230423, 
    1.3833725190063804, 
    1.2166836409343054, 
    0.8052545445400674, 
    0.4785853115193805, 
    6.0331485060063246, 
    4.6277811549856676, 
    15.56736791332925, 
    12.572389716906308, 
    7.7076529183761977, 
    13.205895530127444, 
    11.4125125539399, 
    4.400754468765693, 
    1.5710422882228761, 
    6.5093709252135215, 
    10.844322414995185, 
    10.333563410227377, 
    1.7050098262855773, 
    12.58931804782296, 
    11.260585047281431, 
    14.726119042339894, 
    7.1250538167774469, 
    1.254580334492613, 
    0.48825914905498197, 
    0.59657502640166582, 
    2.0952212100022169, 
    1.3379160516484734, 
    11.709229185918378, 
    0.88062581045077937, 
    1.1612081621431218, 
    14.875994415691762, 
    1.0027724733836294
  ], 
  "mae": 9.8308214818355513, 
  "pearsonr": [
    0.65858649169816763, 
    9.5286030585245681e-14
  ], 
  "variance": 0.7928248991445813
}