{
  "noise": 0.15879635520573096, 
  "power": [
    0.63978233547754815
  ], 
  "nlpd": -268.94999028703864, 
  "rmse": 9.7588577337357609, 
  "lengthscale": [
    1.0063832153654979
  ], 
  "mae": 6.7230139771608997, 
  "pearsonr": [
    0.71470021870398814, 
    6.7923716750746924e-17
  ], 
  "variance": 0.87655416739799, 
  "log_likelihood": -1073.8966156375968
}