{
  "noise": 150.99291152545925, 
  "log_likelihood": -3595.0054103057505, 
  "nlpd": -4.0591784882119688, 
  "rmse": 13.911543346488314, 
  "mae": 11.209948335323221, 
  "pearsonr": [
    0.42372369691007189, 
    1.1191822936344505e-05
  ], 
  "variance": [
    9.8713319949616327
  ]
}