{
  "log_likelihood": -4444.299227081933, 
  "nlpd": 3.759109372368298, 
  "rmse": 10.015529817210624, 
  "Gaussian_noise.variance": 141.2107069995157, 
  "mae": 7.2109339465538103, 
  "pearsonr": [
    0.68946722688639606, 
    6.0961418890090769e-19
  ], 
  "linear.variances": 8.106234894781892
}