{
  "noise": 0.2460018997739835, 
  "log_likelihood": -1012.7826124470354, 
  "nlpd": -319.36532023328755, 
  "rmse": 11.07459432379534, 
  "lengthscale": [
    7.6950824426772977, 
    13.359584805164568, 
    8.6632287983657328, 
    5.0365563891676377, 
    15.151677748439349, 
    16.336030421397126, 
    0.72690447405364833, 
    2.2256781610791965, 
    11.110961443860749, 
    0.87246366501169992, 
    12.956229492535181, 
    11.047770575153281, 
    11.732540386310376, 
    4.691161356944245, 
    1.3300728439717182, 
    0.4135038361374197, 
    1.532064523016736, 
    12.036928525978711, 
    0.66555543553149021, 
    0.87060620169966751, 
    0.55889319661298464, 
    3.6265824811481728, 
    14.526005747950988, 
    0.58802385606602969, 
    13.339823827800293, 
    9.5100858442572278, 
    1.0614454898297998, 
    0.97431858787849424, 
    11.822038226594794, 
    0.95626374959845095, 
    1.2958297707410866, 
    0.84043179731702566, 
    11.393359277294962, 
    11.403879795071106, 
    15.081284370143001, 
    8.8992654159177622, 
    10.094311121333405, 
    12.983316086177421, 
    8.3144450942331893, 
    9.0890466688724647, 
    1.276847857923245, 
    5.6098575929785559, 
    11.130261701748545, 
    10.487394244614904, 
    12.279952230430133, 
    8.7402991732406328, 
    11.169710936062868, 
    8.8889028579833624, 
    12.612129298760811, 
    2.5581124859382101, 
    8.8391602712094652, 
    11.143754203899329, 
    1.0885044433334272, 
    1.6191696555400097, 
    8.5770613407135308, 
    19.887615301129316, 
    14.370699002046981, 
    12.474164082190764, 
    1.3272881204820666, 
    12.235842811962071, 
    0.69877122732868047, 
    18.625817023319701, 
    11.452025375596937, 
    3.1487017918338163, 
    13.117820670489095, 
    5.1257146660519757, 
    1.6336775506598262, 
    1.6279283723782245, 
    11.229604344212884, 
    8.2817693500551819, 
    11.298296917533502, 
    9.7631529830295083, 
    8.9682207445668283, 
    1.4725842934638838, 
    1.2853022483617338, 
    10.081185951249413, 
    1.3716964556284068, 
    0.75655051602497247, 
    1.1857270653326162, 
    1.222993004485321, 
    6.2539573164119302, 
    0.6238773358856412, 
    13.351064069578536, 
    10.528441017430692, 
    13.868982761064172, 
    10.909136174985179, 
    12.257479562990474, 
    11.658127290766275, 
    1.5804558318367137, 
    1.3811820898394185, 
    8.9253560927508619, 
    2.0214831478378792, 
    1.9006040375917743, 
    10.271890877794009, 
    1.4905300219665876, 
    1.1360692532610703, 
    12.134233356581024, 
    0.55307738164112363, 
    9.3520182338261471, 
    2.5471195147760066
  ], 
  "mae": 7.7554298480361412, 
  "pearsonr": [
    0.67943080673190659, 
    7.7849682261057876e-15
  ], 
  "variance": 0.579495005181832
}