{
  "noise": 0.3050794810620221, 
  "log_likelihood": -1081.833391487233, 
  "nlpd": -235.47044436065863, 
  "rmse": 10.693288765675726, 
  "lengthscale": [
    1.5950220225917415
  ], 
  "mae": 6.8044246864961595, 
  "pearsonr": [
    0.734188984479903, 
    3.5939529378943377e-18
  ], 
  "variance": 0.5528252740684376
}