{
  "warp_d": 0.358577165113401, 
  "noise": 117.25766168779717, 
  "log_likelihood": -4355.459535360309, 
  "nlpd": -4.7004020455290219, 
  "rmse": 26.097771413641379, 
  "lengthscale": [
    317.99578327328629, 
    357.43690028016886, 
    294.95536815728684, 
    374.93206367347062, 
    356.04078059323325, 
    389.13133216474296, 
    277.57163435430823, 
    401.29539424649829, 
    370.36703930974227, 
    371.60171151653981, 
    337.00789243793378, 
    234.56783274318531, 
    365.78266821306477, 
    349.5253374682307, 
    323.14653989488579, 
    371.1453368458678, 
    406.80417550663003, 
    344.17765927347602, 
    398.49145545048714, 
    404.78669059837097, 
    459.19542744622197, 
    338.79932336854711, 
    301.6917870898838, 
    362.71662851122193, 
    407.06248714732294, 
    422.20121177655278, 
    383.55284613858339, 
    427.93469603362814, 
    432.08821617458761, 
    166.97984790421737, 
    301.06878330507487, 
    378.1092838327254, 
    167.89109413795697, 
    354.35452869173417, 
    354.97161284942263, 
    283.81181165438977, 
    386.22655744089832, 
    391.04793957806106, 
    336.24072499791419, 
    298.99878397054925, 
    412.9916308426188, 
    303.10713590686242, 
    442.86993503574996, 
    272.70499312059883, 
    374.1758873257794, 
    383.90500108396395, 
    367.66049126525377, 
    268.30714400224991, 
    311.0489100981689, 
    315.64259457557029, 
    367.83897715385928, 
    302.73134948928663, 
    300.18052509007629, 
    494.57224670688106, 
    253.98054177449171, 
    652.39835016731104, 
    415.32393812106966, 
    476.47539376869082, 
    591.92905463372415, 
    263.53357801081933, 
    291.62530884002354, 
    321.26717380755639, 
    311.47428745850101, 
    399.68867185122468, 
    355.73918186666589, 
    350.41633893830056, 
    372.11467858800336, 
    360.26976011451166, 
    373.82944253788725, 
    476.55488913858318, 
    358.85067431611287, 
    356.62585011999249, 
    332.02934545529536, 
    369.47576024379435, 
    296.96002119248675, 
    243.44107033878603, 
    404.3368914929278, 
    318.73874406656194, 
    426.70068315607227, 
    317.49357457924151, 
    291.27037751091694, 
    330.91756447105416, 
    349.16178225154562, 
    271.49722698310694, 
    417.02986858258942, 
    272.97910651620407, 
    336.66713806107634, 
    276.41049859720187, 
    277.26797439365959, 
    378.64635481920368, 
    254.1902799593413, 
    270.88631765524559, 
    324.59556704464558, 
    401.77641831714413, 
    454.48429624231807, 
    334.80246423814401, 
    192.26148476463274, 
    353.98821711041535, 
    324.46201400592292, 
    290.79384712019993
  ], 
  "mae": 18.290862052635674, 
  "pearsonr": [
    0.68744217142043296, 
    2.8123299268959011e-15
  ], 
  "variance": 1851.0857259293614, 
  "warp_psi": [
    [
      889.28540562418743, 
      3998.7241782569199, 
      0.29668671257161455
    ], 
    [
      1.4764700597466836e-271, 
      5.5626846462681369e-309, 
      -602.38278285096465
    ], 
    [
      5.5626846462681369e-309, 
      0.97666179566669231, 
      0.48870702121468979
    ]
  ]
}