{
  "noise": 21.483209996660666, 
  "log_likelihood": -3863.3731003543407, 
  "nlpd": -4.3021128747082384, 
  "rmse": 17.683657997615995, 
  "lengthscale": [
    2.1727086607809634
  ], 
  "mae": 13.934888515745564, 
  "pearsonr": [
    0.54290737506244247, 
    5.3642487600435509e-09
  ], 
  "variance": 617.6512079552328
}