{
  "pearsonr": [
    0.64399640271440106, 
    5.4299416273380359e-16
  ], 
  "nlpd": 4.2184086854391438, 
  "rmse": 16.535944695924243, 
  "Mat32.lengthscale": 2.112245372446383, 
  "Gaussian_noise.variance": 33.800408164197975, 
  "mae": 13.024422197767796, 
  "Mat32.variance": 627.7992636092405, 
  "log_likelihood": -4862.630386161888
}