{
  "noise": 0.30540215038330937, 
  "log_likelihood": -1090.0747023648241, 
  "nlpd": -237.35627118952539, 
  "rmse": 10.817400135037495, 
  "weight_variance": [
    967406.57221701706
  ], 
  "bias_variance": 255775.44853868714, 
  "mae": 6.7394647108743664, 
  "pearsonr": [
    0.72412265148310284, 
    1.6922987909659006e-17
  ], 
  "variance": 1.0742810778991234
}