{
  "regularization": 100.0, 
  "rmse": 13.585175077845149, 
  "epsilon": 0.001, 
  "mae": 9.5445279909033918, 
  "pearsonr": [
    0.75793743043261863, 
    1.4229642236766809e-24
  ], 
  "gamma": 0.10000000000000001
}