{
  "warp_d": 0.07759936620256214, 
  "noise": 0.13317164120835775, 
  "power": [
    0.012318114905254647
  ], 
  "nlpd": -3.7119964529555745, 
  "rmse": 9.7255224519675103, 
  "lengthscale": [
    2.0840013765597436, 
    2.2852650688044074, 
    0.51870812554009449, 
    2.2954804543921155, 
    2.0256448486565106, 
    1.7860648351678912, 
    0.31496760386086309, 
    0.29823465055277321, 
    2.1537752596316748, 
    0.17068970133699515, 
    1.6028416283683522, 
    1.4764071740440983, 
    1.8562585332509811, 
    0.97717647145931352, 
    0.20392778617150636, 
    0.4918848304829086, 
    0.41758650922005025, 
    1.7940404372583685, 
    0.14244729265874004, 
    0.58416025009192563, 
    0.16940155823828401, 
    1.2982490738868915, 
    1.7813617078656763, 
    1.0462924943676422, 
    1.8630247976306982, 
    2.4452799939749879, 
    0.68095144967333721, 
    0.2463608908205735, 
    1.6174266874472221, 
    0.29952627838750639, 
    0.42395897398704813, 
    0.18878470988483548, 
    1.4546771120718378, 
    1.2093232227047397, 
    2.2804805398428214, 
    0.723957082864081, 
    1.6148840171906909, 
    1.3209021907699523, 
    0.8723700994532495, 
    1.8614711351959092, 
    0.24376569945324075, 
    2.0658453561182744, 
    1.9347598369988896, 
    1.8970706048506887, 
    1.831863449753607, 
    0.46260635575250186, 
    2.5904815737326574, 
    1.2074410504427893, 
    1.9129166198653094, 
    1.8091843665533314, 
    0.21729931085916737, 
    1.9528306651850504, 
    0.42219177089267573, 
    0.77061209799871677, 
    2.1987892897419754, 
    0.64190030162621026, 
    1.8507305967683447, 
    2.395526186927488, 
    2.0558976797025212, 
    2.173367557303739, 
    0.33646260891942587, 
    1.8633153664947171, 
    2.412834529883058, 
    1.5506909091912529, 
    2.4737720350929697, 
    1.0387912375103692, 
    0.25921882906135613, 
    0.33489710033179326, 
    1.321843957899808, 
    1.0088909569273383, 
    0.26393884123806832, 
    1.9926520088534461, 
    0.86551456222578116, 
    0.30500150221166633, 
    1.4346355106956297, 
    0.90662303641341035, 
    0.21921066990250623, 
    1.2599775788883916, 
    0.22322759884683713, 
    0.37508867677819102, 
    0.8968905553145412, 
    0.25041333835413654, 
    1.8985895784726083, 
    1.6885770899640296, 
    2.2439623668130699, 
    0.19072271072466726, 
    2.0549597395445405, 
    2.170034963370997, 
    0.85227227436941966, 
    0.34062892522850607, 
    1.8535567112142655, 
    1.9352789668027606, 
    1.3320406229865061, 
    2.240666860951956, 
    0.28461504421691175, 
    1.1910774031677793, 
    2.4421298109656338, 
    0.13810410673971052, 
    0.2813147392038915, 
    0.57258518629919264
  ], 
  "mae": 6.3764694584972865, 
  "pearsonr": [
    0.72874738496036329, 
    8.376350224753554e-18
  ], 
  "variance": 16.31113448481886, 
  "warp_psi": [
    [
      2.0600432738950129e-07, 
      0.16356105591912795, 
      -2.0893521473694818
    ], 
    [
      2.2184370347967819e-08, 
      1.2660388659074071, 
      -0.35541223718406773
    ], 
    [
      5.294995752168994e-06, 
      0.56647004000331824, 
      -1.1551906547333586
    ]
  ], 
  "log_likelihood": -3363.7854104661455
}