{
  "regularization": 10.0, 
  "rmse": 18.944237680060834, 
  "intercept": 24.625726638931624, 
  "mae": 14.854627470037082, 
  "pearsonr": [
    0.48092381211562873, 
    1.3728655132301096e-08
  ], 
  "coefs": [
    4.4499416082486736, 
    -0.31316661240903237, 
    -1.4422718536804922, 
    5.5184982981335313, 
    14.516804268021826, 
    -8.4019234013047264, 
    6.0347271730724685, 
    -3.3447294443346052, 
    -4.2472580008265934, 
    -5.4715824397889721, 
    0.65276810833954046, 
    -5.068172013954034, 
    -0.92061382332510422, 
    -0.021512505451702357, 
    -3.6932882323272662, 
    -1.5105375594807198, 
    3.0159442398501728, 
    -0.91917964381257689, 
    0.52537195850122675, 
    2.4587718386058137, 
    -1.0595976374137321, 
    -2.4201724997499485, 
    -4.1495553465377419, 
    -0.73722928023558598, 
    2.8158008740162743, 
    1.0030483438695916, 
    -2.6966783435274486, 
    0.2320546060487601, 
    4.4490011399825766, 
    -9.5331810392814518, 
    -9.605345609313467, 
    -4.2566310641254459, 
    2.6812964434397637, 
    6.909666382608413, 
    10.283930987511209, 
    -6.1472055752794432, 
    0.26527400544893753, 
    1.1422002523747377, 
    -8.7167769708657641, 
    -2.5054934973242076, 
    7.9159757984014041, 
    -1.8764794682407935, 
    8.1926660535695213, 
    -0.034428282806472255, 
    3.4852055871180982, 
    -0.69125862915389757, 
    -3.3649221019776765, 
    -2.4154909876018591, 
    1.6578926388316044, 
    -0.76517790759761584, 
    -6.7080437124497694, 
    -7.2295607879948172, 
    4.2781599582298275, 
    0.7117225350697638, 
    1.8281080519087862, 
    0.84849367863348291, 
    -1.9483537969047557, 
    3.9522222146475574, 
    2.5050111247926745, 
    -6.2251804907232051, 
    -2.3968927029129325, 
    4.4895277078931484, 
    -1.5519182760195296, 
    -3.8448670136330514, 
    -3.0864872122801859, 
    -1.1518032240024363, 
    -2.2425205434878497, 
    -3.7739827790021381, 
    4.2777128328406349, 
    -5.7927000501561654, 
    8.0774140591960837, 
    5.4931848321310843, 
    -5.8675298537888017, 
    -3.4296678033055912, 
    0.2155969786507953, 
    5.2924144890585909, 
    -7.939957280754725, 
    -3.5865369048377009, 
    3.9118430051670279, 
    -9.5630533476146198, 
    -10.31313464633747, 
    4.6464956535598869, 
    4.5411152990747565, 
    4.0273271777722837, 
    -2.7376708208401017, 
    3.4252045684815284, 
    8.0197845893494897, 
    -2.4213065426513265, 
    -7.8543011764870263, 
    2.2945283041948645, 
    -0.86066356399963972, 
    -4.4670050574242719, 
    -2.1358944887487783, 
    -1.2283198519699845, 
    -5.3425304136574896, 
    -2.8752491748816813, 
    0.17844078336174302, 
    0.75985912097558728, 
    -1.0560833039437179, 
    1.7743587859606351
  ]
}