{
  "noise": 43.825514830808274, 
  "log_likelihood": -3670.8562475143117, 
  "nlpd": -4.1950913535539396, 
  "rmse": 14.999792814539568, 
  "lengthscale": [
    2.0797667031952662
  ], 
  "mae": 11.214629494109827, 
  "pearsonr": [
    0.74164022780569994, 
    1.0902472801575196e-18
  ], 
  "variance": 344.4206355612735
}