{
  "log_likelihood": -4656.2633913253485, 
  "nlpd": 3.9928078227438455, 
  "rmse": 12.827122669144781, 
  "Mat52.variance": 355.05440866699143, 
  "Mat52.lengthscale": 2.384018704827432, 
  "Gaussian_noise.variance": 93.21500868908453, 
  "mae": 9.0881969125377857, 
  "pearsonr": [
    0.77175583693114902, 
    6.0913708388642624e-26
  ]
}