{
  "warp_d": 0.26585044021342913, 
  "noise": 12.846228530879731, 
  "log_likelihood": -3678.505447047503, 
  "nlpd": -3.9344760299376293, 
  "rmse": 12.243002056771436, 
  "mae": 9.7020919764644944, 
  "pearsonr": [
    0.18955900020150526, 
    0.058902293112584297
  ], 
  "variance": [
    0.83825608930593654
  ], 
  "warp_psi": [
    [
      1.6898743403178887e-07, 
      0.7667312543668976, 
      2.4361352799236071
    ], 
    [
      1.5284352533563505e-06, 
      0.00075032990529903939, 
      1.3969398122658536
    ], 
    [
      8.9106046779092431e-07, 
      1.6406151048023987, 
      1.2881711147573758
    ]
  ]
}