{
  "noise": 276.57509888542387, 
  "log_likelihood": -3861.239676955326, 
  "nlpd": -4.3575677706236577, 
  "rmse": 18.731962893031749, 
  "mae": 14.263652606144976, 
  "pearsonr": [
    0.52851539742500497, 
    1.5875153756771211e-08
  ], 
  "variance": [
    64.597684943025001, 
    15.754810551400155, 
    5.7287498972564902e-05, 
    73.815288370634761, 
    49.258814198960351, 
    49.609666602208883, 
    38.412681003602096, 
    0.0062060057772864172, 
    84.707510157504586, 
    5.3514769798966872, 
    4.9403829774238308e-05, 
    80.040340128936108, 
    28.88278485865483, 
    3.6179593611883722e-05, 
    5.8569853000554218e-05, 
    0.00066143324846467864, 
    4.2709624056532425, 
    0.00010981665635239235, 
    3.7192017075027715, 
    103.95036959572249, 
    3.7322704553380373, 
    3.3613375072832179e-05, 
    249.42772504145896, 
    34.122290563989033, 
    3.6275900912279471e-05, 
    3.4603873105633936e-09, 
    3.2344670059789115e-05, 
    51.01274914474191, 
    16.041253225502768, 
    39.939532446401273, 
    108.87649056724027, 
    31.471577220094041, 
    4.1113939700170492e-05, 
    1.0062145450584837e-08, 
    227.88310386957949, 
    3.3609717505874684e-05, 
    2.920011752065255e-05, 
    84.415171518188714, 
    2.9153225410806682e-05, 
    4.9776540648678882, 
    9.2063004554986758, 
    88.016604240778221, 
    6.3194945250043662e-05, 
    3.3505873909386397e-05, 
    4.0834611733353148, 
    128.56360478211798, 
    6.9128709657870235e-05, 
    69.700719797235308, 
    84.024928712584412, 
    55.944367994004082, 
    3.1424173698089274e-05, 
    27.624007650675168, 
    3.051510995763278e-05, 
    269.55730869061762, 
    22.207353692756421, 
    17.389902770052828, 
    6.0854311837204413, 
    12.600783046529166, 
    3.0291178941909723e-05, 
    73.488419969438297, 
    3.3592501845946783e-35, 
    2.4356647385921924e-05, 
    0.00061030221423923612, 
    1.0866749366081292, 
    291.22939250687028, 
    1.819919204524017e-08, 
    3.0029120066684812e-05, 
    3.9092371015160127e-05, 
    0.00010826501190179064, 
    1.0741327798545993e-05, 
    1.6708290444735787e-05, 
    1.4534315302846186e-05, 
    3.7252105440924792e-05, 
    183.02296925729524, 
    39.73204235908257, 
    60.388450958762725, 
    25.267625150850481, 
    4.7490546327530512e-05, 
    3.2192035476491122e-05, 
    1.095805597752602e-14, 
    111.25075689865173, 
    98.742006458828783, 
    1.3401194902582563e-09, 
    3.5273788577649062e-05, 
    8.3331742860189695e-05, 
    4.6374081128674213e-05, 
    21.114231674317395, 
    55.205558545475888, 
    12.781829703540392, 
    2.7959110322188645e-05, 
    1.6737545511398978e-43, 
    2.0352698805771083e-05, 
    23.284779542481701, 
    25.537549278897622, 
    16.987569266368293, 
    118.08721160311033, 
    7.6856770048373801e-09, 
    98.440910879133085, 
    0.0061767888918978341, 
    91.266993795121408
  ]
}