{
  "pearsonr": [
    0.5776658288720955, 
    1.7519641131004755e-12
  ], 
  "nlpd": 3.7103224373371813, 
  "rmse": 9.8897485339676336, 
  "Gaussian_noise.variance": 51.24825141207812, 
  "mlp.variance": 180.92399544631422, 
  "mlp.weight_variance": 642085.6411685796, 
  "mae": 6.5656423946107365, 
  "log_likelihood": -4232.137702385865, 
  "mlp.bias_variance": 266289.3624351657
}