{
  "log_likelihood": -4208.99031061425, 
  "nlpd": 3.812423565904091, 
  "rmse": 11.244997004650973, 
  "Mat52.variance": 124.03673892035938, 
  "Mat52.lengthscale": 1.3178174403928375, 
  "Gaussian_noise.variance": 10.471208693667581, 
  "mae": 6.2322860219362752, 
  "pearsonr": [
    0.63825894632520142, 
    1.1808148842566876e-15
  ]
}