{
  "noise": 5.692435048703558, 
  "log_likelihood": -3143.9167661748374, 
  "nlpd": -3.5215422086702239, 
  "rmse": 7.6796321651484609, 
  "lengthscale": [
    12.357958244000686, 
    14.944529317275483, 
    14.841955730054599, 
    0.61154816880854224, 
    13.660846504434373, 
    14.531122902211884, 
    0.55272818008546554, 
    11.563398253198317, 
    29.803778243181746, 
    0.95743843003978979, 
    7.1405506110957742, 
    9.8684056500728374, 
    8.0167973303440121, 
    9.6940170989148626, 
    12.881984532957407, 
    0.31878015536927745, 
    9.8609334345422273, 
    4.7352101134089324, 
    5.2902669717458757, 
    1.1845299325531715, 
    4.0455101915894582, 
    12.716890146435633, 
    8.4655074485042601, 
    11.881776509865466, 
    18.252616428892335, 
    11.439767225938439, 
    1.3345434842893111, 
    0.63248745127063311, 
    12.335729171219567, 
    0.45483075389557748, 
    0.57658153143617397, 
    11.950798215838889, 
    11.144436278757366, 
    12.1597883854581, 
    12.572096744230784, 
    11.033335409845707, 
    12.298616663003664, 
    3.150334822142951, 
    10.663897099816751, 
    12.812348146020987, 
    8.7415215237086539, 
    12.127260080427559, 
    14.284851161234457, 
    8.0308489892889288, 
    6.9425693483862565, 
    1.5173838888831237, 
    6.811785878014823, 
    0.81681506807048243, 
    13.435789171554127, 
    1.8479271792350906, 
    6.2893523369645266, 
    10.798227095406569, 
    1.0301730602325578, 
    2.1795995314260685, 
    0.77853884545679464, 
    9.7068322066882544, 
    13.206234319715167, 
    21.433733513104226, 
    14.20592247864116, 
    13.817702485583228, 
    10.361995873338321, 
    10.748557316292052, 
    13.973420971977992, 
    1.8112635657745182, 
    14.060396407971695, 
    15.303114546605736, 
    1.3669712557754901, 
    22.883043035835254, 
    12.295005064546009, 
    4.7684832905110994, 
    13.227527768252784, 
    0.61794163189870466, 
    8.4648475627619337, 
    2.2865542333800781, 
    10.332550462543235, 
    12.456669428902819, 
    0.26622566188856622, 
    2.5837914574087115, 
    11.299186928401797, 
    1.2362315286388077, 
    1.8810981612085653, 
    0.96679161871038088, 
    12.564422999269272, 
    7.6398225674005991, 
    6.7530189281400661, 
    9.6681434177011898, 
    11.729141150345328, 
    1.4890867546905093, 
    13.378070242398193, 
    9.0350653855017491, 
    1.8455574370420738, 
    13.585613169326939, 
    24.862907985008967, 
    14.83754291671181, 
    0.83940483977308367, 
    12.292677729284801, 
    0.50517559806319601, 
    0.83343706524508765, 
    12.327633234523361, 
    6.7853929336655039
  ], 
  "mae": 5.0435357709067077, 
  "pearsonr": [
    0.63655537714996824, 
    1.0947139483415202e-12
  ], 
  "variance": 95.4046344547935
}