{
  "noise": 39.11471940402844, 
  "log_likelihood": -3843.584834889542, 
  "nlpd": -4.0933356370679563, 
  "rmse": 14.72940395926411, 
  "lengthscale": [
    2.2282303225558966
  ], 
  "mae": 11.522181680564442, 
  "pearsonr": [
    0.6284709381899598, 
    2.554942881269836e-12
  ], 
  "variance": 558.4176739736519
}