{
  "regularization": 10.0, 
  "rmse": 13.182711748832558, 
  "intercept": 17.117352144532411, 
  "mae": 10.411017422316355, 
  "pearsonr": [
    0.44880880435924764, 
    2.8230031009982251e-06
  ], 
  "coefs": [
    4.9682036098036857, 
    1.8526081681449664, 
    -2.7729520616175738, 
    2.8728455842507969, 
    -3.1381856195043292, 
    0.78529185733282081, 
    3.0210238093860848, 
    4.8693903717605638, 
    -0.63263249081190176, 
    -1.4789015339394953, 
    -1.6007309254622017, 
    -0.85691317316680982, 
    1.9645901191589721, 
    1.5787007114536209, 
    4.0744245700246493, 
    -0.014686893678051312, 
    -1.0305258204807668, 
    1.5922194966481169, 
    2.8386932475460194, 
    0.11987929749501421, 
    -0.76436654491110712, 
    1.8025815976262911, 
    -2.6264639209410174, 
    -1.4387638068381197, 
    -1.1608906109119028, 
    -0.32845960461339124, 
    1.1213913032908742, 
    -2.0634023369685988, 
    0.52864584297097317, 
    -2.8973551649953588, 
    0.73783462087174223, 
    1.4574319710268975, 
    -2.3103768673625988, 
    -4.7445233970305463, 
    1.01255425429595, 
    -0.53692052319422701, 
    -1.3296041009736277, 
    -0.31182648173437377, 
    1.6028534961861214, 
    -0.24424762691140398, 
    -3.441997294101669, 
    -0.41583899534893876, 
    0.79587074480523623, 
    -1.5094798136300129, 
    -3.9375422071944608, 
    1.2666482692167422, 
    -0.37026497670080094, 
    1.0505039692663523, 
    0.53628398406980438, 
    -0.21332656958387325, 
    1.7028396900487059, 
    -0.26770155589995809, 
    3.1753417414159619, 
    0.62963978298214862, 
    -0.4895101819704305, 
    0.10474400629520578, 
    -3.0165792906156135, 
    -0.70960403029301222, 
    2.2334208482037829, 
    -2.9935136544268488, 
    -1.8268195634062405, 
    0.8516255610421275, 
    4.3437656012248986, 
    1.4444369048108283, 
    1.7177319393667465, 
    0.1589274049548664, 
    5.0653938343135927, 
    -6.4289993703834272, 
    0.77061140501271608, 
    -0.1315953823264199, 
    8.3023501766449002, 
    -2.1479462357114598, 
    2.3573380681118188, 
    3.435424914597927, 
    -0.84604429569389517, 
    1.5775628000798478, 
    1.7810755039987016, 
    -3.7092164514380666, 
    0.12828823334146283, 
    -1.8527144204639068, 
    -4.9992338306079454, 
    -3.9208344810715103, 
    -1.8713881742624547, 
    -1.5637977365819988, 
    -1.6509868402183445, 
    2.5081157384686503, 
    2.4286813731419046, 
    1.769427753070741, 
    -1.0004864359955228, 
    1.8208113194852285, 
    2.918514797741131, 
    -0.48384752277205179, 
    5.1398505775576675, 
    -0.4197833686689067, 
    0.076339433006351889, 
    -1.8812305147352353, 
    -5.7368862419929965, 
    -4.6364908366979671, 
    0.93637497329871833, 
    -1.6565435764968306
  ]
}