{
  "noise": 0.09593832905320977, 
  "power": [
    0.38893353818079873
  ], 
  "nlpd": -663.95205623463835, 
  "rmse": 11.571292582459495, 
  "lengthscale": [
    1.0436388438755075
  ], 
  "mae": 7.5336427237983807, 
  "pearsonr": [
    0.84105223090765557, 
    6.7347910310301597e-28
  ], 
  "variance": 1.2355353948789727, 
  "log_likelihood": -987.8825013575903
}