{
  "noise": 0.03166584983373286, 
  "log_likelihood": -1058.1741672365324, 
  "nlpd": -1144.9195629409544, 
  "rmse": 18.318456958151319, 
  "lengthscale": [
    1.5791324812669902, 
    0.53396075484251559, 
    1.085363954359067, 
    1.2205865451428872, 
    1.9574056385097443, 
    1.0703900577736865, 
    1.1069344304208606, 
    14.004418111489205, 
    1.7888675938840906, 
    1.7041930956342839, 
    16.060800365232474, 
    7.6604984612619562, 
    16.842118472612231, 
    17.130543567984724, 
    0.53935904317988725, 
    8.0218677038444408, 
    1.9240459660851408, 
    1.3366043176551039, 
    24.92475945245728, 
    22.254022882286122, 
    1.5515806000788706, 
    10.216416864778779, 
    15.64707564110048, 
    15.25892144843397, 
    1.2136243939740909, 
    11.295768301446731, 
    17.180123505228238, 
    1.4803934320324765, 
    2.3195966172617744, 
    1.3861494749852461, 
    1.2103992264356349, 
    16.693660998966919, 
    0.96470320130818998, 
    6.3362319575608526, 
    2.3475655406366385, 
    7.2740015593898031, 
    16.090969476451711, 
    18.362779349422002, 
    13.227292245525334, 
    2.1065973624171046, 
    1.8311652453879999, 
    0.95506180998963375, 
    1.9168208422071089, 
    14.70413954351978, 
    20.846588447495613, 
    20.556154631800496, 
    23.397199575631088, 
    21.847728968512364, 
    10.262833635312429, 
    18.344868208957035, 
    1.4622103283140422, 
    7.4581293349284898, 
    1.0151657304800559, 
    24.374305230218223, 
    2.2106736428513911, 
    18.155082082287507, 
    0.99880322495419605, 
    14.881235065261068, 
    18.294829789716584, 
    1.5782412053052637, 
    18.515278355627949, 
    1.3334849163285829, 
    7.3926069079743364, 
    12.632433595721107, 
    20.411497544368544, 
    9.5439781951544163, 
    18.335726960935474, 
    0.69054877082754562, 
    0.93645415058653525, 
    1.1112496596926411, 
    1.3938340608618436, 
    1.2863112360391842, 
    20.197999350672212, 
    16.462449450345236, 
    18.781927549540818, 
    10.909390178212888, 
    11.457755163283627, 
    19.321564597177041, 
    14.97911083296788, 
    0.89952508082125926, 
    1.2950415359566454, 
    11.838112214540319, 
    2.7704468812540197, 
    13.817735748755528, 
    2.6602959847752272, 
    13.083519922429158, 
    1.9015089217436238, 
    15.843023470393502, 
    0.7880469055645587, 
    16.142846890068494, 
    2.0815272608247928, 
    1.1558031226177856, 
    10.282905169318443, 
    17.789719952343862, 
    1.3099378608533478, 
    2.3926917715806679, 
    1.1800047514694496, 
    22.308733995210545, 
    18.922661658836304, 
    16.808752479578203
  ], 
  "mae": 14.150110668208056, 
  "pearsonr": [
    0.51477525868967289, 
    4.2711657605427141e-08
  ], 
  "variance": 1.2265388228123955
}