{
  "noise": 318.3773440663392, 
  "log_likelihood": -3939.6926408174086, 
  "nlpd": -4.2331534578154502, 
  "rmse": 16.442308713307728, 
  "mae": 12.735012880813962, 
  "pearsonr": [
    0.61116618357759889, 
    1.4466607729172806e-11
  ], 
  "variance": [
    27.402723554332802
  ]
}