{
  "log_likelihood": -4635.837067409827, 
  "nlpd": 4.1874091137869867, 
  "rmse": 15.962710833015327, 
  "Mat52.variance": 325.9605221560906, 
  "Mat52.lengthscale": 2.4800483392574963, 
  "Gaussian_noise.variance": 101.64059765661177, 
  "mae": 11.067987916932172, 
  "pearsonr": [
    0.77169798312954974, 
    6.1750969021261581e-26
  ]
}