{
  "pearsonr": [
    0.5696714557079261, 
    4.1159612260948738e-12
  ], 
  "nlpd": 3.9125157602891387, 
  "rmse": 11.893049520513795, 
  "Mat32.lengthscale": 2.2213402840599774, 
  "Gaussian_noise.variance": 112.83950342198429, 
  "mae": 9.3130371589454661, 
  "Mat32.variance": 143.36335540804492, 
  "log_likelihood": -4545.039788755046
}