{
  "noise": 0.0395505144643348, 
  "log_likelihood": -1112.3658577677647, 
  "nlpd": -939.29640293837599, 
  "rmse": 17.663802050959475, 
  "lengthscale": [
    1.8927763037324912
  ], 
  "mae": 13.86966871623561, 
  "pearsonr": [
    0.5403706021334258, 
    6.5189382237187337e-09
  ], 
  "variance": 1.1729470715045967
}