{
  "noise": 26.647657792565333, 
  "power": [
    0.51290701758868162
  ], 
  "nlpd": -3.7970405353910657, 
  "rmse": 10.686770799139346, 
  "lengthscale": [
    0.89966730188101851
  ], 
  "mae": 6.4464036943810417, 
  "pearsonr": [
    0.74210785652109457, 
    1.0102330379152479e-18
  ], 
  "variance": 169.21768898489782, 
  "log_likelihood": -3403.055858494388
}