{
  "noise": 102.81251971783624, 
  "log_likelihood": -3518.869391477888, 
  "nlpd": -3.9892812555367971, 
  "rmse": 12.658461465706868, 
  "lengthscale": [
    1.4360052956476017, 
    27.444262225145394, 
    3.3154016793757162, 
    39.427086934363899, 
    1.2261836244470916, 
    38.251006009085032, 
    5.5528880256355411, 
    1.121658171151978, 
    52.90381058652693, 
    35.444693188862189, 
    27.933079206970003, 
    17.685062717338884, 
    34.805763641318293, 
    30.103365148525917, 
    2.8539167021640641, 
    27.192003998535672, 
    16.500962722501697, 
    24.158599702630426, 
    34.855076256871286, 
    40.149356143454234, 
    31.566376085454884, 
    4.9618682169350263, 
    1.5660881874407373, 
    30.713581752754589, 
    25.849489181929272, 
    29.406958054244232, 
    32.510851962727521, 
    29.262782151121943, 
    33.909632281587285, 
    54.311549421086333, 
    32.7461660052235, 
    11.532552703988832, 
    2.5105400527511397, 
    2.368332934228532, 
    38.150107941663009, 
    25.504548301349619, 
    4.5986073324474699, 
    57.644258387986618, 
    1.4823328688823267, 
    14.709061190121638, 
    3.4433851769068604, 
    26.175769378476875, 
    26.354451292786678, 
    18.351257478073119, 
    1.8039540129420519, 
    29.916833446063205, 
    34.636802223274721, 
    16.483094083589858, 
    20.4946458420496, 
    30.143837358639523, 
    18.367205824065003, 
    30.385252640208215, 
    1.5710638514301021, 
    39.98239697028027, 
    32.703496302160318, 
    48.663522593718298, 
    15.212877929837779, 
    35.809386655922282, 
    6.5599444518094829, 
    27.591364246727004, 
    31.64707375926648, 
    2.1810846318007377, 
    3.4833996775972755, 
    1.6795585117593816, 
    22.137274201021871, 
    27.158277953369744, 
    6.2496929001763872, 
    1.4971957472912989, 
    18.730635308123553, 
    5.8736846388323727, 
    2.2266640996366052, 
    3.195538795431538, 
    13.285288331411895, 
    62.55469875547238, 
    28.330243590984303, 
    10.566767890226352, 
    23.126614279382231, 
    3.7753085087007112, 
    34.193727703380624, 
    26.805508904785984, 
    16.207979468377925, 
    2.7122715132232909, 
    15.172995032138903, 
    16.881927000435844, 
    37.545363107804427, 
    2.4811805229046469, 
    12.112274777695148, 
    32.245755623878686, 
    31.851525306260356, 
    8.2421739697986496, 
    3.3932541245407686, 
    31.561700727427404, 
    1.7270044635213835, 
    5.9103017926719605, 
    35.151607114877855, 
    43.211406581471621, 
    1.4509915813817125, 
    1.2712857552168482, 
    34.891487685098753, 
    8.0157775612533726
  ], 
  "mae": 9.602415255082688, 
  "pearsonr": [
    0.4461616219930335, 
    3.2817340248755394e-06
  ], 
  "variance": 287.31815401218716
}