{
  "lengthscale": [
    0.64423785310594928
  ], 
  "noise": [
    33.479869335825676, 
    11.150134828210627, 
    33.29387109392115, 
    23.416875408185426, 
    31.997260544212587, 
    51.09845932929867
  ], 
  "kappa": [
    15.356888456224443, 
    13.527239524692295, 
    39.005286883142944, 
    38.55463969444467, 
    46.46953314485181, 
    23.25752411313072
  ], 
  "log_likelihood": -21367.570500526635, 
  "power": [
    0.043852819186680429
  ], 
  "joy": {
    "mae": 12.246868677538037, 
    "nlpd": 4.2174738480486074, 
    "pearsonr": [
      0.62917359276469664, 
      2.3758235855018934e-12
    ], 
    "rmse": 16.023119325143444
  }, 
  "W": [
    2.6754400883325697, 
    1.7397525451668696, 
    3.3266694380536728, 
    -6.424321651775275, 
    5.537929079672339, 
    -1.946297775042233
  ], 
  "sadness": {
    "mae": 11.174847901037042, 
    "nlpd": 4.1471044221415925, 
    "pearsonr": [
      0.68265463401873727, 
      5.1880501023200418e-15
    ], 
    "rmse": 14.999553296883958
  }, 
  "disgust": {
    "mae": 5.7955861530832928, 
    "nlpd": 3.6314963809978011, 
    "pearsonr": [
      0.26413900128423712, 
      0.0079186451850101324
    ], 
    "rmse": 8.8411447655276802
  }, 
  "variance": 42.96731514314275, 
  "anger": {
    "mae": 7.5422138646309156, 
    "nlpd": 3.8160746466845512, 
    "pearsonr": [
      0.69097306048790719, 
      1.7768225616925475e-15
    ], 
    "rmse": 10.861587860341839
  }, 
  "surprise": {
    "mae": 10.261830930886658, 
    "nlpd": 3.9904458812671582, 
    "pearsonr": [
      0.49213556270850783, 
      1.9893180736574201e-07
    ], 
    "rmse": 12.868832260751219
  }, 
  "fear": {
    "mae": 8.91602437277413, 
    "nlpd": 3.8976111724644404, 
    "pearsonr": [
      0.81431383567761351, 
      6.9080193694586706e-25
    ], 
    "rmse": 11.571949455290399
  }
}