{
  "noise": 0.24322832764030872, 
  "power": [
    1.3054681150167102
  ], 
  "nlpd": -254.8549802152165, 
  "rmse": 9.7580842039435396, 
  "lengthscale": [
    1.3104197952042844, 
    6.2846777545380554, 
    0.70101118927631856, 
    4.6088851549884753, 
    0.65323075929545182, 
    7.9591198829145569, 
    6.5949363098172382, 
    0.99944223489730066, 
    6.4662859279323142, 
    8.0569950227257578, 
    6.7287389873826777, 
    0.48185383634034373, 
    5.5207832516039863, 
    6.7123274464025391, 
    1.4583727902538659, 
    7.7670839954580302, 
    8.127740852931078, 
    4.8302319003312242, 
    7.6313624416946269, 
    6.5461681059447336, 
    7.0716097436199901, 
    6.5417708842395195, 
    7.8924850530258688, 
    8.8299866670888481, 
    6.4166221837021995, 
    3.2968119899653154, 
    1.097156482905711, 
    7.041214442578422, 
    7.5787257631895022, 
    0.55836297147562397, 
    10.810600224764565, 
    3.9988404428457835, 
    8.3266989669746945, 
    1.1684393103778159, 
    6.8870705060023427, 
    6.8243062472067191, 
    4.4896662695888621, 
    6.692121537187429, 
    1.1373381537587157, 
    3.5128342392393339, 
    1.0363623747269186, 
    6.6562669766131437, 
    1.8642999151064139, 
    3.9106821929235713, 
    0.46851599821230283, 
    7.7058723928753716, 
    8.1395753783804619, 
    6.4108339756612542, 
    6.8417870344283678, 
    6.7616975684087643, 
    6.8436409934333939, 
    7.1529552605814697, 
    5.2529047142340843, 
    2.7458094948013976, 
    3.2972760680694995, 
    7.4694126488079906, 
    2.10438545646352, 
    4.302272462256159, 
    7.1186772627989772, 
    8.6851692780061054, 
    5.9374747460033408, 
    1.9754003338653856, 
    3.6509502854639719, 
    4.6774732570432418, 
    3.6432051589693248, 
    6.3392270148871219, 
    1.2744888704898094, 
    0.64797970083227974, 
    8.2660746595898882, 
    6.8655270400341877, 
    0.75265131959576037, 
    0.56565767643236708, 
    0.26541608314220821, 
    2.0863960018577732, 
    0.92259219159619654, 
    6.3816376521729357, 
    1.6822950274497757, 
    1.940396274182653, 
    7.485880082965509, 
    7.2137701926931381, 
    1.5745202439596913, 
    1.4445488581371344, 
    5.8820303611349019, 
    5.5842316625095263, 
    6.0733684770724548, 
    5.7239482409297757, 
    1.1675237739908995, 
    6.3552036805542471, 
    2.2932664180607452, 
    5.5074919773386588, 
    1.0587771662557719, 
    0.51316452889386532, 
    0.67136225144900596, 
    6.3624621782590394, 
    5.1377690738443098, 
    7.2075669404247291, 
    0.68035479709781332, 
    1.1631649437207769, 
    6.5294874294812058, 
    0.65614256342405808
  ], 
  "mae": 8.1345782549026655, 
  "pearsonr": [
    0.40424510135256919, 
    3.0312929483905991e-05
  ], 
  "variance": 0.7662545245013666, 
  "log_likelihood": -1119.7070015953366
}