{
  "noise": 0.302120605867212, 
  "log_likelihood": -1122.100348293206, 
  "nlpd": -247.89885599018567, 
  "rmse": 9.7591377571877445, 
  "lengthscale": [
    1.0934697475476061, 
    5.7903640815164721, 
    0.87850236435674112, 
    2.1480412119201868, 
    0.80080585299726459, 
    14.694328280653702, 
    8.6000764577862192, 
    0.97535935512088323, 
    6.2872833967009552, 
    3.5674331973881594, 
    14.657957614364854, 
    0.45911315712380119, 
    5.4811286708190652, 
    12.956488085198226, 
    1.1187389057160013, 
    9.5377326099882929, 
    9.6222855762336668, 
    2.8062158898871838, 
    9.9797146947276936, 
    12.955515154976592, 
    6.864235380662957, 
    10.183286741266159, 
    6.1672999021798178, 
    9.3253838416010151, 
    11.057869452354442, 
    13.388369799625471, 
    1.2714745688280884, 
    10.054614277663005, 
    10.516681473358522, 
    0.82498643264907379, 
    1.5934756372742378, 
    1.0305637338506115, 
    8.548067060987373, 
    1.1410423299765902, 
    9.3216956870595382, 
    10.511623242942095, 
    1.9450917899827993, 
    8.7189761066878475, 
    1.1968406166535488, 
    0.82588771129626748, 
    1.2993413740228614, 
    7.0059982222489765, 
    15.219457795986548, 
    8.4463995161438064, 
    0.50377713097746346, 
    12.005144346249894, 
    13.388253808399053, 
    8.5395383134831064, 
    9.3005171339997776, 
    16.057319429561105, 
    8.7332755975599046, 
    13.154503251185609, 
    11.700673164720044, 
    6.8458652359936565, 
    7.9628152014224733, 
    27.761417989578295, 
    1.4916351305517552, 
    14.532687827350067, 
    15.163808479728139, 
    4.086635479616155, 
    15.921093561390219, 
    2.0228486660189358, 
    1.9173909604410075, 
    0.9965034355090594, 
    1.7557610016148255, 
    9.2894489906470934, 
    1.9108069372216343, 
    0.64488808022014665, 
    9.5914421299209582, 
    6.3352567389312942, 
    1.1505911563384057, 
    0.60718748696820679, 
    0.43223302818399545, 
    4.2599169702729718, 
    5.282043352768051, 
    13.537948639405563, 
    3.1685672317224385, 
    3.2164137306152063, 
    12.733830101144555, 
    8.308128111757231, 
    4.5954706215129484, 
    1.3091818037883167, 
    6.8049034892952296, 
    10.904214829395306, 
    8.6671490123016035, 
    4.6856162120667335, 
    11.160386028851413, 
    12.784349470340144, 
    12.404957493088062, 
    5.2043247163021338, 
    0.89443899624272749, 
    0.60027640836782115, 
    0.69688631484910901, 
    9.405639555033563, 
    4.4905424383891521, 
    7.7259511707646977, 
    0.81484256386543308, 
    1.0067916421540026, 
    11.203050238265417, 
    8.8233206578799788
  ], 
  "mae": 8.128547884081101, 
  "pearsonr": [
    0.40506519058293222, 
    2.9103529535110309e-05
  ], 
  "variance": 0.6492603841496536
}