{
  "noise": 0.29626365685144634, 
  "log_likelihood": -1121.9130501018565, 
  "nlpd": -454.68377227924771, 
  "rmse": 12.668139727982512, 
  "lengthscale": [
    1.8472517049389194, 
    1.166163423428817, 
    0.95717075671655039, 
    1.9828448040242292, 
    0.62182276429152583, 
    16.119723605790735, 
    11.711134107386794, 
    1.4689175587251284, 
    13.782530352336424, 
    5.7902926252158942, 
    16.028140738892908, 
    0.48691692102705164, 
    8.8208627010295633, 
    13.807616667617937, 
    8.0275368540324976, 
    12.120523372484177, 
    7.8882059375526055, 
    7.8590247469442431, 
    10.035768752251505, 
    13.860584025326199, 
    6.3035476544552473, 
    9.1157255937708772, 
    11.369968010996059, 
    13.311565166667995, 
    7.4535258838450176, 
    16.634250615937766, 
    0.85438712204489109, 
    8.6733901093856201, 
    8.0165653787669768, 
    0.94626219772985642, 
    8.4809742921880371, 
    1.3165196355537001, 
    11.749694194948598, 
    1.3712528562878765, 
    10.127692872199606, 
    9.849465116546849, 
    1.2431165717105583, 
    5.5212043994934383, 
    1.5164074800620431, 
    0.64402414454877022, 
    5.7311166901116488, 
    3.9147063995044582, 
    20.173654643450227, 
    7.3777468865520914, 
    0.55385324767892774, 
    13.639048890662165, 
    12.922352135954574, 
    9.2091056546805312, 
    9.8863160616408994, 
    14.788985513648081, 
    11.443875710905962, 
    12.958497305490116, 
    13.752424449510094, 
    12.253703545863809, 
    10.076715383623629, 
    29.138307157871559, 
    1.5386869846477791, 
    15.457130536935388, 
    19.86428587425895, 
    1.3634495689972468, 
    15.341871803801268, 
    9.3967934499788512, 
    1.3553364189716264, 
    9.4187726800758025, 
    9.046252678184679, 
    5.4028687014635688, 
    2.1363134235927821, 
    0.58285734629126174, 
    13.781278974526918, 
    8.4934698563014681, 
    1.492007581163433, 
    0.53456968868922627, 
    0.41621768151327171, 
    6.2520800946329933, 
    11.371889192651935, 
    12.924511665327303, 
    10.018885849099403, 
    2.8100698712761929, 
    14.741854268704007, 
    4.4311307954057488, 
    3.195605576329152, 
    1.4133028663273119, 
    0.82601093249584401, 
    11.641970138603412, 
    4.1801489245289547, 
    2.8507877537685498, 
    14.081073250992084, 
    14.480551162312997, 
    13.715721775987474, 
    5.1720479552067022, 
    0.90604754224995721, 
    6.6324726904179547, 
    0.54278935217470314, 
    10.469822252918016, 
    4.4141199571727219, 
    6.4063350599467368, 
    0.6486055066992471, 
    0.98547421029139293, 
    11.303181264089128, 
    0.7911037611161611
  ], 
  "mae": 9.563984319801925, 
  "pearsonr": [
    0.47025250528863927, 
    7.9489470206584946e-07
  ], 
  "variance": 0.6600013212938537
}