{
  "noise": 0.15419876512794808, 
  "log_likelihood": -967.5025817624464, 
  "nlpd": -784.52872869798432, 
  "rmse": 13.320067593458262, 
  "lengthscale": [
    2.1161483673958954
  ], 
  "mae": 9.111456380841938, 
  "pearsonr": [
    0.73629046363379702, 
    2.5777289260130376e-18
  ], 
  "variance": 0.7390852715216301
}