{
  "regularization": 10.0, 
  "rmse": 17.186064872443374, 
  "intercept": 24.581595396901513, 
  "mae": 14.221460031581305, 
  "pearsonr": [
    0.61700099105164197, 
    1.8309439129453128e-14
  ], 
  "coefs": [
    3.8578072005809614, 
    -2.2959953438343437, 
    -0.89330199264857713, 
    7.3476667592849987, 
    12.852754649464519, 
    -7.3190497448842455, 
    4.445274169016125, 
    -4.2810688403223871, 
    -4.4789798114782906, 
    -4.8572218809882539, 
    0.99983620289852548, 
    -3.9975260352194053, 
    -0.96546995822095383, 
    1.1425042498596274, 
    -4.3927893130108053, 
    -2.99097078720501, 
    2.6100564270987623, 
    -0.91145016779876609, 
    -0.21645368626570247, 
    2.2477392678759118, 
    -2.6589517410050023, 
    -2.9400597182783303, 
    -3.8344413065812373, 
    0.19661458916348978, 
    2.7890419732837834, 
    2.6882309745246875, 
    -3.6144828456836944, 
    1.4813948001629436, 
    3.6352081078367235, 
    -8.4419345049094972, 
    -10.199183556398481, 
    -5.8135633468707235, 
    1.4497063171907951, 
    6.9935547964415861, 
    11.288801967077111, 
    -6.3588149633390723, 
    0.34593375151165667, 
    0.24799749920488523, 
    -8.616694111198548, 
    -2.0447000831470445, 
    8.6615274664433013, 
    -4.5192780280634253, 
    7.1202735906894192, 
    0.40975689353353312, 
    3.9016193485386457, 
    -0.35719999351323278, 
    -4.1780818439537981, 
    -2.3634521148303755, 
    -0.29381759512333377, 
    -0.60767030988597992, 
    -7.7023379018602673, 
    -5.5059551425563429, 
    3.4558285416372763, 
    -0.19179804701202641, 
    2.3788079944718814, 
    0.59901612979785523, 
    -1.6227961070622945, 
    5.3535489277715351, 
    1.3157158711447328, 
    -6.2734877696171587, 
    -3.2367022637804665, 
    3.9277090096215601, 
    -1.8545552879759724, 
    -4.0962106432336345, 
    -1.8843452828434786, 
    -1.0195841146170814, 
    -2.5299342128255904, 
    -2.611862150838975, 
    4.0889877177095348, 
    -4.0192026569009824, 
    7.8835367357557278, 
    5.7758467725715779, 
    -4.0097394551420384, 
    -3.6791822578733937, 
    -0.66175165611763176, 
    2.7389255694478143, 
    -7.2309947134595198, 
    -2.8884903393794206, 
    3.0969714713465204, 
    -8.9889694133660019, 
    -10.064763872488205, 
    4.9247556285111136, 
    3.0292528241890748, 
    4.8039513074255398, 
    -3.5742350917755865, 
    0.63064097660442431, 
    8.9309329206584049, 
    -3.8573761532481834, 
    -6.8115485003459622, 
    0.61691108383326354, 
    -0.24497683779944474, 
    -3.8328958273767681, 
    -0.45165486341062011, 
    -2.188057125051313, 
    -6.5250534207722, 
    -2.7557133815373311, 
    -1.1032573958339371, 
    -0.57191575490529523, 
    -0.24375182646406343, 
    2.1844511683811798
  ]
}