{
  "noise": 0.5490762306704738, 
  "log_likelihood": -1057.3477170758424, 
  "nlpd": -765.94804639477866, 
  "rmse": 17.015359398638068, 
  "mae": 12.242328362140087, 
  "pearsonr": [
    0.67205212035090278, 
    1.9336093622588886e-14
  ], 
  "variance": [
    0.060383878754519289, 
    0.027315646594146512, 
    8.4000579324126223e-05, 
    0.13779837787264745, 
    0.034419652611579976, 
    0.080332064694637176, 
    4.9058310711332129e-07, 
    1.0426280593612009e-06, 
    0.16461840634479613, 
    1.8599819053368179e-07, 
    2.8090311772497318e-07, 
    0.13461488033937535, 
    0.02916951982327648, 
    3.1309523378261375e-07, 
    2.5242894882116859e-06, 
    9.1969022175500881e-07, 
    1.3195305667277234e-06, 
    3.4085524065260256e-07, 
    0.063999099442345178, 
    0.16465027515639619, 
    0.056047299588620203, 
    3.6427936701571628e-07, 
    0.2384429018106507, 
    0.047742604109321435, 
    0.00014945491917029997, 
    1.3914452330257831e-07, 
    1.9523701316856727e-07, 
    0.12520492918809423, 
    0.05329059452615633, 
    0.084788829806415347, 
    0.19193951750796337, 
    0.0099445887165182916, 
    1.4841344409619204e-06, 
    0.041137795499071962, 
    0.48210104883768057, 
    3.5872462927127986e-07, 
    4.2188201098342978e-05, 
    0.045400193364115035, 
    1.8521300450977722e-07, 
    1.5620865857274467e-06, 
    2.6948648884847653e-07, 
    0.049585971453185114, 
    2.1967398484736226e-07, 
    1.1301249399982202e-05, 
    4.3838960241153813e-05, 
    0.15934945831956085, 
    1.2003208436801238e-07, 
    0.077624611152273842, 
    0.16883891530433076, 
    0.11786117602749778, 
    1.8730526698151659e-07, 
    0.17839143352414272, 
    3.3772371462497676e-07, 
    0.078779699225750857, 
    0.024519733361143298, 
    1.0502046958402828e-08, 
    2.6840572880319187e-07, 
    7.3544210172662618e-07, 
    5.774486978884516e-07, 
    0.11251529522696201, 
    0.040246366565801453, 
    9.3978729683160679e-08, 
    2.5830888413710326e-07, 
    1.9770768571228294e-06, 
    0.41945794781127821, 
    0.058200929635375459, 
    1.8596967000803735e-06, 
    1.4589947381400782e-07, 
    0.025793258553633194, 
    2.9141830455653891e-07, 
    4.8847150460613368e-06, 
    1.8270436134551663e-07, 
    8.637792417093584e-07, 
    0.38397557701415241, 
    0.17343726887432953, 
    0.097980591586655785, 
    0.033149078473048141, 
    0.043810101452107307, 
    2.9513441984254952e-06, 
    0.06446889371503195, 
    0.089364623856123204, 
    0.23859603053562312, 
    2.4015295350957934e-06, 
    3.5136905589857089e-07, 
    1.0700157348720518e-07, 
    6.2417312863512111e-05, 
    0.0023623105103713566, 
    0.068684137948878829, 
    0.020836624510645375, 
    1.6446787638310555e-07, 
    0.00013605635119240067, 
    0.058457810456527287, 
    0.055268406839250321, 
    0.063568573010667803, 
    4.6327342951584487e-06, 
    0.32331916531195637, 
    2.1120536439606672e-06, 
    0.10996941639685802, 
    2.6598452647850242e-07, 
    0.24086911035083586
  ]
}