{
  "warp_d": 0.0234542355678454, 
  "noise": 0.3047941248131712, 
  "log_likelihood": -4091.43503268047, 
  "nlpd": -4.4294815719448826, 
  "rmse": 134.26088882937927, 
  "lengthscale": [
    242.73282255240781, 
    286.13181297969902, 
    244.8648967467899, 
    306.80130580702371, 
    280.83862876890731, 
    344.63539671094316, 
    334.61163624854134, 
    267.24136857998434, 
    340.7130746434795, 
    278.74808265716848, 
    232.86350689035859, 
    256.87923629969413, 
    296.6994354865592, 
    293.97452970096225, 
    232.87408532298582, 
    206.42127645375936, 
    354.89870938565508, 
    259.21214794678946, 
    295.90828006453296, 
    321.03946648749269, 
    308.80382489168665, 
    229.84467966417012, 
    196.25466455672577, 
    359.38650624921081, 
    274.17620588170445, 
    335.29078681974914, 
    224.66249553891322, 
    309.37983670659366, 
    376.57957762182616, 
    249.4988856776333, 
    368.55547942652447, 
    330.26504051435967, 
    252.26886444022139, 
    267.74159642662056, 
    210.09318905332267, 
    233.54379189618902, 
    297.66853551234408, 
    319.39292235822256, 
    323.91267634804944, 
    266.20436399805203, 
    279.08697210926272, 
    261.01359760001566, 
    384.45231744470158, 
    281.62571822584732, 
    295.52879376798569, 
    258.43247573677712, 
    283.18649403846126, 
    273.60729358663809, 
    278.60676401578633, 
    322.48516732884633, 
    230.98182516007824, 
    213.00875699018974, 
    250.57242953065702, 
    279.7211474726256, 
    295.79593879684461, 
    648.89673290607652, 
    302.935453510179, 
    288.844906708748, 
    478.25259014943163, 
    207.52324535822331, 
    297.43915160230216, 
    378.33325095695369, 
    272.65218058064869, 
    318.48432910401351, 
    289.22759367870793, 
    237.61070298644853, 
    318.92818422664038, 
    305.76432584579521, 
    329.55256426174867, 
    242.43925377694038, 
    240.75088992837098, 
    285.36507363509725, 
    260.10360418822097, 
    392.87104218532301, 
    213.04671143746896, 
    297.30600628132964, 
    321.66819036136422, 
    271.62345179677527, 
    314.068574071527, 
    184.31412271874891, 
    239.67055325430854, 
    249.62142202174198, 
    288.63637716690948, 
    261.11271833799719, 
    378.10760981968878, 
    268.0164927707084, 
    298.42675628555247, 
    351.26183496659786, 
    263.20951528240926, 
    307.27129579790108, 
    280.12168010573299, 
    252.3031372127482, 
    297.03316437637005, 
    325.12574623538671, 
    351.3608413847611, 
    253.45019207770275, 
    283.14955845899175, 
    345.41730664410096, 
    324.15900489551257, 
    283.82121407756597
  ], 
  "mae": 54.741106866754834, 
  "pearsonr": [
    -0.1914617934436347, 
    0.056360221089734291
  ], 
  "variance": 1905.557682200771, 
  "warp_psi": [
    [
      5.5626846462681369e-309, 
      2.9308496785383382, 
      2.2709750480532573
    ], 
    [
      659.82437933519645, 
      4486.1062079379162, 
      0.69145518352779178
    ], 
    [
      5.5626846462681369e-309, 
      4.2727346060810919e-07, 
      -23.851886411409883
    ]
  ]
}