{
  "warp_d": 0.043681692541156995, 
  "noise": 0.061523660634137986, 
  "power": [
    0.01988108158442865
  ], 
  "nlpd": -4.2649074489194678, 
  "rmse": 17.34248174983858, 
  "lengthscale": [
    0.80823904670602231, 
    0.76836426252144463, 
    1.0364538415543449, 
    3.0247677709500826, 
    1.0759337739712236, 
    3.3274456690059599, 
    0.22590880233863023, 
    3.1353589345699904, 
    0.88542303088022223, 
    3.0839600616631531, 
    1.2537571710888504, 
    0.83115182783854891, 
    1.5755558225849502, 
    3.7517680868914161, 
    1.8286581414859482, 
    2.1569346307365822, 
    2.5211367508158382, 
    2.8974907194228039, 
    0.2776076144592286, 
    0.64406321289251789, 
    3.2211407527502547, 
    3.1039995728934811, 
    0.40190999679329353, 
    2.672554043060039, 
    3.2673758951100629, 
    3.6520534375499945, 
    0.86923400336619649, 
    1.7087633572552638, 
    0.90759687048837423, 
    0.37655762830652789, 
    0.46979580087413325, 
    3.1799832073756891, 
    2.431816104544803, 
    3.4998556705056316, 
    0.64331710102886575, 
    0.65003913286417025, 
    1.4744569594823607, 
    3.2238454616713006, 
    2.1605044980113144, 
    1.3387669885275195, 
    3.5803630853269173, 
    0.29098180601241486, 
    1.3114597622981206, 
    0.79907932716271413, 
    2.2269017459198448, 
    0.49873181473256545, 
    2.554344538098019, 
    0.63135277099953235, 
    0.38461145612747621, 
    0.68108489491194413, 
    3.017903258471105, 
    2.7888222822648516, 
    3.0775890645787332, 
    3.9212867349143181, 
    1.4079097277162722, 
    3.6885379843269046, 
    3.0294331619486399, 
    4.0450656068898168, 
    3.8087446724776211, 
    0.89494879357523272, 
    1.7291971331004272, 
    0.48889532412829895, 
    2.8960750580675718, 
    0.40610550033607268, 
    0.71041268487741671, 
    2.4918009346106138, 
    1.1888978203444165, 
    1.9099902952107595, 
    3.0348149644136768, 
    2.5059822350189034, 
    2.5411677594260564, 
    2.0191365800333458, 
    1.1253783036601592, 
    0.63714868261857915, 
    0.9153071314795681, 
    0.37267103006954738, 
    2.0036710981719406, 
    1.646965605958683, 
    2.9710322770283035, 
    2.7959961255839212, 
    0.58246785310444593, 
    0.7824228464505979, 
    2.7268147945484995, 
    2.8182612994426099, 
    0.40233067058238209, 
    0.40216398647397011, 
    2.6439957840441219, 
    0.22118429923891633, 
    0.52763977539324625, 
    0.63906049655802566, 
    0.19510724968117921, 
    1.3077721886927494, 
    2.4458497760171194, 
    1.0256963037457214, 
    2.1861747416438559, 
    0.86931453581559148, 
    0.23734618863466517, 
    1.2160552417876576, 
    2.7505375668623055, 
    0.45655249594035519
  ], 
  "mae": 13.108638468887802, 
  "pearsonr": [
    0.75851751376343524, 
    6.2472435713339891e-20
  ], 
  "variance": 14.980717112113856, 
  "warp_psi": [
    [
      1.4871649750787087e-09, 
      0.70260025051222175, 
      2.7530221304358791
    ], 
    [
      3.7383130671438896e-06, 
      0.10333802970500493, 
      2.8917283838476142
    ], 
    [
      9.8153453425286335e-06, 
      2.2548517548927558, 
      -0.5382848281297048
    ]
  ], 
  "log_likelihood": -3783.5445882532695
}