{
  "noise": 42.157400506758016, 
  "log_likelihood": -3851.933096566412, 
  "nlpd": -4.0864283031937489, 
  "rmse": 14.351802287308315, 
  "weight_variance": [
    6574145.5562055847
  ], 
  "bias_variance": 115514762.0055986, 
  "mae": 10.750968179744007, 
  "pearsonr": [
    0.78344345231099233, 
    5.7972498095874104e-22
  ], 
  "variance": 1269.1428778134707
}