{
  "noise": 151.58599918928272, 
  "log_likelihood": -3598.5143513125195, 
  "nlpd": -4.0213828699018803, 
  "rmse": 13.472780723257795, 
  "mae": 10.903553554281912, 
  "pearsonr": [
    0.43485775543001381, 
    6.1553423728158352e-06
  ], 
  "variance": [
    10.489024197929444
  ]
}