{
  "log_likelihood": -4587.326701623386, 
  "nlpd": 3.9764120640923886, 
  "rmse": 12.798792676922188, 
  "Gaussian_noise.variance": 183.40402452314046, 
  "mae": 9.7759140415765344, 
  "pearsonr": [
    0.2301065327413423, 
    0.009835408184548854
  ], 
  "linear.variances": 9.302544721078982
}