{
  "log_likelihood": -4890.66941032582, 
  "nlpd": 4.2241421554795284, 
  "rmse": 16.628903474116036, 
  "rbf.lengthscale": 2.3699868575063334, 
  "Gaussian_noise.variance": 189.56901494114888, 
  "mae": 13.077414570144452, 
  "pearsonr": [
    0.64458006906143972, 
    5.0126979486634891e-16
  ], 
  "rbf.variance": 553.5625286552163
}