{
  "noise": 200.13701649765764, 
  "log_likelihood": -3886.7788138696633, 
  "nlpd": -4.2970141708514298, 
  "rmse": 17.976170379315075, 
  "lengthscale": [
    2.7173956322238126
  ], 
  "mae": 14.077686547823133, 
  "pearsonr": [
    0.58698086018413631, 
    1.3779638551224323e-10
  ], 
  "variance": 543.6772741543497
}