{
  "noise": 40.86378530212936, 
  "log_likelihood": -3837.5447725726885, 
  "nlpd": -4.1549066568380857, 
  "rmse": 15.712389942543775, 
  "lengthscale": [
    2.1962909191098525
  ], 
  "mae": 10.826669965740699, 
  "pearsonr": [
    0.67863919097806902, 
    8.593983259751285e-15
  ], 
  "variance": 536.3695336066088
}