{
  "warp_d": 0.48486421017248993, 
  "noise": 32.116532005659636, 
  "log_likelihood": -3565.867771318353, 
  "nlpd": -4.0230247446050873, 
  "rmse": 13.405662800792667, 
  "mae": 9.5581013147896901, 
  "pearsonr": [
    0.23806667021657194, 
    0.017072814496093488
  ], 
  "variance": [
    3.3603292269350549
  ], 
  "warp_psi": [
    [
      2.5547992184619214e-06, 
      0.13874106690609217, 
      1.2428229548856222
    ], 
    [
      2.6950860420638164e-10, 
      2.5347955693840802, 
      1.1222919302641761
    ], 
    [
      3.798654957468609e-13, 
      0.63509674914388092, 
      -0.29040475033225083
    ]
  ]
}