{
  "warp_d": 0.24659724400138988, 
  "noise": 2.0504947188295493, 
  "log_likelihood": -3793.0317245567194, 
  "nlpd": -4.2291970145638462, 
  "rmse": 16.57401073266325, 
  "lengthscale": [
    5.5041339423637767, 
    11.296080839402745, 
    2.0877993626135125, 
    13.474722007470827, 
    6.97166007528861, 
    1.5139432892468192, 
    9.8190942419506815, 
    10.376656660406455, 
    8.4103820105997507, 
    11.163989740265958, 
    5.4230040118895246, 
    8.2216276172833993, 
    3.1891567230879434, 
    14.744638515527599, 
    9.9927557182310256, 
    10.442300732164327, 
    13.426659186084946, 
    10.866036801622913, 
    1.1546419354648949, 
    2.5267791913118627, 
    1.3587601123065165, 
    1.8303470866563434, 
    2.0216548964411745, 
    8.924230469443863, 
    13.627213427590682, 
    14.616832463128949, 
    1.7193271665831533, 
    12.162863605546061, 
    13.208451177757992, 
    8.2240884657825095, 
    2.4450046323950154, 
    12.938664828089955, 
    7.6121705244006241, 
    13.602044696468997, 
    1.9140009440333889, 
    2.0195425703888068, 
    12.703672211259537, 
    9.8087703870224328, 
    8.0101247469638501, 
    13.371227158289141, 
    12.621849695885139, 
    6.1779441865318914, 
    11.205771003790849, 
    5.6132666180236006, 
    1.8191477383208412, 
    1.6214989196269023, 
    1.2574001750329997, 
    2.7354546502160759, 
    1.0889839889190656, 
    4.4886321765804267, 
    10.777415533806051, 
    5.5179671299227246, 
    10.77391531068119, 
    13.285867407871317, 
    6.3218836538341545, 
    15.447134537876599, 
    5.5316777145063414, 
    15.947075367110777, 
    14.28848798505831, 
    5.3953895513403278, 
    8.8256499349886681, 
    3.6513906058815211, 
    14.48182060936195, 
    10.188111614729461, 
    3.9378561099005625, 
    8.981404633060551, 
    13.302835741724751, 
    13.136907178156855, 
    13.923121452893318, 
    1.5353140587835268, 
    13.555895003365729, 
    7.0854832999810693, 
    11.360722020385587, 
    2.0480607932213881, 
    2.9067145918642305, 
    0.93738084905195229, 
    7.5052947014409304, 
    4.5761084923110662, 
    14.177704594012372, 
    4.1982970749205011, 
    2.5646061552265467, 
    4.8421923704350727, 
    15.749420992418022, 
    13.162928424362343, 
    8.5394560000935815, 
    1.3313053707995177, 
    1.5817560985914012, 
    1.4120097675483405, 
    1.8342499900602145, 
    11.671874685284614, 
    1.2010387518203409, 
    2.3759792266371944, 
    3.6005005148475697, 
    10.19913816923559, 
    1.6912832010817715, 
    8.0376882710856083, 
    1.3677552984625807, 
    10.451277168037189, 
    11.661917393352123, 
    1.0447141138682803
  ], 
  "mae": 11.752470008362144, 
  "pearsonr": [
    0.62542883837828112, 
    3.4924792615990077e-12
  ], 
  "variance": 49.61651646801544, 
  "warp_psi": [
    [
      1.6680222387370696e-22, 
      0.25016557417716495, 
      1.3563181298628117
    ], 
    [
      4.5805099225436514e-18, 
      0.28866920802651264, 
      -0.51795081676302068
    ], 
    [
      5.2771927068986116e-26, 
      2.6076665376882248e-07, 
      2.1790003916334064
    ]
  ]
}