{
  "pearsonr": [
    0.51313520520530675, 
    9.4347843795920317e-10
  ], 
  "nlpd": 3.6675431194038013, 
  "rmse": 8.5628793093489968, 
  "Mat32.lengthscale": 1.5233462148409251, 
  "Gaussian_noise.variance": 5.5511585672394395, 
  "mae": 5.1306312293211107, 
  "Mat32.variance": 147.8863616068859, 
  "log_likelihood": -4219.178074671536
}