{
  "warp_d": 0.19872988102903333, 
  "noise": 1.4603506873654901, 
  "log_likelihood": -3815.3158213444867, 
  "nlpd": -4.4110660239970336, 
  "rmse": 19.966951347282521, 
  "lengthscale": [
    3.862641560505113, 
    2.8051218321765221, 
    4.9285660016954065, 
    2.7288244126850039, 
    2.3401660702671148, 
    2.0763751580324175, 
    1.8018929290803603, 
    6.7558514292676044, 
    3.2167002378449019, 
    3.4286706922581391, 
    7.1452886522866725, 
    2.5052312215648431, 
    7.5846193375017723, 
    7.6381714401417815, 
    4.0438966626395825, 
    1.0859391666304974, 
    1.4758436931550605, 
    1.1303259648347801, 
    10.180073928255064, 
    9.6737726968515538, 
    8.1526038510422261, 
    3.2250295488901748, 
    1.2205980655473638, 
    8.2417652700488091, 
    1.6355821166909041, 
    3.8299133888934387, 
    7.048347234230337, 
    5.2413402186886753, 
    5.7284454909284044, 
    0.72263485631562085, 
    1.9976921533975578, 
    6.9973197445337183, 
    6.5591697892643506, 
    1.9644187906136745, 
    2.5125494574081788, 
    8.6469044162205648, 
    7.8072513784084316, 
    9.1554379975510738, 
    6.5002638970319744, 
    0.88968428419988399, 
    2.6069978214991805, 
    2.0799652271640063, 
    3.6381978533153299, 
    8.0480230378360442, 
    7.7175817350929679, 
    8.7214621321207559, 
    7.4418362466230885, 
    9.2789280930870248, 
    5.3117368164167376, 
    7.3148942447949601, 
    1.3111048782102677, 
    4.5594517196296565, 
    5.3569785382121173, 
    9.4096228828557074, 
    7.4230272378816471, 
    9.6076273293363492, 
    7.0802546684705137, 
    2.4778770212848196, 
    10.048064948996409, 
    1.9435570977116223, 
    6.9478262612054795, 
    1.9351890837361572, 
    8.2794119568265412, 
    7.7355665955513313, 
    7.9492773934964198, 
    7.5495630129211797, 
    8.4779031202697315, 
    0.93222744804507729, 
    3.4066162014099604, 
    4.6451447282716964, 
    1.1283747335400089, 
    4.9017882435654165, 
    7.7030532431003627, 
    9.0117650035290264, 
    9.0064342782833258, 
    6.7225947477105557, 
    1.3110121287850882, 
    7.7875813872852291, 
    8.5244835527830922, 
    1.5486680733766773, 
    2.6298916371072698, 
    6.9702861033490962, 
    7.1567096090069047, 
    6.8777521694351051, 
    8.9522826535336186, 
    6.3497358391687619, 
    2.6120195374260375, 
    1.7464797258180154, 
    1.0403522919023012, 
    8.9911180713597787, 
    3.7219496338179945, 
    1.2878923706483669, 
    5.737910199845107, 
    8.4876319518962244, 
    2.8681360536966234, 
    7.2873234716776274, 
    1.5884816309319152, 
    10.080324836147192, 
    7.1093952212596427, 
    0.85632884351584848
  ], 
  "mae": 15.23743032061674, 
  "pearsonr": [
    0.48176252523881291, 
    3.8823237331259529e-07
  ], 
  "variance": 26.733300655480353, 
  "warp_psi": [
    [
      3.3948574633546395e-09, 
      3.5278638578019779, 
      -1.0371795108194688
    ], 
    [
      1.0183896729921632e-17, 
      0.00042888015309280934, 
      -1.158235643468184
    ], 
    [
      1.2494955526488525e-17, 
      7.9548459487937704, 
      6.6932217646485626
    ]
  ]
}