{
  "noise": 26.691680897979055, 
  "power": [
    0.77652648507938327
  ], 
  "nlpd": -3.7331529542534612, 
  "rmse": 9.808906543913011, 
  "lengthscale": [
    13.383680650943287, 
    15.180262528622928, 
    8.1910797853436073, 
    14.352428341207951, 
    15.40442922203248, 
    8.6236678864769019, 
    0.39126045174456986, 
    9.311417119535438, 
    16.270636676396602, 
    0.66535577617492625, 
    20.415875486126058, 
    14.426478736391889, 
    13.77856711421073, 
    10.663396601549712, 
    0.56822846027798568, 
    0.34855264876419151, 
    0.88897694297351015, 
    15.153183107706406, 
    0.45850962234476089, 
    0.63006325148612141, 
    0.38970879129612418, 
    27.097685936365231, 
    12.103686689089415, 
    0.43884167892281933, 
    14.348211525615101, 
    15.860133405438674, 
    30.299476890057441, 
    13.67895323546567, 
    22.438196494867693, 
    0.6818457372558101, 
    0.63757255591638318, 
    0.5487381191405788, 
    14.438409841897165, 
    1.2165331873886986, 
    15.19706918517883, 
    9.7796531562602595, 
    14.275872954047248, 
    21.166284298498983, 
    17.837298453634393, 
    17.673103925009382, 
    33.595424002162865, 
    21.321437509164234, 
    21.251417829125177, 
    15.36353554287353, 
    17.310738887746933, 
    19.662934838176529, 
    21.014313257107418, 
    15.827244504626176, 
    35.175292675657083, 
    0.89050116073556673, 
    49.163879042175985, 
    16.859323258332662, 
    5.2762539149177465, 
    8.4601839272958408, 
    16.506211511138392, 
    38.594791426933902, 
    16.386245981304416, 
    19.178703630162513, 
    1.1321268930459976, 
    23.787782233453523, 
    0.39948550098227936, 
    15.890786821172677, 
    13.977034490866723, 
    24.651862826353092, 
    24.456683107999368, 
    5.4023483280578759, 
    13.453601936524596, 
    3.0479074797199814, 
    17.469737155272242, 
    40.726311233116213, 
    24.101951266741388, 
    10.935313833265344, 
    18.32972096335612, 
    19.593008741176625, 
    0.62688880967608585, 
    14.452615117280168, 
    0.46690063772594059, 
    0.90746433134818083, 
    0.90198809666745494, 
    0.6353861758313698, 
    20.463003573167114, 
    0.49298612687752474, 
    10.643986873783883, 
    8.5728872170219557, 
    14.2586699411652, 
    48.638268554920209, 
    11.949239878248385, 
    17.635617028932824, 
    1.4891457028862354, 
    1.4474084693868734, 
    21.561965064813084, 
    21.759572609013869, 
    20.203719966910125, 
    12.201404984702947, 
    0.7533698210431673, 
    17.923104708087493, 
    16.889185778825226, 
    0.50253314058311815, 
    18.688596038899739, 
    28.142715817522593
  ], 
  "mae": 6.7992210900808621, 
  "pearsonr": [
    0.59047175500340032, 
    1.0067668144278732e-10
  ], 
  "variance": 161.00239100561097, 
  "log_likelihood": -3357.9829689417775
}