{
  "regularization": 100.0, 
  "rmse": 9.8005036031988144, 
  "epsilon": 1.0, 
  "mae": 6.4077095201006351, 
  "pearsonr": [
    0.60366159745863235, 
    9.2245988712799026e-14
  ], 
  "gamma": 0.10000000000000001
}