{
  "regularization": 100.0, 
  "rmse": 9.4511030531468929, 
  "epsilon": 1.0, 
  "mae": 6.0275031130622327, 
  "pearsonr": [
    0.68864853524756697, 
    2.4057446044731366e-15
  ], 
  "gamma": 0.10000000000000001
}