{
  "warp_d": 0.41189003285793574, 
  "noise": 28.617094888238746, 
  "log_likelihood": -3620.6614780646887, 
  "nlpd": -4.1412095944209302, 
  "rmse": 15.001650025314815, 
  "mae": 12.358118749736184, 
  "pearsonr": [
    0.28133359643666817, 
    0.0045757889369884156
  ], 
  "variance": [
    1.4203383101863678, 
    0.0023938917492542029, 
    19.334402433339147, 
    2.129717510922537, 
    1.441668731110515, 
    0.0030772029929336518, 
    0.0011079438709482596, 
    5.521525074757073, 
    0.00091732286229728277, 
    0.36329830969056504, 
    0.003420196510609444, 
    0.10262312404927315, 
    0.00084195187492605496, 
    0.00090055906170363785, 
    4.112947828732568, 
    0.00100391727194525, 
    0.00095225697332928518, 
    0.0056667947366654424, 
    0.0050207891007843482, 
    7.087524454506644, 
    0.00092298647662546012, 
    1.1331174016145813, 
    5.3958739214470732, 
    0.0051198847287315654, 
    1.1629499004186579, 
    0.014245786122426307, 
    0.60524083548496288, 
    0.0010241921358810984, 
    0.25812712065054366, 
    0.0010599658750657748, 
    0.0022094558554983427, 
    0.00089915237663392019, 
    0.0015858180415792441, 
    17.587942855001348, 
    0.024706824042970123, 
    0.00094739816460474543, 
    0.45686545577485327, 
    2.0440928648032548, 
    10.059424969735776, 
    0.0011818179567718574, 
    0.0045227965290054193, 
    0.0020653696347672111, 
    0.00073603532146219661, 
    0.0044964902738060661, 
    1.9891756156527249, 
    0.0015258167796651312, 
    0.0006258843439756668, 
    0.0012425332212494375, 
    0.99928742006965643, 
    0.0010579480873369072, 
    2.8571560743302244, 
    0.0015675044706039993, 
    8.0778778882984916, 
    8.6424104082569144, 
    0.00087550561719165927, 
    5.9041932198508551, 
    0.0006700112520784269, 
    0.0010457761653438723, 
    0.00059488089313200607, 
    0.45937060619995451, 
    0.00096238136272195881, 
    0.00062127965540383534, 
    0.0015359298757915848, 
    0.00074810112329245441, 
    0.0011948799468211515, 
    0.0049219961389975371, 
    3.0720526214553416, 
    15.316848886319496, 
    0.00064074419384105394, 
    0.0014873473501535288, 
    12.675856459066512, 
    0.0070948192086274231, 
    1.9951717849090957, 
    0.13079612560315088, 
    5.7382929289433013, 
    0.0012311851461543405, 
    0.022869694894161682, 
    7.535104169701917, 
    0.001890542984506459, 
    0.015562910374135782, 
    15.240520261522825, 
    0.00094902610778592055, 
    0.02551845615686503, 
    10.488497111321351, 
    0.0019281713515139575, 
    7.2183004454337469, 
    0.00093200337657980492, 
    0.00092712297930555793, 
    0.0010572664735617266, 
    0.010210806683922031, 
    0.0043765485098533289, 
    0.046876129283162052, 
    7.8410917252228769, 
    1.7171953992710922, 
    0.00064597488048635592, 
    0.0019234181649272521, 
    10.461195556087045, 
    7.0706255060823713, 
    0.0012234478924897634, 
    0.055793879737516157
  ], 
  "warp_psi": [
    [
      7.2330070921469615e-21, 
      0.023917200355516352, 
      0.64302552317800632
    ], 
    [
      6.5055426165395963e-30, 
      1.5137159867212711, 
      -3.4268308159059822
    ], 
    [
      1.948931831635658e-24, 
      0.1142854901752195, 
      0.54626431910918782
    ]
  ]
}