{
  "warp_d": 0.1865439973152556, 
  "noise": 0.7916610697769385, 
  "log_likelihood": -3822.7019335002788, 
  "nlpd": -4.304765856122728, 
  "rmse": 17.527839061122663, 
  "lengthscale": [
    5.8164685016484707, 
    2.75193257629188, 
    2.5499724327727122, 
    2.3445958764722015, 
    1.9362086729161061, 
    1.3344058282373379, 
    0.70787323306804162, 
    4.5293922243953482, 
    1.4005428373906161, 
    1.5751204926483087, 
    5.5678679774367668, 
    2.174006541409141, 
    8.0588911922363149, 
    7.1252499871323716, 
    3.2415154030525839, 
    1.0109898612828356, 
    1.2400367800426131, 
    1.216233987780279, 
    8.5534352960290203, 
    7.094786836149459, 
    7.1266764861920144, 
    5.0999444568920653, 
    1.5747795679027188, 
    7.8526254577644403, 
    2.6455394508950625, 
    5.1845088554271177, 
    6.3337273886862109, 
    5.4003538844404169, 
    4.7572566471226692, 
    1.0590594688754666, 
    1.9057220499851928, 
    6.3952942858895723, 
    5.8157584833332576, 
    2.8070253094394699, 
    4.1197681717657817, 
    7.4016729448247833, 
    6.8589620278014216, 
    6.4099641175057362, 
    5.0465572341276665, 
    1.8547551304478074, 
    1.5132045578654065, 
    3.4266513086318744, 
    1.9998656175848235, 
    4.5983614088198967, 
    6.1585995606258219, 
    8.486883017384649, 
    5.9746092795501449, 
    6.6444585707104098, 
    5.6301359790074876, 
    6.7410562379319074, 
    1.7881250981278172, 
    3.0712983837644443, 
    4.0871911768872895, 
    9.294219149473248, 
    7.4251897140463994, 
    7.9208937492602267, 
    6.6211926851279808, 
    1.2049581935211733, 
    9.6332030561099184, 
    1.4191346155473166, 
    7.4411712658008344, 
    1.9698743668036138, 
    8.2452876436513574, 
    8.4482635688698853, 
    8.1353983211658711, 
    6.366499698681082, 
    6.1291421925344345, 
    1.9187297848004903, 
    3.1027130452908911, 
    2.1921162324078622, 
    1.9631316777223144, 
    5.2416760256178678, 
    7.6470466159617905, 
    7.2171375848348873, 
    7.2789536820780238, 
    6.7835344072980934, 
    1.0427144012539424, 
    6.5200774429332977, 
    4.7001672165593655, 
    1.9666255656983958, 
    1.7307890601450011, 
    2.8793735085778733, 
    5.5770545028220999, 
    7.4093917141007166, 
    5.7033770017514902, 
    6.3594750764806518, 
    2.1224626651587566, 
    1.9372014488705001, 
    1.2013017860319506, 
    7.0641981489612089, 
    1.6190260738844933, 
    1.0122990670959691, 
    7.1782428263679732, 
    8.1264484115060771, 
    0.9039611601789711, 
    2.7130287995732525, 
    1.7939255193312815, 
    7.1856151448649488, 
    2.7899720973554181, 
    4.7719507575261861
  ], 
  "mae": 13.947859124270883, 
  "pearsonr": [
    0.56834571809832002, 
    6.9222073915802092e-10
  ], 
  "variance": 23.514215111384225, 
  "warp_psi": [
    [
      3.7948268018630143e-18, 
      5.7003060104481908e-09, 
      1.6384118163169246
    ], 
    [
      9.0527266421299266e-07, 
      0.16287982347349295, 
      0.24861326267987632
    ], 
    [
      4.9723383578468511e-10, 
      1.7216237986333018, 
      5.8507436472108223
    ]
  ]
}