{
  "warp_d": 0.9207235143650248, 
  "noise": 203.13945635909508, 
  "log_likelihood": -3814.837462736241, 
  "nlpd": -4.2131293445284301, 
  "rmse": 18.691362806198654, 
  "lengthscale": [
    3.9278094022872563
  ], 
  "mae": 14.78523407958736, 
  "pearsonr": [
    0.54572811279645683, 
    4.3105737334556924e-09
  ], 
  "variance": 596.2851639852025, 
  "warp_psi": [
    [
      5.5626846462681369e-309, 
      3.7079307654726575e-142, 
      10.885962205863439
    ], 
    [
      0.47789594424337312, 
      2814.4529866356434, 
      0.99998619025308522
    ], 
    [
      9.5123395433081666e-135, 
      929.21952267160668, 
      -4.325922471851591
    ]
  ]
}