{
  "noise": 0.07711246292307548, 
  "log_likelihood": -1061.1364837551705, 
  "nlpd": -87.629372304673254, 
  "rmse": 9.1745706905427564, 
  "lengthscale": [
    12.338613700382954, 
    6.6245175964174692, 
    11.959028157457372, 
    1.080811779942604, 
    20.375472131074154, 
    13.905472957628611, 
    5.8342242652765295, 
    17.536508785712201, 
    1.1441967419593051, 
    0.99064570922863626, 
    15.863793789934055, 
    9.3738046324587021, 
    13.670126045319401, 
    15.432017901046621, 
    11.529012168083081, 
    7.2525768587197428, 
    8.4960323927539392, 
    9.1059479126386087, 
    3.3650589622642899, 
    11.886466979636383, 
    2.3275760965431127, 
    16.657273095621793, 
    11.397231756734927, 
    12.634686463405069, 
    10.034238743270967, 
    10.914444096645346, 
    11.079315065868451, 
    0.52201120059348394, 
    17.44881344273703, 
    0.36971973395224905, 
    0.51911509837594483, 
    2.2320294278848114, 
    8.6160997778607555, 
    19.245899676975473, 
    18.438726833405301, 
    1.1786007808712977, 
    8.4453579442996514, 
    9.3813143815818716, 
    2.167837345264334, 
    13.327177911890596, 
    12.973779423737854, 
    17.021099970292717, 
    17.330873123530846, 
    9.4764413436019179, 
    12.836174479925948, 
    1.6231847825690267, 
    0.72752674005960027, 
    6.311879833829015, 
    16.176282100549653, 
    3.7290570404555594, 
    5.2988309025663387, 
    12.003702495858597, 
    1.3346336043350642, 
    14.475742518590852, 
    1.3186609941295282, 
    6.5963381621369832, 
    11.93695599371109, 
    14.368187360530879, 
    1.0583025311687939, 
    13.821100074663917, 
    0.44354687679746324, 
    19.329027115714048, 
    13.848454722257125, 
    1.448330735578895, 
    14.726377281108945, 
    8.8564542437231424, 
    1.3567241375228032, 
    12.078912879870737, 
    14.722543881501881, 
    0.79185391374805958, 
    13.521144554573631, 
    0.48907492507485273, 
    10.701901398869992, 
    1.3920532279122482, 
    11.108298860781796, 
    10.763270741725748, 
    1.0305741063223226, 
    0.52097862860810429, 
    16.386707792082412, 
    15.229660111586849, 
    10.343893161521251, 
    1.2722642040667402, 
    13.491679824877549, 
    5.4832690655215082, 
    13.602251222072509, 
    0.89902248716448518, 
    11.694625335004147, 
    1.9161268416547763, 
    8.5191265701656818, 
    15.177527243978435, 
    12.49896401290127, 
    17.090978436481389, 
    2.913472139157828, 
    13.438997774206618, 
    0.78001052528761772, 
    13.181743836588479, 
    0.75569705567907586, 
    9.4368146206644692, 
    21.640446812072813, 
    10.100496599819865
  ], 
  "mae": 5.9169701053503658, 
  "pearsonr": [
    0.24501575955809193, 
    0.014013157355247
  ], 
  "variance": 0.9195950691648029
}