{
  "log_likelihood": -4254.5924541525, 
  "nlpd": 3.8424039218506545, 
  "rmse": 11.170539629547678, 
  "Gaussian_noise.variance": 101.25078707974171, 
  "mae": 7.2109877582519584, 
  "pearsonr": [
    0.41453957083625514, 
    1.5384140368769134e-06
  ], 
  "linear.variances": 5.3975905548598355
}