{
  "noise": 25.962259979318755, 
  "log_likelihood": -3890.0993545407964, 
  "nlpd": -4.1011396788057111, 
  "rmse": 13.839165840714653, 
  "lengthscale": [
    1.866021940890211
  ], 
  "mae": 11.553696093585909, 
  "pearsonr": [
    0.66930261899039134, 
    2.6960179120564978e-14
  ], 
  "variance": 587.6786591381789
}