{
  "regularization": 100.0, 
  "rmse": 18.387183337576385, 
  "epsilon": 10.0, 
  "mae": 14.615943273785799, 
  "pearsonr": [
    0.49393113784249137, 
    1.767900581792982e-07
  ], 
  "gamma": 0.10000000000000001
}