{
  "regularization": 100.0, 
  "rmse": 16.805415700646662, 
  "epsilon": 10.0, 
  "mae": 13.571878443083948, 
  "pearsonr": [
    0.63600964082621614, 
    1.5941324833642794e-15
  ], 
  "gamma": 0.10000000000000001
}