{
  "noise": 40.49611954418091, 
  "log_likelihood": -3842.7223352689643, 
  "nlpd": -4.1008521017969137, 
  "rmse": 14.890555237864518, 
  "lengthscale": [
    2.1596941779936194
  ], 
  "mae": 11.456792533358273, 
  "pearsonr": [
    0.77212863221555561, 
    5.2203555296620247e-21
  ], 
  "variance": 527.6189956416262
}