{
  "noise": 19.35775662133037, 
  "log_likelihood": -3866.6714359452103, 
  "nlpd": -4.2990152528271963, 
  "rmse": 17.701706538119229, 
  "weight_variance": [
    2535164.422305475
  ], 
  "bias_variance": 204387772.55478424, 
  "mae": 14.130971753467328, 
  "pearsonr": [
    0.54350791089002226, 
    5.1210890852308393e-09
  ], 
  "variance": 2485.9480268626507
}