{
  "pearsonr": [
    0.63224918434972954, 
    2.61855289853267e-15
  ], 
  "nlpd": 4.2269712022939627, 
  "rmse": 16.761809120896338, 
  "Gaussian_noise.variance": 29.20569872288372, 
  "mlp.variance": 1988.5351761068573, 
  "mlp.weight_variance": 4176544.5395123805, 
  "mae": 13.411071709176971, 
  "log_likelihood": -4860.320694050947, 
  "mlp.bias_variance": 163311432.17041063
}