{
  "noise": 31.402026245674573, 
  "log_likelihood": -3400.997106814416, 
  "nlpd": -3.8216197845593705, 
  "rmse": 10.855560764037552, 
  "lengthscale": [
    1.8163437805862661
  ], 
  "mae": 7.4206541844052811, 
  "pearsonr": [
    0.69157044394825695, 
    1.6429449344530296e-15
  ], 
  "variance": 130.68934792555058
}