{
  "regularization": 10.0, 
  "rmse": 18.708051060261003, 
  "intercept": 23.17462992236328, 
  "mae": 14.772636075287785, 
  "pearsonr": [
    0.58175904336252049, 
    1.1211834545810606e-12
  ], 
  "coefs": [
    3.3262715190858017, 
    -1.3840570460158008, 
    -2.2181193926229001, 
    5.5865117035160416, 
    13.229498191937585, 
    -6.4534213175969217, 
    4.1609497825589354, 
    -3.1462651396109438, 
    -4.1564117729099515, 
    -5.955386007125357, 
    3.2419970562788687, 
    -3.2023842844974229, 
    -0.31696921296465386, 
    1.2093196634194479, 
    -2.8860396376077788, 
    -0.64576971047036202, 
    4.6108824244370394, 
    0.256550678221731, 
    0.92321377862076104, 
    1.7899442914760808, 
    -3.2583539905561247, 
    -2.6106880571896682, 
    -2.5051873753540104, 
    -0.63869339682479054, 
    2.1658452396950563, 
    -1.0682426047563174, 
    -3.9013678698675887, 
    -0.51376884066942918, 
    6.2117122448279103, 
    -7.6422200946212469, 
    -8.5251792217711042, 
    -5.3190284433849211, 
    0.68449123602107376, 
    6.4175730428698818, 
    11.866012539245144, 
    -5.7603984259212373, 
    -0.21867825200977642, 
    0.1659293943129318, 
    -7.6542147527137727, 
    -3.1267531856126247, 
    7.222366161794012, 
    -2.4489986927523226, 
    7.1641636123712251, 
    -0.17925850342551275, 
    4.9012028921674995, 
    -1.3605104793847356, 
    -4.6387302510328547, 
    -2.3100276700059705, 
    1.1774930160768509, 
    -1.8292918420383326, 
    -6.0032873689535178, 
    -7.3147798936850172, 
    3.8614871217368152, 
    -1.1903470498547388, 
    1.6103867731425885, 
    -1.0286996086774904, 
    -0.19485760125307869, 
    5.9030304869898123, 
    -0.091298517842407528, 
    -6.1230284166946571, 
    -5.0283969542453164, 
    4.3358768316606042, 
    -0.51814263333557897, 
    -3.8104655900804918, 
    -2.441186092993116, 
    -2.0464143108714961, 
    -2.6029288521732323, 
    -2.7339435761717823, 
    4.9644960875713062, 
    -4.436453837416316, 
    8.616648699182031, 
    5.4319369156356725, 
    -5.4628214469346821, 
    -2.6993802298824838, 
    -1.5500443874171446, 
    2.8802461072188708, 
    -6.395770579927901, 
    -1.8577018276718076, 
    2.9150263354564929, 
    -8.7296218193667663, 
    -9.4789621203443346, 
    4.644576425750774, 
    2.7742312261622559, 
    5.449735519651834, 
    -2.7282351642457221, 
    3.9667257931869693, 
    7.3808294023657535, 
    -3.4582715168418074, 
    -5.8655985241749269, 
    1.293412359940131, 
    -1.2475356588126367, 
    -3.6735070516754003, 
    -1.7008141330366913, 
    -2.0132924738658913, 
    -7.2915066203612477, 
    -2.8079257956404424, 
    -0.61768831233628885, 
    -0.74162163967976191, 
    -0.94668608437978363, 
    0.7965056920600897
  ]
}