{
  "noise": 30.29522662082487, 
  "log_likelihood": -3367.5131356490515, 
  "nlpd": -3.590115310893077, 
  "rmse": 8.5244846655737962, 
  "lengthscale": [
    9.693484511335857, 
    11.158848196242266, 
    7.1286454135731496, 
    9.3100958842935881, 
    11.598699047305608, 
    7.1061386787755616, 
    0.73095791253954068, 
    1.4532228577445041, 
    10.10641293800022, 
    0.74098020103519735, 
    11.628472017224816, 
    7.9596787436914598, 
    7.2859613903450908, 
    8.0020965796127221, 
    0.70596048784660159, 
    0.40921382626941138, 
    1.4019989070438132, 
    8.4127000829684473, 
    0.67854915242812774, 
    1.2953359740907955, 
    0.55060245763390203, 
    3.3614775845574014, 
    9.3343630376031435, 
    0.63890326997712898, 
    11.536690900557968, 
    1.1384854346555677, 
    9.1794124219951581, 
    5.8200851174468085, 
    11.618631098915763, 
    1.1085376944636329, 
    1.0320202481735357, 
    6.7276281950731054, 
    9.9450402462378715, 
    1.8975334602868443, 
    11.55190164334957, 
    8.8681686834419615, 
    11.111264730128665, 
    10.799359002990972, 
    8.9262742695311061, 
    12.000540144927886, 
    1.3765012188292272, 
    8.2068736618936882, 
    8.0829184911250067, 
    11.086137310301524, 
    9.4985591183905953, 
    5.8340177843765471, 
    13.587570773238477, 
    8.9145591409057481, 
    12.136718978633265, 
    8.6039607440329782, 
    11.172679806859096, 
    9.3483381578374072, 
    1.5879437731882564, 
    2.7702006343497136, 
    9.5334278934165333, 
    9.3700591364230128, 
    10.82811639685724, 
    12.511537866674461, 
    2.3439520009372097, 
    10.485023886113787, 
    0.69662578177294054, 
    13.068260826039232, 
    11.087052292976903, 
    1.3180521992798888, 
    11.807789659624213, 
    0.73165491098048208, 
    0.95680745312458648, 
    14.559030095014007, 
    9.4982391073276116, 
    9.571434154777501, 
    9.9860028877457658, 
    10.703243169168164, 
    8.5864565640864985, 
    4.0241567445751869, 
    11.273360434742562, 
    10.277893431127001, 
    0.8325376308580047, 
    1.3356254931779548, 
    4.5045782395585761, 
    1.0147875303506761, 
    9.1694849799997638, 
    0.5205616084324709, 
    8.5566947461274179, 
    9.7703271807257135, 
    11.790414548467867, 
    1.8256761328364002, 
    2.1087486416544063, 
    11.915371955168338, 
    6.3631907901715943, 
    2.5732958736469769, 
    1.7495738375018985, 
    11.711814870747187, 
    11.020961705545702, 
    9.6624022751363352, 
    1.2106589796799405, 
    1.0213887634544587, 
    11.785957588208515, 
    0.53131288817604405, 
    7.2220358347794038, 
    6.0389025812443275
  ], 
  "mae": 6.1880518132397029, 
  "pearsonr": [
    0.67468086668723481, 
    1.4025176741980125e-14
  ], 
  "variance": 122.87785314649413
}