{
  "noise": 8.616365029564797, 
  "log_likelihood": -3147.9231463884325, 
  "nlpd": -3.7036324574826183, 
  "rmse": 9.2091139099560912, 
  "lengthscale": [
    9.7113464092070299, 
    6.0480068209217972, 
    13.477847546864153, 
    0.80581601901719979, 
    12.629281485123467, 
    8.7213702830159168, 
    9.550818086256621, 
    11.315916834610121, 
    0.99143636096368659, 
    0.94903176644072385, 
    10.608350060531908, 
    3.7843035931674236, 
    5.1990797673207645, 
    7.499393866112924, 
    6.4200096675250986, 
    10.655826783881579, 
    11.387439980683737, 
    7.1004396021581204, 
    9.7029034073249658, 
    7.8573103081123294, 
    2.1424969228125987, 
    9.9370273727263587, 
    6.0674990627350258, 
    7.8242285606195665, 
    10.066197020102049, 
    12.86195201932448, 
    9.4157421294227124, 
    0.50592248610381685, 
    11.519998608066363, 
    0.34022668553131596, 
    0.46030295441142843, 
    2.7088890338629632, 
    2.0304148658440635, 
    10.149036701830168, 
    8.7196391605445367, 
    1.1985975852463948, 
    11.273242547448113, 
    4.0682273198901209, 
    5.7061973496821512, 
    12.482104328515399, 
    8.0038963102217586, 
    11.342240347682806, 
    11.998964611829869, 
    8.3923580871578096, 
    9.1759761185285971, 
    1.748711755169766, 
    0.67115198699841994, 
    1.3286540128367057, 
    10.413113915426466, 
    7.558460804032558, 
    4.985592058329444, 
    9.0725768638382966, 
    1.219472805954257, 
    9.3538519543555889, 
    1.4484078496800885, 
    7.813772441159319, 
    5.4447381260565999, 
    9.8688880569942228, 
    1.0817878686333127, 
    11.479556204157689, 
    0.4076011856325702, 
    12.371526202720315, 
    11.662937944152107, 
    1.3771887022772407, 
    10.963126909537346, 
    11.05279412475662, 
    1.466714646389504, 
    9.0546287889090689, 
    8.1089600137957802, 
    0.79330938335255974, 
    10.88822853267432, 
    0.4556369233330077, 
    10.329807088692986, 
    1.4351417890604476, 
    9.7923262308954939, 
    4.5799180304127027, 
    0.81532690811929709, 
    0.48403452423290705, 
    9.7292940160469357, 
    10.827513180816963, 
    2.4338293094793912, 
    1.0776212200502706, 
    6.1243810701879502, 
    5.587939471993506, 
    6.3466529280158834, 
    0.85866560256831459, 
    9.1456197336994283, 
    1.194935745422576, 
    8.1308533365586992, 
    9.4897530412735644, 
    9.519170841283989, 
    11.581473060444269, 
    5.380051367726197, 
    11.584660499937074, 
    0.81538623552744993, 
    9.0303350524993977, 
    0.80770384375505455, 
    6.8721945971361436, 
    12.257419969939328, 
    6.1320785653387038
  ], 
  "mae": 5.9832989321839838, 
  "pearsonr": [
    0.2560853574043564, 
    0.01012027792843872
  ], 
  "variance": 91.93781570742784
}