{
  "noise": 0.1480341816274957, 
  "log_likelihood": -989.4849900697787, 
  "nlpd": -634.64286719060374, 
  "rmse": 12.000788228585053, 
  "weight_variance": [
    31.196409820729418
  ], 
  "bias_variance": 10793.865408356663, 
  "mae": 9.3100958842325738, 
  "pearsonr": [
    0.80123236516319918, 
    1.3833304557368552e-23
  ], 
  "variance": 6.718834934619941
}