{
  "warp_d": 0.07335443478886003, 
  "noise": 0.032719135252546355, 
  "power": [
    0.0087465476392452942
  ], 
  "nlpd": -3.4834155092005257, 
  "rmse": 7.3843890017534779, 
  "lengthscale": [
    0.27787018517094836
  ], 
  "mae": 4.5187128979470037, 
  "pearsonr": [
    0.78002570225768131, 
    1.1414855505876041e-21
  ], 
  "variance": 13.076371828510611, 
  "warp_psi": [
    [
      2.4084982143643813e-05, 
      4.9235565653146818, 
      0.46215945904074285
    ], 
    [
      5.8186440644062595e-07, 
      7.8608388672216156, 
      0.45601001154479892
    ], 
    [
      2.760347885450383e-07, 
      2.4311138345998389, 
      3.0025969054279873
    ]
  ], 
  "log_likelihood": -3240.2204414887683
}