{
  "noise": 78.18664104568033, 
  "log_likelihood": -3688.0990533460827, 
  "nlpd": -4.0149302545296761, 
  "rmse": 13.397044423210229, 
  "lengthscale": [
    2.4010955040251263
  ], 
  "mae": 9.0322316978575632, 
  "pearsonr": [
    0.73279151504588713, 
    4.4750829078482311e-18
  ], 
  "variance": 339.12742814155934
}