{
  "log_likelihood": -4650.398434836905, 
  "nlpd": 4.047326672696598, 
  "rmse": 13.688039723820488, 
  "Mat52.variance": 349.9274233915418, 
  "Mat52.lengthscale": 2.3748877372780464, 
  "Gaussian_noise.variance": 91.46122939409274, 
  "mae": 10.143428592174187, 
  "pearsonr": [
    0.7550618711165088, 
    2.669888234643651e-24
  ]
}