{
  "noise": 0.07323791568770513, 
  "log_likelihood": -1019.1655211013205, 
  "nlpd": -609.13108963960292, 
  "rmse": 15.076518868046479, 
  "lengthscale": [
    1.9052786111666129
  ], 
  "mae": 11.300785288365294, 
  "pearsonr": [
    0.68509370425521054, 
    3.8032285859535012e-15
  ], 
  "variance": 0.9552603598418816
}