{
  "mixed_noise.Gaussian_noise_3.variance": 1.1704093478027823e-28, 
  "mixed_noise.Gaussian_noise_4.variance": 23.966332808054673, 
  "mixed_noise.Gaussian_noise_2.variance": 33.47124700854283, 
  "mixed_noise.Gaussian_noise_0.variance": 4.82995830892495, 
  "mixed_noise.Gaussian_noise_5.variance": 62.9110594256827, 
  "joy": {
    "mae": 19.432360557338747, 
    "nlpd": 2899209742.5105157, 
    "pearsonr": [
      0.18729359791551273, 
      0.60436727739567864
    ], 
    "rmse": 24.081422720689023
  }, 
  "ICM.B.kappa": [
    3.8354061722858024e-13, 
    2.9769300317032865, 
    18.418228514348378, 
    52.391196242568412, 
    17.893586860662996, 
    15.293721455374024
  ], 
  "ICM.sum.Mat52.lengthscale": 1.8360342149717173, 
  "ICM.sum.Mat52.variance": 21.7071936327385, 
  "sadness": {
    "mae": 18.347205829779409, 
    "nlpd": 5.0788648175247353, 
    "pearsonr": [
      0.52474582705055761, 
      0.11939985375417941
    ], 
    "rmse": 23.154845354184346
  }, 
  "mixed_noise.Gaussian_noise_1.variance": 21.45655382385166, 
  "disgust": {
    "mae": 17.056806553768595, 
    "nlpd": 5.4853938779387343, 
    "pearsonr": [
      0.13853976608010513, 
      0.70269421336674154
    ], 
    "rmse": 21.003706036880008
  }, 
  "ICM.B.W": [
    [
      -3.6744255852999506
    ], 
    [
      -2.8143602933141914
    ], 
    [
      -2.2353925709573774
    ], 
    [
      1.8912119526994886
    ], 
    [
      -3.5033392018046494
    ], 
    [
      0.41926186716265385
    ]
  ], 
  "anger": {
    "mae": 14.112286016782093, 
    "nlpd": 5.8245770596346054, 
    "pearsonr": [
      0.44991189919967506, 
      0.19200710343870417
    ], 
    "rmse": 17.017313616896583
  }, 
  "surprise": {
    "mae": 11.704712289768093, 
    "nlpd": 3.9883153820810775, 
    "pearsonr": [
      0.23585498875070687, 
      0.51182207965808502
    ], 
    "rmse": 12.632986994718081
  }, 
  "fear": {
    "mae": 16.023558996460913, 
    "nlpd": 4.8046406140829934, 
    "pearsonr": [
      0.43912477971611313, 
      0.20419788839213368
    ], 
    "rmse": 21.416426553235283
  }, 
  "ICM.sum.bias.variance": 19.545464831064177, 
  "log_likelihood": -2211.097036905347
}