{
  "noise": 0.04623931282895684, 
  "log_likelihood": -1073.1354915291336, 
  "nlpd": -153.23309855057857, 
  "rmse": 8.0089499445489096, 
  "lengthscale": [
    34.064994797137174, 
    1.2700153118500666, 
    26.782371457131582, 
    0.55756377046471095, 
    31.428207763364689, 
    34.869846381509177, 
    0.4414644921909795, 
    37.505390078198531, 
    1.2198923335448011, 
    0.53139351681230695, 
    19.396317835304135, 
    35.5449680802977, 
    42.088135470040619, 
    44.70850699080782, 
    31.230295002132493, 
    0.29678034102077, 
    34.619119084057843, 
    15.126927878300044, 
    37.557990670566639, 
    17.338228149743806, 
    31.644182746508427, 
    40.428462529643824, 
    37.301473363274944, 
    37.857247380119297, 
    24.180002340405192, 
    32.526492726580493, 
    0.67236268259396992, 
    0.68009770751630083, 
    36.166923865585119, 
    0.58096774411523933, 
    0.56215731026829252, 
    18.317353426124139, 
    34.675182074531911, 
    38.744390040958713, 
    44.859637451034004, 
    25.802817631630486, 
    0.60915302601496513, 
    7.501519974675956, 
    18.601327769427343, 
    24.349086335455844, 
    30.360772878811467, 
    39.622930218668522, 
    37.076887300052746, 
    24.144357508708911, 
    22.089225239356544, 
    27.546893694804787, 
    34.689643388736506, 
    0.87107268363093837, 
    31.504702310582786, 
    16.97324416147341, 
    29.429690268031031, 
    20.24105327212202, 
    8.0510040663572369, 
    41.662452456904497, 
    1.0951770893997288, 
    23.271287742171825, 
    37.649158287618043, 
    35.856326078854075, 
    23.726149773156351, 
    38.728730695982264, 
    19.33242809169025, 
    35.96702391239058, 
    23.693241679906286, 
    25.843250964072084, 
    36.041816458719303, 
    17.967571181143171, 
    1.5521873115183249, 
    25.470227843154234, 
    28.033175816215955, 
    4.6213213468708334, 
    23.20256090012667, 
    0.49316063834395174, 
    22.741357686459359, 
    2.248054727648138, 
    13.000183329290824, 
    43.715535146963447, 
    0.23581159705041449, 
    21.181024587547686, 
    37.49604722906286, 
    19.932791349752772, 
    1.4962269900898968, 
    0.46659820968433419, 
    44.476643936412934, 
    31.493111124639199, 
    42.586413659407825, 
    1.1035650579631082, 
    24.713131963571232, 
    15.803894723958175, 
    20.875625620109066, 
    37.499298416194875, 
    22.853137892433629, 
    41.292080383038481, 
    24.330649292794657, 
    29.675357045168948, 
    0.98373444272970001, 
    32.182354614627457, 
    0.69876442135993377, 
    1.0798968414610639, 
    35.196361718971644, 
    23.411961571611201
  ], 
  "mae": 5.3229578899431056, 
  "pearsonr": [
    0.68899141224504334, 
    2.3009884565060962e-15
  ], 
  "variance": 0.9477903006075963
}