{
  "noise": 21.99604286899083, 
  "power": [
    0.32242867368199768
  ], 
  "nlpd": -4.3021474677049563, 
  "rmse": 18.136003227049628, 
  "lengthscale": [
    0.84863450846866284
  ], 
  "mae": 14.168038743718302, 
  "pearsonr": [
    0.59896431752204271, 
    4.6178133358707245e-11
  ], 
  "variance": 796.983509205839, 
  "log_likelihood": -3856.8288510406555
}