{
  "warp_d": 5.394722330204811, 
  "noise": 8335.715598536532, 
  "log_likelihood": -3859.702685810005, 
  "nlpd": -4.1229767563802602, 
  "rmse": 18.921200139546599, 
  "mae": 15.288440889042672, 
  "pearsonr": [
    0.45557640286133916, 
    1.9099537407323576e-06
  ], 
  "variance": [
    1802.2086443230801
  ], 
  "warp_psi": [
    [
      1.5781647065933573, 
      14745.256394962422, 
      0.99997658890196583
    ], 
    [
      5.5626846462681369e-309, 
      3068.2647369241699, 
      -151.57178700299198
    ], 
    [
      5.5626846462681369e-309, 
      3.1258738841685619e-200, 
      -2098.846077447372
    ]
  ]
}