{
  "noise": 285.0608003253977, 
  "log_likelihood": -3870.7919185269266, 
  "nlpd": -4.2779559389795203, 
  "rmse": 17.459636043595925, 
  "mae": 13.513343095667153, 
  "pearsonr": [
    0.58128976364053775, 
    2.2804318471120531e-10
  ], 
  "variance": [
    30.369260442850816, 
    9.2258403918689424, 
    2.2270205058488929e-05, 
    74.681261779107516, 
    29.924188710045165, 
    15.525520919672836, 
    37.790753532866319, 
    0.00090736390551335539, 
    66.276219303252375, 
    9.5777563389143119e-05, 
    2.3852601703370219e-05, 
    108.61908537481847, 
    36.427910542752251, 
    2.755519836026285e-05, 
    4.4017180956307353e-06, 
    4.8005433333945033e-05, 
    0.00017183300435211712, 
    0.00011634149696576641, 
    34.755776395447079, 
    135.75269518545124, 
    11.189172021243916, 
    3.1842135693612275e-05, 
    154.73580841790192, 
    41.126232359087112, 
    6.93208395338534, 
    3.2250872702892749e-11, 
    3.6228360797456133e-05, 
    5.9864172596955208e-06, 
    1.540382981033284e-17, 
    51.963823287874732, 
    85.731986896984282, 
    15.220981037151057, 
    0.0001324773768694321, 
    2.8053219652774563e-05, 
    302.40925624978053, 
    1.6553952525763124e-13, 
    1.8479538885718645e-05, 
    64.832665364413145, 
    1.0801425400875149e-05, 
    10.540476622390992, 
    5.3127858874735555e-11, 
    80.848567127309124, 
    3.2851069071750863e-05, 
    3.5762086534276138e-05, 
    3.0493175974319353, 
    145.15059201735249, 
    1.9070311850453716e-05, 
    129.2421741109325, 
    110.28679335648523, 
    27.764288173475936, 
    2.8035945878948691e-05, 
    15.652246984837998, 
    3.5855751750993149e-05, 
    132.66165860337361, 
    3.4706673732490677e-26, 
    24.104826533147289, 
    3.8957067555646643, 
    3.1991847761550685, 
    1.6922518080683631e-05, 
    68.810603193011445, 
    3.1690838834234364e-07, 
    1.8002995278051338e-05, 
    2.6326903013017807e-05, 
    12.46328766182199, 
    258.52384766274321, 
    18.543423507734758, 
    2.5971282810856323e-05, 
    4.3668026760322761e-05, 
    5.5838000979200048e-05, 
    2.6872495087656892e-05, 
    2.3602332464909322e-06, 
    9.5196350643999287e-06, 
    2.8407017590269415e-05, 
    232.03372175985356, 
    28.749128550103077, 
    35.871154729412268, 
    35.076882897085845, 
    10.118474019924717, 
    2.4575706993617392e-05, 
    2.7307803115637691e-05, 
    184.76883383737604, 
    58.091459629670858, 
    2.3084815838369837e-05, 
    2.3613222430651964e-05, 
    6.1571830923826405e-05, 
    9.9338994130716444e-13, 
    4.1389255829372612e-05, 
    6.1232838943502266, 
    14.972585895923515, 
    1.4532377232075813e-05, 
    7.9267855305365655, 
    2.807420088930682e-05, 
    49.513102729505306, 
    57.819411483779632, 
    4.8673333927390554e-10, 
    39.489190526121348, 
    5.8198723900232886e-10, 
    146.52873817698318, 
    3.9607082877906525e-05, 
    148.82812209715831
  ]
}