{
  "noise": 107.34842256504386, 
  "log_likelihood": -3848.144859190194, 
  "nlpd": -4.2881658562669918, 
  "rmse": 17.546457577282865, 
  "lengthscale": [
    18.411662232829993, 
    2.4888998557974027, 
    1.5948672521752858, 
    1.4186505949493879, 
    1.9703120984596139, 
    0.99458896028130639, 
    21.15250603404251, 
    22.302413748141415, 
    0.96582830787665841, 
    1.2496784852893443, 
    25.707090981375512, 
    1.3203700756301533, 
    13.815476195792296, 
    21.722063767309205, 
    19.460569097732616, 
    2.5323363934195036, 
    0.82181255171502288, 
    30.647066771072396, 
    22.108426286759119, 
    21.095551146512328, 
    47.248338083811618, 
    2.0237837223188908, 
    9.5133982739699228, 
    20.325363978430197, 
    26.560198378454999, 
    21.766721477616429, 
    29.379038666541227, 
    21.4628746525309, 
    7.6286137099239388, 
    71.858134085371177, 
    1.4900034292492743, 
    12.850241804413484, 
    1.3777938051452219, 
    6.3281339228843603, 
    6.4774888845824918, 
    50.747847640997556, 
    27.662903995983925, 
    19.433255376320005, 
    2.5125385203312827, 
    31.018325650588832, 
    1.1105470321178179, 
    21.366199793970036, 
    1.7066250394857307, 
    23.259079174297121, 
    53.398424716396654, 
    23.298825592187505, 
    19.652756031884472, 
    21.397026587047492, 
    13.356338109617393, 
    21.979810564765526, 
    0.9582991912889498, 
    16.063244887137088, 
    19.090432391828642, 
    21.632989146152411, 
    22.385780090744241, 
    30.928189149046482, 
    47.236948262395707, 
    1.3420262422958897, 
    25.317023538601038, 
    1.8609957664090115, 
    9.7076245201768945, 
    15.424036143214192, 
    20.132561937944537, 
    11.564800836756289, 
    21.718856821858658, 
    19.456138942976864, 
    34.687706168134241, 
    61.985753415756186, 
    16.772504229448117, 
    0.69522897672385642, 
    1.5216229084746582, 
    1.030296302097971, 
    30.502974714177736, 
    17.680602078750621, 
    16.758742512906878, 
    18.85874717502567, 
    0.87820092621643719, 
    17.679853976118448, 
    40.946732199494875, 
    0.67125239325192654, 
    1.1890911180826296, 
    1.2627393440596102, 
    10.044725844589507, 
    20.825753413138791, 
    22.991056652362875, 
    8.0542117536280546, 
    1.2025197695432106, 
    2.998211752499413, 
    0.80097830672186465, 
    17.220242576972346, 
    13.62668165774032, 
    5.2084497427697416, 
    22.870387735545119, 
    19.83410200812861, 
    0.86945888309399133, 
    1.3694846731566523, 
    23.858053302569537, 
    19.291932870684324, 
    19.645141502565757, 
    2.9374205999273424
  ], 
  "mae": 13.475231715152209, 
  "pearsonr": [
    0.54447422047674987, 
    4.7518389293092682e-09
  ], 
  "variance": 378.44903613283515
}