{
  "regularization": 100.0, 
  "rmse": 16.730447566665273, 
  "epsilon": 1.0, 
  "mae": 12.42149218987629, 
  "pearsonr": [
    0.66860725323589676, 
    1.5944430884724124e-17
  ], 
  "gamma": 0.10000000000000001
}