{
  "regularization": 100.0, 
  "rmse": 17.681102386215855, 
  "epsilon": 10.0, 
  "mae": 14.417687993129567, 
  "pearsonr": [
    0.58554899005160976, 
    7.3750992657060052e-13
  ], 
  "gamma": 0.10000000000000001
}