{
  "log_likelihood": -4883.488029717353, 
  "nlpd": 4.2887047416450548, 
  "rmse": 17.590808924525163, 
  "Gaussian_noise.variance": 298.4338653850517, 
  "mae": 12.872443724997192, 
  "pearsonr": [
    0.61131108936266332, 
    3.6835374495797486e-14
  ], 
  "linear.variances": 28.804782277053103
}