{
  "noise": 0.06435042040491928, 
  "power": [
    0.021692962313815352
  ], 
  "nlpd": -1229.384802728478, 
  "rmse": 17.523214283907702, 
  "lengthscale": [
    0.52724418701986298, 
    1.2213338458135494, 
    0.79207209615570284, 
    12.708302928013516, 
    1.312394144877262, 
    6.7633762872872794, 
    0.30634247736500669, 
    13.017184462493498, 
    1.062129528455577, 
    11.508383913301193, 
    4.3123406305064567, 
    1.2914193686904352, 
    6.170696378924319, 
    14.182173891803147, 
    8.7752590347607828, 
    8.0265096758224193, 
    8.3457082467247794, 
    13.262309479703198, 
    0.33416486516069366, 
    0.78033514734275466, 
    10.401039559334732, 
    10.559367679178694, 
    0.47143162423140217, 
    9.1734538508382872, 
    10.707852817791549, 
    12.873394593761637, 
    0.85729134964933773, 
    1.9416155915762616, 
    1.2489397586409134, 
    0.56325548026440087, 
    0.62159625794380124, 
    13.635246361669266, 
    11.514905672973635, 
    13.609060535516155, 
    0.77056809025649686, 
    0.82962422855930285, 
    3.8908069231662177, 
    11.802552848326613, 
    8.4310722019558355, 
    5.4811373776876273, 
    12.698905597474443, 
    0.33144069520012348, 
    5.1507857329121043, 
    1.1626463220680128, 
    10.887616206248159, 
    0.54027627030209369, 
    0.40804679707755298, 
    0.84295543121010774, 
    0.3911182968088564, 
    0.70011620384301987, 
    10.137838088214135, 
    8.8921863818347777, 
    11.667708994929326, 
    14.252366693458361, 
    7.8128503717574711, 
    14.960025889483335, 
    7.2866926918931947, 
    14.79607974343139, 
    13.759244538059503, 
    0.81855777426068665, 
    8.8833693329442909, 
    0.5471705641496637, 
    11.898090423079784, 
    0.48777367681530431, 
    0.66222257506775706, 
    11.394159194760453, 
    4.1475720232894906, 
    5.7553944659089087, 
    10.923604477388038, 
    5.6657560233332092, 
    7.2472837993510826, 
    10.287213086624208, 
    5.0562154977486209, 
    0.73436701613956346, 
    1.2974024763454706, 
    0.44618273226546079, 
    6.9534816362643745, 
    5.1124585804282496, 
    9.0300796658219262, 
    9.5545799692074134, 
    0.69267705678227942, 
    0.84591964794922281, 
    10.786165627678894, 
    8.4109872636600933, 
    0.52142092420522568, 
    0.65684298116149009, 
    14.39392464753816, 
    0.28803766190327856, 
    1.0632577320778069, 
    1.2612912422447176, 
    0.23479980367481848, 
    3.4441702751115777, 
    10.298304107100583, 
    1.4831714951594788, 
    4.9305384525854459, 
    2.6087584812833358, 
    0.29649897737140385, 
    1.6584005057629125, 
    9.4999123291312344, 
    0.53879815398561448
  ], 
  "mae": 13.487513744696777, 
  "pearsonr": [
    0.74913176051544061, 
    3.1511560365508564e-19
  ], 
  "variance": 19.246989537828973, 
  "log_likelihood": -989.1172486899917
}