{
  "noise": 35.58458773406189, 
  "log_likelihood": -3226.0305997191936, 
  "nlpd": -3.7738995472987682, 
  "rmse": 9.9252807436359927, 
  "weight_variance": [
    2727567.9913816433
  ], 
  "bias_variance": 3106322.200569068, 
  "mae": 6.5633400987460906, 
  "pearsonr": [
    0.5302852876374945, 
    1.3929996976872039e-08
  ], 
  "variance": 124.53942446529688
}