{
  "warp_d": 0.139098179557124, 
  "noise": 0.4675075800161762, 
  "log_likelihood": -3864.4507478968944, 
  "nlpd": -4.3185645750494448, 
  "rmse": 18.018982420166584, 
  "lengthscale": [
    2.2604524935869987
  ], 
  "mae": 14.2266098965836, 
  "pearsonr": [
    0.52193544466413067, 
    2.5640942986466114e-08
  ], 
  "variance": 12.475445075038781, 
  "warp_psi": [
    [
      5.4964598452578373e-08, 
      0.4811343619172227, 
      -6.722786716746179
    ], 
    [
      2.7151828455045342e-07, 
      1.8072096172881265, 
      2.5721901849760074
    ], 
    [
      1.5398313223846836e-06, 
      0.3034028526354835, 
      8.0458187963754604
    ]
  ]
}