{
  "noise": 175.14753289294228, 
  "log_likelihood": -3829.138506574487, 
  "nlpd": -4.2841943670568581, 
  "rmse": 17.496972466623092, 
  "lengthscale": [
    2.2777274446940776, 
    6.1093350947206577, 
    1.713223597726794, 
    15.069617859631567, 
    2.8807617192399895, 
    4.8228856506576552, 
    0.83879650544679918, 
    13.348198145002957, 
    1.5010728408426608, 
    8.8373887288470527, 
    2.3773374088011368, 
    2.0933782634269136, 
    5.4383218594261651, 
    15.915042442135956, 
    6.5708940760897647, 
    14.492937304691642, 
    2.3768532236379505, 
    13.834205943452236, 
    1.0264842383242003, 
    5.7418419592082763, 
    14.691536370923671, 
    8.7529068377095776, 
    30.351325723324795, 
    4.9215145341950626, 
    15.629934149922493, 
    14.490246548490157, 
    1.8575581913642665, 
    4.1047107230765567, 
    2.2921611820477921, 
    13.704157438591574, 
    1.1913627836944563, 
    10.865554937604834, 
    9.0790467040961875, 
    13.455490332409628, 
    1.8267606132933953, 
    1.1106072423783706, 
    5.6947617961967136, 
    11.103582744079567, 
    2.257264241625077, 
    7.0202423140604688, 
    11.661171672268928, 
    1.0646260119372326, 
    11.738846510325521, 
    5.8848471967845883, 
    5.5111790635034197, 
    1.4304450753472788, 
    17.349129577855756, 
    2.2753482302094241, 
    1.5698441423468441, 
    1.8217098615623384, 
    14.027113034473565, 
    11.163697666509936, 
    10.552174373367176, 
    18.173807031994269, 
    5.1598487676328464, 
    10.837417210963194, 
    12.301874251731785, 
    15.103853398488383, 
    17.863329096147865, 
    2.8507628807960388, 
    2.3941534516693235, 
    1.3998615742297014, 
    4.3982590736086138, 
    1.3423750100054894, 
    23.767547402332301, 
    13.942957659657083, 
    15.689435973133735, 
    2.287338525353154, 
    12.954583729373548, 
    1.4129210162641896, 
    5.4022797986295972, 
    3.5807180797349396, 
    10.12801108425815, 
    1.6575725141910984, 
    1.9697296973569438, 
    0.95589826574763148, 
    2.2362639126010149, 
    4.172477118637782, 
    10.22116257521132, 
    12.097179877422892, 
    1.5828369063212169, 
    1.4159205340979184, 
    11.381058696282398, 
    12.953052669850162, 
    1.1950641655383705, 
    1.18582897602007, 
    11.740324977372238, 
    0.91334365291821251, 
    44.758916199759483, 
    2.029676686595737, 
    0.61095737008301665, 
    2.0633425198041784, 
    7.5037269382525258, 
    7.940488588504385, 
    1.7391217371602603, 
    1.5120839374212898, 
    75.240226668339474, 
    3.1069322339761758, 
    10.349045464428054, 
    1.3958453430479696
  ], 
  "mae": 12.742712453593308, 
  "pearsonr": [
    0.77008703071116347, 
    7.6576202949783677e-21
  ], 
  "variance": 224.9513190912139
}