{
  "warp_d": 0.898394332822326, 
  "noise": 34.8024855683289, 
  "log_likelihood": -3367.6405868586276, 
  "nlpd": -3.9203375227887203, 
  "rmse": 11.745621862999418, 
  "weight_variance": [
    8.9205816515171837e-08, 
    1.2077356969621766e-08, 
    1.0104315247366723e-09, 
    1.9823473785013145e-08, 
    2.4143224422514655, 
    4.3870127411430772e-11, 
    34.288931630727959, 
    4.3622643421041154, 
    1.3820650422280278e-10, 
    57.144308130127307, 
    0.00023108265192428609, 
    3.1921392354387802e-10, 
    1.5538618996978558e-07, 
    8.3677332257017891, 
    52.026250876685644, 
    57.905691755328263, 
    2.8735907280443116, 
    1.0680373471599733e-07, 
    70.234416382449069, 
    9.8193732771794178, 
    78.034921408690678, 
    3.8455843822122289e-10, 
    1.197341074207011e-10, 
    0.0099214043034944917, 
    1.0525039482734153e-05, 
    6.6519282285038832e-11, 
    60.920461985116944, 
    2.6895917403880609e-07, 
    0.0011487596473688457, 
    19.179739961576793, 
    11.989128499182232, 
    51.100195455398222, 
    0.0063482650429122437, 
    3.9785058837338994e-06, 
    9.6442771941388628e-06, 
    4.7631151561433902e-07, 
    2.6927098272783617e-09, 
    6.2321871728410632e-11, 
    9.5862664999405141, 
    2.8603800916570274e-07, 
    8.2952495445816421, 
    6.8116409607047465e-07, 
    1.5823724094011951, 
    0.00012658936555244495, 
    0.0027392354008936534, 
    5.0755907153972495e-11, 
    1.6929893325342965e-11, 
    9.7143617614260286e-08, 
    2.0825764872848517e-10, 
    4.5653163453722101, 
    4.4091425934078109e-07, 
    3.0523675520219474e-07, 
    13.864768639860131, 
    7.9066238678518843, 
    3.4843683193239868e-10, 
    75.186138527110643, 
    1.9701060759290179e-08, 
    1.5672619494774088e-09, 
    9.5061165480184542, 
    4.3868490409089605e-09, 
    3.6988773612329672e-05, 
    1.0562246313801164e-06, 
    6.1628251060235747e-09, 
    8.8426336836846281e-06, 
    2.4920212948112419e-10, 
    0.17961422999625565, 
    27.993144678072564, 
    6.245114308384644e-06, 
    9.9932174298054437e-09, 
    6.6069780357636473e-06, 
    4.1254994681474616e-07, 
    2.8151812922738412e-10, 
    26.629991093925074, 
    5.4318602211398463, 
    1.6215078278825288e-08, 
    5.4620223533528658e-05, 
    7.4313836115560096e-08, 
    2.5323473643401115, 
    2.0524034866667171, 
    44.562653223755767, 
    7.0445694840346402e-11, 
    42.150424951900831, 
    2.764161683260173, 
    3.6343225768770065e-10, 
    7.8580604640550274e-06, 
    0.02040493899636105, 
    6.9346039082143241e-11, 
    2.9721980500730838e-09, 
    5.2518141635750064, 
    42.685856188530764, 
    9.0487149926468966, 
    1.1179245194748979e-07, 
    8.7084286881994532e-07, 
    1.3241876913451487e-10, 
    14.663914610905984, 
    4.9518387845227229e-07, 
    9.557253901479645e-11, 
    39.651682062949135, 
    16.510298103261036, 
    1.7570676737362584e-07
  ], 
  "bias_variance": 241.02817710052432, 
  "mae": 8.6403704869884397, 
  "pearsonr": [
    0.58347892874405727, 
    1.8808749576490051e-10
  ], 
  "variance": 491.85214453128947, 
  "warp_psi": [
    [
      1.0561485740532237e-134, 
      3.4380107779228144, 
      -79.544704248867674
    ], 
    [
      2.6612777430322936e-248, 
      0.0003611682240331927, 
      -55.172333681015502
    ], 
    [
      6.1844431051210524e-263, 
      3.5487887236913263e-22, 
      -75.585586475039889
    ]
  ]
}