{
  "regularization": 10.0, 
  "rmse": 11.536916700909426, 
  "epsilon": 10.0, 
  "mae": 9.2578683349907198, 
  "pearsonr": [
    0.36445542578484574, 
    2.9350866810415131e-05
  ], 
  "gamma": 0.10000000000000001
}