{
  "noise": 204.1607434645607, 
  "log_likelihood": -3715.067441502718, 
  "nlpd": -4.0431061795445942, 
  "rmse": 13.725036186300557, 
  "mae": 10.664581324775979, 
  "pearsonr": [
    0.73470691511496067, 
    3.3122756486740226e-18
  ], 
  "variance": [
    0.00023042957069321687, 
    0.00012508396293701537, 
    12.754219695669926, 
    17.481837268265519, 
    8.6382133976792633e-05, 
    0.00078548101087905968, 
    11.84493207920432, 
    28.83643851512382, 
    7.2872553771607241e-05, 
    151.17281702036334, 
    7.739608420969773e-05, 
    0.00015092836228622003, 
    17.30137048757814, 
    1.1078687818009645, 
    0.00010355596074188399, 
    7.0565199308914126e-05, 
    21.955072383479557, 
    9.7274406469449577, 
    17.737113536762894, 
    5.7482649294907522e-05, 
    0.91396705945123125, 
    0.00034567539950317635, 
    37.731793744335462, 
    0.000162003650616726, 
    3.8554439710157618, 
    107.39878873568608, 
    7.4483909473562875, 
    41.181005184350276, 
    5.4017116097713896e-05, 
    59.13500153750681, 
    12.257085784329128, 
    7.2097696544502995e-05, 
    9.8952157113689582e-05, 
    8.8641789831348769e-05, 
    22.057992761752402, 
    79.552000849022576, 
    0.00039776695142921284, 
    132.42710319168006, 
    13.43270749866501, 
    23.556080630379757, 
    3.1533630356008371, 
    9.3874155041139096e-05, 
    12.269393892659332, 
    2.724203336594921, 
    68.563044283925478, 
    7.8283372742329673e-05, 
    61.616379233802803, 
    0.00015802686865798286, 
    0.0022231712221549645, 
    0.00020352622931093048, 
    1.852360383328052, 
    5.9505356961290543, 
    7.6125469608411748e-05, 
    6.1495549802838596, 
    19.25603411325346, 
    4.4822304895374954, 
    24.919624167459933, 
    6.3985531071162135e-05, 
    4.1965901552832838e-05, 
    13.514274902649834, 
    5.0829261734150348, 
    44.490251439021051, 
    7.3074328311326908e-05, 
    0.0055722901873062006, 
    7.7515070079728823e-05, 
    50.667905047218333, 
    53.366216029249692, 
    0.00011779521859293534, 
    0.00026808839359148112, 
    22.537353162485743, 
    5.0145559452939841, 
    36.905436788452846, 
    8.2941357854466306e-05, 
    18.872810140427845, 
    6.1583643374707826, 
    0.00011116210094285441, 
    45.908830331653583, 
    0.00011249245465413492, 
    9.7762293720898477, 
    14.728612523955944, 
    80.708707138060404, 
    86.694010984677433, 
    113.31720378645404, 
    7.4781740860347599e-05, 
    6.1085161209550418e-05, 
    9.1348767232064291e-05, 
    5.9288606112740396, 
    1.7372359467759924, 
    0.00049689404470984759, 
    9.2683837818392957e-05, 
    7.0462444346889501e-05, 
    9.1600533819247776, 
    7.556936902535359e-05, 
    8.6524678580536556e-05, 
    18.854416382014652, 
    9.4882915979201726e-05, 
    6.4859612523646465e-05, 
    0.00013252916937517032, 
    6.3960601863423551e-05, 
    33.781833514391003
  ]
}