{
  "warp_d": 2.6069236930131665, 
  "noise": 269.2879880119074, 
  "log_likelihood": -3850.6396174221427, 
  "nlpd": -4.1152435805830931, 
  "rmse": 15.196149774277156, 
  "weight_variance": [
    104.79621705102878
  ], 
  "bias_variance": 10531.65937279126, 
  "mae": 12.111366385777064, 
  "pearsonr": [
    0.61003850985791108, 
    1.6138243008846944e-11
  ], 
  "variance": 17305.70917159928, 
  "warp_psi": [
    [
      5.5626846462681369e-309, 
      1.7747914365595027e-94, 
      -264.72656166059994
    ], 
    [
      5.5626846462681369e-309, 
      1.987243378751432e-153, 
      376.66745340042667
    ], 
    [
      5.5626846462681369e-309, 
      6.9757259441655736e-182, 
      216.68012644527539
    ]
  ]
}