{
  "warp_d": 0.1767792029130269, 
  "noise": 10.109583848483888, 
  "log_likelihood": -3953.762993926017, 
  "nlpd": -4.3175256209225594, 
  "rmse": 18.158840235814207, 
  "mae": 13.578596476231294, 
  "pearsonr": [
    0.53434700151194103, 
    1.0290545250666002e-08
  ], 
  "variance": [
    1.0647723709392143
  ], 
  "warp_psi": [
    [
      9.3212568743188404e-07, 
      3.8937685680219603, 
      2.8104968469621245
    ], 
    [
      5.9168173568362802e-07, 
      0.64307530794340784, 
      1.1549843496755174
    ], 
    [
      6.9702944920480405e-07, 
      1.5099801481506259, 
      -0.83308789300546593
    ]
  ]
}