{
  "noise": 16.830552690786547, 
  "log_likelihood": -3884.309861095874, 
  "nlpd": -4.107880100594369, 
  "rmse": 13.822554044015174, 
  "lengthscale": [
    2.0370550954838524
  ], 
  "mae": 11.569019274099697, 
  "pearsonr": [
    0.67154058565902008, 
    2.0575086452993593e-14
  ], 
  "variance": 608.76701183436
}