{
  "pearsonr": [
    0.66438282599968745, 
    2.9914661724971482e-17
  ], 
  "nlpd": 4.2310451522305454, 
  "rmse": 17.249322392401773, 
  "Mat32.lengthscale": 2.1152315633775918, 
  "Gaussian_noise.variance": 43.55897506904266, 
  "mae": 13.721908757236658, 
  "Mat32.variance": 598.687359506947, 
  "log_likelihood": -4862.663721319031
}