{
  "noise": 0.11789212937728477, 
  "power": [
    0.041598219981014373
  ], 
  "nlpd": -299.44744165472059, 
  "rmse": 11.80205618796318, 
  "lengthscale": [
    7.1253175656769381, 
    8.720259151602308, 
    1.0512120172204082, 
    8.9203574583913543, 
    8.4455306051578862, 
    1.7655592794448485, 
    0.34571390436443294, 
    0.58581238383724865, 
    9.5961705679752853, 
    0.52648517161477137, 
    8.5181982535651883, 
    8.9817800412833648, 
    0.29827371281471177, 
    5.0546806044373902, 
    0.4224107787434988, 
    2.6490323614545543, 
    0.65867367033256508, 
    10.530320482649524, 
    0.24239936029386799, 
    1.0145665549843652, 
    0.28244565381160558, 
    4.2106169821499719, 
    7.9748446269724855, 
    4.6268985429568614, 
    9.5567814404192539, 
    7.6423264243576892, 
    6.4190009425224677, 
    0.71620619523369933, 
    8.3167456447951, 
    0.37366508301670098, 
    0.872085989982464, 
    0.31627639893323389, 
    6.3262461039879998, 
    7.5687121520646885, 
    7.8255479349171395, 
    5.6204272047575188, 
    7.6641225904301775, 
    5.3490124279211795, 
    9.8872309355309849, 
    7.8506232472756592, 
    0.60551796191683538, 
    7.0647070219740593, 
    10.619438983587937, 
    8.0050326007885353, 
    9.8179075863040666, 
    0.98079707421825801, 
    10.591760864934379, 
    0.4849314519893792, 
    1.2260583233151456, 
    7.3568356879443266, 
    14.472989212079908, 
    9.2752540010546589, 
    0.78869589343409641, 
    2.6446237609724537, 
    7.1972332713492451, 
    4.7555808268483819, 
    1.6746221657898348, 
    12.245279275915308, 
    6.4450867250729864, 
    7.6020994711787928, 
    0.15752553330469898, 
    8.9922928267336282, 
    6.5748823949036961, 
    5.5041928038649095, 
    8.6376043644210387, 
    4.5731088129302524, 
    0.72066291799899362, 
    8.8636191810009031, 
    6.9275009026390748, 
    0.49101153932021813, 
    3.8628386461664932, 
    7.2838570171506767, 
    8.5923950319118347, 
    0.71561742027956698, 
    2.1662453056090483, 
    7.5714907074545374, 
    0.33499092683854748, 
    1.0685649671556243, 
    1.0628891582467621, 
    0.39294725460215268, 
    8.9246952682496552, 
    0.21526846488453727, 
    8.3241752900307517, 
    6.5314918349370163, 
    4.4928176325956777, 
    0.23470834827481674, 
    6.7132887426239778, 
    11.010954946176543, 
    10.19427485990745, 
    0.68728720234126872, 
    1.8287811727672887, 
    11.338568412984225, 
    1.6525422531899174, 
    6.1731561163231179, 
    0.73523892693803716, 
    0.72048321209409305, 
    8.5872942747508336, 
    0.22965602916014405, 
    10.275453163874374, 
    0.4516072183910152
  ], 
  "mae": 7.2327087664724026, 
  "pearsonr": [
    0.63238942897642736, 
    1.699486268948393e-12
  ], 
  "variance": 7.419512710167047, 
  "log_likelihood": -1005.952799097398
}