{
  "noise": 134.5055403139873, 
  "power": [
    18.44040375465779
  ], 
  "nlpd": -4.1563983426331408, 
  "rmse": 15.732638478101164, 
  "lengthscale": [
    32.543453283606617, 
    9.2432821408995913, 
    77.492456200195377, 
    40.96060976407697, 
    40.07293793507317, 
    24.49499950746786, 
    2.5058126887379664, 
    56.562046704434763, 
    9.1280003384632717, 
    24.654602300242399, 
    19.830980396763351, 
    7.4601084427598465, 
    12.65115894981319, 
    34.759689530406433, 
    53.249748171534414, 
    27.135208725186196, 
    33.031648430590955, 
    46.63950260788679, 
    5.5292067318016755, 
    4.2010572753334285, 
    29.213396657201372, 
    52.94951558169636, 
    4.0577497886837026, 
    87.22496794562224, 
    35.982018305832291, 
    40.006034410570855, 
    37.869104893093677, 
    60.089147839039278, 
    18.342121083953824, 
    4.5004009810722225, 
    6.3762461268591437, 
    59.216484943164176, 
    40.322862997738994, 
    60.390815434795215, 
    5.7666009186965379, 
    4.4273688199357295, 
    29.052655051380917, 
    46.740817114356659, 
    75.973118422176583, 
    98.537345953738466, 
    101.66967704426381, 
    4.9395428609113345, 
    27.071183735047256, 
    65.25079998772874, 
    23.447912011071008, 
    5.3250009088834753, 
    39.319056570895491, 
    9.5971946676405153, 
    3.4676823403663466, 
    7.6623910682568521, 
    45.417494522794478, 
    19.909987494894114, 
    75.458935418465941, 
    29.424215025194677, 
    26.304482213228663, 
    34.94844487901819, 
    44.541954789064391, 
    26.481417763234802, 
    30.820518609489888, 
    27.430651624597179, 
    85.753589455334989, 
    85.344315501867484, 
    70.459013671700376, 
    5.8809428003229547, 
    4.5014192613930071, 
    11.574654311853475, 
    39.459826662423708, 
    32.297914310868173, 
    54.667530114182547, 
    45.11085872869689, 
    41.422385051599484, 
    43.668310882481677, 
    40.543727399257833, 
    6.6395908112998931, 
    7.1155655437961629, 
    3.2416470924917955, 
    59.152666674766564, 
    8.7789768329092492, 
    32.716715627528721, 
    45.049206865381144, 
    8.925543053895403, 
    43.770554663676357, 
    70.473669320794784, 
    56.827049480827931, 
    8.1186980723266071, 
    5.0339163330217707, 
    67.504442469046836, 
    4.013596366985027, 
    3.7276450757224051, 
    88.527868556217669, 
    2.8354689141066309, 
    10.511542832574882, 
    94.058045188282506, 
    10.572273856648666, 
    5.3278855650429371, 
    8.4020928588981612, 
    5.8507667897824174, 
    9.9876794917542853, 
    59.21322791820333, 
    4.3714190625449403
  ], 
  "mae": 11.722078848131886, 
  "pearsonr": [
    0.74933394970289646, 
    3.0454988592129353e-19
  ], 
  "variance": 424.48773713916523, 
  "log_likelihood": -3803.228459781012
}