{
  "noise": 0.09248691596382243, 
  "power": [
    0.3900764904712466
  ], 
  "nlpd": -631.83960721962148, 
  "rmse": 11.457780908241066, 
  "lengthscale": [
    1.0590331361175584
  ], 
  "mae": 8.8735520597272153, 
  "pearsonr": [
    0.81825396355382107, 
    2.6734239444414997e-25
  ], 
  "variance": 1.2299944875031557, 
  "log_likelihood": -978.5501916683447
}