{
  "noise": 0.078921834460281, 
  "log_likelihood": -1040.7999948102931, 
  "nlpd": -967.16274562293393, 
  "rmse": 14.120038955612246, 
  "lengthscale": [
    1.8029055777693137
  ], 
  "mae": 10.756302443127975, 
  "pearsonr": [
    0.79883754283521113, 
    2.337416397831047e-23
  ], 
  "variance": 0.9195666641648033
}