{
  "noise": 0.7084543755670291, 
  "log_likelihood": -1157.7149682587892, 
  "nlpd": -421.70535275938818, 
  "rmse": 13.248981842122312, 
  "mae": 10.916257592613636, 
  "pearsonr": [
    0.44903832215487094, 
    2.786222789656678e-06
  ], 
  "variance": [
    0.2137275058535896, 
    0.01148410755080093, 
    0.17814523725823375, 
    0.037739045917061891, 
    0.09775013272692594, 
    2.3633783565780055e-06, 
    0.00042855442196684107, 
    0.27715567712895472, 
    2.4155577703014752e-06, 
    2.7120899059400371e-06, 
    0.10384699699624299, 
    3.6892058406165195e-06, 
    3.1092155614448564e-06, 
    4.5723264498809041e-06, 
    0.28606721519096578, 
    5.8231326657268538e-06, 
    2.8510709373536138e-06, 
    0.0010335495297177366, 
    0.00049603774970711449, 
    3.9788076505345324e-06, 
    7.9736363740315073e-05, 
    0.00018309999362430289, 
    0.21434158437148226, 
    2.6693638783840924e-06, 
    2.7821999942018354e-05, 
    2.9046292946078536e-06, 
    3.7203786089847007e-05, 
    2.7765997815484507e-05, 
    1.8986207550091506e-06, 
    0.090910227048096995, 
    3.2960411112722901e-05, 
    0.012137031575828367, 
    0.086827777953289872, 
    0.24467385075402678, 
    6.452436174228053e-06, 
    3.0084178123620415e-06, 
    0.038619932000037618, 
    4.1534527867689371e-06, 
    0.10858088890265373, 
    4.3290041757647259e-06, 
    0.077572082187386177, 
    4.646369120054254e-06, 
    1.9015891827914806e-06, 
    1.3607264782428007e-05, 
    0.051551079003789448, 
    5.2286394007614284e-06, 
    1.8437763752246613e-06, 
    4.485854355443322e-06, 
    2.3980130069506642e-06, 
    3.2242476304052381e-06, 
    0.0010596264248730251, 
    5.5956957133657798e-06, 
    0.076854768097078793, 
    3.6832397912999015e-06, 
    3.5849962590506133e-06, 
    4.7249061473466129e-07, 
    0.10760573903448473, 
    4.4243600136072818e-05, 
    0.06605183872036996, 
    0.016576067011959163, 
    4.6246859340268199e-05, 
    9.0551088854861315e-06, 
    0.13948380576294042, 
    1.4615728826954937e-05, 
    4.6100127191842059e-06, 
    5.4529261130559458e-06, 
    0.23250306426710457, 
    0.38776294581575621, 
    1.3654022723876625e-05, 
    4.2726129644385416e-06, 
    0.49778589463372958, 
    3.6092259745083994e-06, 
    0.001025116238715863, 
    0.059527020302483198, 
    3.8725553428125409e-06, 
    2.5904025305544191e-05, 
    2.8964827332728311e-06, 
    0.11268783651650977, 
    3.1186991717095243e-06, 
    5.6529623294884178e-05, 
    0.091574135887671076, 
    0.14691153534242582, 
    0.017468335710991975, 
    4.8804580349499518e-06, 
    3.0848312934348289e-05, 
    0.045034893300760243, 
    0.022993155167037985, 
    3.683754674835304e-05, 
    0.026483602973838706, 
    0.00010063552365161154, 
    1.7110541228352609e-05, 
    0.029579061966307486, 
    0.20478653450094778, 
    3.4350366716470335e-06, 
    2.0588874296173802e-06, 
    2.8718728352705288e-05, 
    0.32136007877598055, 
    0.1719960748541623, 
    9.2126891873951745e-06, 
    0.00013787946975094456
  ]
}