{
  "regularization": 1.0, 
  "rmse": 16.602753505463006, 
  "epsilon": 0.10000000000000001, 
  "mae": 10.856536158938736, 
  "pearsonr": [
    0.6517117799442218, 
    2.0856618940153996e-13
  ], 
  "gamma": 0.10000000000000001
}