{
  "noise": 209.13516980951246, 
  "log_likelihood": -3842.067847339295, 
  "nlpd": -4.42237145393461, 
  "rmse": 19.509825242209079, 
  "lengthscale": [
    3.4134795375118516, 
    14.445265489839842, 
    19.767929850353674, 
    2.5693588445997553, 
    1.8774949507100902, 
    2.1026219653598721, 
    17.844452062946967, 
    22.00923782780637, 
    3.7504947836935667, 
    2.450849108989571, 
    15.833760807561708, 
    10.699799156903966, 
    11.817354065316074, 
    16.943511020866758, 
    42.51924371767398, 
    15.325451923107293, 
    2.0323236883818132, 
    14.194200093924312, 
    20.956103848007338, 
    16.917366885776151, 
    2.2694165911809954, 
    23.868615079742487, 
    18.236187786653407, 
    17.922778357528141, 
    15.996117353909508, 
    18.122688806679609, 
    18.086616536768421, 
    14.950701064500185, 
    3.0593763020342473, 
    1.5801237514304676, 
    2.0242766899328584, 
    9.3934497906602097, 
    14.367811667643013, 
    1.3912404699382821, 
    7.2590404417325249, 
    1.6088426377656651, 
    2.5962017108216009, 
    16.025570570545788, 
    2.883017194527516, 
    12.490320925235872, 
    0.87632793813433274, 
    18.085337848737613, 
    2.1788805498028947, 
    17.773607745533567, 
    12.47124706055645, 
    15.11960127773439, 
    17.882109402036313, 
    17.308604972271564, 
    3.1611603269065589, 
    17.933960952676351, 
    0.81561099005157922, 
    1.5305995232534539, 
    26.266844833674487, 
    16.592527407970696, 
    12.332373569504213, 
    31.255003428432577, 
    15.632885660832109, 
    1.1552195151982989, 
    20.553581251923447, 
    1.6131742822664332, 
    10.272065858651873, 
    11.400084627365876, 
    14.292884980854748, 
    8.6876167372484101, 
    29.311903746926582, 
    16.882054856010591, 
    27.345392039677478, 
    31.403048457380073, 
    1.5742406772541218, 
    0.78759210889424169, 
    34.679254495631831, 
    1.2027934027055145, 
    3.2366050995456508, 
    18.445857376758674, 
    3.355467353063005, 
    17.960688954468182, 
    0.8173883802901255, 
    17.981551812162127, 
    27.029512871321259, 
    0.90130244127544534, 
    1.4827900451568672, 
    21.134916018540252, 
    3.8416890750070265, 
    11.849735325292343, 
    17.564787460667677, 
    11.580671953679516, 
    1.7850762811358432, 
    13.113585584899642, 
    1.1154069503497945, 
    18.006761197108226, 
    19.408441477485141, 
    10.162159124620523, 
    15.693225176211294, 
    14.684825082232441, 
    0.74511498505197571, 
    9.5979042532234118, 
    31.117618143694845, 
    17.012290157919399, 
    16.390107687585711, 
    16.069803156379397
  ], 
  "mae": 15.082321388133021, 
  "pearsonr": [
    0.51867388016604521, 
    3.239778237101847e-08
  ], 
  "variance": 285.9523875228315
}