{
  "noise": 100.2374574284377, 
  "log_likelihood": -3529.572423351229, 
  "nlpd": -3.906870086608909, 
  "rmse": 12.044824484311047, 
  "lengthscale": [
    2.7697593634857056, 
    36.357231448474451, 
    58.054892788075776, 
    22.626311062212626, 
    49.804435536344386, 
    6.1195104582268574, 
    24.539542161224581, 
    2.4485402513172159, 
    44.855097442219304, 
    21.592328197047635, 
    12.414188637484978, 
    0.98220962294147429, 
    31.420130785781488, 
    25.273601936553295, 
    2.9012803433463987, 
    25.456832329836029, 
    22.182709112403444, 
    36.956797186637331, 
    12.355786082082471, 
    30.456098416018108, 
    26.672430143759684, 
    17.825890601056035, 
    2.1100718227877513, 
    25.20823751703303, 
    9.7074761587092606, 
    23.812549801202387, 
    16.806570178642176, 
    1.9716668475357682, 
    18.306429016793111, 
    3.6273597807329376, 
    11.4205812077209, 
    27.754318990562982, 
    4.501533790226433, 
    2.9096462237244194, 
    20.857820342856165, 
    23.018616182852437, 
    3.4611012267240295, 
    31.046035039776243, 
    5.5836896368310027, 
    19.755123735716122, 
    13.188252187485858, 
    27.907042861189279, 
    28.017177768195641, 
    5.2226208097369975, 
    2.0991644903242519, 
    25.841268630936, 
    29.284807264280591, 
    15.42529839754245, 
    22.206783215746874, 
    27.242404812141604, 
    1.0944455930291506, 
    22.564335439234966, 
    21.192908097437421, 
    46.514631830578487, 
    24.179055675724989, 
    37.656018907318121, 
    3.8961718625025474, 
    28.78241374516945, 
    3.8409831647840074, 
    2.6532451590371982, 
    27.200527984683088, 
    2.0774534378677618, 
    4.8364843177951338, 
    27.341764071924832, 
    23.921517309623816, 
    16.004841067475752, 
    3.7125616954374894, 
    1.0932153017956499, 
    39.69511867012443, 
    7.1342217402077859, 
    2.33115596121594, 
    0.99802611404785369, 
    1.3312409046499016, 
    2.6503236572023083, 
    26.06698964749674, 
    4.2873281973625943, 
    3.1183754432780004, 
    12.889829562808162, 
    26.698954224506117, 
    28.404723345503928, 
    26.433836450319994, 
    14.638673046240715, 
    33.813848940972868, 
    21.455630335294309, 
    30.653156097296623, 
    11.650928908781559, 
    1.9251609284190441, 
    24.989339663180491, 
    14.641135431491762, 
    1.7243380106904582, 
    3.1645461343735422, 
    21.118251928739554, 
    2.2287048173802404, 
    37.063403906863627, 
    26.530095726643388, 
    32.266213602087809, 
    1.7203067898631479, 
    2.2164693354429796, 
    19.575032155706701, 
    2.3024789527441354
  ], 
  "mae": 9.9461298204763757, 
  "pearsonr": [
    0.6074922508496734, 
    2.062527630455026e-11
  ], 
  "variance": 212.5227524397027
}