{
  "noise": [
    113.81220568246539, 
    74.92736329863676, 
    203.12272748366328, 
    305.2052418535824, 
    293.19238743283415, 
    155.5008122771993
  ], 
  "kappa": [
    2.4296696674603266, 
    2.691042386217064, 
    34.492320919660784, 
    54.352582291986764, 
    68.84999117968161, 
    25.950707339051096
  ], 
  "log_likelihood": -21832.56913918195, 
  "joy": {
    "mae": 15.905449216409741, 
    "nlpd": 4.3879117018754741, 
    "pearsonr": [
      0.43678106754440182, 
      5.5394228603785324e-06
    ], 
    "rmse": 19.364748605968192
  }, 
  "W": [
    -4.837221210105802, 
    -2.3055577888783927, 
    -4.980320390988842, 
    6.056861043100916, 
    -5.522304318156379, 
    1.0301288535766044
  ], 
  "sadness": {
    "mae": 13.615819029954118, 
    "nlpd": 4.2720578129785922, 
    "pearsonr": [
      0.46895507781010276, 
      8.6036686830758449e-07
    ], 
    "rmse": 17.33055154377648
  }, 
  "disgust": {
    "mae": 5.4600802680768483, 
    "nlpd": 3.695883062428567, 
    "pearsonr": [
      0.48859781831880639, 
      2.5050685839351406e-07
    ], 
    "rmse": 9.6612578284437785
  }, 
  "variance": [
    0.73956475961576684, 
    4.1053008309548459e-07, 
    1.8634728905245541e-07, 
    0.48832117021633681, 
    0.58435052085885253, 
    0.27541960156904627, 
    0.36031151512557297, 
    0.53420295250672756, 
    0.20959457249547858, 
    0.56276927790088682, 
    2.894302124673085e-06, 
    0.17007863441471982, 
    1.8259137920411497e-06, 
    0.00041480644515311347, 
    0.45054180051645742, 
    0.16686742672359103, 
    0.17299575202971235, 
    2.6807344672941964e-06, 
    0.37143777717115511, 
    0.65017269102602426, 
    0.00016578257443403976, 
    4.2210274673138491e-06, 
    0.46661665558089438, 
    0.25044713867324431, 
    8.4765232059110296e-05, 
    0.22970111656391071, 
    0.23012696941613497, 
    0.5715785557317894, 
    1.9909774687724148e-05, 
    0.72917994918769991, 
    0.61922559868773375, 
    0.029588565923317576, 
    1.7848635338674089e-05, 
    0.5980169498934873, 
    0.5437589727476515, 
    0.29916297564359801, 
    1.0869806291140259e-06, 
    0.34577989521953612, 
    0.25427972879154004, 
    0.034381950430989031, 
    0.59002641715755699, 
    0.072651343540429444, 
    0.2464977329400482, 
    1.4873836771013883e-05, 
    0.39873850082328849, 
    0.47924987424496601, 
    0.26674448671168838, 
    0.19488349895670404, 
    0.10446509195731189, 
    0.21485721726153606, 
    0.44274190073317632, 
    0.27770320218004557, 
    0.19011890862655309, 
    0.8610770748894101, 
    6.1327545250113037e-06, 
    0.25866836159753198, 
    0.36182016725370847, 
    0.15895698036697919, 
    0.29695902580322681, 
    0.90285875735510857, 
    0.026843266992197443, 
    0.40474671870558632, 
    6.8631947196409945e-06, 
    0.00048188213753635046, 
    0.38381132273530683, 
    0.43120757338850435, 
    2.2324460391015686, 
    0.56039927655522048, 
    0.16807305442598008, 
    0.095782285610335791, 
    1.4775303361812628, 
    2.0066946394326826e-05, 
    0.19163994546401425, 
    1.0395009363156595, 
    0.77802520778579587, 
    0.23907268962008063, 
    0.54208421351330216, 
    2.8401127853151126e-06, 
    0.28323078733601031, 
    0.33775914958429915, 
    0.47852799249769867, 
    1.3145215431438604, 
    0.59255130010211832, 
    0.28991618661290863, 
    0.56346453085095993, 
    0.20492495020629503, 
    0.58721763734204901, 
    1.7565413845397884e-05, 
    0.38139541611703565, 
    0.57472550289011182, 
    0.44585110693793195, 
    0.00054846679637331403, 
    0.61152722425889083, 
    1.9747225679005793e-05, 
    2.8886134463380846, 
    0.38013625054577643, 
    1.0967633267018284, 
    1.1774931290194772, 
    0.00038873060586163799, 
    0.24053452318599186
  ], 
  "anger": {
    "mae": 7.4269494812445283, 
    "nlpd": 3.7139190643454234, 
    "pearsonr": [
      0.52653301601042046, 
      1.8361797892795442e-08
    ], 
    "rmse": 9.815961637017816
  }, 
  "surprise": {
    "mae": 10.18916946271052, 
    "nlpd": 3.9913472411340374, 
    "pearsonr": [
      0.35620766812006649, 
      0.00027544523815001428
    ], 
    "rmse": 13.090492292792151
  }, 
  "fear": {
    "mae": 11.523189720657024, 
    "nlpd": 4.1910084137322725, 
    "pearsonr": [
      0.57030161010226488, 
      5.871037293734921e-10
    ], 
    "rmse": 15.888371577410897
  }
}