{
  "log_likelihood": -4232.423026086818, 
  "nlpd": 3.5938118981301472, 
  "rmse": 8.7733343270355153, 
  "Mat52.variance": 136.3050367402845, 
  "Mat52.lengthscale": 1.3752121477583334, 
  "Gaussian_noise.variance": 9.902505203151502, 
  "mae": 5.9551005112126534, 
  "pearsonr": [
    0.54761943194680052, 
    3.8698667522448463e-11
  ]
}