{
  "noise": 0.18670392407067227, 
  "log_likelihood": -1134.7290971091447, 
  "nlpd": -611.98127998819166, 
  "rmse": 13.744503617262644, 
  "lengthscale": [
    0.78414667310532304, 
    11.548199939985006, 
    0.85915247068254308, 
    1.2398302208992216, 
    0.81250384289089606, 
    13.860411284211652, 
    1.4570199028269084, 
    2.8446921824305771, 
    10.690713518279338, 
    11.342538017637636, 
    16.256104637041364, 
    0.40565014500889274, 
    14.099705948708099, 
    14.043152879877388, 
    1.2459982788477235, 
    11.11266074546373, 
    9.7663516534102488, 
    5.3439315511214209, 
    15.952205776405826, 
    15.824623303951904, 
    5.2058528034415108, 
    11.146863067347828, 
    10.041330232408626, 
    13.569145882857905, 
    14.139709991232614, 
    13.849715507648375, 
    7.5751212622448438, 
    12.825513533723784, 
    3.3318640688844869, 
    5.5269064222402466, 
    7.5614760116274873, 
    0.89870368778923981, 
    10.648569341453538, 
    2.4627547180246547, 
    7.7152659640711185, 
    12.57841299246599, 
    8.5833396282822587, 
    9.4656015091805141, 
    1.6959606862630783, 
    5.1751685033388064, 
    1.3016386913509628, 
    9.8330251296357822, 
    15.104972540526481, 
    14.884476536879685, 
    0.59275807184429929, 
    12.207141976113073, 
    14.726192866336856, 
    6.1745531886350884, 
    0.72109341464713872, 
    16.434729390645423, 
    12.998755404365831, 
    13.253402371643302, 
    12.435210068854078, 
    11.903051387953987, 
    10.432991470316036, 
    21.397150962996541, 
    1.2472619154591942, 
    3.8844741980194639, 
    16.506700747753264, 
    7.9021067327464962, 
    15.685625430545061, 
    12.881032548387088, 
    2.7502150443054738, 
    0.93013342868389992, 
    8.6321606716862043, 
    9.5482703710127925, 
    7.7229116057310057, 
    0.52758984669391995, 
    14.534012448293989, 
    0.97717334124777722, 
    4.1586324005313431, 
    0.64790933013614649, 
    0.43017112164771021, 
    6.8737978239885482, 
    2.7076239806938869, 
    15.427741571626074, 
    12.534594328402266, 
    7.2994416474920882, 
    12.983353155338424, 
    10.877404772958595, 
    0.98018246007596987, 
    1.9003097674804605, 
    6.7544136228835123, 
    11.31028074675652, 
    9.3872388438296177, 
    0.31272584201592557, 
    12.968286858790011, 
    10.05301276527714, 
    14.015950677381309, 
    8.8433403164956168, 
    1.5492059955368152, 
    0.87630678466784506, 
    0.53957858153670202, 
    0.92392739753847331, 
    0.63194583985303399, 
    11.014619098584109, 
    1.3770916890408096, 
    0.66126936749249243, 
    14.703531688439075, 
    1.3794117951813962
  ], 
  "mae": 10.426212971984357, 
  "pearsonr": [
    0.60343745375969515, 
    3.0347623509690264e-11
  ], 
  "variance": 0.8165428824421004
}