{
  "noise": 40.775241166904834, 
  "log_likelihood": -3408.7997822521297, 
  "nlpd": -3.7331616023600716, 
  "rmse": 9.9630864695760621, 
  "lengthscale": [
    1.9542440615481518
  ], 
  "mae": 6.5460376682712278, 
  "pearsonr": [
    0.71508589851215165, 
    6.4238393944428664e-17
  ], 
  "variance": 125.12775575695768
}