{
  "warp_d": 0.3983160557226739, 
  "noise": 9.031414325670367, 
  "log_likelihood": -3234.5172168325794, 
  "nlpd": -3.5106825817034921, 
  "rmse": 8.0073366172059632, 
  "lengthscale": [
    20.540184102431482, 
    16.333898982268664, 
    26.884573507422473, 
    23.107602318878108, 
    13.012477821106749, 
    28.41310082490077, 
    20.438740180905803, 
    25.92561590380981, 
    26.241113102866141, 
    11.161429681338053, 
    24.622600685651744, 
    23.277660028600263, 
    24.475888184539098, 
    25.211639326739974, 
    26.918360051693583, 
    16.06777411006836, 
    30.661798695661084, 
    24.160169831843994, 
    28.134189360955681, 
    26.002371982574715, 
    29.863752722942134, 
    28.629589794946508, 
    26.693941391543401, 
    30.563797705491314, 
    24.910387543751636, 
    30.732806630690519, 
    5.5042436560833234, 
    15.48313967900528, 
    30.815257362460905, 
    1.3194980851409022, 
    1.770287753237201, 
    22.237963426141846, 
    7.0896212944474604, 
    22.341966383792524, 
    28.898582833287907, 
    11.673437484220358, 
    28.042597349033962, 
    19.122649804036104, 
    23.383157523213963, 
    20.829521270253569, 
    31.05797476989088, 
    27.585449797998447, 
    29.344882420234715, 
    16.907629327792225, 
    22.771576442014315, 
    26.936155969968826, 
    27.120760818260635, 
    21.773530554249284, 
    29.981134456707995, 
    16.502528651311859, 
    24.430231541381858, 
    21.296697271624463, 
    14.665276383962956, 
    31.045543402017184, 
    15.479767643232178, 
    37.190692983384565, 
    11.866905334004533, 
    27.371895595872974, 
    22.806314127577856, 
    24.629389295849673, 
    23.919277903941495, 
    28.494716020684418, 
    22.810850520778008, 
    27.349912645003204, 
    27.251596293275142, 
    21.238745223580747, 
    15.778426317463632, 
    26.899030282771918, 
    29.276807308628293, 
    27.10892613571804, 
    24.914720031503055, 
    22.369538390389312, 
    22.343588947659793, 
    4.8528762495813744, 
    19.734343306974875, 
    24.602640580666439, 
    24.768583422329421, 
    17.666578673537114, 
    29.551810064124698, 
    23.89340070667803, 
    24.300694366738629, 
    17.988888153810823, 
    19.491116199854133, 
    22.668740131620631, 
    28.637391712337568, 
    25.761147818016315, 
    29.902849123824286, 
    13.654637935484169, 
    24.485560761554993, 
    25.147483717842622, 
    21.275846908162851, 
    25.633902802396488, 
    21.411960820220344, 
    25.043946659290203, 
    3.3262029777380082, 
    25.005307155660123, 
    2.5645728082394066, 
    23.451795342496229, 
    24.576749644372647, 
    18.330275224921426
  ], 
  "mae": 5.1235138437728063, 
  "pearsonr": [
    0.47708374527295427, 
    5.2116191962517587e-07
  ], 
  "variance": 110.16143992542031, 
  "warp_psi": [
    [
      4.5524632350601384e-19, 
      0.78793103266580089, 
      0.79071761328813672
    ], 
    [
      1.0360677046889571e-69, 
      0.46427658086301737, 
      0.61713859291346929
    ], 
    [
      8.6429684094462414e-63, 
      0.028217785848664401, 
      1.0864250991363382
    ]
  ]
}