{
  "noise": 0.0968633453109387, 
  "log_likelihood": -983.1250324584505, 
  "nlpd": -890.14731884703372, 
  "rmse": 14.138349738478958, 
  "weight_variance": [
    17419.266464524997
  ], 
  "bias_variance": 8175688.93644927, 
  "mae": 9.6833997999738521, 
  "pearsonr": [
    0.76160093181144994, 
    3.612377933260517e-20
  ], 
  "variance": 7.627716227884648
}