{
  "noise": 6.872827630003524, 
  "power": [
    1.7233556098765073
  ], 
  "nlpd": -3.8168594370786453, 
  "rmse": 10.460034211136986, 
  "lengthscale": [
    1.363532726246844
  ], 
  "mae": 6.163798680654855, 
  "pearsonr": [
    0.61992364481729079, 
    6.0965069398266891e-12
  ], 
  "variance": 85.08872374119676, 
  "log_likelihood": -3198.2135302712377
}