{
  "noise": [
    39.01633114918741, 
    18.39781006626828, 
    61.19408753943723, 
    45.901183242728074, 
    48.70081752287635, 
    88.20774798290452
  ], 
  "kappa": [
    14.682992127655249, 
    12.61670114688709, 
    31.857969392930418, 
    37.32555565491871, 
    37.56334672647674, 
    15.796515706063998
  ], 
  "log_likelihood": -21284.781289430386, 
  "joy": {
    "mae": 12.300698647628742, 
    "nlpd": 4.1338457340288475, 
    "pearsonr": [
      0.63463691949377299, 
      1.3416040922620974e-12
    ], 
    "rmse": 14.596508362803801
  }, 
  "weight_variance": [
    2.3088276797826692, 
    0.00018530236916782352, 
    4.9321251817597602, 
    1.4713766488946001, 
    19.931242446578551, 
    1.6074223623775774, 
    43.28760199980136, 
    3.3144481243138939, 
    29.250044599288309, 
    43.631180725633669, 
    0.00065685519373253059, 
    0.47056206413214791, 
    0.00044104463038286529, 
    1.6936174193812019e-05, 
    12.07937791963867, 
    28.030006008187868, 
    1.7626712348179798, 
    0.00016561749011924069, 
    9.6828196991610547, 
    2.2904002622932369, 
    10.598009639511892, 
    0.00032216443826160089, 
    3.0840344725945124, 
    3.5916101298315253, 
    4.1108914273828003e-07, 
    7.765058502318508e-08, 
    35.068510168744304, 
    28.479994256465432, 
    7.4785793320095744, 
    77.126159358259841, 
    35.762488284442867, 
    28.589542455673183, 
    1.2731493350193157, 
    3.599822069866931e-07, 
    1.9551171121059601, 
    8.9184626201833286, 
    0.066317016351069291, 
    27.332285185152116, 
    9.0507443211392555, 
    0.58364731790696511, 
    7.1752383484715265, 
    0.001758944407618419, 
    1.5596327876444236, 
    0.0037129873262229597, 
    20.832164227963684, 
    5.9541462869425193e-05, 
    21.190047825543637, 
    1.7363022579968699, 
    3.8608763498986889, 
    3.9630171285885316, 
    47.332258238164364, 
    2.3741305362477005, 
    3.4303793088228511, 
    5.2786586407390981e-05, 
    6.2776631311925453, 
    0.00066017075326472259, 
    1.9340969688098886, 
    0.85741159785462817, 
    3.1735819952389657e-05, 
    0.00084260904872010458, 
    8.8620947367395146e-05, 
    1.8024575310632938, 
    9.5148753589834094e-06, 
    2.1236119493969587, 
    0.00094852621309889703, 
    0.00097868813103934053, 
    5.1816306543468951, 
    50.711574892965125, 
    10.986953778834089, 
    40.466318617520301, 
    8.5620602370896943, 
    48.926646354425777, 
    1.5592119099740422, 
    7.4212664808460893, 
    12.292978358791924, 
    1.4716756958119392, 
    17.010152070651081, 
    2.1299373111179474, 
    1.8358071417309877e-05, 
    4.7917840399738578, 
    4.0227439706439636, 
    15.177281601456883, 
    7.5479365854099223, 
    1.1991002361568511e-06, 
    0.00015777836189112559, 
    0.12062922855321831, 
    7.3916113582548713, 
    4.2213623393572783, 
    8.7697555131678548, 
    5.1923016264617878, 
    37.249382257117318, 
    4.7178195694051546, 
    4.8838065127062782, 
    1.4569638078899054e-09, 
    20.068496706589499, 
    3.5165477892045298, 
    31.332089548587327, 
    8.8460430992560237, 
    1.2577953190209902e-05, 
    21.75893351377006
  ], 
  "bias_variance": 62.34354335143569, 
  "W": [
    2.2390348963262294, 
    1.3199956596028657, 
    3.365701155757333, 
    -6.9772204951968275, 
    6.096104196032249, 
    -1.4185481952539718
  ], 
  "sadness": {
    "mae": 12.852316137317016, 
    "nlpd": 4.3243246351206439, 
    "pearsonr": [
      0.75345233306681669, 
      1.5096062991607771e-19
    ], 
    "rmse": 17.565119887149681
  }, 
  "disgust": {
    "mae": 6.4669304960525338, 
    "nlpd": 3.888701475401243, 
    "pearsonr": [
      0.57253064926287023, 
      4.8598505377758338e-10
    ], 
    "rmse": 10.349455692397628
  }, 
  "variance": 16.53868833423658, 
  "anger": {
    "mae": 8.9488468323781287, 
    "nlpd": 3.9990353629848134, 
    "pearsonr": [
      0.53127957365263989, 
      1.2939499050477193e-08
    ], 
    "rmse": 12.288764482372803
  }, 
  "surprise": {
    "mae": 9.8384325544386435, 
    "nlpd": 3.9309427362629066, 
    "pearsonr": [
      0.59368579258068588, 
      7.5159623879761212e-11
    ], 
    "rmse": 12.298568173019644
  }, 
  "fear": {
    "mae": 9.3883113379202356, 
    "nlpd": 3.9840468672043143, 
    "pearsonr": [
      0.74012154485480397, 
      1.3949014737719665e-18
    ], 
    "rmse": 12.874115386294068
  }
}