{
  "warp_d": 0.3407712661917559, 
  "noise": 16.621975939595924, 
  "log_likelihood": -3587.9382570479934, 
  "nlpd": -3.8105693288634743, 
  "rmse": 10.72885748950088, 
  "mae": 7.6571247041969466, 
  "pearsonr": [
    0.17600037086584447, 
    0.07984667106819722
  ], 
  "variance": [
    1.7986797202792593
  ], 
  "warp_psi": [
    [
      1.2280104795604532e-07, 
      1.2037768212243867, 
      0.48522080118300204
    ], 
    [
      1.2770808328252629e-06, 
      0.58610505138510105, 
      2.244056956603858
    ], 
    [
      3.9394039765565347e-10, 
      0.5427127429840839, 
      1.5492748969443506
    ]
  ]
}