{
  "warp_d": 0.20002011297789513, 
  "noise": 2.2117813697533073, 
  "log_likelihood": -3800.003821419629, 
  "nlpd": -4.2056390363632721, 
  "rmse": 15.649651686998592, 
  "lengthscale": [
    6.8015755329148808, 
    7.0423597236184117, 
    1.6557034703023241, 
    9.0543907807773234, 
    5.7857043992950885, 
    2.8787669847354715, 
    1.2550837795119674, 
    6.5729749182001713, 
    1.8660624983139411, 
    9.2950745627523812, 
    1.3259179476734342, 
    2.4078460175467291, 
    6.2668763399617617, 
    12.049218834574246, 
    8.6766417209830049, 
    7.8450217892228471, 
    10.419686219903152, 
    6.0576041648020107, 
    2.2644068363608745, 
    1.6752519888485609, 
    7.2798564302008435, 
    1.5027305018777788, 
    2.1845252765910566, 
    9.330179952603018, 
    12.298479893770615, 
    12.055405237481883, 
    8.7188680068728761, 
    12.668056352470497, 
    5.2703556017437379, 
    2.2415431556360597, 
    1.7911232671724249, 
    12.24206181079726, 
    9.2029117178782673, 
    10.148930551219676, 
    1.5063852821134516, 
    4.8474745651337718, 
    10.375096914757961, 
    9.0263081248411901, 
    9.7757419224967954, 
    10.041740302624477, 
    12.291185373267476, 
    1.6919417996516841, 
    7.8056411145231648, 
    6.9248708181361849, 
    1.1409242194678986, 
    4.0168675927996906, 
    6.1366940754681458, 
    4.0430853382989547, 
    1.6009461676586836, 
    2.9238817412069795, 
    9.6029533840077139, 
    9.2753118360274307, 
    6.7160901750141608, 
    12.497529247545842, 
    1.8419773093259386, 
    8.5321330595319917, 
    1.2221994308450697, 
    13.239771044708732, 
    10.81219053847872, 
    9.4062216628354545, 
    7.2788155815712825, 
    9.4468047381820632, 
    12.886115411800075, 
    8.8934725444213267, 
    1.8714205531619359, 
    7.8174033497181936, 
    12.773349716720832, 
    10.391134230991279, 
    9.0627872984978364, 
    7.0647929097718327, 
    11.378023388125886, 
    4.6766761419298302, 
    9.7524066865901666, 
    2.9261902667733448, 
    2.2944974940224423, 
    0.91739948909414148, 
    11.348960806695045, 
    3.420631563569025, 
    10.054517722733479, 
    11.08783350822681, 
    2.1693898570428498, 
    3.6256640507565741, 
    12.00010726868523, 
    11.531328178137523, 
    9.0998421922317352, 
    1.1433659762761601, 
    1.9608971395130095, 
    2.2362612889537585, 
    3.2393858295900908, 
    9.023591563467372, 
    1.6719629290463218, 
    7.0591235160027592, 
    1.6764814636963559, 
    4.9516272424301988, 
    3.1547262525112796, 
    2.3701910858891075, 
    5.0147551512561677, 
    3.0050447268490967, 
    5.4208839046013155, 
    3.5387416431953658
  ], 
  "mae": 12.04106787154506, 
  "pearsonr": [
    0.67341577556894772, 
    1.6375777246683146e-14
  ], 
  "variance": 32.5245825677157, 
  "warp_psi": [
    [
      2.4354638102054391e-11, 
      4.012133239412405, 
      1.6291919442482012
    ], 
    [
      1.9185311698813314e-27, 
      1.4127123139198612e-06, 
      0.77388263319282391
    ], 
    [
      3.1111304112248362e-12, 
      2.3522322569883078, 
      -0.810410033997921
    ]
  ]
}