{
  "noise": 47.6580970616356, 
  "log_likelihood": -3692.3682007682783, 
  "nlpd": -4.0688074186351821, 
  "rmse": 14.357403598162668, 
  "weight_variance": [
    272520.83631629345
  ], 
  "bias_variance": 120177499.03624229, 
  "mae": 10.346508482073816, 
  "pearsonr": [
    0.65992041725000417, 
    8.1656291625066492e-14
  ], 
  "variance": 2882.2367627236026
}