{
  "warp_d": 0.16692047396431067, 
  "noise": 0.45309957631347486, 
  "log_likelihood": -3782.634243496133, 
  "nlpd": -4.4471305734094253, 
  "rmse": 18.204206527185569, 
  "lengthscale": [
    1.5435038011276785, 
    5.1662912623230275, 
    3.0507527088773871, 
    7.2603890196450296, 
    7.2908810545591445, 
    1.325242076290738, 
    0.79269115404635315, 
    8.3926344823519585, 
    3.5100239049164572, 
    8.0353916592150956, 
    6.852917219488166, 
    2.2546773966837956, 
    1.4155042100336614, 
    10.164190873173382, 
    6.3537040868296977, 
    3.4221857859014992, 
    10.031488679153194, 
    3.8117840835913328, 
    2.1764814547729578, 
    1.9611609440790818, 
    0.96135916295246449, 
    1.4731472353655486, 
    1.4005442333002629, 
    6.3853494984982593, 
    10.530606648715553, 
    9.0754909575277036, 
    1.8891619193831573, 
    7.2107555821619407, 
    9.2443599305217159, 
    2.2379580242638855, 
    1.9776767288009907, 
    7.4461107704231537, 
    6.7250269049673026, 
    9.0835691546210295, 
    2.0289134223058318, 
    1.0519769757570285, 
    6.8366375098729435, 
    8.4984906139107697, 
    7.5713231612219634, 
    9.0375349872279607, 
    6.8439467434408199, 
    1.4315866545333631, 
    7.7485731287691859, 
    7.5837476254012959, 
    1.4477466567085922, 
    2.4678698856541317, 
    1.0404850931798859, 
    3.2663578453009277, 
    1.0019743722022818, 
    4.4639800188696217, 
    7.387686115719287, 
    1.3765901467296269, 
    3.9606647640888832, 
    8.1421924739386178, 
    1.0480305549423028, 
    6.2150250508340728, 
    7.4107362290192347, 
    11.031825450635534, 
    9.2020550677806021, 
    8.076232217927128, 
    7.9473283065569014, 
    6.6157109317275964, 
    9.7616743673527147, 
    6.2350425750223497, 
    1.9581397462951144, 
    7.4830003955430664, 
    9.1903289548366836, 
    6.6228413618592876, 
    6.0097179158848304, 
    1.5561800370078114, 
    9.4584121469661344, 
    2.4337393150331863, 
    5.4435684137926286, 
    2.4646546522142021, 
    1.9892693642700072, 
    1.3656590399311277, 
    5.5882053436840451, 
    6.3446653734522966, 
    10.6020548181913, 
    6.4204760114787467, 
    4.837578496059991, 
    2.9803088795696908, 
    9.0656664073101823, 
    10.020092362279883, 
    4.6373502710795478, 
    1.34770190958979, 
    1.9048435310638028, 
    1.7584483838485674, 
    2.2315900506422488, 
    7.9200038553714736, 
    6.3883898529432805, 
    4.4657566313107893, 
    4.4123683563655183, 
    9.1981194039586107, 
    1.2045293579594674, 
    6.5852556195015408, 
    1.1090107465425534, 
    2.5976646048800576, 
    5.1446472762320434, 
    0.97885352224196298
  ], 
  "mae": 13.390741707218579, 
  "pearsonr": [
    0.56456811878486368, 
    9.4859752184159638e-10
  ], 
  "variance": 21.852209170488642, 
  "warp_psi": [
    [
      7.9951074279597204e-07, 
      0.12261235657973396, 
      0.39138383028253509
    ], 
    [
      8.1322934443501771e-08, 
      1.1422870237793949, 
      -0.97738762887622943
    ], 
    [
      8.6401187272687349e-13, 
      3.6866591983067361, 
      2.5442802624844907
    ]
  ]
}