{
  "regularization": 10.0, 
  "rmse": 12.682764426714723, 
  "epsilon": 0.10000000000000001, 
  "mae": 9.4092554970305553, 
  "pearsonr": [
    0.7517024480508615, 
    2.0374964908451199e-19
  ], 
  "gamma": 0.10000000000000001
}