{
  "warp_d": 0.11679708818662592, 
  "noise": 2.7960565106685222, 
  "log_likelihood": -3881.916490251201, 
  "nlpd": -4.1435792205660178, 
  "rmse": 15.253585939167383, 
  "lengthscale": [
    3.3279520622804055
  ], 
  "mae": 11.495595866388244, 
  "pearsonr": [
    0.74917834401995165, 
    3.1265016369938156e-19
  ], 
  "variance": 11.08746168443131, 
  "warp_psi": [
    [
      5.516790652071554e-08, 
      3.6402221646543014, 
      1.017694264195216
    ], 
    [
      4.0853243808406232e-07, 
      1.9615125720982625, 
      -2.0926232059014653
    ], 
    [
      1.6961216506897525e-08, 
      3.2444776521660317, 
      0.47168355636284809
    ]
  ]
}