{
  "noise": 154.16365227207822, 
  "log_likelihood": -3605.710205712067, 
  "nlpd": -3.9506717861054592, 
  "rmse": 12.567067194909084, 
  "mae": 10.0548600447322, 
  "pearsonr": [
    0.34384116681389376, 
    0.00046071681828042531
  ], 
  "variance": [
    10.54548529072232
  ]
}