{
  "pearsonr": [
    0.70279004314969473, 
    6.5402181662143971e-20
  ], 
  "nlpd": 4.1759485429830336, 
  "rmse": 16.03631754419018, 
  "Gaussian_noise.variance": 34.56211858848292, 
  "mlp.variance": 1019.0112643485314, 
  "mlp.weight_variance": 16897439.462419767, 
  "mae": 11.932522885746708, 
  "log_likelihood": -4822.337957465123, 
  "mlp.bias_variance": 26072190.77447289
}