{
  "noise": 40.16107657309801, 
  "log_likelihood": -3850.297210967688, 
  "nlpd": -4.0998549513084406, 
  "rmse": 14.852441762590246, 
  "weight_variance": [
    10524808.635458786
  ], 
  "bias_variance": 213526099.92154953, 
  "mae": 11.586592055492211, 
  "pearsonr": [
    0.77360136794621359, 
    3.9499820987160516e-21
  ], 
  "variance": 1323.4157940678583
}