{
  "warp_d": 0.455003744111215, 
  "noise": 33.064392449925585, 
  "log_likelihood": -3614.7051301015945, 
  "nlpd": -4.1741838026089093, 
  "rmse": 15.273627099362253, 
  "mae": 11.955809872243686, 
  "pearsonr": [
    0.34238133228142148, 
    0.0004888863885590093
  ], 
  "variance": [
    0.20770424082125696, 
    0.021787309229459591, 
    17.027556745971964, 
    0.0014309803408194034, 
    0.0088614740967343023, 
    0.0017979213170614954, 
    10.506789207938281, 
    0.0016657742460836893, 
    0.0021611098876751582, 
    21.112431714216186, 
    0.011645715169878428, 
    0.054921444097774538, 
    0.0012716842972425061, 
    7.0909426605595822, 
    1.4953634846736699, 
    2.2621251363359089, 
    0.037094082974759808, 
    0.0033195970886416748, 
    28.154824345398726, 
    0.057859253753464047, 
    9.7663678937896812, 
    0.0020189292641720809, 
    0.0032938700639579539, 
    5.7337182514859055, 
    0.0094210646243314041, 
    0.0011754994227658657, 
    4.4916212205680193, 
    0.32524810900255413, 
    21.968316607794275, 
    37.879445187205299, 
    4.5850566648557711, 
    0.0014166502017895722, 
    20.154141606717545, 
    11.909865378726291, 
    0.0014183089578198318, 
    0.0017398902026884509, 
    0.0015823629996157044, 
    0.0056728583078800134, 
    10.350131345923822, 
    0.0014898324822233044, 
    0.0022499216161735464, 
    0.012169838017665848, 
    7.7931111087668619, 
    12.408298373842012, 
    0.0012193926613250135, 
    0.0044604526764939808, 
    0.0015284946599477441, 
    0.014785670663171992, 
    6.3644826213737531, 
    0.0056801619890393118, 
    7.2447435386097672, 
    0.0068315819341000913, 
    4.6001590063925963, 
    6.1133999123980596, 
    0.0024506547289753298, 
    36.890362153201224, 
    12.181912292798206, 
    0.61768602548959228, 
    5.5415940309184073, 
    0.023566405481322501, 
    0.61910370793700054, 
    4.47193744240053, 
    1.4517551296542557, 
    0.0020644024655815823, 
    4.3641440569412451, 
    6.7896789268399509, 
    3.1274705963521781, 
    0.0012829043471049091, 
    2.2067505958848579, 
    0.32165604675147025, 
    0.0019835608326959223, 
    6.6709141865011761, 
    0.0043725929716793201, 
    0.0031942488750225243, 
    9.0825829056046086, 
    1.6826686626255596, 
    3.7109213080498904, 
    0.88744621467586615, 
    9.4111731962279084, 
    6.1671081229357902, 
    2.006916920984299, 
    0.010301685850550607, 
    6.8084380851916801, 
    13.113074334489449, 
    3.8288583705217434, 
    0.0025692701217462453, 
    2.3632570431097246, 
    0.0012426410470955695, 
    6.9909987708631842, 
    6.0912498366652237, 
    6.0698780911528782, 
    0.0026809236480464086, 
    0.071243510508312402, 
    0.12475222450403502, 
    6.9645266515679332, 
    0.0019288566942583431, 
    0.0015373277786947085, 
    5.4682405229965676, 
    0.0048209325970055223, 
    0.0027797828103010222
  ], 
  "warp_psi": [
    [
      4.3771081838991264e-20, 
      6.807809362607367, 
      -1.6687617801481136
    ], 
    [
      5.9508076428380438e-22, 
      0.21845883968953619, 
      1.4822693620279397
    ], 
    [
      9.4001083182354757e-22, 
      2.2490064235316867, 
      -4.9742324685075028
    ]
  ]
}