{
  "noise": 0.232688308655612, 
  "power": [
    1.4545825798823684
  ], 
  "nlpd": -474.98208202697674, 
  "rmse": 12.756179938777223, 
  "lengthscale": [
    1.7389999559098801, 
    0.44365077396342767, 
    1.0922946458016769, 
    1.7737360096790078, 
    0.62735490398187954, 
    7.4225177503853308, 
    6.3425965225908936, 
    1.2763937720520322, 
    4.8471794836824076, 
    0.57177221747093288, 
    5.3908407250503423, 
    0.78116724607291366, 
    6.5378420148854381, 
    7.1523850175228878, 
    4.2227481313134003, 
    7.9467147228701487, 
    8.1909194781627459, 
    7.6585100257707346, 
    8.9669847432241898, 
    1.096346144318932, 
    3.7561602780781831, 
    5.5994080194612978, 
    3.8051512090324255, 
    8.0677383965721248, 
    5.894466740872204, 
    5.4288317744729691, 
    0.97297397215220593, 
    10.976521111268474, 
    4.8200166122556931, 
    0.56182609561414631, 
    0.64055212132713624, 
    0.99429906558206238, 
    6.7432148681797646, 
    1.6270800038031998, 
    10.11190726327397, 
    7.8003857567651949, 
    1.8384930159836936, 
    1.0154986320041743, 
    1.2919430941424122, 
    8.5969459715213823, 
    1.5987363490913209, 
    9.8022066325124761, 
    6.676292134855828, 
    7.2544723177767407, 
    0.69475613389614033, 
    7.5337834212709627, 
    7.7327001313670989, 
    7.7502279581679812, 
    7.065199779577469, 
    7.8518161250475575, 
    7.5205583743723325, 
    7.6541225099010815, 
    4.1230427714635161, 
    1.9911818820540483, 
    8.0190102540662096, 
    8.6413272154114491, 
    1.1169492340110911, 
    6.6957599684159623, 
    11.98727143010203, 
    3.6225388429655965, 
    6.6640251136432003, 
    3.3943447729092915, 
    6.9932498338057574, 
    9.9840831607181659, 
    7.0087935991661903, 
    7.2365673027393251, 
    1.175468350541963, 
    0.49606128631085794, 
    8.2954608179863989, 
    15.25222033207724, 
    1.2510672382034231, 
    0.6568877830632267, 
    0.57895281911865948, 
    1.4036598787502528, 
    3.8481091156682345, 
    6.305260791175459, 
    8.2925943705693541, 
    4.2231190658573903, 
    8.3741248244904032, 
    5.719939304751338, 
    7.1895644517500852, 
    5.2095913677235597, 
    5.7149189736490769, 
    6.1818595367119773, 
    4.5053234273288245, 
    4.6239297342534735, 
    5.8175329620485874, 
    7.3668426356414169, 
    5.0092470566553926, 
    6.9074304811484506, 
    1.3853137676855622, 
    0.60433590198753906, 
    0.41754495638842404, 
    5.7224743847356212, 
    5.2471809915080119, 
    10.750892175445589, 
    0.70518695416556398, 
    2.4475956688791674, 
    7.3071423756647924, 
    0.65603298997188486
  ], 
  "mae": 10.305033086712292, 
  "pearsonr": [
    0.49950883213923425, 
    1.2200702147804113e-07
  ], 
  "variance": 0.7605604698579508, 
  "log_likelihood": -1122.8926990432788
}