{
  "pearsonr": [
    0.70855110379889241, 
    2.3964098902548451e-20
  ], 
  "nlpd": 4.278723442429099, 
  "rmse": 17.902694419587014, 
  "Mat32.lengthscale": 2.3529186096121486, 
  "Gaussian_noise.variance": 88.64074960320637, 
  "mae": 13.051051138668241, 
  "Mat32.variance": 481.72072814273275, 
  "log_likelihood": -4807.824592628598
}