{
  "warp_d": 0.1608703173296399, 
  "noise": 2.8637330449018594, 
  "log_likelihood": -3715.436020568283, 
  "nlpd": -3.8988936543825705, 
  "rmse": 11.959203733252739, 
  "lengthscale": [
    3.2747581601470688
  ], 
  "mae": 7.741807321042061, 
  "pearsonr": [
    0.82901426088378816, 
    1.7716360863467535e-26
  ], 
  "variance": 12.623982522417197, 
  "warp_psi": [
    [
      2.6537523023361838e-07, 
      0.07594986701628248, 
      -0.45953310529189773
    ], 
    [
      3.7046935886030062e-07, 
      4.266104662769389, 
      7.0324871330058363
    ], 
    [
      4.4450204669877238e-07, 
      0.80902644774213162, 
      2.2708638961401491
    ]
  ]
}