{
  "noise": 0.04253187106452492, 
  "log_likelihood": -1119.2338737453108, 
  "nlpd": -668.60890256155267, 
  "rmse": 16.308614597204755, 
  "lengthscale": [
    1.7993891744572452
  ], 
  "mae": 12.494433326530212, 
  "pearsonr": [
    0.61187640997223924, 
    1.3500832811365319e-11
  ], 
  "variance": 1.1242784372864056
}