{
  "regularization": 10.0, 
  "rmse": 8.3947921839526742, 
  "intercept": 1.586909722137829, 
  "mae": 5.5841209138701657, 
  "pearsonr": [
    0.5167680956316596, 
    6.8523443016095508e-10
  ], 
  "coefs": [
    -2.8054989349034618, 
    -1.4914462694611952, 
    -1.761848031313191, 
    -1.0212363854546438, 
    -0.80660343745666796, 
    2.0949358890025036, 
    0.22481333046044127, 
    1.4313816133091706, 
    3.8771725650086806, 
    4.5081271195018857, 
    1.5733150764041337, 
    -1.6504516952214214, 
    -0.34508460738110397, 
    2.9154896587515946, 
    0.038866719976350286, 
    4.4866918475602793, 
    -0.020598216757202664, 
    -0.28005819096306434, 
    0.10699054425607464, 
    1.5421791794199955, 
    1.2528145341425632, 
    1.9289666008302178, 
    1.9753670830406871, 
    -0.35714170762911868, 
    1.332373677781975, 
    -0.31202483748868914, 
    2.7842459893756333, 
    0.10958443353154966, 
    0.79166549377670348, 
    3.3622217128952316, 
    5.1030278283758523, 
    -1.1298713348584324, 
    2.0325020810684928, 
    -1.0602455590923754, 
    0.19185249803904059, 
    -2.1572198305418371, 
    -1.9144708190434754, 
    -1.8549410246104492, 
    -1.135088587374169, 
    0.20439517042496061, 
    -0.74026120927164951, 
    0.67986030662470653, 
    -0.96314376146754854, 
    -0.10933757407445566, 
    -1.4998236573714683, 
    -1.6887831980548969, 
    1.7608872502181767, 
    1.3947313871543272, 
    -0.52744811309478989, 
    -1.4762930790353939, 
    -1.6077500581377182, 
    0.90712208244147419, 
    -2.7412933220122242, 
    4.0209726442968092, 
    -1.8687575706124677, 
    0.41583605127265194, 
    -0.78086867903233215, 
    -3.1205407430655767, 
    0.62701887044211824, 
    -0.52163841042342241, 
    2.4361920442137412, 
    -2.3243514541988182, 
    -0.79933724011662011, 
    -2.4328936817662012, 
    0.32265688999059017, 
    -0.4171083314759394, 
    5.0588002607984928, 
    0.31752762565886095, 
    0.3209114567068419, 
    0.69507821138986303, 
    0.54074695642214421, 
    -2.4245543258421343, 
    -0.21155327612014888, 
    4.7954267782952833, 
    -2.909971617368118, 
    1.7698153555240395, 
    -0.20659890646448206, 
    4.1295026756498334, 
    -2.8235784280977931, 
    0.24705548194992161, 
    1.4427040865062273, 
    2.9394286549237072, 
    -0.41219254637539199, 
    1.7400025696190526, 
    -0.91052847532888836, 
    -5.0410444635524119, 
    0.73559444080836955, 
    -1.6712187623159767, 
    2.7321923353895929, 
    -2.8004730522594175, 
    -1.0025846521369257, 
    -2.1531906440722413, 
    2.7693881804184097, 
    -0.41718497962772544, 
    7.7209619884573435, 
    -0.39526178218325614, 
    -1.8837841799932904, 
    1.1844911008333692, 
    0.69146425668717582, 
    0.57664010330367388
  ]
}