{
  "log_likelihood": -4555.321373789121, 
  "nlpd": 3.9298787168668916, 
  "rmse": 12.132471649203591, 
  "rbf.lengthscale": 2.642614031988994, 
  "Gaussian_noise.variance": 153.44919591742922, 
  "mae": 9.7555544848423867, 
  "pearsonr": [
    0.30267053724651616, 
    0.00060180369227266219
  ], 
  "rbf.variance": 127.57922546564659
}