{
  "regularization": 10.0, 
  "rmse": 11.626881617989076, 
  "intercept": -0.45394930954995577, 
  "mae": 7.6619637419718671, 
  "pearsonr": [
    0.6479782934041266, 
    3.1650030675502001e-13
  ], 
  "coefs": [
    -0.0098493457693794237, 
    -0.019746343572691987, 
    -0.23712834673597205, 
    0.047968079628133153, 
    -0.27253414208486076, 
    0.17414762504981562, 
    -0.33154892535056257, 
    -0.097903892867462969, 
    0.076411082810568867, 
    0.33946284775862712, 
    -0.040853684745810137, 
    -0.048938423295491508, 
    0.00055570594877829441, 
    -0.070333862106573983, 
    -0.32455616298669177, 
    0.19229298224219715, 
    -0.15334760892975111, 
    0.0098153056758549847, 
    -0.4752668612348917, 
    0.21209015490104585, 
    0.28710623736692903, 
    -0.13085905206521314, 
    0.2123039064324333, 
    0.12763179751064052, 
    0.1817927445158867, 
    0.11036711272772463, 
    0.18494760666341434, 
    -0.018275699420023338, 
    0.14665282148398565, 
    0.35695237387095419, 
    0.24556424509523861, 
    0.097613467768209644, 
    0.30459338518721008, 
    -0.17054783818985089, 
    -0.084092113622966702, 
    -0.081849646140295301, 
    -0.044641463910869032, 
    -0.21974139074250584, 
    0.20434093159344013, 
    -0.033650450588067662, 
    -0.21422655361412002, 
    -0.055645846583520842, 
    -0.14598046330005129, 
    0.10487241603344707, 
    0.036146184106798561, 
    -0.14018659278659726, 
    -0.015651573351854447, 
    -0.016814221003474291, 
    -0.17116059811634943, 
    0.088619691721293373, 
    0.084513130600452083, 
    0.20910204243899341, 
    -0.26203688283531329, 
    0.24826535645471468, 
    -0.020215549857975638, 
    0.13655107755628282, 
    0.17173279808105851, 
    -0.041168041514516779, 
    -0.00015031632942366299, 
    -0.00082179939650501741, 
    0.064496202915561102, 
    -0.23869393375787704, 
    -0.010739219379320562, 
    -0.14844646234877687, 
    -0.038130697908726217, 
    0.14043026047579138, 
    0.30834632211272694, 
    0.082543148985263118, 
    -0.11622610690855339, 
    0.25476939387322095, 
    0.036222900260566765, 
    0.0085091683402406682, 
    -0.18514213331482882, 
    0.28016171048532179, 
    -0.1026844321999659, 
    -0.11088928433781217, 
    0.15053421789114038, 
    0.12288631156577191, 
    -0.28278046478146546, 
    0.299647943929572, 
    0.18897578947459504, 
    -0.18114017235245894, 
    -0.14913969616738218, 
    0.11794502569840003, 
    -0.128414243036548, 
    -0.21001377782228914, 
    -0.067994882327342909, 
    0.085652691926501545, 
    0.1076924427210913, 
    -0.32961087487279039, 
    -0.24170600828125169, 
    -0.16478881732376596, 
    -0.24256597594881207, 
    -0.1117568812786555, 
    0.24752276290753972, 
    -0.15920450901286451, 
    -0.10604939655055511, 
    0.42788623085238464, 
    0.18608125874174558, 
    -0.16186741985896677
  ]
}