{
  "warp_d": 3.8348680200808456, 
  "noise": 1111.9687719709864, 
  "log_likelihood": -3530.8743981126036, 
  "nlpd": -3.9007570136062997, 
  "rmse": 11.944268787965044, 
  "weight_variance": [
    573.81038062840526, 
    241.62101965848063, 
    1428.1541267078769, 
    5.5626846462681369e-309, 
    3017.549857932569, 
    5.5626846462681369e-309, 
    5.5626846462681369e-309, 
    863.80077232435258, 
    5.5626846462681369e-309, 
    5.5626846462681369e-309, 
    1.4176552034678882e-254, 
    1.2411698030106803e-236, 
    5.5626846462681369e-309, 
    5.5626846462681369e-309, 
    575.13616858126227, 
    5.5626846462681369e-309, 
    1.2855235162858898e-242, 
    594.63932655046528, 
    5.5626846462681369e-309, 
    5.5626846462681369e-309, 
    4.4678897778824583e-239, 
    273.99749274115237, 
    640.44991971567742, 
    5.5626846462681369e-309, 
    4.8026888810294336e-284, 
    2.196017663233312e-264, 
    5.5626846462681369e-309, 
    3.248410397887524e-238, 
    5.5626846462681369e-309, 
    1213.5564756684441, 
    5.5626846462681369e-309, 
    0.0066234162280788414, 
    5.5626846462681369e-309, 
    758.07910107009025, 
    5.5626846462681369e-309, 
    5.5626846462681369e-309, 
    519.39927891192883, 
    5.5626846462681369e-309, 
    1742.7468529579796, 
    5.5626846462681369e-309, 
    1319.05021083837, 
    5.5626846462681369e-309, 
    5.5626846462681369e-309, 
    5.5626846462681369e-309, 
    657.03682131418282, 
    5.5626846462681369e-309, 
    9.8882409333387877e-302, 
    5.5626846462681369e-309, 
    9.1771852910272358e-285, 
    5.5626846462681369e-309, 
    1.3970541206695274e-232, 
    5.5626846462681369e-309, 
    381.80416552140787, 
    5.5626846462681369e-309, 
    2.7686556743896657e-203, 
    988.0751633278968, 
    1157.9092431633073, 
    5.5626846462681369e-309, 
    1869.6212367583794, 
    1.7344097541447778e-109, 
    5.5626846462681369e-309, 
    5.5626846462681369e-309, 
    216.71889458615104, 
    1108.0481172250038, 
    7.0015588973925319e-255, 
    5.5626846462681369e-309, 
    453.55862685259513, 
    4502.1030575980003, 
    5.5626846462681369e-309, 
    2.0792327416998215e-209, 
    1099.7466676240699, 
    3.2289871289141866e-109, 
    3921.3941370314697, 
    965.16241759418187, 
    5.5626846462681369e-309, 
    9.0677116814499723e-297, 
    5.5626846462681369e-309, 
    949.22922452293108, 
    5.5626846462681369e-309, 
    1.5023567907904341e-215, 
    1508.3646370640397, 
    3069.4049194977547, 
    2.2386445058317683e-229, 
    1.3351011016213487e-267, 
    6.507521676961649e-89, 
    5.5161321547662327e-139, 
    3.6455650614339887e-154, 
    5.5626846462681369e-309, 
    5.5626846462681369e-309, 
    210.29934468484186, 
    1462.2147223656907, 
    5.0984671537699592e-271, 
    2323.2635188480631, 
    5.5626846462681369e-309, 
    5.5626846462681369e-309, 
    5.5626846462681369e-309, 
    1545.6313874572559, 
    1511.6000154831422, 
    5.5626846462681369e-309, 
    763.04754115158983
  ], 
  "bias_variance": 7210.071096660411, 
  "mae": 9.002208935295597, 
  "pearsonr": [
    0.4940149580265345, 
    1.758160063587046e-07
  ], 
  "variance": 6140.029169487715, 
  "warp_psi": [
    [
      5.5626846462681369e-309, 
      3.7494222830784687e-63, 
      -742.65023287516283
    ], 
    [
      5.5626846462681369e-309, 
      2.2222322878285134e-10, 
      2998.5483335611611
    ], 
    [
      5.5626846462681369e-309, 
      5.5626846462681369e-309, 
      -182.55118801242966
    ]
  ]
}