{
  "warp_d": 0.14392723386311204, 
  "noise": 1.039062289897215, 
  "power": [
    0.048463243977427475
  ], 
  "nlpd": -3.8783313555443373, 
  "rmse": 11.645163343479942, 
  "lengthscale": [
    0.44625178260358755
  ], 
  "mae": 8.7852611638697553, 
  "pearsonr": [
    0.51169132140262452, 
    5.3019464598249645e-08
  ], 
  "variance": 18.777612887561276, 
  "warp_psi": [
    [
      3.7425907053434287e-06, 
      0.24777444551301911, 
      1.0084196699016812
    ], 
    [
      1.8345350031601453e-12, 
      6.6903680483828767, 
      9.2230709422530399
    ], 
    [
      2.729472179134193e-07, 
      7.1546781129601653, 
      1.3591161829913412
    ]
  ], 
  "log_likelihood": -3557.981051414732
}