{
  "warp_d": 0.2279836839172859, 
  "noise": 2.77941120032195, 
  "log_likelihood": -3647.882638574959, 
  "nlpd": -4.0148305405959626, 
  "rmse": 13.438598418084544, 
  "lengthscale": [
    7.8014421828758937, 
    1.7810050840886174, 
    1.4275375035697777, 
    3.8992372168633933, 
    11.058369875737604, 
    1.4441732214933243, 
    9.5972191082284564, 
    10.600911089609657, 
    11.016309261732591, 
    1.7946874755292543, 
    8.8207848118623637, 
    7.1864612772455532, 
    11.488944479033913, 
    7.2128210915189923, 
    13.045162353257419, 
    11.48604185372557, 
    2.552561315313695, 
    11.246986838234815, 
    10.771202806187409, 
    8.4386896655415971, 
    6.4075806258911063, 
    8.9312619686438079, 
    10.62437005807597, 
    13.795676185314017, 
    10.839584574217726, 
    7.2087457930781271, 
    10.577800784943085, 
    2.8080919936551951, 
    2.0680473286441283, 
    1.9542190672365196, 
    10.66687816531981, 
    5.9310021437039877, 
    6.730196098495715, 
    11.580138742993967, 
    7.9316890951184256, 
    1.9379627832938158, 
    11.411473585180602, 
    2.6229238218749571, 
    6.4102915521069566, 
    8.0175776365845408, 
    2.2033442247963055, 
    9.1251064837701321, 
    10.53906321934522, 
    11.658692744499403, 
    1.4566207760545486, 
    8.1594183818184245, 
    1.4865753576071046, 
    7.1351604168666292, 
    12.034311198072896, 
    11.395654513769895, 
    2.64585686034295, 
    6.6198019279850646, 
    9.6451063952327161, 
    4.3436009194953868, 
    2.1499705192728258, 
    17.405128892836817, 
    2.8405928820122144, 
    8.0576268463249114, 
    10.79941567965343, 
    12.608802293373726, 
    12.859611751469123, 
    9.2641797209397616, 
    8.6515574587876429, 
    7.2352470253488592, 
    13.058005464766572, 
    0.85570833448584072, 
    9.488874831895231, 
    11.069172623250871, 
    8.7584892777450936, 
    1.6220094643481229, 
    1.8389294931609277, 
    0.78669614751043793, 
    8.6938104479272038, 
    13.818938651238945, 
    1.5356196681262519, 
    7.8111134639901749, 
    2.5519997420422, 
    8.557521873158624, 
    10.845512515785019, 
    1.1183932184315637, 
    0.78803053509681764, 
    2.0284854167655082, 
    1.8271396896766716, 
    4.6483111111589972, 
    13.192652611990399, 
    10.981705241181116, 
    1.6710439662884045, 
    13.296420270537817, 
    1.2992578885363275, 
    12.914422856555817, 
    1.6671245794056324, 
    1.1762238569809318, 
    1.5910064674061353, 
    11.759528155272125, 
    5.2561084340564186, 
    7.6315977254115843, 
    8.1169618462932576, 
    10.316592413736496, 
    12.048627395330982, 
    1.4955502280666979
  ], 
  "mae": 10.167610458042452, 
  "pearsonr": [
    0.67657911120661252, 
    1.109969109711569e-14
  ], 
  "variance": 29.931596523809624, 
  "warp_psi": [
    [
      2.2873924771052126e-14, 
      7.3168257037836621, 
      56.966875657606579
    ], 
    [
      2.4264592406281732e-15, 
      0.38245624552752427, 
      0.16248094599110086
    ], 
    [
      1.2927468693131542e-18, 
      1.9912642427678084, 
      3.1811045462846268
    ]
  ]
}