{
  "regularization": 100.0, 
  "rmse": 12.473683525313495, 
  "epsilon": 1.0, 
  "mae": 8.8919471397714727, 
  "pearsonr": [
    0.75937121417561626, 
    5.3725422055970303e-20
  ], 
  "gamma": 0.10000000000000001
}