{
  "warp_d": 0.04054673593422272, 
  "noise": 0.033252584678186786, 
  "power": [
    0.0045569625077920631
  ], 
  "nlpd": -3.6815121918736935, 
  "rmse": 9.4435234094731069, 
  "lengthscale": [
    2.8737341825796978, 
    2.8411016969975229, 
    0.92588250206515854, 
    2.5652571352795972, 
    3.0470269256624025, 
    1.2083770623871763, 
    0.18654935956771598, 
    0.33867125025050798, 
    1.8211399549446141, 
    0.43030353582534464, 
    2.9764883116803835, 
    2.7854413803801954, 
    1.4611997786408673, 
    1.0407270094617251, 
    0.26257439371930041, 
    0.17262858214225266, 
    0.56050780838867564, 
    2.133543105539724, 
    0.20435740718932777, 
    0.65040684097993695, 
    0.20498015138990877, 
    2.6737628875826243, 
    1.6325927631817221, 
    0.20588396263855391, 
    2.8020081739058802, 
    2.4466950524040176, 
    1.1973195907457159, 
    1.7145301032044702, 
    2.5879871528370044, 
    0.37926960186153985, 
    0.57446932937305217, 
    0.29475792224857084, 
    1.8762802801796497, 
    0.69166196180402795, 
    2.7022863744193515, 
    1.6668493893871874, 
    1.6310730180342037, 
    2.944490976427848, 
    2.6830870358561034, 
    1.3711866305140707, 
    1.052384271951968, 
    2.2446703212097114, 
    3.1325653245324623, 
    2.9947085627654255, 
    1.8124539610518942, 
    1.6172063561958783, 
    3.137983263881337, 
    2.2971553880845597, 
    2.4532170586502482, 
    0.72765430636909534, 
    2.8480857996221332, 
    2.757834262773434, 
    0.75042588451492664, 
    0.6207163739520668, 
    2.8166035494876467, 
    1.4857979335651805, 
    3.1656020300745653, 
    3.2451803619894397, 
    1.0912578680508342, 
    2.6857919495167688, 
    0.17783287619088972, 
    2.9582690815473667, 
    2.6156110096530072, 
    1.4947912325353852, 
    2.743066306242385, 
    0.77245513580916292, 
    0.98193416543700196, 
    0.62043682539463263, 
    3.1985643590194579, 
    0.76263893320696563, 
    2.6336585772068273, 
    2.2832036452822244, 
    2.5008798228433831, 
    0.96744439064496146, 
    0.41083184911338883, 
    2.5959237100105002, 
    0.24182303303344893, 
    0.49059541152649688, 
    0.60520139615641322, 
    0.3416227347224573, 
    2.2002833830440616, 
    0.20531908831973131, 
    1.8475887869787742, 
    1.7036487297224086, 
    2.8610117332397293, 
    2.1781012337009598, 
    2.3623155279549719, 
    2.9915469112700164, 
    0.72383761293140481, 
    0.77435999802340927, 
    1.202412579575544, 
    2.2075953698721591, 
    2.3335953418046014, 
    2.2086146578911512, 
    0.43819414901912207, 
    0.70029222268092395, 
    3.1782297059504163, 
    0.19960044418463768, 
    1.4536679110659416, 
    2.0205119253398136
  ], 
  "mae": 6.5622150930110088, 
  "pearsonr": [
    0.61883132952296016, 
    6.8002756101255801e-12
  ], 
  "variance": 15.76459060247756, 
  "warp_psi": [
    [
      1.8507092822604091e-07, 
      0.047547240166860419, 
      -1.3963446317102306
    ], 
    [
      2.3765482147442377e-06, 
      1.2562248412948285, 
      0.55100634519935354
    ], 
    [
      2.0531844630096951e-07, 
      0.25334791643066534, 
      0.22060191785792102
    ]
  ], 
  "log_likelihood": -3358.6832393234527
}