{
  "regularization": 10.0, 
  "rmse": 10.557662117624231, 
  "intercept": 16.846222702860725, 
  "mae": 8.5973721646133185, 
  "pearsonr": [
    0.2875342830394611, 
    0.0037231489746767737
  ], 
  "coefs": [
    5.8790653862638074, 
    1.9296598349156937, 
    -2.4937863351748688, 
    3.1462100816910508, 
    -3.7060235255430971, 
    1.0356991377902149, 
    2.3233320240055066, 
    5.5329212589528378, 
    0.75607257745715795, 
    -1.6909100395999499, 
    -2.0131434643818746, 
    -1.6804713840686494, 
    1.072613626323474, 
    0.23629110925175925, 
    4.7930863534220975, 
    -0.24112275692454038, 
    -0.64604691547933546, 
    1.7395563722288501, 
    2.923969050529887, 
    0.72680238440313916, 
    0.21705502033231808, 
    1.6813177249292619, 
    -2.4330556611931504, 
    0.49163006117046876, 
    -1.100306859889852, 
    -0.9354268125359213, 
    0.44220354833802328, 
    -1.8181736784809341, 
    0.80651810178838201, 
    -2.2982599584681243, 
    1.8458357848865024, 
    1.6320290967131672, 
    -4.2896934515839806, 
    -4.9612715872542381, 
    0.85301140293374234, 
    0.078816227796635774, 
    -2.5133337871519883, 
    0.19086301521406027, 
    2.573675771662292, 
    2.0262020004647083, 
    -4.2633430509898842, 
    0.36798861556078222, 
    0.62407158485578984, 
    -1.6087715198755874, 
    -3.6020586379218216, 
    0.56989397000699282, 
    0.27512478572620175, 
    1.845696393279062, 
    0.45699464552042929, 
    -0.24928709702284629, 
    2.5874312790949716, 
    0.11926368712315569, 
    3.5866854578996481, 
    1.1649577742223691, 
    -1.9092591479597167, 
    -0.48580149873063416, 
    -3.6455326329054802, 
    -0.12914095923826327, 
    1.6845969601152362, 
    -3.6154146803874614, 
    -2.2449556674771758, 
    1.599282347904899, 
    4.3624326469107384, 
    0.51465755953860626, 
    1.472280960695761, 
    -0.16172775685342319, 
    5.350920720806335, 
    -6.4180093560288594, 
    1.5566406647419502, 
    -0.28515351501727904, 
    8.0324492836767121, 
    -0.58933291790649944, 
    2.0513706629234112, 
    3.3505228397731934, 
    -1.2599877388283449, 
    2.3732072835448488, 
    1.5361844832984755, 
    -3.6525974395494218, 
    1.0332779488755748, 
    -1.375373577311946, 
    -3.5275664046859001, 
    -3.9258141772438346, 
    -1.7186190518109379, 
    -1.180283898018029, 
    -0.81220032876653125, 
    3.8613100520936587, 
    3.0664241804368415, 
    1.181552600684463, 
    -0.82190368435968553, 
    2.2613053336476483, 
    2.9584200101590299, 
    -0.23558458560981343, 
    4.9411381719052558, 
    -0.80025359839811994, 
    0.27035824440642342, 
    -0.96704790347216341, 
    -5.3811821084770317, 
    -4.5145425511780433, 
    0.66433426177238308, 
    -1.4922223313432812
  ]
}