{
  "warp_d": 0.026737289232590774, 
  "noise": 0.24912834286697436, 
  "log_likelihood": -1042.9765936439612, 
  "nlpd": -0.15778667373524358, 
  "rmse": 828.98388558195484, 
  "lengthscale": [
    261.62055277755672, 
    273.95254447867831, 
    314.1734064774048, 
    282.69621378109741, 
    264.87194902163913, 
    349.7092787862004, 
    277.73947011073091, 
    295.08228870398398, 
    316.78610600353591, 
    293.11103796152366, 
    275.06551325329514, 
    214.15529617149963, 
    317.93984599114538, 
    262.73314400198626, 
    224.29034943617691, 
    296.85761667248903, 
    276.92487978009035, 
    295.09903379204326, 
    341.481186740814, 
    295.72635632319316, 
    324.42874403028645, 
    235.2798658334838, 
    285.98512812967311, 
    302.52073784934049, 
    280.81264259285285, 
    292.57923399795266, 
    267.72302304506781, 
    277.97509055210833, 
    301.74178742424454, 
    101.37077499272678, 
    232.26381732370945, 
    314.27052191101205, 
    155.6192676703449, 
    249.57667735140569, 
    319.10330173885205, 
    268.95908604212576, 
    283.96663314354578, 
    245.28339183488941, 
    326.98622957898846, 
    209.65915615095281, 
    265.86580174256375, 
    284.7813183139728, 
    304.16586351783235, 
    260.28589719278716, 
    266.5269124913591, 
    284.6233097553415, 
    298.37152422206015, 
    222.41271581129951, 
    293.62227386963957, 
    244.31013574960639, 
    301.64162761862843, 
    219.0368130944521, 
    212.21760647214549, 
    295.31588638542502, 
    275.58707686432086, 
    534.51736722194721, 
    317.64631383204045, 
    320.42254210413574, 
    409.81549806641556, 
    211.624781112368, 
    226.70766265071393, 
    366.54455701171668, 
    266.8618057701438, 
    363.43608027191448, 
    239.23181830253873, 
    224.23094819034301, 
    317.79818125605118, 
    289.01410962982169, 
    312.93600519319142, 
    329.11796986574279, 
    237.46496544615229, 
    212.10453266757241, 
    265.78945708634967, 
    289.81907863697847, 
    258.79070806581478, 
    285.29825924549874, 
    307.29307262509877, 
    236.66172195833801, 
    309.74606830950682, 
    251.96959376676068, 
    210.79239549724406, 
    230.02449921895061, 
    267.94371878690697, 
    191.35668523720474, 
    364.0957244020733, 
    242.8107502645997, 
    316.02964304996999, 
    277.9869274847797, 
    245.6317488063367, 
    302.35061897319105, 
    298.92497752171926, 
    207.98457958563, 
    241.94556146011033, 
    252.63013798931138, 
    352.67153518870651, 
    270.9447702963858, 
    241.55659816968247, 
    319.82388349872764, 
    232.0174538739536, 
    231.5649456537891
  ], 
  "mae": 512.00250053534421, 
  "pearsonr": [
    -0.29592400265870189, 
    0.0027962624276389159
  ], 
  "variance": 1557.358009686139, 
  "warp_psi": [
    [
      8.0885473162321419e-119, 
      4.2928446820590919e-139, 
      -464.01934242179357
    ], 
    [
      917.20078971573378, 
      2919.2222915524394, 
      0.001370183087983805
    ], 
    [
      5.5626846462681369e-309, 
      0.015757261912248337, 
      -3.1076063826492399
    ]
  ]
}