{
  "noise": 51.26437519408915, 
  "log_likelihood": -3261.836520847387, 
  "nlpd": -3.4526451584683211, 
  "rmse": 7.4772631951382573, 
  "weight_variance": [
    4149398.7355689504
  ], 
  "bias_variance": 5.562684646268137e-309, 
  "mae": 4.9730025144285808, 
  "pearsonr": [
    0.71523246514966987, 
    6.2889408286472819e-17
  ], 
  "variance": 85.82958327438355
}