{
  "pearsonr": [
    0.52632393260800414, 
    2.9012782475117491e-10
  ], 
  "nlpd": 3.7133824469144425, 
  "rmse": 9.9474686717331409, 
  "Gaussian_noise.variance": 38.902716501160015, 
  "mlp.variance": 227.64102049991908, 
  "mlp.weight_variance": 301346.12912861316, 
  "mae": 6.8879618751013378, 
  "log_likelihood": -4230.256031632735, 
  "mlp.bias_variance": 115969.7669499838
}