{
  "pearsonr": [
    0.75864808112437798, 
    1.2163672427277509e-24
  ], 
  "nlpd": 4.0852677777115058, 
  "rmse": 14.036415872332869, 
  "Mat32.lengthscale": 2.1576444300236917, 
  "Gaussian_noise.variance": 59.09667941432482, 
  "mae": 11.229753906627469, 
  "Mat32.variance": 529.6723424872025, 
  "log_likelihood": -4829.4700198779165
}