{
  "warp_d": 0.08462376783622678, 
  "noise": 0.25592273362606827, 
  "power": [
    0.074850341326608186
  ], 
  "nlpd": -3.8784121373610669, 
  "rmse": 11.719116733204439, 
  "lengthscale": [
    0.72144599873873594
  ], 
  "mae": 7.6130334987026522, 
  "pearsonr": [
    0.83630413907257528, 
    2.5242991365615787e-27
  ], 
  "variance": 11.278678528638569, 
  "warp_psi": [
    [
      4.6677385259518102e-06, 
      4.8316575595589049, 
      -0.61929203972293068
    ], 
    [
      1.9884217877975051e-06, 
      0.083059026207313105, 
      -0.34890431522481069
    ], 
    [
      1.6089056339969644e-05, 
      0.70332925441951355, 
      2.1109096802852125
    ]
  ], 
  "log_likelihood": -3698.8794594390984
}