{
  "noise": 37.96566996481464, 
  "log_likelihood": -3864.4569220886815, 
  "nlpd": -4.3219440295264659, 
  "rmse": 18.96505568241999, 
  "weight_variance": [
    3041353.8044969253
  ], 
  "bias_variance": 222727098.72994938, 
  "mae": 14.221858487283866, 
  "pearsonr": [
    0.54946517075872903, 
    3.2162467741709819e-09
  ], 
  "variance": 2175.1758780078067
}