{
  "noise": 0.34985402706389734, 
  "log_likelihood": -1121.4632247230368, 
  "nlpd": -250.8654881300549, 
  "rmse": 10.132130304216572, 
  "lengthscale": [
    1.0497691537234011, 
    0.85723754430339738, 
    0.95070769656826792, 
    9.5213104718755019, 
    0.74859529866111241, 
    35.319252046002127, 
    18.964616731279705, 
    0.98752633466672468, 
    0.62698516418615635, 
    0.51054752248296631, 
    31.99707489909364, 
    0.56017872920198608, 
    15.712982903100706, 
    31.215220638859929, 
    1.145855548275019, 
    21.59538491473916, 
    22.307598178271004, 
    10.048528649044931, 
    20.475475720260921, 
    32.221593268268329, 
    14.556999209276928, 
    20.124329349399627, 
    16.942946875065921, 
    19.457056203543047, 
    26.116599257154732, 
    20.522143403327721, 
    0.89554923423100807, 
    21.628504810724021, 
    24.727002124921782, 
    0.43704101755198888, 
    13.764409342816759, 
    0.66431343212971372, 
    19.155660329770036, 
    1.1937439040321718, 
    23.435324889341292, 
    18.327823137018655, 
    0.82851083931972325, 
    18.811775003751062, 
    0.97159875187749489, 
    0.59245373831329096, 
    0.74901592330695754, 
    15.663717549933352, 
    32.200711342786143, 
    22.138963219797695, 
    1.0036902754215449, 
    28.234969417521967, 
    31.730783319239375, 
    16.787658671766426, 
    20.910374959329179, 
    37.381721157427521, 
    24.513917789807806, 
    31.624148122307481, 
    28.881709592764704, 
    10.325744135886604, 
    17.285813458727045, 
    61.646170710268287, 
    1.0497075763974202, 
    31.269434030516653, 
    41.214263320287351, 
    7.9377008236030928, 
    36.787261912169107, 
    9.3204798190907425, 
    1.7758815891093431, 
    1.069136012766996, 
    1.3250637222068646, 
    22.354267067222043, 
    10.423985703258225, 
    0.65843379023129645, 
    20.114978902872572, 
    16.487083123976809, 
    1.3613447195052806, 
    0.57295365340078552, 
    0.76717952785779697, 
    23.363985836049697, 
    17.514357378888914, 
    33.77447179578563, 
    11.995872485710048, 
    7.2131507166100297, 
    28.45685126692489, 
    18.809774495565186, 
    16.236860395186834, 
    1.6915953016448291, 
    18.759488004761224, 
    26.148304119260352, 
    21.557487949933282, 
    11.775561721300649, 
    29.003906834583894, 
    26.617742550495464, 
    25.921345532641158, 
    1.9913420800849191, 
    0.62815566340587226, 
    11.878866367320139, 
    0.77414123089451825, 
    26.734411758877542, 
    9.612928742230979, 
    18.234030995115972, 
    0.77228539198491275, 
    0.99300610373423215, 
    26.537302812508351, 
    26.194219012136681
  ], 
  "mae": 8.2152507997904749, 
  "pearsonr": [
    0.37842281093357033, 
    0.00010357874279076961
  ], 
  "variance": 0.5934902349502563
}