{
  "warp_d": 0.1715457511891654, 
  "noise": 4.558164303706764, 
  "log_likelihood": -3742.146672128521, 
  "nlpd": -3.9266384665907257, 
  "rmse": 11.903499611532702, 
  "lengthscale": [
    3.3698598680632643
  ], 
  "mae": 9.347782525171251, 
  "pearsonr": [
    0.74053942083176227, 
    1.3036798151905341e-18
  ], 
  "variance": 16.66140000378431, 
  "warp_psi": [
    [
      2.0089484678826707e-06, 
      8.9619350713976864, 
      5.005573390860472
    ], 
    [
      1.0648801643957111e-05, 
      2.485717975215386, 
      3.6538980751886307
    ], 
    [
      1.3923955006653163e-09, 
      0.84807493006830426, 
      -1.2374154893359388
    ]
  ]
}