{
  "noise": 145.72458625948553, 
  "log_likelihood": -3565.3485863948526, 
  "nlpd": -4.0806359775610996, 
  "rmse": 14.071232177898271, 
  "mae": 11.419345407116246, 
  "pearsonr": [
    0.43472182686036664, 
    6.2012277196346397e-06
  ], 
  "variance": [
    66.882898932089716, 
    19.879743348944697, 
    15.847450837258606, 
    9.5151809961472313, 
    33.804937822849574, 
    8.9726503716652212e-05, 
    3.1585013019595314, 
    25.399065588327232, 
    1.0195325718071877e-05, 
    2.4067174260962791, 
    19.643991713810987, 
    1.1445517230403916e-05, 
    1.0745590354550136e-05, 
    4.9127160745669203, 
    44.044567070031697, 
    1.1735700644131287e-05, 
    1.7004103506417161e-05, 
    2.4294269699237048, 
    6.9240305431476852, 
    3.3644709188105565e-05, 
    2.9357573415670351e-05, 
    1.7277908292013099e-05, 
    15.169645292383445, 
    1.0768993674273297e-05, 
    1.1439165431432406e-05, 
    1.0165202057383331e-05, 
    1.5529511514603433e-05, 
    17.262524495760637, 
    5.9487640509315582, 
    33.101033744871465, 
    1.1366126652829167e-05, 
    1.8326781886050008, 
    52.900295953175863, 
    18.347716561652277, 
    1.7991392818602734e-05, 
    1.1053377820688188e-05, 
    15.192940781759612, 
    1.3553350607965223e-05, 
    2.3213671402758537e-05, 
    1.398566171690124e-05, 
    45.14316344248207, 
    1.3623549499910987e-05, 
    2.2628316823502774, 
    5.0910207402958081, 
    46.2564582283212, 
    2.3168794473761219e-05, 
    9.9704852851812612e-06, 
    1.1142897689156199, 
    16.479011521851834, 
    1.2270606569349196e-05, 
    1.3533977151249061e-05, 
    1.4443517133665604e-05, 
    13.916051181419197, 
    16.034471372448785, 
    1.1134173091489337e-05, 
    14.914637297894336, 
    36.58052949353916, 
    1.2373044125185902e-05, 
    24.612244840391764, 
    3.2163693777547508, 
    0.00019313749832904111, 
    16.206333531269635, 
    24.940581415803869, 
    2.959374530502944e-05, 
    2.9958787009706421e-05, 
    1.6807090086226724e-05, 
    34.715599825300494, 
    67.999255658941067, 
    1.9393519671244837e-05, 
    1.5606253637087789e-05, 
    88.73609597144069, 
    2.864897788447871, 
    7.5767378563475592e-05, 
    18.235275939695548, 
    14.478330633733846, 
    23.119096503079607, 
    5.5387844957228278, 
    34.89299620104989, 
    1.2383802589201604e-05, 
    1.5212479212210305e-05, 
    1.2048915989906762e-05, 
    52.095153142766002, 
    1.9468381373486804e-05, 
    2.939520813163851e-05, 
    1.0696174403155574, 
    11.54170871531416, 
    25.656779887890107, 
    1.1188819836054108e-05, 
    1.5432968320676925e-05, 
    10.266685570929509, 
    14.333982322043235, 
    1.4792192504385477e-05, 
    22.173972160515405, 
    1.3550086150643242e-05, 
    9.8690729318253009e-06, 
    0.00014828607521653626, 
    41.075834800165964, 
    34.231346212926304, 
    1.9059272089335439e-05, 
    14.552327837140771
  ]
}