{
  "noise": 152.7417993665809, 
  "log_likelihood": -3789.7583092914647, 
  "nlpd": -4.4275514751972453, 
  "rmse": 19.068480320748225, 
  "lengthscale": [
    14.512297089653343, 
    17.450128894736299, 
    16.840530112389501, 
    18.596244595195952, 
    2.5815768425839458, 
    1.8768637660053311, 
    0.80444248688312725, 
    17.269133982591583, 
    1.8297380559399583, 
    12.653311428935105, 
    18.826457744098796, 
    1.2470330888779917, 
    1.1431480857872931, 
    19.822974000455712, 
    24.789873427855408, 
    20.161082640119268, 
    9.2724844843980936, 
    18.030705427285174, 
    15.830337265355841, 
    1.1777394939336299, 
    1.7803115752358694, 
    11.204732025504368, 
    1.016566333825089, 
    10.789817952968463, 
    18.829166814524054, 
    17.251709097280283, 
    16.408765995187341, 
    1.7896721128282147, 
    17.258777996888846, 
    1.1448039922966031, 
    1.2789325740336295, 
    16.137228639134356, 
    14.516481013954062, 
    16.199983727887894, 
    1.8183455398687935, 
    1.090778697822373, 
    16.521530413203006, 
    18.567581363078318, 
    16.025249212364447, 
    11.847368288641064, 
    3.3471548726554876, 
    3.6124936283190898, 
    18.114658092204969, 
    29.403758968403132, 
    4.8012909039317995, 
    7.7955787272560775, 
    21.047878085750039, 
    2.345762110375059, 
    0.88458939710937956, 
    8.8669231688802288, 
    16.460959727405999, 
    15.887176013738566, 
    9.4659537896253472, 
    15.268155403822009, 
    12.559812774543561, 
    18.712590281082729, 
    15.45892413982221, 
    20.081860417647377, 
    21.686640449108896, 
    2.2840675918558055, 
    35.168366160546199, 
    12.621509458568536, 
    17.627696218426671, 
    7.2596768249061157, 
    0.91495813241299839, 
    14.420660756270836, 
    18.141399866040626, 
    15.535153463103306, 
    15.90907713866282, 
    14.376815495659473, 
    18.375218269595052, 
    1.4794769204430238, 
    16.208159003795807, 
    1.5051202568803617, 
    1.6496488895150967, 
    0.8381027523474005, 
    16.38509242929894, 
    12.223086486925911, 
    2.6377573153542979, 
    14.48839517651618, 
    3.8204281204785753, 
    1.690023013592957, 
    16.96726530886, 
    16.346765353338842, 
    25.044518222581981, 
    51.58757414960683, 
    7.5088722524188896, 
    22.958286486025699, 
    9.4614512010355529, 
    4.2553999015197892, 
    0.83845332829220176, 
    6.4597137876205206, 
    1.7828165401566771, 
    2.9171206519789625, 
    3.5671864335929042, 
    3.6450523129812598, 
    0.90310806255400888, 
    2.8495699166417139, 
    0.90684754380596488, 
    1.6353708265705929
  ], 
  "mae": 13.450384831371139, 
  "pearsonr": [
    0.50495979899549459, 
    8.4367669034183161e-08
  ], 
  "variance": 320.10542325639403
}