{
  "noise": 6.409987410886324, 
  "log_likelihood": -3105.68374084773, 
  "nlpd": -3.9487880285723587, 
  "rmse": 10.821935148773825, 
  "lengthscale": [
    10.712014829032048, 
    2.2431943856603502, 
    11.280466931345869, 
    0.59187352948967875, 
    11.006331159091335, 
    2.2647485530876552, 
    0.47396394656821095, 
    10.253228071065598, 
    24.390208013183631, 
    0.65408489926139035, 
    5.7177400983307836, 
    10.717295802617707, 
    4.6652814996412868, 
    9.7503953756871127, 
    8.9549318159510136, 
    0.31701627409747307, 
    7.2444701040355399, 
    5.3730841430574809, 
    8.4437860376700833, 
    6.4969933411493326, 
    6.7857872259253877, 
    6.5194358315987637, 
    10.10449736777321, 
    8.7159057062322134, 
    19.935835565788548, 
    7.1972682912009764, 
    1.1136155145327404, 
    0.61856667575023783, 
    9.5210829870743172, 
    0.46252224608196013, 
    0.52854958235530791, 
    8.4093384599180396, 
    5.6125110566990291, 
    8.7627116408984591, 
    9.7063993200731034, 
    1.455500014823135, 
    1.4271332979457505, 
    1.0180931048944322, 
    7.2753218205896717, 
    12.117711786549938, 
    6.8748772550530894, 
    10.317365671400083, 
    11.54200223879138, 
    6.5186785219517152, 
    9.6241126665811176, 
    7.0264257607281735, 
    7.8076873383101439, 
    0.93009885777806911, 
    7.921563237946434, 
    1.3577242149585294, 
    10.533926028982066, 
    7.7552058757448314, 
    0.98148899821350422, 
    6.4531775650589962, 
    0.609219364384605, 
    15.419075102696159, 
    9.4134646503676134, 
    4.6160073395346197, 
    9.3186785588335255, 
    10.920019600353001, 
    17.097254837397355, 
    11.19886460232831, 
    11.003828685729991, 
    2.0903902813748623, 
    10.975172947429359, 
    4.4956577719243631, 
    1.429468348844106, 
    9.8599588444026978, 
    9.3228066919642583, 
    1.8669510897736237, 
    14.981058525645443, 
    0.44311450374582373, 
    8.272052437291487, 
    1.6693560998264068, 
    1.4780621793802817, 
    8.6422820933032103, 
    0.26387065428502715, 
    2.1706972889219034, 
    8.3819868676348985, 
    1.4904024582740039, 
    6.9401906751870612, 
    8.3619644833268865, 
    10.401151862133009, 
    8.3734011648151778, 
    10.021361387691146, 
    8.4120834605162784, 
    8.8938486207712302, 
    1.0104133667246873, 
    9.7576738389654274, 
    9.2993791156606598, 
    7.4337844071862857, 
    10.082139617389105, 
    21.674052499427379, 
    11.174304920543856, 
    0.90829268959664722, 
    9.8645486807381424, 
    0.48198289619590778, 
    1.2474352952066043, 
    10.722206489657649, 
    9.8981627911996544
  ], 
  "mae": 6.2852682273941776, 
  "pearsonr": [
    0.50838177036969501, 
    6.6705988631681198e-08
  ], 
  "variance": 79.89463536386967
}