{
  "noise": 121.97997967309442, 
  "log_likelihood": -3833.157039026987, 
  "nlpd": -4.4462071006583423, 
  "rmse": 20.286563218613832, 
  "lengthscale": [
    2.8789101085878541, 
    2.774075109806307, 
    1.1420165385062637, 
    2.1206625661968719, 
    1.366647462283866, 
    1.4195954911016435, 
    5.634843274752658, 
    18.40001176814317, 
    1.6324076158151977, 
    1.2753610493194198, 
    14.209177694004969, 
    5.0248365847700445, 
    3.7495130803277745, 
    16.890773902941245, 
    43.730296068807796, 
    27.306788195021479, 
    38.932787714350091, 
    0.92634349445661135, 
    20.229693182527434, 
    16.994587354361837, 
    1.718129280774745, 
    1.3114562318656187, 
    16.916021029536566, 
    19.055116973847273, 
    12.003559465196382, 
    17.999276151485883, 
    10.50398568847668, 
    1.0006640065254646, 
    17.473250605005092, 
    1.0400853995395949, 
    1.5909507626705572, 
    19.787341668703945, 
    22.161497936503917, 
    15.918247056840466, 
    6.5274321080770648, 
    72.364335677330473, 
    3.8960822110698698, 
    19.073899719328946, 
    15.88051158376857, 
    1.0281997641988667, 
    0.97735045316340163, 
    17.383268435988548, 
    2.5175989894161099, 
    15.507758168180908, 
    2.1591179639750133, 
    20.323036462389162, 
    14.625822031946953, 
    18.879475269267491, 
    18.483870889681249, 
    20.261907758715164, 
    0.82448299039935158, 
    10.32023433046824, 
    35.365632334070611, 
    20.716249153446093, 
    16.397166077681305, 
    28.305072363181225, 
    47.053152232544058, 
    10.272977914630218, 
    19.807684065039243, 
    4.9946950547015581, 
    2.9460665485802338, 
    0.77090035450705341, 
    18.393687054409849, 
    11.016208962993542, 
    9.6338655847188992, 
    18.649491137088077, 
    11.235251913217004, 
    59.668871789156242, 
    1.1563715899593514, 
    1.057488855527958, 
    0.7957412599575665, 
    5.9686421682796675, 
    12.467599977031179, 
    20.441584559279661, 
    20.789369122944684, 
    17.150182772703133, 
    9.399068869731046, 
    17.318239442259166, 
    16.973063956340418, 
    0.70756887515884204, 
    2.1696676671617632, 
    1.9642376713079241, 
    4.4833411635894214, 
    21.991438928919674, 
    20.176986662336066, 
    10.233924934742685, 
    1.3093410168444186, 
    26.941201668534958, 
    41.474395059068527, 
    21.397180260807815, 
    15.925889657541353, 
    13.849034425658918, 
    14.234034934682578, 
    21.160129673381366, 
    2.018857140832111, 
    4.1629242305697192, 
    28.117971480257815, 
    14.966159377142224, 
    16.805724090469923, 
    1.0725397153364959
  ], 
  "mae": 15.172719011500874, 
  "pearsonr": [
    0.45486046297996907, 
    1.9913447924382741e-06
  ], 
  "variance": 336.5736225268513
}