{
  "warp_d": 0.1756282029184014, 
  "noise": 3.8722680428142486, 
  "log_likelihood": -3577.4064256864567, 
  "nlpd": -3.8897265082752472, 
  "rmse": 11.852055489407865, 
  "lengthscale": [
    4.8778917267095556
  ], 
  "mae": 8.887403723045276, 
  "pearsonr": [
    0.48306537513520342, 
    3.5739026870954131e-07
  ], 
  "variance": 8.972126799938609, 
  "warp_psi": [
    [
      2.0049658917424507e-07, 
      7.1259338440345923, 
      2.7953571207705341
    ], 
    [
      3.2441192674693772e-07, 
      0.15949327455915813, 
      0.5128649024617673
    ], 
    [
      3.9471706832898629e-06, 
      0.00026154827915254836, 
      0.77537326641621618
    ]
  ]
}