{
  "warp_d": 0.3041285943749103, 
  "noise": 27.33670978338584, 
  "log_likelihood": -3884.958523196351, 
  "nlpd": -4.3980215689867173, 
  "rmse": 19.467991680417835, 
  "mae": 15.678606013111327, 
  "pearsonr": [
    0.33995075562029436, 
    0.00053931719057108787
  ], 
  "variance": [
    0.0040764879794315326, 
    0.0055546745431361618, 
    2.7980074431903277, 
    17.318102566814225, 
    19.491516074533223, 
    15.203791912401551, 
    0.017874199441881497, 
    8.5249421455024942e-05, 
    0.0013635669502367375, 
    2.0346525870155117, 
    0.00015557927002926214, 
    8.81541894751083, 
    9.0828358811592002e-05, 
    8.0628988317168245e-05, 
    0.015898300946525605, 
    0.00060166629072934961, 
    0.00050250113895749279, 
    0.00013229729510884621, 
    0.00016451915691244337, 
    7.282022942175347e-05, 
    2.9597819919881578, 
    0.00038636081275650645, 
    0.00019082944320644013, 
    0.00058439671511196882, 
    0.0010346308829708363, 
    6.0402653212983929e-05, 
    0.00045468781262001371, 
    6.9302999213360282e-05, 
    8.5772454549264339, 
    11.48474765175699, 
    10.560001668244412, 
    2.7406076549453657, 
    2.7034151656986949, 
    4.5576489848249047, 
    12.077763235037201, 
    3.7620108624765898, 
    0.0088148489295967296, 
    9.3352518027555568e-05, 
    9.2387747645284897, 
    0.027393494577162669, 
    19.31991382428976, 
    1.4091718428859012, 
    3.3652536716319266, 
    9.1263995108052326e-05, 
    2.8906374429120731, 
    0.00012016072102648772, 
    0.66562780473003225, 
    0.00012886625272421915, 
    0.000264480071853275, 
    0.00010464263648972767, 
    11.435555451888421, 
    7.6701777639553868, 
    0.00012411709822705678, 
    0.27666507525554812, 
    0.00018806409275975658, 
    4.2952940779976005, 
    7.4303280447961996e-05, 
    5.6266195612646381, 
    7.3127631640160023e-05, 
    14.175240823709354, 
    0.0068498333476930857, 
    3.5675362928575756, 
    0.00035014294230581428, 
    3.3390778056726531, 
    0.00097525871536701791, 
    0.0012017516945319608, 
    1.6369259526177162, 
    0.00048765958461313453, 
    6.7103197375883796e-05, 
    8.2422906669850585e-05, 
    0.0065837389143074002, 
    6.6305806224621238, 
    4.4251856508033907, 
    4.6163591423689043, 
    0.00029032240292663648, 
    7.9097980427031585e-05, 
    16.237975938634808, 
    0.00012937907850615933, 
    0.0096797597786616313, 
    18.408743184873838, 
    19.088226127483768, 
    10.538790833142214, 
    0.0001160919111997151, 
    9.6198245928499288e-05, 
    8.2208173791570541e-05, 
    0.00041814845352769372, 
    7.7986126944014984, 
    5.8517825354975317, 
    6.7301826881409932, 
    0.013625572253134949, 
    0.001703692952769217, 
    4.0450445322449715, 
    8.2475458942323068e-05, 
    0.00013197361030736047, 
    0.0025896411142859819, 
    7.1511201692212305, 
    9.5782356411912189e-05, 
    0.00033621325715436277, 
    0.00025227792816583328, 
    0.0035179616419280598
  ], 
  "warp_psi": [
    [
      3.0457147061067092e-14, 
      3.8329235739777083e-05, 
      0.17882310337950211
    ], 
    [
      4.8787248377348196e-14, 
      0.00010990486595127431, 
      -0.28888678508041205
    ], 
    [
      4.4616847881277613e-09, 
      11.329196413989125, 
      20.345151608362279
    ]
  ]
}