{
  "noise": 90.6580242326246, 
  "log_likelihood": -3554.7988223615175, 
  "nlpd": -3.9576750276964332, 
  "rmse": 12.70927675012901, 
  "lengthscale": [
    2.6354852174954777
  ], 
  "mae": 10.082116961320182, 
  "pearsonr": [
    0.52305476511534066, 
    2.3649712530663714e-08
  ], 
  "variance": 153.20450243045735
}