{
  "pearsonr": [
    0.33633439692601036, 
    0.00012561777819048247
  ], 
  "nlpd": 3.9336456782442801, 
  "rmse": 12.131301069529194, 
  "Mat32.lengthscale": 2.137210274504652, 
  "Gaussian_noise.variance": 102.91377074451961, 
  "mae": 9.451877006970685, 
  "Mat32.variance": 156.45250930395835, 
  "log_likelihood": -4541.89835251642
}