{
  "regularization": 10.0, 
  "rmse": 16.601697413785853, 
  "intercept": -0.25251165298293987, 
  "mae": 13.323512145472714, 
  "pearsonr": [
    0.70433156337197045, 
    2.9425814238165623e-16
  ], 
  "coefs": [
    -0.21558111291110443, 
    0.14273697997640514, 
    -0.10646068424656831, 
    -0.23293356821222885, 
    -0.099597728745031727, 
    0.15399843630729154, 
    0.016162355320456567, 
    0.17405464336665707, 
    0.23933537767335511, 
    0.079326888475535776, 
    0.05808196791090682, 
    0.28463288276161336, 
    0.18292419414311267, 
    -0.055888901454465727, 
    0.085698051636526454, 
    -0.005314601924034431, 
    -0.049172163735813137, 
    0.073791228823398197, 
    -0.20586516875031027, 
    0.37847221782771689, 
    0.049593848113417542, 
    0.0731441378764556, 
    0.36676973969512083, 
    0.1825909711450264, 
    0.12119343386036074, 
    0.056512935877377019, 
    -0.054705760127296332, 
    0.25155071743855467, 
    0.2028307619892179, 
    0.23522425225025467, 
    0.3541095166080177, 
    0.15953070497481878, 
    -0.05634226301006319, 
    -0.116278293901465, 
    -0.47923391919287339, 
    -0.15046180905896661, 
    -0.076257752816191543, 
    -0.18165355538209091, 
    0.092033444136920606, 
    0.12286564200825408, 
    -0.12601561423148008, 
    0.14136480384190542, 
    -0.081971969445277126, 
    -0.06281019299176302, 
    0.1790953681565349, 
    0.27117296642301564, 
    -0.03226488868477214, 
    0.18787919221203547, 
    -0.35562731059216074, 
    0.25876422927987275, 
    0.045459731276843572, 
    -0.23212484580358894, 
    -0.073699901058161502, 
    0.22359980508216573, 
    0.17613309293439955, 
    -0.040884160447343859, 
    -0.054373388433946193, 
    -0.1521207905593254, 
    -0.13151258598502094, 
    0.34235089193518725, 
    0.17140499841179629, 
    -0.023389022422371085, 
    0.06148209975656703, 
    -0.18623054843862463, 
    -0.44157095510834904, 
    0.20644847401565575, 
    0.025548758032689162, 
    -0.02499178836016323, 
    -0.11716236315126802, 
    0.055651841517971798, 
    -0.18540887968907641, 
    -0.039622999509866731, 
    -0.041818575381659021, 
    0.49689069271942138, 
    0.25771881169424438, 
    -0.22867240567706532, 
    0.16523378818332202, 
    0.12949743910847936, 
    -0.08899696409858264, 
    0.24991312314593747, 
    0.27530578121969773, 
    0.26625581066249404, 
    0.050916385920688097, 
    -0.029950983857619351, 
    0.042444902049573512, 
    -0.13287420205159736, 
    -0.063043278052274068, 
    -0.26527504907272659, 
    -0.16290466257211073, 
    0.019643314733007181, 
    0.23213732485693503, 
    0.20794897119392294, 
    0.072467294863851742, 
    0.25323140617277451, 
    -0.17238671811455075, 
    0.32058864947108379, 
    0.10977861226703045, 
    0.22384428026458561, 
    0.11593325636270242, 
    -0.400115876454189
  ]
}