{
  "regularization": 10.0, 
  "rmse": 11.607964976440247, 
  "epsilon": 0.10000000000000001, 
  "mae": 8.1885423637966372, 
  "pearsonr": [
    0.60456235690079851, 
    2.7279125370808299e-11
  ], 
  "gamma": 0.10000000000000001
}