{
  "noise": 16.87439380297145, 
  "log_likelihood": -3819.6310175315343, 
  "nlpd": -4.3666740972967002, 
  "rmse": 18.549717922073004, 
  "weight_variance": [
    4.9307276114709209e-05, 
    1.9094187435502864e-12, 
    103.84339915426976, 
    406.95849241675876, 
    254.79213733676522, 
    1218.7533262803383, 
    1.4300054239775211e-23, 
    2.6814777332709934e-12, 
    9.4844530984268437e-11, 
    949.59859207502586, 
    1.9433708430224873e-12, 
    6.7865269178987556e-34, 
    7.0185217893394551e-13, 
    2.9602418066339351e-13, 
    1.450974822401212e-13, 
    1.3319270332583533e-14, 
    2.4111404745423477e-11, 
    1.7656022137677694e-13, 
    2.5306021513627016e-13, 
    3.8267692513262701e-13, 
    595.53822400566628, 
    8.678287500220529e-60, 
    2.5638196616268465e-19, 
    1.3430274080522289e-13, 
    8.3900217978689399e-15, 
    2.4480272430463083e-13, 
    7.2907430214991387e-15, 
    3.3218169986383427e-12, 
    40.18775238966915, 
    277.72146052066591, 
    611.70553610371485, 
    3.7962030041243067e-09, 
    2.8873958311986009e-20, 
    1004.3566690487113, 
    7.9250492709936395e-21, 
    1.6069867423110058e-25, 
    3.1687337076654468e-13, 
    3.035825674807561e-13, 
    52.190985937217356, 
    5.7743084021976687e-15, 
    1105.3507382147109, 
    1.2547188239511715e-14, 
    61.338328785242915, 
    1.2491388967893786e-24, 
    1.1289764856590648e-24, 
    7.4633075094848964e-13, 
    1.4818063137135278e-32, 
    2.7172126838873089e-13, 
    551.16855788036185, 
    1.5805737265085693e-14, 
    916.27935018955623, 
    1.233049080648754e-19, 
    4.3632130813709266e-13, 
    1.3702885386076653e-14, 
    5.0768878696928199e-13, 
    1.8042899707628912e-18, 
    6.0637096923107268e-22, 
    1.0305667842449881e-136, 
    7.0033429057785432e-16, 
    836.48289498240911, 
    39.50058542631276, 
    378.86834558667709, 
    7.9080716759126458e-13, 
    2.1162869339860038e-30, 
    2.470964971662083e-94, 
    4.1283811994364405e-13, 
    3.304582627711411e-72, 
    3.342964242110418e-20, 
    2.6494561521345904e-18, 
    1563.5308666694848, 
    691.69892058363234, 
    233.67594644163924, 
    5.8468598397975854e-18, 
    4.2812084706093555e-81, 
    1.8201793495588586e-58, 
    7.906804825582529e-14, 
    3865.0644361013992, 
    2.8237366135803464e-13, 
    3.9661860793420136e-13, 
    2433.5478801224444, 
    2026.2065019249474, 
    1.7025729642114938e-38, 
    114.28230228243727, 
    3.516863963639599e-24, 
    9.1805861924994654e-16, 
    9.0573872321278708e-10, 
    467.25310400247838, 
    64.779137898805189, 
    1943.4435682584451, 
    9.1774417937310672e-14, 
    2.8121345662257897e-10, 
    1.452817747043181e-13, 
    6.4927635537520163e-13, 
    410.57142091498275, 
    1236.8139334773132, 
    41.967771944795572, 
    2.2584107791925499e-12, 
    6.3975121814890624e-14, 
    5.8673853881560478e-14, 
    2.8496072108957923e-13
  ], 
  "bias_variance": 562.5214572363626, 
  "mae": 14.838995354143591, 
  "pearsonr": [
    0.58169969838484781, 
    2.1998796652806816e-10
  ], 
  "variance": 1187.7472462196868
}