{
  "noise": 0.5962963201779211, 
  "log_likelihood": -1087.5274664589165, 
  "nlpd": -220.97777816491177, 
  "rmse": 11.706934286071215, 
  "mae": 7.4103733149709941, 
  "pearsonr": [
    0.56523027709720197, 
    8.9788498816718883e-10
  ], 
  "variance": [
    5.0430571044684874e-06, 
    5.4316876427645225e-06, 
    0.15053090161446142, 
    3.7067340551092367e-06, 
    0.086068328759744905, 
    4.8739553172505835e-06, 
    0.086330602051056304, 
    0.034170504761285157, 
    6.7184086738026276e-06, 
    0.20936624675852, 
    5.0347550421582408e-06, 
    5.9531121959478715e-06, 
    4.5994804091771986e-06, 
    2.7062527379953018e-05, 
    0.044467680688052021, 
    0.11643926012154025, 
    0.0070466643405952215, 
    2.0089709543267864e-05, 
    0.35019216604226577, 
    0.062259162788393191, 
    0.19969681551721749, 
    6.387342721816795e-05, 
    0.020125071303022383, 
    2.7623422379586901e-06, 
    0.025790968502977542, 
    0.02506781204082216, 
    0.16440345559182493, 
    3.7527604476916512e-06, 
    0.07222316376197889, 
    0.20751272498598874, 
    0.14290877503888508, 
    1.814756185271772e-05, 
    0.10233559509923103, 
    0.039059840704488979, 
    5.1316892491164228e-06, 
    0.00045321069926153816, 
    3.9478808855407678e-06, 
    0.036858429694298228, 
    0.050202848839044932, 
    4.3533826195384972e-06, 
    0.093861306113389609, 
    7.7049846079792765e-06, 
    0.041722494835515572, 
    7.3009183386849087e-05, 
    3.8833479936401948e-06, 
    0.069443438455279269, 
    4.2140857264557123e-06, 
    1.1581136930359956e-05, 
    4.7918434866782642e-06, 
    0.00032428890614423234, 
    0.0077368118256969385, 
    4.1344354686224329e-05, 
    0.12232816821289487, 
    0.11842463163353741, 
    4.8694546376772742e-06, 
    0.094298955691449526, 
    0.054399994991842698, 
    6.624050455730268e-06, 
    5.0514521701593665e-06, 
    1.6596557972770965e-05, 
    2.5952395757412056e-05, 
    0.14663718529085068, 
    4.4067371194215066e-06, 
    1.173855425987009e-05, 
    4.9063880696119093e-06, 
    0.017917001827659981, 
    0.099268293710191843, 
    3.8407419791532709e-06, 
    0.037530984761940896, 
    0.0010938211265559363, 
    2.1612293949357442e-05, 
    1.150045391317675e-05, 
    0.00010224869306232132, 
    0.02140530778218774, 
    3.6442458410076636e-05, 
    1.4910023283567489e-05, 
    5.322907175190821e-06, 
    5.6959443776900733e-05, 
    0.17849772996602947, 
    0.13196492325754536, 
    2.4525796577550798e-05, 
    0.016286280751806166, 
    0.074161604870575673, 
    4.7249081160537253e-06, 
    4.2773033308012005e-06, 
    0.02816046798410058, 
    9.2205749872915304e-06, 
    0.00016790956768500271, 
    0.05963326418116318, 
    0.19646648186871282, 
    0.00687061589119562, 
    2.349182340151169e-05, 
    0.0099860846606710848, 
    7.2741002049557046e-06, 
    0.15311013689449232, 
    5.0979350960704437e-06, 
    4.9945018192309733e-06, 
    0.36516552444364136, 
    0.073632109692638614, 
    1.9504637050838485e-05
  ]
}