{
  "log_likelihood": -4934.034100781967, 
  "nlpd": 4.3856652851825064, 
  "rmse": 19.486993061203279, 
  "Gaussian_noise.variance": 327.6966112205284, 
  "mae": 15.393553924518997, 
  "pearsonr": [
    0.53543608182045022, 
    1.2464885615306891e-10
  ], 
  "linear.variances": 30.096025446957764
}