{
  "noise": [
    112.1066903782268, 
    77.08493703644523, 
    214.58767350110057, 
    320.7873021557872, 
    297.37348628639575, 
    152.02818828230536
  ], 
  "kappa": [
    38.034189154175486, 
    18.607164333076263, 
    94.09701272612286, 
    10.526573854477636, 
    56.843240674724626, 
    89.17632962939958
  ], 
  "log_likelihood": -21862.56422798336, 
  "joy": {
    "mae": 12.524348036103722, 
    "nlpd": 4.2341026202779366, 
    "pearsonr": [
      0.60567007421088082, 
      2.4550832659991097e-11
    ], 
    "rmse": 16.516262535069309
  }, 
  "W": [
    [
      -2.4260941729810579, 
      5.9655693704652659
    ], 
    [
      -1.8049210527990567, 
      2.9946725543784498
    ], 
    [
      -6.2949367489588735, 
      9.0715429824464895
    ], 
    [
      -1.1317425124042293, 
      -19.010861962985729
    ], 
    [
      -13.127049226095931, 
      11.334779113023767
    ], 
    [
      -3.3701640202285805, 
      -3.2520963627210038
    ]
  ], 
  "sadness": {
    "mae": 13.488846726217558, 
    "nlpd": 4.2849231584033145, 
    "pearsonr": [
      0.55586794829760244, 
      1.9309637458918336e-09
    ], 
    "rmse": 17.562360221579585
  }, 
  "disgust": {
    "mae": 5.8847156617712404, 
    "nlpd": 3.5921169307969687, 
    "pearsonr": [
      0.24382787796652364, 
      0.014499663759368024
    ], 
    "rmse": 8.7820496666168779
  }, 
  "variance": [
    0.17390626998251965, 
    1.684834488131635e-06, 
    1.0883348266057753e-08, 
    0.082577171354715956, 
    0.15281289518874283, 
    0.067994503058018546, 
    0.14377587988077703, 
    0.20343263975967107, 
    0.04217555904299345, 
    0.33609333092014637, 
    3.5124651137448245e-08, 
    0.10217091096019085, 
    3.3364853832447012e-07, 
    1.9483752952805804e-05, 
    4.1530214404304967e-07, 
    0.11558441591880129, 
    9.5495816185560015e-08, 
    1.5108644287989838e-08, 
    0.20065218032337537, 
    0.23337399820487831, 
    0.053765317536017369, 
    1.5057711131485462e-09, 
    0.080868748363375695, 
    2.8076853918550665e-10, 
    1.4364077946089235e-12, 
    6.1546973667966367e-06, 
    0.12800726098039547, 
    0.066174543575138731, 
    9.3462375194166893e-15, 
    0.25990807697973639, 
    0.18639476064934835, 
    0.025873372632602205, 
    1.0326346775875741e-08, 
    0.1727872693849746, 
    0.17103496360558229, 
    0.092275392566876918, 
    8.0952261584535551e-09, 
    0.18624267212722259, 
    2.0747908528496362e-13, 
    0.016012710568583288, 
    0.086432375629398026, 
    0.044279910085090204, 
    0.058773050053313562, 
    7.3861271314162885e-06, 
    0.17365226395687783, 
    0.21294112264982648, 
    0.036751884952797034, 
    0.091591673494136217, 
    7.3464401427675533e-07, 
    1.9111602736674063e-06, 
    0.10449863994604919, 
    0.17291856622116666, 
    1.0049926835085407e-06, 
    0.45015558893497115, 
    1.4379140895871059e-10, 
    0.048623031273757888, 
    0.10997317387231544, 
    0.024029600054762224, 
    0.11298321735460679, 
    0.10985835744985188, 
    0.032903887039037578, 
    0.14216042425267042, 
    0.080558368908352981, 
    1.0488175211793401e-08, 
    0.20638270389941382, 
    0.048648042072457313, 
    0.65493860104230417, 
    0.088946522252354762, 
    0.022071951148465586, 
    1.4749347208758353e-09, 
    0.41222020079170041, 
    5.434197154668553e-10, 
    1.069324291615408e-08, 
    0.18543688069717978, 
    0.20440039747733268, 
    0.063402431833665854, 
    0.11110215224886422, 
    1.0182875363170608e-10, 
    0.04922474279243317, 
    0.067418388848918279, 
    0.10252141632732634, 
    0.52409139935582405, 
    0.29977243446760443, 
    0.13131360836527708, 
    0.10411719318286544, 
    5.2844026104487202e-10, 
    0.097059372746302497, 
    3.7801731421560856e-12, 
    0.11660136662231153, 
    0.12754754823933737, 
    5.6436401315943802e-07, 
    5.4849854723820792e-13, 
    0.24580696980878725, 
    6.6718872459359591e-15, 
    0.8048324270582996, 
    0.068264390756815493, 
    0.28217313172961356, 
    0.42508508907302456, 
    5.0218003117899493e-08, 
    0.08750144807152678
  ], 
  "anger": {
    "mae": 8.1629373441188644, 
    "nlpd": 3.8714420937487244, 
    "pearsonr": [
      0.64027174445346469, 
      7.352537889779807e-13
    ], 
    "rmse": 11.564242127838245
  }, 
  "surprise": {
    "mae": 10.761436387900867, 
    "nlpd": 4.0166899246527867, 
    "pearsonr": [
      0.43167426955948568, 
      7.3186326765673351e-06
    ], 
    "rmse": 13.387461950791343
  }, 
  "fear": {
    "mae": 10.506598480078958, 
    "nlpd": 4.0458577658149579, 
    "pearsonr": [
      0.73265580606312708, 
      4.5710611210481476e-18
    ], 
    "rmse": 13.72237266172775
  }
}