{
  "noise": 76.88336638259199, 
  "log_likelihood": -3264.9078069606217, 
  "nlpd": -3.413830565416287, 
  "rmse": 6.9783590978197019, 
  "mae": 5.670004831321644, 
  "pearsonr": [
    0.33997195774794031, 
    0.00053885737545259014
  ], 
  "variance": [
    9.8096397571161055e-05, 
    0.00019217997908510022, 
    5.8428896501528514e-05, 
    7.3970030596756436e-05, 
    6.3756703608596019e-05, 
    3.5833659568463099, 
    7.4229439455659224e-05, 
    0.00010950709059168497, 
    0.19698898488119934, 
    13.817375444059877, 
    1.1080077883128485, 
    0.00031156786968363734, 
    3.6808779971777659, 
    7.8148533337076609, 
    0.00019238328495538439, 
    6.0283229449763009, 
    6.7833714465880568e-05, 
    7.9131721403211919e-05, 
    7.9158644643018592, 
    0.00015408237568039727, 
    1.4688725156697391, 
    9.9899642133459456e-05, 
    1.7486729999640263, 
    5.658433737459486e-05, 
    7.1508874466663286e-05, 
    5.7050905567988778e-05, 
    12.706167787394989, 
    5.824142637183265e-05, 
    5.2019909041478544e-05, 
    16.08620789942902, 
    41.540698767874716, 
    3.5567420802676066, 
    8.0485722182815511, 
    3.5316445862424191, 
    0.00010623820708413567, 
    0.0001581181393612596, 
    8.3400338079808446e-05, 
    7.2478998263393004, 
    4.2272506190564174, 
    0.00012425621171943731, 
    7.2269013910096513e-05, 
    7.8621347836897677e-05, 
    5.0858118488963771e-05, 
    0.00013135626895342532, 
    7.0207426934788806e-05, 
    2.1463734266247019, 
    8.4226186497558502e-05, 
    0.00014458387502972164, 
    5.7386510754502144e-05, 
    3.2041230681057753, 
    2.4699530245199561, 
    9.0552597886691812e-05, 
    15.333136632251582, 
    23.446839480967732, 
    4.0571382032142163, 
    1.5913869846411627e-05, 
    6.0627635109013409e-05, 
    3.5465949892600759, 
    3.208088633355958, 
    8.4584884423148841e-05, 
    6.6438034006792096e-05, 
    7.4342571837509785, 
    0.00019235443657327438, 
    2.0300412629265105, 
    4.2559766794042515, 
    7.8681898514804051e-05, 
    35.246921645641024, 
    0.00023640454074114347, 
    5.9842834694594707e-05, 
    5.878133817324109e-05, 
    0.00010216953087808841, 
    9.1884027402476409, 
    7.1654521247442035e-05, 
    13.15571853293733, 
    0.00016362674663368784, 
    0.00034765966310740937, 
    0.00014428989893392366, 
    4.7977045427365583, 
    0.00022491892364697466, 
    0.00040792187947768848, 
    0.018281662222855866, 
    7.6402906151972552, 
    1.3180741739173074, 
    8.8358426801907642e-05, 
    11.131413717651034, 
    5.0741868956448339, 
    6.4557789215036773e-05, 
    1.652658902398312, 
    7.8052593666735824e-05, 
    7.6221776669934478, 
    7.5027261569606535e-05, 
    0.00030179233728131496, 
    0.76325480127324408, 
    7.1710456815153999e-05, 
    94.466281133254839, 
    9.7242428807263733e-05, 
    44.982656256794584, 
    9.6758640595998813, 
    8.9934237612518809e-05, 
    0.00010314629630783607
  ]
}