{
  "noise": 4.77071230257625, 
  "power": [
    0.84542152740609622
  ], 
  "nlpd": -3.5715216320173031, 
  "rmse": 7.9331692140245593, 
  "lengthscale": [
    7.5731899891209205, 
    11.56499744023726, 
    9.4352172614171703, 
    0.44743217772321203, 
    10.458850737189167, 
    4.0280359988184262, 
    0.32298735863191957, 
    7.9757726789533514, 
    10.689190075408957, 
    0.38033799565543658, 
    6.4115688146163023, 
    10.07305412995696, 
    8.1724973836843677, 
    9.8716963638521236, 
    13.715020519448867, 
    0.22664268702187507, 
    9.2443857683411217, 
    9.0352544863423461, 
    1.5201378042327707, 
    19.126856276934941, 
    11.105772489168935, 
    7.2513294266201758, 
    9.6965643574509297, 
    10.180896870466574, 
    17.348688930483139, 
    15.361067054435409, 
    0.61899190488193256, 
    0.41081262776460675, 
    10.298616633590939, 
    0.43255429439102916, 
    0.42394960542446802, 
    24.012992241871984, 
    1.8195967329619693, 
    4.0526926096982079, 
    8.8145646528106845, 
    25.648972998396967, 
    0.30952611793841711, 
    11.782054293375252, 
    11.295662108011378, 
    32.265487308859029, 
    21.345113145652327, 
    9.7444686973073225, 
    10.311646245647722, 
    14.238920964623475, 
    20.458141106395459, 
    1.0744107356353201, 
    13.446954594309824, 
    3.7781676097063941, 
    8.9795680131711215, 
    30.340650302030969, 
    10.14476689922895, 
    9.0511924749975829, 
    1.3822383472430622, 
    8.1550103733594259, 
    0.92890905423175718, 
    15.329554133788882, 
    9.9684667665441271, 
    7.400584037704065, 
    25.291936843156808, 
    10.044615151301558, 
    19.051065720910042, 
    10.905055522344089, 
    9.290682619710303, 
    28.824568638453112, 
    10.79320646174399, 
    9.9509218629524412, 
    1.1347941811038524, 
    32.5418058490338, 
    9.5322100877213991, 
    26.109199032965222, 
    12.523511759945983, 
    0.41679017725937728, 
    9.6941292259834064, 
    1.0194616254860807, 
    7.8426611930926597, 
    7.0777820150909259, 
    0.19056671534570838, 
    12.972414153590465, 
    10.623432082976946, 
    7.5082353905519481, 
    1.034639584882924, 
    0.39532160084966644, 
    9.1383782737736485, 
    9.2199329850325054, 
    13.300139990920568, 
    0.84303873178222166, 
    11.566299821903936, 
    5.2996885303861649, 
    14.450306810036544, 
    9.1219093446320088, 
    18.31185905358652, 
    7.7928683649636881, 
    22.619468591882562, 
    11.180617067895774, 
    0.63949741174697594, 
    7.4782976093396689, 
    0.49809640481665429, 
    4.129172903024851, 
    9.0874812925596533, 
    11.408301448120502
  ], 
  "mae": 5.1935690065394793, 
  "pearsonr": [
    0.6979365436097934, 
    7.0453908684341812e-16
  ], 
  "variance": 109.97549672205707, 
  "log_likelihood": -3143.8000669107123
}