{
  "regularization": 1.0, 
  "rmse": 14.138822668373948, 
  "epsilon": 0.10000000000000001, 
  "mae": 11.382281895656716, 
  "pearsonr": [
    0.63910479253556107, 
    8.3362319829100211e-13
  ], 
  "gamma": 0.10000000000000001
}