{
  "warp_d": 5.530092350749928, 
  "noise": 1536.368146574354, 
  "log_likelihood": -3256.6199350755173, 
  "nlpd": -3.5588880320410627, 
  "rmse": 8.2576206297013712, 
  "weight_variance": [
    32.662019830143741
  ], 
  "bias_variance": 15089.210936229481, 
  "mae": 4.783134671149992, 
  "pearsonr": [
    0.70916939971609183, 
    1.4966178296924005e-16
  ], 
  "variance": 16177.157242945861, 
  "warp_psi": [
    [
      5.5626846462681369e-309, 
      2.1041678990085293, 
      0.67050618637708137
    ], 
    [
      5.5626846462681369e-309, 
      2.5407833682670316e-42, 
      90.520426946038185
    ], 
    [
      5.5626846462681369e-309, 
      1.6026737078331494e-65, 
      48.604616543190211
    ]
  ]
}