{
  "noise": 0.21649653693593557, 
  "log_likelihood": -1000.5787128692839, 
  "nlpd": -211.7225034197607, 
  "rmse": 10.127909491098828, 
  "lengthscale": [
    14.610560893380237, 
    16.713034205041801, 
    4.5464024382773012, 
    11.917687380694781, 
    18.384913613030307, 
    16.280510397748426, 
    0.53144010590093438, 
    0.83410781377628873, 
    11.701031899021528, 
    1.7165994161304472, 
    14.635902634718198, 
    16.757163896689086, 
    1.1133296092489045, 
    3.0541717498404939, 
    0.66848772710413185, 
    0.55925024525348599, 
    1.2500432020655015, 
    5.6327969964590663, 
    0.68517081140799396, 
    1.3796076673541287, 
    0.56493255939576248, 
    15.184443322913788, 
    14.150212302161373, 
    0.52057361982413242, 
    16.67624234890329, 
    12.563765012041797, 
    1.7934975405899614, 
    4.4812449752784635, 
    11.827471182078499, 
    0.89702163797644252, 
    1.6468745969252609, 
    1.1369598871212341, 
    14.179110566745166, 
    7.8664727650702098, 
    16.265485496315481, 
    8.0213555011685074, 
    8.507956040490317, 
    14.233475966462443, 
    11.605137419317046, 
    2.3524756530356608, 
    7.3281119369213625, 
    7.9191658818381168, 
    14.305013677318476, 
    16.975343514008859, 
    10.651637867276138, 
    10.110455279134436, 
    15.76902320686348, 
    7.9007357910893807, 
    13.683095630400604, 
    1.1009895882296314, 
    11.563383260424938, 
    14.066852573023844, 
    3.7776004873031308, 
    1.2704996271590148, 
    13.337429658063909, 
    15.539247052841679, 
    16.034274600015664, 
    17.496232831061167, 
    3.6455590678913334, 
    14.482049986917033, 
    0.48431195954869005, 
    19.059106243919249, 
    13.546409533312939, 
    8.9477510599713348, 
    15.214047929521753, 
    0.81448895050346104, 
    1.620770661190795, 
    3.1158362547800582, 
    19.144799049474148, 
    1.0991826486100233, 
    14.736284886251406, 
    12.122156580634615, 
    11.157070887389718, 
    5.8596375129963327, 
    1.4508512856531031, 
    14.73034798261779, 
    0.68898484780063673, 
    1.2968046474827037, 
    1.3110052832430228, 
    0.86053701556891093, 
    11.534488174289473, 
    0.49151138028837738, 
    13.902105665876373, 
    7.4630664314367783, 
    18.410154265572974, 
    10.224028436024383, 
    15.515259640079087, 
    16.081190881403174, 
    1.9276868168170846, 
    7.5711658493613845, 
    3.3583161398245709, 
    10.12559631213205, 
    15.251408744553824, 
    13.871897182258916, 
    1.2498176286810296, 
    1.8528757307964459, 
    16.911993794953588, 
    0.54679310022383687, 
    11.636895046926837, 
    10.061117685215734
  ], 
  "mae": 7.2365309026405829, 
  "pearsonr": [
    0.56932358405218664, 
    6.3758942234554897e-10
  ], 
  "variance": 0.6081675702676903
}