{
  "noise": 0.13752440884241804, 
  "log_likelihood": -1009.4288483807175, 
  "nlpd": -321.40362405551366, 
  "rmse": 10.709411902800012, 
  "lengthscale": [
    18.240464223396568, 
    23.399140874100855, 
    10.107300337192367, 
    14.380552772226608, 
    27.390163880085492, 
    28.692118391977413, 
    0.57633312215482335, 
    1.235474201033679, 
    20.34553747362785, 
    0.68631354354737961, 
    21.911915731484484, 
    21.894686527143286, 
    22.56760567938235, 
    11.597909986088677, 
    1.1399200460143482, 
    0.44515415045755657, 
    1.8917307275049626, 
    21.949673693614738, 
    0.55493564090115299, 
    4.5865209534967954, 
    0.64098356090121833, 
    3.8766143468488194, 
    23.991581039794344, 
    0.52437101948115927, 
    23.789608706700818, 
    17.031308997331497, 
    1.6932210754769077, 
    4.5137697830083718, 
    19.151931649058838, 
    1.1187816271654849, 
    1.4880211692723326, 
    0.77185649788842747, 
    20.743422230573692, 
    18.722774973661089, 
    26.910988650059416, 
    14.089241708635134, 
    18.614454923514437, 
    22.023422169177564, 
    11.954270465788472, 
    17.428005206010678, 
    1.0197294973396422, 
    14.309839589926188, 
    21.714666687442364, 
    18.675254116200136, 
    21.076019099710052, 
    13.47337812523395, 
    19.693022887513798, 
    16.082208733054618, 
    20.221185654794475, 
    8.0930037589737776, 
    16.33382836514852, 
    17.679865543707532, 
    1.3189169356843395, 
    8.1394389754835359, 
    17.690043628428782, 
    33.860145692568423, 
    26.045503274274314, 
    21.842295465079275, 
    15.794698199476498, 
    20.508080564816215, 
    1.0394943998656523, 
    31.952581891310253, 
    22.882093537025895, 
    5.1179710782842287, 
    23.230642287750431, 
    6.6240559906752683, 
    1.5545277319049389, 
    1.0151885825053049, 
    19.086560171601739, 
    1.6206580378707098, 
    19.96728299339809, 
    16.323028667578676, 
    16.737612341485434, 
    1.634882629273644, 
    1.4001349612818021, 
    18.706598916691192, 
    0.89842376731772922, 
    4.3236063836965215, 
    1.7677495815501596, 
    1.4674016101747769, 
    12.948902463459236, 
    0.68589085932286264, 
    27.537826857411048, 
    18.83114074876282, 
    27.059309333901037, 
    19.68351829397244, 
    22.926105749057786, 
    20.560069200022951, 
    1.7203320420450186, 
    7.2214845801433505, 
    17.106184717075667, 
    11.373484583178749, 
    1.7423697810569585, 
    20.019144245615411, 
    1.7270079640433769, 
    1.168097891132259, 
    22.286411850603649, 
    0.63581888130301489, 
    14.763944881140437, 
    2.2670178800181411
  ], 
  "mae": 7.412076972147239, 
  "pearsonr": [
    0.70212256860159483, 
    3.9887759995697727e-16
  ], 
  "variance": 0.7258546613890428
}