{
  "warp_d": 0.389592606395688, 
  "noise": 17.535139026880497, 
  "log_likelihood": -3529.9937574907426, 
  "nlpd": -3.9325540526179492, 
  "rmse": 12.457604312891915, 
  "lengthscale": [
    3.1441366480452504, 
    20.785912411050177, 
    5.1398980868381337, 
    22.709712747220482, 
    2.0596873316990756, 
    27.246569716753886, 
    24.209014275884499, 
    15.269479798962889, 
    25.121867589459399, 
    21.890490506644539, 
    22.652234395143303, 
    21.487110702608486, 
    26.416806164157816, 
    14.237466393461302, 
    3.5630775841729925, 
    25.100923912314105, 
    18.987069716637158, 
    13.441852683070639, 
    24.937403509279502, 
    29.501585728521629, 
    17.028250697284733, 
    20.517981285505872, 
    10.67143069326945, 
    22.798729210174209, 
    20.15184000175655, 
    24.66247298925752, 
    23.690864641490275, 
    22.853678485722408, 
    24.919563144391649, 
    10.348383757741184, 
    24.103215101165311, 
    17.905355735227598, 
    19.473401651200952, 
    8.7052654539209211, 
    23.5720279877542, 
    20.766328940644602, 
    4.9866821665147496, 
    23.142697515066299, 
    4.5921540543462989, 
    23.030146517219364, 
    2.9997520078531399, 
    24.125945944806279, 
    31.441450113032172, 
    23.223441469840214, 
    14.897331783477865, 
    25.404847350529153, 
    26.852706060587931, 
    12.432025290976961, 
    23.007393839358492, 
    28.16984473151609, 
    23.226088145697137, 
    23.682737078798255, 
    16.313064722133316, 
    28.199712907230772, 
    17.6176356314527, 
    38.23536048629731, 
    5.7015889039295677, 
    30.445797598655176, 
    22.740754707799852, 
    18.8792699822319, 
    27.625072161659602, 
    13.529409692587809, 
    5.9757355510298336, 
    15.536768111899498, 
    17.377125850996659, 
    25.180951616287789, 
    2.7663463127895662, 
    1.8598725192969794, 
    29.355000940047461, 
    21.421662616680887, 
    4.9823679513009003, 
    21.163311094963845, 
    1.1720679376724918, 
    21.187876036607285, 
    25.021586638435419, 
    24.943231263319191, 
    27.930276686434393, 
    15.428577410117299, 
    26.969622018368572, 
    23.020101826146785, 
    14.893932686841513, 
    9.3868676735114107, 
    17.064974269063715, 
    24.14015268448955, 
    16.635761675831919, 
    22.960810819302434, 
    25.343651373879283, 
    27.805650764771833, 
    26.647589587248977, 
    21.597501449261337, 
    3.8670363956162221, 
    15.647965706596429, 
    1.9221765249212615, 
    21.419174508486449, 
    21.031463901942494, 
    19.757938983157967, 
    4.6622795698839132, 
    2.3394326095357036, 
    23.440583837666576, 
    13.157672893832867
  ], 
  "mae": 9.0400336617608481, 
  "pearsonr": [
    0.40959075216732005, 
    2.3202330062707518e-05
  ], 
  "variance": 66.71091066898687, 
  "warp_psi": [
    [
      7.5291822298781685e-43, 
      1.7139797410399449, 
      -2.4858325519988074
    ], 
    [
      1.5363011923914449e-20, 
      2.8167979447585085, 
      -3.3279116610448725
    ], 
    [
      4.9963780635716473e-54, 
      6.6421674497091484e-06, 
      -1.3926717058172802
    ]
  ]
}