{
  "noise": 18.31538147724641, 
  "log_likelihood": -3821.3948328916085, 
  "nlpd": -4.3414208553395195, 
  "rmse": 18.32470151612306, 
  "weight_variance": [
    1.9392208720459934e-14, 
    506.72143122884319, 
    484.35337365498594, 
    186.59753762203232, 
    152.40573239271228, 
    1111.3302335156075, 
    2.5352399481463829e-127, 
    3.4535557161213624e-12, 
    1577.2371303087975, 
    469.69214930899176, 
    5.7775195346419187e-13, 
    734.13269105679888, 
    1.3726788927872801e-13, 
    1.9644984088220182e-13, 
    3107.5797487050486, 
    9.4002034198986034e-82, 
    808.07336217354759, 
    2.7615936319265256e-32, 
    1.2265166691068157e-14, 
    2.184726395564257e-15, 
    5.256213237795364e-33, 
    852.06690273788809, 
    1.4601558450493436e-12, 
    3.2699097854505492e-15, 
    7.2977019686974227e-14, 
    1.5381366106759819e-14, 
    1.9671927730778644e-21, 
    1.7809945587541137e-14, 
    6.4647946834653737e-43, 
    983.74215405015968, 
    168.57139398605733, 
    5.142998911670885e-21, 
    20.799312296665988, 
    124.22529130757179, 
    2.8229151104088119e-165, 
    1.3553128630317054e-39, 
    1.5438123433622084e-12, 
    7.668851345647085e-14, 
    28.603770910568553, 
    8.6191296536177622e-07, 
    945.24388867449136, 
    2.3852575238379409e-14, 
    581.93530215984947, 
    4.7564978683627983e-16, 
    5.9287466470513632e-48, 
    1.7936620756326504e-13, 
    5.7091950539465946e-35, 
    3.8415880881243528e-15, 
    6.6095456531043258e-36, 
    1.0474125281395247e-15, 
    722.04619817624894, 
    7.1832825092028109e-61, 
    1.6080574056883969e-17, 
    1.0821279779532506e-16, 
    8.5162472448662541e-15, 
    5.181174908345433e-19, 
    0.00017369333493719665, 
    401.3565678958077, 
    2.3930047504382811e-18, 
    185.78179348010406, 
    8.3869575320126679e-14, 
    79.528294618952913, 
    3.6099278885446513e-14, 
    8.9295651308454318e-05, 
    9.6693540380808139e-16, 
    7.03926969562715e-14, 
    4.6155375527018236e-19, 
    9.098938942391989e-10, 
    2.2528087382504241e-12, 
    1329.543932269004, 
    537.44009082384957, 
    704.31157376027681, 
    5.5626846462681369e-309, 
    7.0032970737119942e-15, 
    1.363043200738328e-17, 
    1.2067443096049773e-13, 
    916.0768277868882, 
    1.0404939868642297e-13, 
    3.5867426024578619e-05, 
    1186.7083019001707, 
    2288.8950426027318, 
    315.54433388407858, 
    5.2671168412602079e-193, 
    1.8816102022862319e-119, 
    4.3569295543204352e-17, 
    2.3265255955422699e-11, 
    323.72527172068806, 
    5.0735110416064053e-111, 
    334.10521663786835, 
    2.897911669894229e-15, 
    2.6274272993275921e-120, 
    1.0382327730651884e-51, 
    1.4410986991195654e-14, 
    9.2188003540257203e-15, 
    995.19194949824532, 
    89.989630315859927, 
    2.1399822278274601e-13, 
    1.0948783187814047e-14, 
    1.3994141326544651e-15, 
    1.8259401658850005e-13
  ], 
  "bias_variance": 931.6352823159131, 
  "mae": 13.807887753435647, 
  "pearsonr": [
    0.51384684035626249, 
    4.5594194149594251e-08
  ], 
  "variance": 1211.04695738959
}