{
  "noise": 214.22341110497317, 
  "log_likelihood": -3864.775880801953, 
  "nlpd": -4.2344872378108036, 
  "rmse": 16.74909825396804, 
  "lengthscale": [
    6.0468671434305206, 
    2.0223384604941823, 
    10.959640460438115, 
    7.0717603347882125, 
    1.8034594188065796, 
    1.4495150379789472, 
    7.4392027108430199, 
    10.978491402553773, 
    2.8318674794561449, 
    2.5787350592324421, 
    22.970521614440404, 
    6.0039985493917509, 
    13.916224368980933, 
    14.141504000752175, 
    10.685576105084088, 
    3.5369487640620898, 
    2.8223015514551069, 
    1.2108154942001454, 
    14.797799327525961, 
    13.383840706909892, 
    3.7710831050552169, 
    11.574331157453157, 
    1.2567707670349642, 
    15.397615659481669, 
    18.2172669137904, 
    15.022793649678315, 
    4.6706484527850511, 
    12.317025716111335, 
    9.5321199995749808, 
    1.2799827228726246, 
    1.0541349783188201, 
    11.298467832679121, 
    11.650867807556605, 
    1.5967925811187411, 
    1.9467933871912499, 
    22.116846974366165, 
    1.8631344602094164, 
    15.04439255527841, 
    1.5961041279664303, 
    21.676536319208331, 
    1.7912351611790724, 
    14.880532476529293, 
    5.8478394889574652, 
    12.420771391581612, 
    24.484050150378376, 
    14.027606448230468, 
    9.4265744344346807, 
    16.556033994851109, 
    3.4287437002612715, 
    5.1204645229079837, 
    1.0653784732574665, 
    12.847376440832655, 
    1.2531260338616981, 
    14.949310462392585, 
    11.989596539339274, 
    17.788856292285416, 
    3.5447786926740239, 
    1.8079898384985573, 
    16.306309674706707, 
    1.3911518042641156, 
    13.456807020521826, 
    14.419974712692333, 
    13.122290647820495, 
    6.5918399093933155, 
    18.966422383236626, 
    13.919050461447087, 
    8.6511569438146232, 
    18.809536794861167, 
    1.8624578754506282, 
    0.74685631905353256, 
    1.364530679986516, 
    0.65921651096059941, 
    10.131464840129169, 
    14.786354185108481, 
    3.7989719189693485, 
    13.848860708374184, 
    1.272341038279253, 
    16.034048400152496, 
    8.4027539443690173, 
    37.85132314956001, 
    1.0751660657536299, 
    17.837241028833059, 
    2.5566806824062924, 
    10.681419583220745, 
    16.377451327093919, 
    17.479237237648007, 
    2.1736814199974424, 
    9.8282899510362576, 
    0.43264092625204759, 
    15.172154697180762, 
    13.712194505159253, 
    1.1678219810456572, 
    14.664600044853957, 
    13.708775887818033, 
    0.8365482845810488, 
    2.2396171949203789, 
    14.349129178632252, 
    13.911602872768052, 
    14.300731975091345, 
    14.101209993560399
  ], 
  "mae": 13.349734478549944, 
  "pearsonr": [
    0.55476378183982133, 
    2.1101796070598771e-09
  ], 
  "variance": 249.93701825123134
}