{
  "pearsonr": [
    0.75699167898483644, 
    1.7518586045760931e-24
  ], 
  "nlpd": 4.0014868073656329, 
  "rmse": 13.171818469685897, 
  "Gaussian_noise.variance": 77.3373737326504, 
  "mlp.variance": 3470.982974023738, 
  "mlp.weight_variance": 90.04969882113039, 
  "mae": 9.4151029293842381, 
  "log_likelihood": -4663.96930760406, 
  "mlp.bias_variance": 54884.265611214316
}