{
  "noise": 0.08113980224946671, 
  "log_likelihood": -1048.7843338030164, 
  "nlpd": -901.6467442768361, 
  "rmse": 15.238933146388463, 
  "weight_variance": [
    1336229.4450124586
  ], 
  "bias_variance": 51403.72128391212, 
  "mae": 11.931966391943499, 
  "pearsonr": [
    0.76068598315162883, 
    4.2536110493061877e-20
  ], 
  "variance": 1.7462512850979062
}