{
  "noise": 105.74194158231637, 
  "log_likelihood": -3654.0324539620415, 
  "nlpd": -4.0765705500725584, 
  "rmse": 14.593333311831488, 
  "lengthscale": [
    1.4494761991004792, 
    25.151972005673855, 
    18.231725331145505, 
    3.1241950796202618, 
    18.600013816736407, 
    1.2285564853189668, 
    1.2913187309683238, 
    3.217143165036529, 
    26.107647530370315, 
    1.256122314137333, 
    21.642209559286041, 
    12.745386969117725, 
    13.803993923338385, 
    37.644879915127198, 
    18.152346086503776, 
    19.759158501754765, 
    1.6472905499817667, 
    19.808074606035511, 
    2.0965703503265463, 
    22.183488384149836, 
    1.4959643636974591, 
    17.961905845997279, 
    10.370696135312061, 
    2.49348078447108, 
    10.835076601450041, 
    2.5694050395369015, 
    20.163394000069989, 
    2.4337283682377953, 
    2.1517880343535674, 
    1.4842339059122249, 
    2.7818163522728074, 
    3.6534807258828557, 
    32.859466321652931, 
    14.163214612456706, 
    19.341881497500214, 
    3.5283326222980818, 
    18.166566106083906, 
    2.0907262325678651, 
    1.4063649791250927, 
    0.93914297898064669, 
    1.119795767174937, 
    5.9787649487410706, 
    31.568426137444028, 
    13.044294550119687, 
    1.0577755570295251, 
    19.084950662301303, 
    29.865823863810451, 
    42.984593391318825, 
    18.30947479061626, 
    19.519580929757243, 
    15.019871344568097, 
    1.9957777091644169, 
    49.741650190378706, 
    15.050793845863284, 
    17.542350224341597, 
    24.774276391363351, 
    5.6106972893750342, 
    19.47235406579777, 
    17.989519142950947, 
    13.593342729842632, 
    23.115671880226085, 
    2.298352741860767, 
    18.961819993654426, 
    6.4555621268686982, 
    15.507728673759704, 
    0.76411672955129684, 
    2.3417402844587292, 
    19.371759085127923, 
    2.8378370433431379, 
    1.4852454490736409, 
    13.461453614575793, 
    16.341103263472561, 
    18.975740328648964, 
    2.9420370437839316, 
    2.9354959176140243, 
    10.935091140938956, 
    2.98355981256277, 
    12.281960356862582, 
    12.878849367756468, 
    12.75158359621016, 
    0.94434564117302533, 
    1.1338205083633219, 
    1.1689092786968931, 
    13.365264220854536, 
    22.930111240953874, 
    16.522048611420463, 
    17.17392028454082, 
    19.671343673152819, 
    40.742107543538992, 
    20.958147577638226, 
    11.62569009187377, 
    1.2435236354520793, 
    18.645370744276523, 
    18.470995393158102, 
    17.639805144295888, 
    14.113674939104284, 
    38.460178348907775, 
    8.2280096913506, 
    15.388192727776778, 
    3.7361126442382639
  ], 
  "mae": 10.061239895344661, 
  "pearsonr": [
    0.64576454999738198, 
    4.0419842493556007e-13
  ], 
  "variance": 297.35369895929597
}