{
  "warp_d": 0.09393160296057956, 
  "noise": 0.28548129778597253, 
  "power": [
    0.12774520934740691
  ], 
  "nlpd": -4.0989524945917211, 
  "rmse": 14.910987681788813, 
  "lengthscale": [
    0.80178316675538119
  ], 
  "mae": 11.499500564685125, 
  "pearsonr": [
    0.77098233254425164, 
    6.4764469130158412e-21
  ], 
  "variance": 13.87721093389056, 
  "warp_psi": [
    [
      1.7242700624832328e-07, 
      0.14282639783951331, 
      -0.061403515641178366
    ], 
    [
      3.2129176132126554e-11, 
      0.75337371541786224, 
      -0.81843145295411801
    ], 
    [
      4.5063554578509457e-07, 
      0.12291774201673739, 
      1.0623527840208826
    ]
  ], 
  "log_likelihood": -3842.496934055895
}