{
  "noise": 154.16096062015222, 
  "log_likelihood": -3607.1898516103724, 
  "nlpd": -3.9363522949852965, 
  "rmse": 12.363626999860607, 
  "mae": 8.7282954124632735, 
  "pearsonr": [
    0.41524818688129944, 
    1.7397628162283108e-05
  ], 
  "variance": [
    11.008418592851143
  ]
}