{
  "warp_d": 0.5015426824601628, 
  "noise": 43.88246011276078, 
  "log_likelihood": -3636.2408492410036, 
  "nlpd": -3.9635104128725067, 
  "rmse": 12.706960610866529, 
  "mae": 9.7408604775822258, 
  "pearsonr": [
    0.44381898673775017, 
    3.7455631488783845e-06
  ], 
  "variance": [
    1.8319549420964232, 
    0.065263631030556629, 
    15.913480898988331, 
    1.6765770157645019, 
    4.5682785335105018, 
    0.00031690843897595977, 
    0.00028162950190950092, 
    9.809090865423931, 
    0.00026687971521158389, 
    0.00014103868178033714, 
    0.00080068990452911572, 
    0.0023031889076034827, 
    0.00015110519793047966, 
    0.00017847689246826095, 
    12.115498424182986, 
    0.00017796411328380488, 
    0.00012304111448961918, 
    0.00063705161628541747, 
    0.00017030628357929948, 
    4.7495511256546603, 
    8.9278784282204577e-05, 
    4.5580345486260647, 
    2.3216100556678958, 
    1.5798343690438856, 
    5.6821212107546986, 
    2.6382564775100978, 
    0.00025077322922521951, 
    0.00052289052741705082, 
    1.5179051469053655, 
    0.00028579399101288054, 
    0.00046322984199576397, 
    9.9751661938962858e-05, 
    0.00041950877638356391, 
    22.014040460710163, 
    0.00070875456368060677, 
    0.00018610740936247033, 
    0.060751214567465177, 
    2.2830033710729283, 
    7.1600593735082265, 
    0.00062774769069808467, 
    0.0030401308841472023, 
    0.00028955007543229682, 
    0.00020237210801854458, 
    0.0031918747762703578, 
    7.0389729747991341, 
    0.00022508540891543543, 
    0.00045571247537469365, 
    0.000741875601086175, 
    0.00051953836749772046, 
    0.0031020076906680153, 
    2.2725655111305194, 
    0.00081191311850231272, 
    12.754251936147012, 
    8.3723196703413247, 
    0.00036378749808994328, 
    11.615608131622871, 
    9.3733498306994523e-05, 
    0.02652283438358051, 
    0.00013606227109071718, 
    2.5475854511050238, 
    0.00087938691999171141, 
    9.3466474550630131e-05, 
    0.00041581971989804791, 
    8.5168677216907479e-05, 
    0.0010699585715983216, 
    0.0019098956685341751, 
    2.5048644507254418, 
    22.240749453198525, 
    0.00011500952727120188, 
    9.8218520793190474e-05, 
    22.738495559368502, 
    0.010027822831606132, 
    1.5103033684920373, 
    5.737318246306363, 
    1.9835088277437718, 
    0.00017070019316198256, 
    0.00078750693454988528, 
    12.106218181469664, 
    0.00033017860848620644, 
    0.041646087450696728, 
    22.070344769320958, 
    0.00011378521617046094, 
    0.26535028112093756, 
    15.340521733730096, 
    0.00065428008867788896, 
    13.89024278973776, 
    0.0001240595467160044, 
    0.00014065713956865501, 
    0.00015916340744017549, 
    1.1312130794328024, 
    0.0012720995528115249, 
    0.00030079129035935506, 
    20.574812256256184, 
    0.42999531420898884, 
    0.00011305125291170841, 
    0.00071019387444078218, 
    11.984785917357604, 
    12.765750857751399, 
    0.00016967559505175043, 
    0.92934883105418609
  ], 
  "warp_psi": [
    [
      2.1654883791213425e-31, 
      0.00044738437144299539, 
      -1.0592339249442118
    ], 
    [
      4.5806786378744647e-56, 
      0.016329281842279011, 
      -2.1259712128423116
    ], 
    [
      2.4782556181239667e-07, 
      0.10214931845307766, 
      1.0201099282540029
    ]
  ]
}