{
  "noise": 74.60336073807167, 
  "log_likelihood": -3268.6684557672465, 
  "nlpd": -3.7180395152098926, 
  "rmse": 9.8146439393717628, 
  "mae": 6.1362362312067944, 
  "pearsonr": [
    0.57556596249039071, 
    3.7483989560078807e-10
  ], 
  "variance": [
    3.612392948494894
  ]
}