{
  "warp_d": 0.10209613198311449, 
  "noise": 0.7632399595215633, 
  "log_likelihood": -3271.4866258474635, 
  "nlpd": -3.7069727790364153, 
  "rmse": 9.710219735626028, 
  "lengthscale": [
    20.134183504892967
  ], 
  "mae": 6.1324387576666846, 
  "pearsonr": [
    0.5872093872225117, 
    1.3500941714837777e-10
  ], 
  "variance": 11.18172416155763, 
  "warp_psi": [
    [
      2.6121633837661802e-07, 
      1.0078775641112241, 
      1.6116070331280583
    ], 
    [
      1.7142955051177358e-07, 
      0.56114386396547988, 
      1.9923118161099651
    ], 
    [
      2.7587927865089313e-07, 
      2.027104434385167, 
      0.2768875097316954
    ]
  ]
}