{
  "lengthscale": [
    1.9189748344758264
  ], 
  "noise": [
    53.27437008551692, 
    56.90815263450349, 
    43.25049072096367, 
    62.68516183871378, 
    44.29661380779616, 
    97.4025739952708
  ], 
  "kappa": [
    8.790208280536365, 
    2.513967775157926, 
    34.94320836791558, 
    33.441682623355426, 
    37.458083416619786, 
    12.964795124882825
  ], 
  "log_likelihood": -21474.0317973988, 
  "joy": {
    "mae": 15.331312931673763, 
    "nlpd": 4.5070669928300209, 
    "pearsonr": [
      0.49512339073862077, 
      1.6340607035296878e-07
    ], 
    "rmse": 19.909266649644923
  }, 
  "W": [
    -2.7187680085383246, 
    -1.847771646976768, 
    -3.514777945104556, 
    6.124861740062234, 
    -5.468847443219491, 
    1.3620123412367784
  ], 
  "sadness": {
    "mae": 13.256849998350372, 
    "nlpd": 4.3611236990843638, 
    "pearsonr": [
      0.59593742620629575, 
      6.1124481254072984e-11
    ], 
    "rmse": 17.52624174311169
  }, 
  "disgust": {
    "mae": 5.2831437903618088, 
    "nlpd": 3.5759618303693932, 
    "pearsonr": [
      0.69322179499706515, 
      1.3217513973947007e-15
    ], 
    "rmse": 8.608437665050511
  }, 
  "variance": 9.472301784202164, 
  "anger": {
    "mae": 6.5354515747975688, 
    "nlpd": 3.655912188493609, 
    "pearsonr": [
      0.64383856394876537, 
      4.9923348293070315e-13
    ], 
    "rmse": 9.1247893319737603
  }, 
  "surprise": {
    "mae": 9.8633403885649393, 
    "nlpd": 3.9799033945925046, 
    "pearsonr": [
      0.34996852069285805, 
      0.00035800059038182028
    ], 
    "rmse": 12.858774505239124
  }, 
  "fear": {
    "mae": 8.6673996742834003, 
    "nlpd": 3.9548759373355833, 
    "pearsonr": [
      0.73542118265917056, 
      2.9587469247291547e-18
    ], 
    "rmse": 12.087740768728118
  }
}