{
  "noise": 0.1311770556614472, 
  "log_likelihood": -1009.459225773514, 
  "nlpd": -175.12429027909954, 
  "rmse": 8.280913830901774, 
  "lengthscale": [
    13.163361990383226, 
    15.234497297555377, 
    12.467021743744411, 
    13.434787615143341, 
    16.944155085484489, 
    14.344190330368891, 
    0.59355335581398139, 
    0.97320332129044229, 
    11.924347681285072, 
    0.57474225895303543, 
    15.744783369970721, 
    14.811060641908862, 
    12.828476399936442, 
    10.089173978024844, 
    0.54554659567855457, 
    0.40823270646348181, 
    2.0888302165022048, 
    11.53747618322287, 
    0.69493379293976032, 
    6.1125796438265345, 
    0.64057952256525663, 
    1.7418324780654739, 
    13.363508151794875, 
    0.61209135631648726, 
    16.703445881927554, 
    13.352894736082884, 
    6.5333948937813346, 
    8.8001905677994081, 
    9.645503547975995, 
    1.091520235418602, 
    1.1540595292475078, 
    10.763719480750609, 
    13.085517833069677, 
    9.3137962184563019, 
    17.522377961962295, 
    2.6046362041182194, 
    12.804684180758468, 
    13.314399163719331, 
    11.346056328203217, 
    7.1329336255287616, 
    1.0166327495850416, 
    11.670363198527415, 
    12.452273238844374, 
    15.419376476032541, 
    13.743525274574738, 
    6.255340323484341, 
    11.723990776403664, 
    10.975235879708576, 
    12.561871550913311, 
    14.048798975131124, 
    9.421927670559068, 
    11.296639225937358, 
    1.5885334434284504, 
    7.9273403033347503, 
    13.518769688529227, 
    20.040911821598645, 
    14.991312238592284, 
    16.953764436035168, 
    10.98440704369022, 
    11.399039054318967, 
    0.81343473644832209, 
    18.041916377032663, 
    15.196608833838619, 
    1.117762064692688, 
    15.526418953658924, 
    0.88017506447474658, 
    0.82256654469426504, 
    0.90637509889906676, 
    14.702011942310978, 
    8.3798627108213086, 
    12.466028674206472, 
    13.459017874767273, 
    8.7308160560910739, 
    1.9767293820677918, 
    1.6497780511953088, 
    15.756678324711709, 
    0.79772059085341074, 
    9.7181186672654185, 
    5.4352188747869636, 
    1.0066809777358905, 
    12.519209633747309, 
    0.53047947013851837, 
    15.429304536173857, 
    13.027757776763099, 
    18.899947282821543, 
    6.3421876478760231, 
    8.8097516831390994, 
    14.753784179178334, 
    9.5259278453758878, 
    2.316406552378409, 
    1.5365452692267434, 
    10.302818407982253, 
    6.2488444765301558, 
    14.281605205437215, 
    1.4746125332350803, 
    5.9517517265156039, 
    14.482359081045649, 
    0.49513889209640427, 
    9.7909590447381198, 
    8.6279699833199697
  ], 
  "mae": 6.2529045325141901, 
  "pearsonr": [
    0.68967223571360825, 
    2.1059268169043336e-15
  ], 
  "variance": 0.6824897949334428
}