{
  "noise": [
    109.91701305884213, 
    77.37968579299526, 
    208.33822037115215, 
    309.6277716630915, 
    293.55594706829555, 
    153.46575382757007
  ], 
  "kappa": [
    1.3187339953441296e-18, 
    3.5431895435469816, 
    33.92083550342957, 
    53.89216247092397, 
    69.11724218186245, 
    32.86856085325628
  ], 
  "log_likelihood": -21835.70517682279, 
  "joy": {
    "mae": 15.929436667061982, 
    "nlpd": 4.4480116880630201, 
    "pearsonr": [
      0.43027965465371965, 
      7.8908802450817255e-06
    ], 
    "rmse": 20.370870987161179
  }, 
  "W": [
    -5.237873652867098, 
    -2.603606316102105, 
    -5.0210848414220965, 
    5.614824414793348, 
    -4.981323401006623, 
    2.0624860339329776
  ], 
  "sadness": {
    "mae": 13.516259957117811, 
    "nlpd": 4.3534980007208866, 
    "pearsonr": [
      0.49752219641683254, 
      1.3934257427858199e-07
    ], 
    "rmse": 18.743134288555655
  }, 
  "disgust": {
    "mae": 5.3369123874632374, 
    "nlpd": 3.5202555463704259, 
    "pearsonr": [
      0.45558333516122745, 
      1.9091812505831223e-06
    ], 
    "rmse": 8.0960197455402323
  }, 
  "variance": [
    0.67088278426920145, 
    2.1038989605832953e-07, 
    0.080241641325445007, 
    2.6772941168362998e-06, 
    0.7910567496383859, 
    0.35014029413761022, 
    0.41948456004343576, 
    1.8599959494160661e-05, 
    0.12925055565310817, 
    0.77643045777994613, 
    4.4323289655207769e-06, 
    3.6562853420612333e-06, 
    0.11240116487349175, 
    0.11116488470652124, 
    0.58275299658514879, 
    1.7853373304555836e-06, 
    0.15612053613877153, 
    2.6031736713963206e-05, 
    0.32242337781807756, 
    0.51178743679400296, 
    1.5115481318955762e-06, 
    5.5255204035469252e-06, 
    0.49630257639432773, 
    0.31798196579901233, 
    1.0944646298344904e-05, 
    0.14376328248458442, 
    0.015629385243528464, 
    0.29712648465809394, 
    2.8670941731768088e-07, 
    0.74830489131450273, 
    0.58056810639276568, 
    2.1969636416840473e-06, 
    0.34107736396573107, 
    0.54900571270777776, 
    0.93349553504176108, 
    4.1260022247632446e-07, 
    8.7152210739988079e-08, 
    0.6256887965808865, 
    0.14063830534631017, 
    9.7556916469519024e-06, 
    0.33036780429254176, 
    2.3681354804280695e-05, 
    0.091626469434216373, 
    7.3415600128850031e-05, 
    0.54127225020498893, 
    0.57280015032463993, 
    0.096173004666896794, 
    0.25228214340266242, 
    0.24727889564465264, 
    0.44931057448089401, 
    0.32390929653999689, 
    0.36259877387736145, 
    0.27879045515811574, 
    0.93667611011770568, 
    1.1636319000684753e-05, 
    0.2200715879542777, 
    0.34393877712439258, 
    0.066225883443529532, 
    0.32875246048397144, 
    0.33254938329237688, 
    0.00015319849875620694, 
    0.55078643799537286, 
    0.49291786284786709, 
    0.037990129265637336, 
    0.37761683246910482, 
    0.31918290296012081, 
    1.543992517185343, 
    0.35258658527687786, 
    0.077090205220035735, 
    0.23215386791917525, 
    1.5172334780445098, 
    0.080069436663704599, 
    0.00045717858443919065, 
    1.3598437518435937, 
    1.0384733404779087, 
    0.14251875206300357, 
    0.77915598622078086, 
    2.0634431995294465e-06, 
    0.18693829849532784, 
    0.32752850047464649, 
    0.59712135528712562, 
    1.418195793137675, 
    0.87744584683875337, 
    0.17102080698265368, 
    0.48864923418656481, 
    0.25323722366287732, 
    0.40278497470435914, 
    5.1340292610071535e-05, 
    0.34085269777023741, 
    0.14765893844392103, 
    0.3735382513621901, 
    0.068310102735267483, 
    0.58158158357309986, 
    2.5372790296361263e-06, 
    1.9381863373073933, 
    4.6145622245671357e-05, 
    1.2458895954154343, 
    0.61940004505769386, 
    9.8169682250185696e-05, 
    0.17737730543383529
  ], 
  "anger": {
    "mae": 8.1081536799599423, 
    "nlpd": 3.9329761690609724, 
    "pearsonr": [
      0.59411466096971266, 
      7.2266944748235974e-11
    ], 
    "rmse": 12.147451492426535
  }, 
  "surprise": {
    "mae": 9.0389458743972977, 
    "nlpd": 3.9348914893717608, 
    "pearsonr": [
      0.4670654508721318, 
      9.649292081675458e-07
    ], 
    "rmse": 12.363442737458504
  }, 
  "fear": {
    "mae": 10.445333051842333, 
    "nlpd": 4.1282227049033517, 
    "pearsonr": [
      0.70338440139330216, 
      3.3536892637048057e-16
    ], 
    "rmse": 15.014325439415499
  }
}