{
  "noise": 0.06099905997663562, 
  "log_likelihood": -1121.0663993711646, 
  "nlpd": -657.2074426744299, 
  "rmse": 18.722910240895452, 
  "lengthscale": [
    1.82857285394434
  ], 
  "mae": 14.046631480267228, 
  "pearsonr": [
    0.57007091903988194, 
    5.9865400454096413e-10
  ], 
  "variance": 1.1000949346276832
}