{
  "warp_d": 0.7065204271316544, 
  "noise": 9.728203855541027, 
  "log_likelihood": -3821.1248428617146, 
  "nlpd": -4.3340146545097058, 
  "rmse": 18.478552792166926, 
  "weight_variance": [
    103.40918042753492, 
    2.5732764675511983e-53, 
    61.414126605392312, 
    41.805105191207304, 
    63.042135582418176, 
    278.05470580774295, 
    169.14406196871167, 
    6.2028735322655002e-16, 
    43.375303263786265, 
    332.74146133289196, 
    1.2052646677774153e-52, 
    151.76899692337881, 
    9.2722134007435303e-36, 
    1.487489601046594e-61, 
    2.9129716921026978e-29, 
    4.035653458314865e-36, 
    71.583416536126961, 
    201.43470933754995, 
    9.2345826289493539e-66, 
    4.0765457819200012e-62, 
    13.3900554581638, 
    4.9626191952351098e-24, 
    2.9102798840310284e-05, 
    1.8519408748136402e-67, 
    17.499288668542036, 
    9.2341549471064823e-52, 
    3.873553008224364e-68, 
    110.60157102350463, 
    36.241510603531317, 
    307.48890968897723, 
    212.25565348676872, 
    13.361224081002291, 
    2.8334697380726603e-43, 
    141.81695582296189, 
    23.877407085970752, 
    1.2662610193150675e-53, 
    1.6962149643110446e-27, 
    9.9417306505891664e-48, 
    2.8670506906764594e-17, 
    99.968898344253077, 
    221.71119571629376, 
    146.27796463584815, 
    107.38315891402918, 
    146.08183153617748, 
    2.1491939976213251e-38, 
    9.0313415384338153e-59, 
    2.2247014926265344e-59, 
    6.5141990604421158, 
    3.2310025864937883e-13, 
    2.9836020191718699e-70, 
    186.89189418230015, 
    1.3427082606402201, 
    1.4013257233008547e-57, 
    1.1730083977473208e-53, 
    1.8668912939574039e-60, 
    3.3150292475295161e-96, 
    3.9384557207115083e-61, 
    11.3739982309271, 
    6.3710694104303672e-43, 
    181.97956152977426, 
    1.1017875057848836e-16, 
    149.10185485386862, 
    1.1862608927974291e-57, 
    1.9521399118270614e-59, 
    4.6014777062547661e-49, 
    7.6532917338054504e-56, 
    4.2079630531307724e-40, 
    102.04076842886822, 
    2.1075850854891019e-19, 
    160.03613932199474, 
    68.545121268680234, 
    139.9217609492157, 
    4.2567196841589084e-27, 
    154.48847531918472, 
    1.3559498980871256e-70, 
    7.0179676285158354e-58, 
    314.59158173627526, 
    3.7540774935684944e-59, 
    4.773235867848141e-48, 
    130.29777048396426, 
    358.10423391936888, 
    42.682783546927034, 
    157.54738751431836, 
    5.9025460120155123e-57, 
    4.4581855370586759e-76, 
    7.8277697677077898e-44, 
    125.51370905056622, 
    137.16307104730964, 
    401.55698718752933, 
    1.7667137877969675e-67, 
    5.9614819415542436e-18, 
    207.19965689138192, 
    1.6950032736839534e-43, 
    1.3921419337613497e-21, 
    417.99447964403407, 
    1.434684236834484e-17, 
    135.79817022369599, 
    1.3591846044759645e-51, 
    4.4549207596177032e-30, 
    3.9636942991694497e-62
  ], 
  "bias_variance": 420.0778907940484, 
  "mae": 14.663863918185669, 
  "pearsonr": [
    0.57726358865223726, 
    3.2379259719018603e-10
  ], 
  "variance": 621.0922105405846, 
  "warp_psi": [
    [
      5.5626846462681369e-309, 
      3.7914723669928928e-09, 
      -10.364306268667372
    ], 
    [
      5.5626846462681369e-309, 
      5.0400090072640894e-17, 
      -19.663656271180205
    ], 
    [
      5.5626846462681369e-309, 
      5.4028165335289125e-201, 
      -83.695851663258125
    ]
  ]
}