{
  "noise": 27.77444754567159, 
  "power": [
    0.46782078046526432
  ], 
  "nlpd": -4.1898994586285303, 
  "rmse": 16.465482575840888, 
  "lengthscale": [
    1.0864120121289893
  ], 
  "mae": 13.081246320863386, 
  "pearsonr": [
    0.72067685985653485, 
    2.8317321011983093e-17
  ], 
  "variance": 691.7716625818268, 
  "log_likelihood": -3831.6868519700656
}