{
  "warp_d": 0.2528498627512015, 
  "noise": 4.8078441377292265, 
  "log_likelihood": -3410.11771943663, 
  "nlpd": -3.5911665804559254, 
  "rmse": 8.7430761814507765, 
  "lengthscale": [
    17.262727799480615, 
    20.36681995948998, 
    10.688594851555608, 
    18.704479202002016, 
    16.042482295053713, 
    12.956185876775489, 
    2.0077159476035566, 
    2.0602593267932732, 
    17.162989397942418, 
    2.609871179355753, 
    15.830449775251793, 
    23.439096053626027, 
    5.2339415232294266, 
    14.303593031996417, 
    1.6209366593539192, 
    4.7570099134278081, 
    19.179131664772719, 
    12.066382794320507, 
    1.669968107042477, 
    6.6170175444803876, 
    1.4981141654288255, 
    22.796550608133231, 
    19.588675523979781, 
    7.4854648919134563, 
    12.512083629558591, 
    22.578499461690168, 
    6.3795630776621417, 
    15.02786410750055, 
    23.274963004216588, 
    11.902548461701913, 
    14.675559951529578, 
    1.4972208385911587, 
    16.955529093303717, 
    17.754324914581151, 
    19.242445080798454, 
    11.159876890609505, 
    14.633502537985111, 
    14.059647312663561, 
    13.159559963526474, 
    20.80082348459166, 
    7.810149299711596, 
    17.718514192754025, 
    13.495267822483095, 
    15.619443567115853, 
    17.188744750726006, 
    19.755142698784976, 
    16.627873060180683, 
    8.8523419037411255, 
    18.459016418326257, 
    16.758351273166532, 
    8.9132872346929322, 
    10.396639160210835, 
    5.8410087045256303, 
    17.043677012891504, 
    16.514075320454936, 
    23.70733116396794, 
    9.6157363561926008, 
    14.343905165652046, 
    10.116111952930048, 
    21.30490948376222, 
    1.7719466433110838, 
    24.608058992211085, 
    16.63458219871022, 
    12.520330207356498, 
    22.733888377688395, 
    10.046162808711081, 
    2.7552935895717123, 
    12.308442689661151, 
    19.518783411731782, 
    8.4802259195802776, 
    16.294286396638714, 
    17.559948267895358, 
    14.353646480912873, 
    16.254995331725986, 
    11.934545143461779, 
    12.18373170067327, 
    14.620438488008887, 
    5.4389374283784191, 
    13.111565186248438, 
    2.634686433415701, 
    15.590665846260071, 
    1.2570387248491095, 
    12.143962311258136, 
    11.097412335450766, 
    23.96786756949227, 
    8.5863444073630308, 
    22.288645925490307, 
    17.233287775950199, 
    8.4831946347331062, 
    2.8511141893359828, 
    12.131741349826481, 
    12.955036564284793, 
    16.487762804807424, 
    22.374124518640041, 
    3.1492163763128311, 
    15.77550317110784, 
    18.899677552191786, 
    1.598727073031466, 
    16.757040823757432, 
    16.430874961130367
  ], 
  "mae": 6.743112906777764, 
  "pearsonr": [
    0.68084305439898307, 
    6.5211270471652702e-15
  ], 
  "variance": 33.256723622496835, 
  "warp_psi": [
    [
      3.5757170588082893e-30, 
      5.094915191632861, 
      3.110138948378498
    ], 
    [
      7.412958841441291e-17, 
      0.0010438954549707865, 
      2.1547548810117383
    ], 
    [
      6.7505971201918516e-16, 
      0.018228762463412946, 
      0.73764306383133493
    ]
  ]
}