{
  "log_likelihood": -4934.0127227977355, 
  "nlpd": 4.3717541786848502, 
  "rmse": 19.214562066474272, 
  "Gaussian_noise.variance": 327.38108557121063, 
  "mae": 15.640046036644536, 
  "pearsonr": [
    0.55530632592642259, 
    1.8051986386561176e-11
  ], 
  "linear.variances": 30.598952368572114
}