{
  "noise": 57.60031177479169, 
  "log_likelihood": -3496.4722465978157, 
  "nlpd": -4.1016403583360361, 
  "rmse": 13.656294684827193, 
  "weight_variance": [
    337.76286725868187, 
    3.8489932828058128e-57, 
    235.60895563667378, 
    3.0472411363491637e-86, 
    2926.9265302717495, 
    1.5642928039691728e-63, 
    4.6103197705665703e-263, 
    256.22614022893094, 
    1.0114792757666854e-57, 
    6.8089280168518998e-81, 
    2.3833758561792235e-54, 
    1.8848349886831738e-61, 
    3.0805204799152289e-123, 
    1.9734773675664143e-51, 
    67.400879651924498, 
    4.3566841884074709e-58, 
    1.2783821887328418e-57, 
    2.0439711591124694e-80, 
    1.9387133971602606e-57, 
    2.5723623176858121e-63, 
    1.6249496634747054e-135, 
    1.9968346079463587e-51, 
    5.5626846462681369e-309, 
    5.0505372508513271e-54, 
    2.1432851863396267e-57, 
    5.1294962494825228e-55, 
    4331.7418357971819, 
    4.8904099110434773e-59, 
    7.7492235678190859e-80, 
    5.7640030073768392e-70, 
    4.0986606248979467e-76, 
    36.511856948614408, 
    7.9106586149592181e-61, 
    87.160122316829401, 
    9.6752222240711789e-87, 
    5.1536787578828487e-56, 
    1.4879086171899917e-81, 
    4.2789489694911904e-48, 
    636.54964784522997, 
    3.7621069521800403e-76, 
    22.854664682432311, 
    2.2706303149634309e-82, 
    7.1929531806727299e-55, 
    1.5575108120135258e-96, 
    1717.2384648503185, 
    4.9065768926674093e-54, 
    1.9419617387912079e-58, 
    1.1754459980263244e-50, 
    8.6985631237188986e-63, 
    4.779970689366083e-54, 
    1.4784085218843764e-99, 
    5.6700683389444851e-55, 
    126.69804397507043, 
    6.6222283175881324e-57, 
    2.828793736129495e-56, 
    2.9652306816272358e-71, 
    3.1353935818041445e-269, 
    3.6983007037702641e-60, 
    334.22480498947004, 
    5.5626846462681369e-309, 
    4.7722261438778099e-56, 
    1.1752807616375602e-56, 
    68.999401349405957, 
    1.695915419830608e-158, 
    1.7709499288674259e-59, 
    1.9176421130903361e-49, 
    190.58117922803945, 
    1877.3185360296814, 
    9.8014566549760151e-61, 
    4.7123809302746461e-124, 
    295.55251610194193, 
    3.4992826730126538e-80, 
    7321.7882387965183, 
    600.1487793178851, 
    8.3576642771525309e-50, 
    2.0308200559253866e-64, 
    137.25986138452723, 
    474.27901502305809, 
    7.0412531221320424e-56, 
    5.2920812931756012e-205, 
    434.8731619373018, 
    104.95878254431543, 
    1557.217180522551, 
    4.8306832031974299e-46, 
    116.70730431882518, 
    2.6437457836390195e-74, 
    9.1474686956696384e-176, 
    1.0068499435453515e-58, 
    1.0555253658557207e-69, 
    2.580622768800917e-20, 
    106.80950475435813, 
    2.7372576030817459e-59, 
    794.86160261391387, 
    127.70432571016866, 
    2.8742951367067556e-56, 
    1.2626602790885841e-132, 
    1025.0017413918804, 
    29.944987721196398, 
    4.3226407736993764e-58, 
    2.615686028546199e-35
  ], 
  "bias_variance": 515.7326530480376, 
  "mae": 10.815639275108072, 
  "pearsonr": [
    0.42970956131445898, 
    8.1367169532533691e-06
  ], 
  "variance": 351.5596153370117
}