{
  "warp_d": 0.8391237014808799, 
  "noise": 488.4106981773111, 
  "log_likelihood": -4213.985449658592, 
  "nlpd": -4.499226860785801, 
  "rmse": 20.707059475128975, 
  "lengthscale": [
    578.16505813629112, 
    638.2944568305162, 
    701.28966075385335, 
    622.91673898753606, 
    567.465881015386, 
    871.12638521629708, 
    615.92865270953712, 
    648.02812841628031, 
    667.35292862536812, 
    681.50767329646885, 
    663.45409076824103, 
    478.91739958475483, 
    714.29676505814382, 
    521.58588871140535, 
    468.26199423802564, 
    666.80833771698485, 
    684.99414171249282, 
    620.69067691434987, 
    734.92887093846218, 
    682.34261005414669, 
    723.11830670028223, 
    499.77720059311707, 
    651.00152368177191, 
    677.47873919032668, 
    705.19023673053255, 
    697.90504526162852, 
    571.80621648225213, 
    599.03016643976571, 
    721.2162639326574, 
    320.02661962001417, 
    543.52345100104617, 
    645.12193600602791, 
    343.94778139727998, 
    587.71317472854639, 
    706.97298324465589, 
    581.330650008985, 
    673.89688297556245, 
    585.62307334492095, 
    712.1353735451836, 
    471.64071978701764, 
    585.33990159834002, 
    626.01557076168388, 
    663.36998084018364, 
    607.51742441107058, 
    658.36062498645583, 
    662.8848650788442, 
    674.97900118936832, 
    579.51706246650883, 
    681.23244006792788, 
    508.63064943565166, 
    719.53025767183874, 
    445.09819103192547, 
    498.15195433174989, 
    690.98704689386511, 
    632.27748726802167, 
    1172.1284376883282, 
    667.60558489469554, 
    798.62377578979863, 
    861.23523842210034, 
    520.78172911499848, 
    544.56618546134428, 
    861.33982323565613, 
    627.09077285333728, 
    813.1194844823616, 
    517.27490766623953, 
    516.69919416273024, 
    683.44333671564868, 
    655.62017766444853, 
    677.59497891430294, 
    753.54723302944524, 
    505.48184337007609, 
    504.29739543068916, 
    611.72381297505808, 
    673.05666195722642, 
    614.30087513964111, 
    695.08324318610494, 
    787.85358972968766, 
    482.92164955794425, 
    728.25589320283825, 
    516.90924012121695, 
    452.18776491269352, 
    585.69713553372526, 
    651.53770306320519, 
    441.24734259012013, 
    814.05451677637677, 
    573.04626356856613, 
    648.16419694131071, 
    610.5867512479806, 
    545.73084866508134, 
    699.83644493985844, 
    725.33257775681545, 
    456.98724406480574, 
    521.74515835113698, 
    607.07675490281849, 
    779.03755790407411, 
    581.35162805420566, 
    495.28325623816062, 
    755.57526917453833, 
    485.69167238594474, 
    480.92840168226263
  ], 
  "mae": 16.496077981958312, 
  "pearsonr": [
    0.58499564651944169, 
    1.6445028116326404e-10
  ], 
  "variance": 3164.7049689727905, 
  "warp_psi": [
    [
      5.5626846462681369e-309, 
      2.2753339538635764, 
      2.1481806806095451
    ], 
    [
      5.5626846462681369e-309, 
      5.5626846462681369e-309, 
      -2692.0318091000804
    ], 
    [
      1026.3329412762641, 
      6197.6486881109804, 
      0.092113034735144275
    ]
  ]
}