{
  "noise": 0.04058109652654834, 
  "log_likelihood": -1137.7716517012914, 
  "nlpd": -681.3314448864196, 
  "rmse": 14.02391408184268, 
  "weight_variance": [
    825305.6679920078
  ], 
  "bias_variance": 5329.823572902376, 
  "mae": 11.417260364857704, 
  "pearsonr": [
    0.66589877083301086, 
    4.0487873585129799e-14
  ], 
  "variance": 2.390062051100592
}