{
  "noise": 105.08283543414704, 
  "log_likelihood": -3685.7817567275297, 
  "nlpd": -4.1147354895962582, 
  "rmse": 15.092668476406841, 
  "lengthscale": [
    2.1337567147225212
  ], 
  "mae": 11.232922934380888, 
  "pearsonr": [
    0.74168524812261227, 
    1.0822837050448295e-18
  ], 
  "variance": 281.9453161634582
}