{
  "noise": 0.4943663977023377, 
  "log_likelihood": -1005.1773830203656, 
  "nlpd": -549.048485429577, 
  "rmse": 14.056668125940075, 
  "mae": 10.890764807818169, 
  "pearsonr": [
    0.72249476694299453, 
    2.1603203460036131e-17
  ], 
  "variance": [
    0.026140663989481495, 
    5.252302529501041e-09, 
    0.079604181955416686, 
    0.039072078555978378, 
    5.1709154620629667e-09, 
    2.5641444218119222e-09, 
    0.035606968494217815, 
    0.071567824143276323, 
    4.523749750611481e-09, 
    0.50657908609032021, 
    2.4383301880417624e-06, 
    1.4791442423379087e-08, 
    0.069470230215188486, 
    3.5718628393623461e-08, 
    1.6203244548420258e-08, 
    5.4807898910128204e-09, 
    0.063434976197638479, 
    0.00048822910177034537, 
    0.044310422209107157, 
    3.9082431076575458e-08, 
    0.014329522876813843, 
    0.018025417406273163, 
    0.037833914042740946, 
    0.016123074167743053, 
    0.047242346154574497, 
    0.17648769572283304, 
    0.037480282070695772, 
    0.13686957655269, 
    0.0038719969340909734, 
    0.2418736049182417, 
    0.014004329110324225, 
    0.014946048717062366, 
    0.021559078768747034, 
    5.2476499774224966e-09, 
    0.017451429509504467, 
    0.203580745013099, 
    0.0028685697527265192, 
    0.30560975884008057, 
    0.02912352500249683, 
    0.051644538334487289, 
    4.0496840192410744e-08, 
    8.4136357541509633e-09, 
    0.04198428929665509, 
    2.2829193462731188e-08, 
    0.14836326574001157, 
    6.4802599413869845e-09, 
    0.12852833597486515, 
    7.0594810170566131e-09, 
    0.035803339766342826, 
    1.9246310753053822e-07, 
    2.7422518432853109e-07, 
    8.4532907165651995e-06, 
    1.2415106879363379e-08, 
    6.7495593106885799e-09, 
    0.055403132506267175, 
    3.333032789421104e-10, 
    0.1400908583842389, 
    4.3871048888299352e-09, 
    3.8215903469131453e-07, 
    0.010481400035448398, 
    0.052069308295194988, 
    0.039336655558169002, 
    2.0190475556038752e-08, 
    0.014224738681490261, 
    1.1991124808141957e-08, 
    0.098601651318124359, 
    0.15150559574629485, 
    8.2748729516212853e-09, 
    1.0509104498379896e-08, 
    0.10965418971146658, 
    0.057378710575919818, 
    0.038877633598401004, 
    6.4012079824225632e-09, 
    0.019665130659919716, 
    0.069279533140825605, 
    1.4830980500726769e-07, 
    0.046928572457672089, 
    1.1069534693303753e-08, 
    1.064455666775197e-07, 
    0.069966423027344682, 
    0.034990839052248389, 
    0.11305373977505383, 
    0.26854610024593506, 
    2.3402748494443008e-07, 
    1.1137101852412183e-06, 
    6.7462550513197886e-06, 
    2.5801335681577351e-08, 
    7.7930704157338735e-08, 
    1.882068480781356e-08, 
    7.7541042020932281e-09, 
    4.41177565357688e-09, 
    0.030122410886422733, 
    5.7491691704369e-09, 
    2.2357051140252112e-08, 
    0.044619619751981934, 
    2.4043757794607592e-08, 
    2.5140700237429785e-07, 
    1.936630730952288e-08, 
    8.3298326594253463e-06, 
    0.084663896302057118
  ]
}