{
  "regularization": 10.0, 
  "rmse": 11.368298988539266, 
  "intercept": 0.54664008493626692, 
  "mae": 7.5370865431556346, 
  "pearsonr": [
    0.31883655936158434, 
    0.00029014579651092531
  ], 
  "coefs": [
    -1.4734997093251294, 
    -1.3050598698901998, 
    -0.65639179198980036, 
    -0.36414126491917598, 
    0.2625166105688248, 
    2.2251951083020929, 
    0.068308588886614063, 
    0.87471891871646368, 
    3.3252513407975055, 
    4.8663922611214865, 
    1.2365498541762696, 
    -1.2067003603137647, 
    -0.73561748020333095, 
    3.2158511988898444, 
    0.14794600623678739, 
    5.001320562672352, 
    0.15982877510283303, 
    -0.46850735966560952, 
    -1.3523396222538344, 
    1.1625183078967105, 
    1.0760939493938231, 
    0.43811508469334237, 
    1.1982360322805634, 
    -1.1349466161902908, 
    0.92179894996207323, 
    0.21107502937107531, 
    2.7712729519006709, 
    -0.53046155469993805, 
    -0.28854959157744053, 
    1.7323565808100676, 
    4.3318123631696537, 
    -1.2618129144330865, 
    2.0147379080153054, 
    -1.1661016084214717, 
    0.19167422957689181, 
    -2.5932109742586258, 
    -2.021406951670178, 
    -0.81804534784925398, 
    -1.3107688409111695, 
    1.0827525927327162, 
    0.080599888596674579, 
    0.94778326399461266, 
    -1.3140066810653044, 
    0.33680733640275806, 
    -1.8928667857073214, 
    -1.5422916146492516, 
    1.6944630020091798, 
    1.9746357459070512, 
    -0.58945491352909374, 
    -2.0796648944459819, 
    -0.71029720331209911, 
    1.0384904031819082, 
    -2.3633632955178689, 
    3.8778415030669433, 
    -2.3641189750287928, 
    0.40444220602635461, 
    -1.3698097913311986, 
    -3.5653804507470124, 
    1.1109048887143742, 
    -0.43732538289099432, 
    2.1745534631458834, 
    -2.0528811916054877, 
    -0.31724089926185117, 
    -3.1191496212056213, 
    0.66882450495826784, 
    -0.8402092799344193, 
    5.3548691134318345, 
    -0.64262153155813839, 
    -0.27983763957068569, 
    0.79354685021641236, 
    0.25226052311584485, 
    -3.019471477554573, 
    -0.39061982638150805, 
    4.6324519586494066, 
    -2.1735958442259857, 
    2.6754504195151689, 
    -0.0018116386152107616, 
    4.1723330047109055, 
    -2.1774639556143387, 
    0.13503127882786004, 
    1.3206860173209642, 
    2.4126823422283818, 
    -1.0824119581986471, 
    1.5337782678741956, 
    -0.42171131217114405, 
    -5.8955084572979803, 
    0.59445635943839492, 
    -1.0253037033442933, 
    3.0104091683598613, 
    -2.399769090001902, 
    0.10053980583906109, 
    -1.2223528400899717, 
    2.7615017472853873, 
    -0.6970067768836522, 
    6.8372323414748903, 
    -0.30913838966747093, 
    -0.95894093286702398, 
    2.1413887976170152, 
    0.45347455244200496, 
    0.57464826172561601
  ]
}