{
  "regularization": 10.0, 
  "rmse": 9.4763832759809432, 
  "intercept": 0.75219611510529294, 
  "mae": 5.514849410131192, 
  "pearsonr": [
    0.51595289488763796, 
    3.9304996428795526e-08
  ], 
  "coefs": [
    -1.4543412720252389, 
    -0.457436547009825, 
    -0.54617014296731625, 
    -0.47753370374310922, 
    0.37504416773077531, 
    1.928181803724081, 
    -0.89668240462256066, 
    1.0380758288824778, 
    1.8198486888483107, 
    2.9908507512527418, 
    0.7077134764116888, 
    0.23071696265035085, 
    -2.228171938959183, 
    1.9597533002008718, 
    -0.68848155405600298, 
    2.2425484072319608, 
    0.276107867555201, 
    0.65751244160633671, 
    -1.1277320134603583, 
    0.25627204829274014, 
    0.51275082264422356, 
    0.35105650786352038, 
    0.51472161832639285, 
    0.022998630378178359, 
    0.26930582862526065, 
    0.14363830446716805, 
    2.273188735486587, 
    0.3822973138536932, 
    -0.16742087421861665, 
    3.1305077705578852, 
    4.5483279595767501, 
    -1.5203819237690226, 
    2.2788225116902914, 
    -2.6494618156382415, 
    1.3929726041753254, 
    -1.5933369618163156, 
    -1.3372956690311042, 
    -1.6393750634683546, 
    -0.72387891679582617, 
    0.46215178327711742, 
    -1.151322509800246, 
    0.39211776443467872, 
    -0.18166490386501194, 
    -1.0193288966108467, 
    -0.3959593790066871, 
    -1.2593555416455837, 
    0.69753131511009503, 
    0.69297014211803654, 
    0.8215753953008621, 
    -2.4502284922953721, 
    -1.038581822438249, 
    1.0371941630445707, 
    -2.8148496288985849, 
    2.8305841012190691, 
    -2.006560154150232, 
    1.4821508056974226, 
    -0.28240334515196697, 
    -1.6778133350368918, 
    1.7690325390199566, 
    0.30758196847498864, 
    0.2075516954026583, 
    -1.231085011861927, 
    -1.3334219530964957, 
    -2.1483195416971461, 
    -1.4484288534369421, 
    -0.8380378110708101, 
    4.792495154691605, 
    0.51928739879433072, 
    0.39532819722903856, 
    1.1814913873194908, 
    -0.033613798955567584, 
    -1.959265677833498, 
    0.74601278503255053, 
    3.3118206017795138, 
    -0.71908644852860926, 
    0.20776896619361793, 
    -0.14804867186087148, 
    0.88048953360039039, 
    -1.334263780787412, 
    1.087066857910105, 
    1.2325023409225691, 
    2.2812082390836239, 
    0.74384827482589855, 
    0.5278768611019703, 
    -2.2495205693777756, 
    -3.2649443441383177, 
    1.3026828424696093, 
    -0.91658015006658333, 
    0.86654837240183302, 
    -3.1084560792123028, 
    -0.27994752500736414, 
    -1.2198118473700423, 
    0.60379520740771508, 
    0.11498446044795303, 
    7.188048982231714, 
    -0.94167780718121208, 
    -4.2672594308835583, 
    1.3470867118052607, 
    1.2310109476729529, 
    -0.88799874697576853
  ]
}