{
  "regularization": 10.0, 
  "rmse": 14.886645970593472, 
  "intercept": 7.6941780686725991, 
  "mae": 10.692115653788861, 
  "pearsonr": [
    0.67403158896066973, 
    7.000099865655284e-18
  ], 
  "coefs": [
    -3.643591816777465, 
    -0.64857221319910052, 
    -1.3895672341456684, 
    -4.9073138132973124, 
    -0.32571014161004613, 
    0.1458445566356768, 
    -3.1149285096648462, 
    -3.7731725105793648, 
    1.3977539603566069, 
    11.994670612129685, 
    1.3993831781273802, 
    0.55370748077920029, 
    4.346111819563375, 
    -0.2066526873351508, 
    -2.2931893200370963, 
    2.416308828269937, 
    -4.9997490087740806, 
    -1.5196403241948824, 
    -2.968476182100193, 
    -0.060604450885873351, 
    0.64801116346189547, 
    0.057208944963697467, 
    5.9887176534900624, 
    -2.0058295088741587, 
    -2.1228014746944401, 
    6.0547568040660193, 
    3.5324798026794881, 
    5.7828477206885083, 
    1.5138070096688576, 
    6.7583074018362108, 
    2.304562206978547, 
    -1.8800178520319251, 
    3.0707565939391133, 
    1.3442065599990529, 
    -6.3840065077952115, 
    -7.2061649815166211, 
    0.95809551954393823, 
    -9.4450995549269585, 
    2.5168905247323545, 
    3.80221248627829, 
    -0.60440044489541922, 
    1.3284163999667693, 
    -3.6987255815762912, 
    -1.6453877772709999, 
    6.2535303135695441, 
    1.0662498623684493, 
    6.4433832618510243, 
    2.7529286410162443, 
    -0.6343369338194802, 
    1.7813509847057931, 
    -2.4547102946201345, 
    4.509576550347389, 
    -1.6603245514434279, 
    3.6893740779377771, 
    -3.5362370971565444, 
    -1.1897370670311691, 
    4.6409767197168703, 
    -1.7898762050250874, 
    -0.24188621428751855, 
    1.9053600317969834, 
    4.3591738222824494, 
    4.5349284233205758, 
    -0.10305204514926528, 
    -2.4291351236169003, 
    -0.18042918530979019, 
    5.370751296856433, 
    -5.1895683573566593, 
    1.2149926262700474, 
    1.1111161867620365, 
    4.8154449164440329, 
    -4.5557758113040938, 
    -2.8982232401123569, 
    -0.63870785664963847, 
    5.4168690550181031, 
    4.8943538967538567, 
    -0.34052590583711762, 
    5.9319674721121816, 
    -1.4258819260956106, 
    -3.1154139488306396, 
    1.8014612381897952, 
    4.2519901329427379, 
    -5.4141102436685848, 
    -8.0632955097730665, 
    -0.23704427880070345, 
    1.7115232113584882, 
    0.79307918218432893, 
    1.3680029246405048, 
    2.3960011122083142, 
    -1.5556577652211374, 
    1.4345178850338702, 
    -1.0781072650292576, 
    0.82024253645515099, 
    1.3769622050037291, 
    -2.2815948192685016, 
    -4.5167340942505625, 
    1.2699887615410328, 
    3.5060852269718414, 
    0.69035988253689817, 
    0.76902503116075549, 
    -3.7864501860963107
  ]
}