{
  "noise": 153.10780809150282, 
  "log_likelihood": -3585.8438100432877, 
  "nlpd": -3.8547396191839103, 
  "rmse": 11.277960350507932, 
  "mae": 9.094698208162372, 
  "pearsonr": [
    0.20983994110169116, 
    0.03613482284075626
  ], 
  "variance": [
    92.753112485144101, 
    5.2698277629872294e-05, 
    4.6378998435171558e-05, 
    7.6151582355666969, 
    26.785987738882994, 
    15.418006230704144, 
    17.41452154316055, 
    45.326147734778758, 
    4.0620019096187943e-05, 
    19.230099826908898, 
    16.173409365638733, 
    5.1789906952571653e-05, 
    4.5249620191410529e-05, 
    0.00018102360302560793, 
    82.067794959415693, 
    5.8251997596180517e-05, 
    4.0553841023503636e-05, 
    0.00010131193265245806, 
    5.2794641255217259e-07, 
    3.7200953074346139, 
    9.1701416376164838e-05, 
    7.0246215989074897e-05, 
    4.7380283700801673, 
    2.012832686517903e-07, 
    4.6676407933554075e-05, 
    4.6120257548362884e-05, 
    5.3828831456685329e-05, 
    0.96449156838213013, 
    0.00040793977163575623, 
    24.536199899352845, 
    3.4989135554319295e-05, 
    16.403460360822358, 
    70.312326010375202, 
    22.336727648362249, 
    5.0072568360958291e-05, 
    7.0298353684289847e-05, 
    2.3176772254713214, 
    4.1431798495100929e-05, 
    2.9291016815754274, 
    7.031115259033754e-05, 
    34.462325311423129, 
    5.776885866639342e-05, 
    7.1603059293996347e-05, 
    6.0402833716020172, 
    20.051897337420364, 
    5.0621108150459334e-05, 
    3.8014552691803394e-05, 
    16.343490984999818, 
    5.6603827678528589, 
    6.6857879034663432e-05, 
    4.1134028172423564e-05, 
    5.97701589645893e-05, 
    14.72419343068799, 
    29.683682592887497, 
    0.00093372060760297398, 
    2.7291142508318051, 
    32.558492167531526, 
    3.4502101008205803e-05, 
    19.685621128437898, 
    8.047576627966361, 
    37.702820008273655, 
    12.627435677518182, 
    75.289801956267937, 
    1.4369259989894709, 
    1.4044968152866264e-07, 
    0.00010298590679524961, 
    46.825588111565722, 
    72.890969146398206, 
    5.1949647525736786, 
    7.4399394991546286, 
    184.23076309885244, 
    2.8056001440028229e-05, 
    4.9366143304755176e-05, 
    33.648154980060696, 
    4.4507530514177862e-09, 
    2.3681308394929249e-05, 
    13.56146102801832, 
    42.060146765264854, 
    7.0310035817940285e-05, 
    5.5794585348134826e-05, 
    0.00022514971649895333, 
    83.824847099448505, 
    2.6555118750214417, 
    7.4848709868906115e-05, 
    7.440842716453461, 
    0.00051949781556744621, 
    44.78181163897343, 
    3.9032685988651247e-05, 
    5.4510218148313126e-05, 
    4.1547347528427674e-06, 
    0.8012124465089856, 
    5.5171257670759178e-05, 
    46.493738778428956, 
    4.552985055100884e-05, 
    3.3266930185840669e-05, 
    5.1041445406343604e-05, 
    39.280541974356105, 
    14.228529301789489, 
    4.1590602727293309, 
    4.8503046669075119e-05
  ]
}