{
  "noise": 29.51045109497584, 
  "power": [
    0.60755873451726383
  ], 
  "nlpd": -3.6112821297029383, 
  "rmse": 8.464022075685703, 
  "lengthscale": [
    1.0646620360248926
  ], 
  "mae": 5.9896077986804084, 
  "pearsonr": [
    0.69159659718990874, 
    1.6373129693858657e-15
  ], 
  "variance": 175.97252942694539, 
  "log_likelihood": -3421.616994414997
}