{
  "RatQuad.variance": 261.84578866106244, 
  "log_likelihood": -4356.693346064749, 
  "nlpd": 3.8696183350686586, 
  "rmse": 11.373527407278386, 
  "Gaussian_noise.variance": 16.701137484554692, 
  "RatQuad.lengthscale": 0.6948965528116854, 
  "mae": 7.9412054426383687, 
  "pearsonr": [
    0.66462052253214854, 
    2.8881861572497177e-17
  ], 
  "RatQuad.power": 0.35169125206225027
}