{
  "log_likelihood": -4887.336844839827, 
  "nlpd": 4.2667656627106902, 
  "rmse": 17.390829241413044, 
  "rbf.lengthscale": 2.3129824577646882, 
  "Gaussian_noise.variance": 179.65349698896037, 
  "mae": 13.678268383314965, 
  "pearsonr": [
    0.65668179567326512, 
    9.1799479563076448e-17
  ], 
  "rbf.variance": 560.2059464234222
}