{
  "noise": 176.8944685707298, 
  "log_likelihood": -3893.331186614165, 
  "nlpd": -4.2195156360804758, 
  "rmse": 16.307012365847498, 
  "lengthscale": [
    2.4306570526983968
  ], 
  "mae": 13.258296094927498, 
  "pearsonr": [
    0.58279514914260444, 
    1.9978214084328269e-10
  ], 
  "variance": 547.9452381551193
}