{
  "warp_d": 0.1224921805555726, 
  "noise": 0.9255630630877437, 
  "power": [
    0.038084053090833243
  ], 
  "nlpd": -3.8854108262104581, 
  "rmse": 11.836579398952953, 
  "lengthscale": [
    0.46741989200426737
  ], 
  "mae": 9.0739121782003878, 
  "pearsonr": [
    0.5385543504148067, 
    7.4880261785402588e-09
  ], 
  "variance": 15.464121576708889, 
  "warp_psi": [
    [
      2.1232951852413817e-08, 
      9.9466332044103556e-07, 
      0.55679033744294359
    ], 
    [
      1.7788701663373688e-07, 
      5.0959849626485054, 
      3.5665627272742872
    ], 
    [
      1.503439039944323e-07, 
      2.6526022260893254, 
      1.3807579355410711
    ]
  ], 
  "log_likelihood": -3556.9006361781485
}