{
  "warp_d": 0.18570184829608047, 
  "noise": 4.121018206325093, 
  "log_likelihood": -3573.33601974861, 
  "nlpd": -3.9355191296083145, 
  "rmse": 12.398762787393405, 
  "lengthscale": [
    4.4915408370488592
  ], 
  "mae": 9.0228107075596036, 
  "pearsonr": [
    0.41519924318671581, 
    1.7441406053553673e-05
  ], 
  "variance": 9.802376705832124, 
  "warp_psi": [
    [
      0.074411838965559043, 
      9.0975837360297029e-08, 
      -0.096388217408354251
    ], 
    [
      6.485742013933597e-07, 
      0.18406228692642015, 
      2.9702990461474692
    ], 
    [
      2.5135041442543776e-07, 
      0.79164438799844439, 
      1.814746967860472
    ]
  ]
}