{
  "noise": 198.83039705716465, 
  "log_likelihood": -3701.6361184571865, 
  "nlpd": -4.1884818717444388, 
  "rmse": 15.793136487719261, 
  "mae": 11.988632272301551, 
  "pearsonr": [
    0.64507286587090562, 
    4.361193275506485e-13
  ], 
  "variance": [
    8.4766052939629451e-06, 
    7.6410560295873251e-05, 
    10.157974639697022, 
    34.220168101654245, 
    7.3172174046708882, 
    0.00010899725249089631, 
    31.042879572477233, 
    38.523785600649909, 
    4.9792539033417843e-05, 
    184.19323505162498, 
    5.6370780595483092e-05, 
    0.00011052860869354805, 
    3.1400734711101346, 
    9.860518357682328e-05, 
    0.0001031744210201629, 
    6.2941728284957751e-05, 
    23.695437377722026, 
    13.514916619386241, 
    22.873352445300046, 
    4.2733527048458132e-05, 
    3.4510839733577567, 
    5.6258578239900063e-05, 
    64.288952358069466, 
    5.0573738842278826e-05, 
    0.00011298975312620872, 
    70.547387516330915, 
    5.5142810985698221e-05, 
    99.939956995022797, 
    3.9262226187886507e-05, 
    38.792606705941871, 
    1.8725585424758322, 
    5.1602793901820449e-05, 
    6.2449022506339265e-05, 
    5.4964270636076976e-05, 
    12.526880689724164, 
    44.94210824837976, 
    0.0004480423474033286, 
    115.30268329870398, 
    22.239684622385703, 
    9.266659852776117, 
    7.5836105582022885e-05, 
    6.275187574944396e-05, 
    0.00053220833204195572, 
    15.522793884333709, 
    42.220068567585564, 
    5.8677006556751182e-05, 
    30.846175834761336, 
    6.1608999967723436e-05, 
    0.00024039595300938697, 
    8.2451479570676912e-05, 
    0.97426796367438184, 
    30.207482071084986, 
    5.6579172798889064e-05, 
    3.3011705344172059e-07, 
    1.6845953969652667, 
    4.6961182574310536, 
    9.94528844116949, 
    5.4930432571200991e-05, 
    2.981012777881712e-05, 
    24.158604154901887, 
    1.7006384344440864, 
    53.810947525422769, 
    5.1985364967102422e-05, 
    4.9973375173048131, 
    5.6420358417065353e-05, 
    25.787882350041052, 
    66.888568214226964, 
    7.1974914494807394e-05, 
    1.1802705395189088, 
    13.163898067761615, 
    6.0319910264023902e-05, 
    43.92729606807594, 
    6.1182295466226787e-05, 
    39.662956185734018, 
    5.1006821579943926e-06, 
    8.1469116328302597e-05, 
    58.719382688250491, 
    1.2244450125878721, 
    4.4452851408096281e-05, 
    6.2485359318173765, 
    119.04719922669759, 
    29.558968233919039, 
    84.870005848799167, 
    7.4360878037952851e-05, 
    4.2847223217953139e-05, 
    5.1823085162002472e-05, 
    26.662910284387763, 
    0.00026337885598810232, 
    4.4374745515752937e-05, 
    2.0391672973505099, 
    4.9750044736697599e-05, 
    4.5956103986280333e-05, 
    5.5658849933186597e-05, 
    5.5623696500075543e-05, 
    27.875794791839958, 
    8.479167200618468, 
    6.3276331531351385e-05, 
    5.2006108878463877, 
    4.7287916843772177e-05, 
    32.23835960384352
  ]
}