{
  "regularization": 1.0, 
  "rmse": 10.717688538480164, 
  "epsilon": 0.10000000000000001, 
  "mae": 6.6395982347827305, 
  "pearsonr": [
    0.69553550741910997, 
    9.7210686756924158e-16
  ], 
  "gamma": 0.10000000000000001
}