{
  "warp_d": 0.2879840040623402, 
  "noise": 14.336173537093575, 
  "log_likelihood": -3653.1836120145126, 
  "nlpd": -4.1932583726240571, 
  "rmse": 15.600343769128942, 
  "mae": 11.603981250957565, 
  "pearsonr": [
    0.42167547608150002, 
    1.2464499673306825e-05
  ], 
  "variance": [
    0.85965771741373032
  ], 
  "warp_psi": [
    [
      2.332650350852082e-08, 
      1.654730129846461, 
      0.77946027413740571
    ], 
    [
      1.5754234461141194e-07, 
      0.044370618312094795, 
      2.2412122337808071
    ], 
    [
      5.7263964803586535e-07, 
      0.48890051112519028, 
      0.68089723075415243
    ]
  ]
}