{
  "noise": 0.034205049098208734, 
  "log_likelihood": -1065.325640802031, 
  "nlpd": -787.71935632226348, 
  "rmse": 18.985730897968562, 
  "lengthscale": [
    1.3637000553317007, 
    1.1910986516878657, 
    7.2488879582847288, 
    8.1282532245527612, 
    1.9127010939494598, 
    1.0299065724653669, 
    0.93564679718862287, 
    14.762606291860857, 
    13.351847158864166, 
    1.9325123529122723, 
    13.311145988441758, 
    1.5935439005772356, 
    15.237939880647236, 
    16.598809311731255, 
    1.1831945710667005, 
    13.362679512799893, 
    1.7124775502932039, 
    0.83054926211974278, 
    20.997470342808349, 
    17.124285997066298, 
    1.2767666233856807, 
    11.215407787403857, 
    8.8278557413450205, 
    9.2439549011201247, 
    0.82996952787916156, 
    1.7324504167840373, 
    14.171302592327237, 
    1.1508725860639448, 
    3.1799954172160301, 
    1.1022152265530694, 
    1.5041875570254735, 
    17.277287972884839, 
    9.8299601033207757, 
    2.3276326317777496, 
    1.5281174060249605, 
    13.482293784233658, 
    12.360194111812902, 
    13.58740516532446, 
    12.207415384333434, 
    1.5298848947109895, 
    5.9552454922009179, 
    0.96064941067006426, 
    2.5196138421589147, 
    1.2478111437620343, 
    11.460296616442896, 
    17.382620294707223, 
    10.689576126264576, 
    15.714996675535904, 
    1.0783815655222195, 
    17.107617447841118, 
    1.2601479774296769, 
    10.887149547762309, 
    10.086917944737445, 
    17.852345126654665, 
    13.02683458073084, 
    20.985623471085528, 
    6.4629147525874364, 
    14.567638271045277, 
    17.187489774039165, 
    0.78649630867271947, 
    14.498465828981853, 
    1.1448611159982947, 
    16.789774471483735, 
    15.822762289074252, 
    16.254604518184941, 
    13.115265833877185, 
    14.691198038030548, 
    13.82970290596478, 
    12.373668730351216, 
    1.1195749421873036, 
    1.7058803127920918, 
    10.552616590292903, 
    17.355545203884752, 
    15.883923156334204, 
    17.770044054041403, 
    16.34734835725385, 
    1.2681210890160619, 
    16.730277631449734, 
    13.738355639603387, 
    1.509167785389772, 
    1.2781202944387293, 
    3.0677603312438126, 
    2.484165812438492, 
    13.441157318843519, 
    12.345274032073503, 
    14.525438140162692, 
    1.5530660663585008, 
    1.7999119270259587, 
    1.055928488520901, 
    15.962479779449724, 
    3.0700947089064372, 
    0.93062815442013092, 
    12.44058470282209, 
    1.6034769717321309, 
    0.91710260763941753, 
    11.173131934368662, 
    1.0402558230011125, 
    16.767422369833891, 
    10.78897012694072, 
    14.033580551126546
  ], 
  "mae": 15.522876413981821, 
  "pearsonr": [
    0.53870585755376432, 
    7.4021866307055389e-09
  ], 
  "variance": 1.265679489930582
}