{
  "warp_d": 0.4384532019943804, 
  "noise": 25.805045835625016, 
  "log_likelihood": -3531.1069454159183, 
  "nlpd": -4.0160231592297038, 
  "rmse": 13.257102359403556, 
  "mae": 9.6054355955334501, 
  "pearsonr": [
    0.086263988299774538, 
    0.39344491243452195
  ], 
  "variance": [
    4.9832658190143651, 
    0.0012212970228401628, 
    4.6279500350346865, 
    0.00099490002026155324, 
    0.00073408295899571373, 
    0.0010405342625848324, 
    0.052407311291511126, 
    0.00091993218634494234, 
    0.0039286076638879175, 
    11.161005069771845, 
    6.0038825617020413, 
    0.00776117062132762, 
    0.54749864104330326, 
    0.0013347357343933912, 
    0.002028262493420154, 
    0.00082178250635771386, 
    0.00065418880993253271, 
    0.00079201195202516575, 
    1.6810636539470318, 
    3.7997967748656856, 
    0.13981756911415302, 
    3.795499705355041, 
    0.0009469906224733567, 
    7.7372246768088973, 
    2.994016484351893, 
    4.129431513067904, 
    1.7779115751212342, 
    1.0815908383748694, 
    7.4681468007564549, 
    19.604047170009622, 
    3.007749777935262, 
    1.087518508140376, 
    13.421164902835422, 
    4.3143377694647187, 
    0.11298284323108826, 
    0.0080277640086604141, 
    0.0036473564242396096, 
    0.00056194432968518311, 
    0.0017973610475029967, 
    0.0012381500598798003, 
    2.5422819112421586, 
    0.0041921021563811663, 
    1.7522192991878647, 
    2.7431753968361661, 
    0.0097205280545528943, 
    0.12753021233638956, 
    0.0044654478673465973, 
    0.015228713974574889, 
    3.1031170159479307, 
    3.6968077309411318, 
    0.86183726946376127, 
    0.0011896474988576618, 
    0.0012463152621617693, 
    5.9334364806395605, 
    0.00073992931233601931, 
    22.011736336884763, 
    6.2749959315291566, 
    0.0083678847280418672, 
    1.6333924913144908, 
    0.002726786332228105, 
    3.0817315098955254, 
    0.34129783199796382, 
    7.6788958265122549, 
    1.3099263009101916, 
    8.7176244546521477, 
    0.002462180089769369, 
    4.7879397380128319, 
    0.0010800708473138545, 
    0.18971505484996937, 
    1.6308338161070624, 
    0.16037158210760105, 
    0.75822324035710964, 
    0.016555543205650169, 
    0.0022496747298899572, 
    9.248375487006335, 
    0.0011072208630027469, 
    5.3353883379457381, 
    0.0013230438912609965, 
    4.1038455325452903, 
    0.0010766921262168449, 
    7.823494773930638, 
    16.933657393665815, 
    0.013512120584267697, 
    14.448080702855975, 
    0.0033885603595664097, 
    0.00084829880189669774, 
    3.0067053958027739, 
    2.6494962182524748, 
    0.98968929312876064, 
    0.68626731199959734, 
    0.0010197335797215306, 
    0.048070302405588593, 
    0.021418616775011692, 
    0.001987370982006811, 
    13.519084245969855, 
    0.0022178342120680022, 
    3.2478097549688192, 
    0.0005807670747284303, 
    0.0036661295027560457, 
    0.0010347270838719455
  ], 
  "warp_psi": [
    [
      7.5091240998211036e-14, 
      0.30518768517315431, 
      -0.15005147864032337
    ], 
    [
      1.5378399163642225e-09, 
      0.52539913213546252, 
      1.8806372703840275
    ], 
    [
      1.0727726024888286e-07, 
      2.3011755779748739, 
      4.3224202542011385
    ]
  ]
}