{
  "noise": 292.01915425562987, 
  "log_likelihood": -3903.39107868257, 
  "nlpd": -4.2768289425027808, 
  "rmse": 17.37701402856344, 
  "mae": 12.588315601446691, 
  "pearsonr": [
    0.78041171776153406, 
    1.0580364100978611e-21
  ], 
  "variance": [
    27.08157501394588
  ]
}