{
  "regularization": 10.0, 
  "rmse": 19.247101321346822, 
  "intercept": 24.526747377494889, 
  "mae": 14.935994416801522, 
  "pearsonr": [
    0.5377842269158607, 
    7.9392927089923663e-09
  ], 
  "coefs": [
    5.8299952420736805, 
    -0.52398781047525789, 
    -2.0120594824212636, 
    8.8854148930143086, 
    9.9745469177553492, 
    -8.7163195814957053, 
    1.7666023895470802, 
    -2.0083373340788593, 
    -3.8433137267259085, 
    -3.4907816563656224, 
    -0.24138249308865711, 
    -5.7016132685457137, 
    -1.7305662815885106, 
    2.0844165106336923, 
    -3.3077639292206036, 
    -1.7039569361027591, 
    1.7756347171359155, 
    -0.21045875338709694, 
    0.52403845810737404, 
    2.6219847652873769, 
    -3.2443574673963624, 
    -2.5988586500671826, 
    -4.1854007654634167, 
    -0.25851009225397187, 
    2.4403379430840144, 
    -1.8065700245433485, 
    -2.5809184384219779, 
    -0.61404238000607225, 
    4.2955324162240753, 
    -10.320333465374791, 
    -7.8595213299386311, 
    -4.8216018881695026, 
    1.5039427925325655, 
    7.2069551093936139, 
    7.779528301971224, 
    -3.2862852500029893, 
    -2.4210272049813728, 
    0.21055494100580296, 
    -3.9274480502301552, 
    -4.1125883687271925, 
    7.8537117179024776, 
    -2.6455058947721777, 
    6.6288539048307031, 
    -1.3347862115028797, 
    2.459275077414024, 
    -1.3839601423311474, 
    -3.2678352262849333, 
    -0.24691952743141518, 
    2.0322286970675076, 
    -1.7257607171605978, 
    -6.999802496752431, 
    -3.8417701419144534, 
    -0.38184116972583276, 
    -0.22148451264709057, 
    1.5725882127970456, 
    -0.30368861946473147, 
    0.27505662896337579, 
    5.8827255672639538, 
    0.45170200969204188, 
    -6.8548406366701649, 
    -4.1124850996011748, 
    4.1508889378005653, 
    -0.096587787651462198, 
    -3.2027822565235962, 
    1.5147102992853021, 
    -0.059106079202218206, 
    -3.5913042754938092, 
    -1.0525706342964354, 
    3.9326453138599549, 
    -3.7776389745298369, 
    6.2914167023037866, 
    4.2584336691590918, 
    -5.9591179370508955, 
    -2.1949645065337049, 
    -3.7379380733472205, 
    1.9799083905012238, 
    -8.3983689349806721, 
    -0.23367322729090526, 
    4.4926274656424114, 
    -9.1933061672949403, 
    -6.1850918986099748, 
    3.9592640248921529, 
    3.7781141621842624, 
    3.3552305208358582, 
    -1.0282654481312457, 
    1.06151296937892, 
    8.8906016437569164, 
    -4.3754809940800419, 
    -7.4407429022132909, 
    1.9227990203553427, 
    -0.83572443266454322, 
    -3.9799181344872938, 
    -0.23331094528213159, 
    -0.37937809234317593, 
    -4.9681959060866117, 
    -4.0355289754741017, 
    0.10098507457523524, 
    -0.0045001924592465992, 
    0.14320127411645861, 
    -0.17384704175322738
  ]
}