{
  "noise": 0.1151239403919395, 
  "log_likelihood": -978.6396584230201, 
  "nlpd": -639.80273392349466, 
  "rmse": 11.462705832730217, 
  "lengthscale": [
    2.2120891028666971
  ], 
  "mae": 8.9395819202161562, 
  "pearsonr": [
    0.818516738959298, 
    2.5073638889852457e-25
  ], 
  "variance": 0.8247961004085684
}