{
  "noise": 0.03788096943434002, 
  "power": [
    0.041613840857050423
  ], 
  "nlpd": -756.54095687642348, 
  "rmse": 15.926938101594798, 
  "lengthscale": [
    0.59497836675274718, 
    0.58680553572927252, 
    10.584548518540023, 
    0.82667865414658581, 
    0.91399060876522031, 
    0.55922272685263241, 
    0.41674987887544263, 
    1.1798689373635274, 
    0.68681570862666186, 
    0.92183932738959484, 
    11.305805840928278, 
    0.74884851373073691, 
    7.04599159138911, 
    7.8811989986054432, 
    7.2539146794408857, 
    0.83566303176708945, 
    0.29807750907561009, 
    0.2605162679188644, 
    11.608513908650519, 
    9.5017283277021711, 
    0.97807687482077954, 
    1.3989677834518495, 
    5.5031932190376232, 
    6.2549635287759902, 
    0.33562134242175379, 
    4.2419010364456842, 
    0.92306505298611585, 
    0.39004928585920268, 
    1.2720045304089553, 
    0.39359872774012994, 
    0.59525063294679315, 
    9.7370604782442491, 
    9.7315845618516743, 
    0.60492831650114387, 
    0.82045201431450632, 
    9.6461432437378907, 
    4.7690524231422007, 
    9.9561623512969479, 
    6.6554983183347494, 
    6.9082784682975014, 
    0.49592961843810002, 
    0.76314635617152371, 
    1.4427861596786518, 
    5.5022072349675017, 
    11.150347930958834, 
    11.025215072044306, 
    1.6888372124670745, 
    11.863960514213129, 
    0.4369673240307354, 
    8.7064210875251273, 
    0.64329400719600194, 
    0.77745113053518322, 
    4.8442489145962355, 
    10.374820290369353, 
    8.0632124473713844, 
    6.8274982918108957, 
    1.556701199313296, 
    0.6164352856737173, 
    10.804386454178038, 
    0.44728392865228167, 
    7.5130885010037431, 
    0.34912380448312402, 
    7.9104976353646608, 
    10.457628270976576, 
    10.894621211841754, 
    8.8918843946588364, 
    11.088968690225323, 
    6.2521626300559543, 
    1.4550641241109639, 
    0.39393052020005187, 
    0.77323137202874137, 
    2.7839705534513119, 
    8.2037708930847337, 
    1.6480859318860863, 
    11.265109667458708, 
    8.2588780556993093, 
    0.42582025467291479, 
    3.640426571333784, 
    9.0229940279613565, 
    0.90063833278771177, 
    0.76132537017874413, 
    1.2996160334226863, 
    3.9793680392054278, 
    8.6207109796578099, 
    5.2862372377896181, 
    10.205476102913018, 
    1.5657575348210246, 
    0.91550645027752897, 
    0.53348148837873932, 
    1.5401667676695676, 
    1.3021259416139719, 
    0.72586183008491922, 
    8.4042990620478353, 
    9.5180427823881342, 
    0.43535297108815996, 
    7.3995854247893114, 
    0.3332107072859547, 
    11.117523463061046, 
    0.53842674063543816, 
    0.8580724272069199
  ], 
  "mae": 12.296104186540164, 
  "pearsonr": [
    0.63647283504335739, 
    1.1043671888788013e-12
  ], 
  "variance": 12.135542763868958, 
  "log_likelihood": -1076.9848660513826
}