{
  "noise": 6.186661683339552, 
  "log_likelihood": -3109.254558503031, 
  "nlpd": -4.0869109481350687, 
  "rmse": 11.100689605959891, 
  "lengthscale": [
    9.827735989013048, 
    0.84030876886788564, 
    9.0352155922018831, 
    0.52473096657930618, 
    10.69133575753283, 
    9.6916200696201642, 
    1.352810829012248, 
    9.3904982639157577, 
    7.8418051698819626, 
    1.2519523109378174, 
    8.6476053843149305, 
    8.3181456322721203, 
    10.469152702836155, 
    8.4269313776949613, 
    4.548652683172743, 
    0.35171059766530544, 
    9.5634551665039531, 
    5.7458061558237894, 
    2.7683149924866712, 
    8.8482445390155693, 
    1.2580803153632429, 
    10.907480800627962, 
    10.061043982045531, 
    7.9593540995578111, 
    2.9242441614333394, 
    9.7363776641726947, 
    6.0206159124405421, 
    0.68520515861727216, 
    10.451953593877741, 
    0.37412761558152147, 
    0.60048040229058475, 
    0.7938463713721462, 
    5.4028098014909185, 
    5.0378055742002346, 
    10.379907880783605, 
    0.92191976148111743, 
    8.0812139334457296, 
    1.7436185380704796, 
    7.9563693538418416, 
    7.9660533757530194, 
    7.0738366733103195, 
    10.523505162049117, 
    1.593849031741662, 
    7.7013871238788738, 
    6.5666078606217031, 
    2.1183606298787607, 
    9.0482520454383106, 
    4.2832995963291998, 
    9.7115821981937955, 
    1.1412082204501672, 
    10.370855981185889, 
    8.4261752846759954, 
    0.49173037134610664, 
    5.8625819433242849, 
    1.1480155837400008, 
    7.5842606042020577, 
    8.0765695971900726, 
    9.3235889304092652, 
    9.8407604836176503, 
    9.3818754159641387, 
    1.0955487934776569, 
    7.3265130155994234, 
    9.4085534636026296, 
    1.8354191963199273, 
    9.6423112025673863, 
    1.8540292208718421, 
    6.4140674295698172, 
    11.256455828895161, 
    9.4631764326813261, 
    5.9794060983810979, 
    9.118907762730041, 
    0.52971307114737753, 
    0.57257169402339758, 
    3.4095445698679354, 
    7.966528314631713, 
    10.656338110920021, 
    0.28478434455023499, 
    7.8407972203518055, 
    8.6267880746026435, 
    2.628030327403212, 
    3.8560700711796345, 
    8.9688357388917339, 
    7.952464572337866, 
    7.8141023085007921, 
    8.7939889867578476, 
    1.3376780447840417, 
    6.9351170162698654, 
    1.6457135427491516, 
    8.0103795321138112, 
    6.9108194825327187, 
    8.5340609731186188, 
    8.5308387662199827, 
    11.770585509344674, 
    9.6155525450382271, 
    0.85218515400218775, 
    9.0987377164491203, 
    0.57460901804899622, 
    3.1409043366209968, 
    9.6802943639499528, 
    0.84357947982338077
  ], 
  "mae": 6.7621966958558994, 
  "pearsonr": [
    0.34947599408644886, 
    0.00036540276087978997
  ], 
  "variance": 84.02546913565463
}