{
  "noise": 0.7308671020174458, 
  "log_likelihood": -1170.1080717177915, 
  "nlpd": -454.19534413024712, 
  "rmse": 14.243189280710563, 
  "mae": 10.287700926455946, 
  "pearsonr": [
    0.59909360996664496, 
    4.5625357961396402e-11
  ], 
  "variance": [
    0.24130944912194319, 
    0.00026570749338269517, 
    0.15279457892424395, 
    0.014265398930725507, 
    0.13407850634451451, 
    8.8735292027011185e-06, 
    0.05665640966831556, 
    0.063633843902479573, 
    1.1195558807180803e-05, 
    5.4876894089474069e-05, 
    0.00082546611758795301, 
    8.3241276617289802e-06, 
    7.1737330962414622e-06, 
    1.8925181013771025e-05, 
    0.32081753676822128, 
    9.9744756692101731e-06, 
    5.7335950448813605e-06, 
    1.1881452512549171e-05, 
    0.020218159091585003, 
    3.9703791253221941e-06, 
    4.2627545188291895e-05, 
    0.033626515525285623, 
    0.08396250265787536, 
    6.3533512608685144e-06, 
    3.3005809811981179e-05, 
    5.4560494601539535e-06, 
    6.2131530481396037e-06, 
    0.014794854140529333, 
    7.1986208045105589e-06, 
    0.00010501628776446037, 
    4.2490667532444083e-05, 
    0.019856547735490331, 
    0.03328330644982469, 
    0.1890438787661714, 
    7.341226241924018e-06, 
    8.0101640467342956e-06, 
    0.023413845916061819, 
    5.7630821323520048e-06, 
    1.5982111974005843e-05, 
    1.7421004898609402e-05, 
    0.24474542396620491, 
    1.6677717946303604e-05, 
    4.1791112992099193e-06, 
    1.7166662307359656e-05, 
    0.08637282138821907, 
    7.1438926786405494e-06, 
    4.0972800888745483e-06, 
    2.0216789570701922e-05, 
    5.1431939909107253e-06, 
    5.9619834844375345e-06, 
    6.7113277021455172e-06, 
    1.0176212134588079e-05, 
    0.10406137308914606, 
    6.1974690939736677e-06, 
    1.9641902841661892e-05, 
    1.3420446773637905e-06, 
    0.0090094657244014879, 
    5.2408506598083379e-06, 
    0.097735821538698198, 
    0.00028044738984360403, 
    0.00013508995040735256, 
    3.8485056583216697e-06, 
    0.13085796559049809, 
    5.5935544334145747e-06, 
    1.2131655792419674e-05, 
    9.0555743742252504e-06, 
    0.19388792225539306, 
    0.44047239083446887, 
    1.3954941205016437e-05, 
    1.4444732827585633e-05, 
    0.42543393198877388, 
    6.879137600142913e-06, 
    6.3537374847564364e-05, 
    0.044944951660372094, 
    3.3092364637840065e-05, 
    0.0014570840571614693, 
    0.00019913608091603731, 
    0.14337378475259907, 
    0.013157848699579559, 
    0.040548883146203613, 
    0.064246493399246943, 
    0.1464802341973446, 
    7.6766554299635014e-06, 
    0.014699860858953848, 
    6.8898744044521392e-06, 
    0.11946910381217034, 
    0.057736802254091647, 
    2.6412828167385005e-05, 
    1.1882013955217592e-05, 
    0.026016248602559303, 
    0.00032147790890792405, 
    8.6115066376124403e-06, 
    0.28224704708206566, 
    0.029511594048925827, 
    4.365071401241051e-06, 
    9.6736431199981066e-06, 
    0.15788926239369366, 
    0.13103500813461041, 
    1.7038105202639039e-05, 
    0.038038431472764936
  ]
}