{
  "warp_d": 0.061703516558202484, 
  "noise": 0.30345002746064487, 
  "log_likelihood": -3305.28312454116, 
  "nlpd": -3.4067201302462782, 
  "rmse": 6.6971084417677602, 
  "lengthscale": [
    34.84997129696167
  ], 
  "mae": 5.4910756831148033, 
  "pearsonr": [
    0.36655858934899327, 
    0.00017617401054729768
  ], 
  "variance": 19.78370866307958, 
  "warp_psi": [
    [
      3.5466414624978488e-12, 
      0.65199041594212515, 
      2.5961489897417693
    ], 
    [
      7.8476501060219873e-11, 
      0.16475891053196529, 
      -0.31682497015641159
    ], 
    [
      3.0888238417652503e-16, 
      0.91216552629866066, 
      0.80715636096030408
    ]
  ]
}