{
  "regularization": 10.0, 
  "rmse": 11.414385335855062, 
  "intercept": 1.5463946370967383, 
  "mae": 8.0830615527856668, 
  "pearsonr": [
    0.6503437930194953, 
    2.4316671342082795e-13
  ], 
  "coefs": [
    -0.36801702491484006, 
    0.2830270721800176, 
    -3.5275809773696296, 
    -0.25161528279894951, 
    -2.4933194397950857, 
    2.6662318798135392, 
    -3.6909548342275604, 
    -1.3997701531966915, 
    0.9805900152341086, 
    4.2279135946354076, 
    0.0037503441377358115, 
    0.48652984274997663, 
    -0.45105172593781567, 
    -0.94565995770241607, 
    -3.0550515302067778, 
    4.0571167480556163, 
    -2.110011978369926, 
    -0.25382525315811516, 
    -6.3088512002167958, 
    2.1772532600677561, 
    3.6984617588016668, 
    -1.5897392132665813, 
    2.1698627275818834, 
    1.3602465614687127, 
    2.589564138023523, 
    1.1864962848688061, 
    3.4525648773041095, 
    -0.013845499658487026, 
    2.7809234599867798, 
    4.8084732555462173, 
    4.2096366629120121, 
    2.0151211236706184, 
    2.6319083453864027, 
    -2.0386028495234538, 
    -1.0166910076462716, 
    -2.1559034597739419, 
    -0.50095133666992919, 
    -2.0699016429137416, 
    2.1444021180471617, 
    -0.55288286098666373, 
    -3.5154182788062833, 
    -1.7922276339322825, 
    -2.4526258493603095, 
    1.8546077113100212, 
    0.87916165432986593, 
    -2.3109791138337985, 
    1.0283500969385204, 
    0.77717419753840167, 
    -0.40342794117009051, 
    1.5218354701824452, 
    1.854381418597574, 
    3.1883073627612051, 
    -4.0168574728257562, 
    4.5253553248579221, 
    -0.24980010671081065, 
    1.132906188404053, 
    1.8634347630980546, 
    -0.55613366233983241, 
    -0.16436708825112586, 
    -1.5765141401773506, 
    2.316559811270221, 
    -2.5188395850550505, 
    -0.012345193689488498, 
    -2.1919274957384323, 
    -0.49749124652687804, 
    1.36230781117281, 
    4.2288240673402022, 
    0.40781553604159437, 
    -1.4095421124423679, 
    2.9308772689457716, 
    0.75877672963975973, 
    -0.21869195440607486, 
    -2.1733940094535114, 
    3.4439431837869008, 
    -1.8995386649271326, 
    -1.053714200521437, 
    1.7759449477617701, 
    0.92834803412198763, 
    -4.768184375024755, 
    2.6742751356410239, 
    2.2189559835288528, 
    -2.6004610001065873, 
    -1.9858528849367794, 
    1.552683020545073, 
    -0.80598756284897344, 
    -2.7143992366099234, 
    0.3251545894169327, 
    0.97014346011637009, 
    2.744632246379862, 
    -4.1586123321638171, 
    -2.8104796777914314, 
    -2.267547862022147, 
    -3.6583114650478632, 
    -1.5494852277239142, 
    3.8750581439291878, 
    -1.1180564338184917, 
    -0.70320172289092742, 
    6.0046340219224392, 
    3.1962452882074288, 
    -1.9037520731076993
  ]
}