{
  "warp_d": 0.15957502776497695, 
  "noise": 0.3087109053658591, 
  "power": [
    0.51554609049455191
  ], 
  "nlpd": -4.2445732288070381, 
  "rmse": 17.711199495333595, 
  "lengthscale": [
    1.0036790515190912
  ], 
  "mae": 14.015016610389591, 
  "pearsonr": [
    0.60763353242257001, 
    2.0347586706440188e-11
  ], 
  "variance": 18.084358876878614, 
  "warp_psi": [
    [
      4.7600870617471944e-09, 
      1.5054244284507266e-11, 
      -0.2276881609748361
    ], 
    [
      0.070441456839601763, 
      62.310406696172876, 
      0.99973206607400877
    ], 
    [
      3.7353584150585631e-10, 
      0.033259714951184627, 
      -1.4076407911499176
    ]
  ], 
  "log_likelihood": -3831.205065682155
}