{
  "warp_d": 0.24096950454981653, 
  "noise": 2.3167782160689248, 
  "log_likelihood": -3797.84933303048, 
  "nlpd": -4.1998919825328915, 
  "rmse": 16.479751863430298, 
  "lengthscale": [
    1.7824044055893782, 
    4.2776098770448368, 
    1.3230249967507157, 
    8.443696039103612, 
    10.665645655948872, 
    1.0842008448649321, 
    2.1568888360700673, 
    7.8586139367505981, 
    1.3693950625229552, 
    8.6775029722163399, 
    0.88124344728582571, 
    6.5611099559742616, 
    8.6110290189484147, 
    12.148181201949498, 
    0.93523289561640666, 
    7.273257078739606, 
    10.745238751211923, 
    9.7783001606457471, 
    2.5682730279543171, 
    2.4389603166630631, 
    8.0499858397191488, 
    5.4759402326751596, 
    1.2045318488387677, 
    9.0610575106831899, 
    11.468709310478761, 
    12.49892591505046, 
    0.90354923223162731, 
    9.0262119908371385, 
    5.0782775073956685, 
    4.3082200203103556, 
    2.0309185130900773, 
    10.368930558150311, 
    6.8653473967078842, 
    10.570331454497897, 
    1.805820926794345, 
    4.250539098364662, 
    10.632299557935335, 
    10.776980614192453, 
    8.606316084370544, 
    11.474882174317028, 
    11.847716106680162, 
    2.0467966731132243, 
    9.498843474167856, 
    7.7797430884953229, 
    1.3911983203037495, 
    3.637868043803905, 
    1.1675410232582446, 
    6.897825201541016, 
    0.97708500720062541, 
    2.3842692670537406, 
    5.4552777640016519, 
    5.6256249234546321, 
    8.5759464949007391, 
    11.801453527969192, 
    9.0527380545538119, 
    14.719616889138349, 
    2.6010138882379086, 
    9.8545699039136103, 
    9.517219291964004, 
    5.9738946873783352, 
    9.2368876171934637, 
    6.0010747968334339, 
    8.6370557263704288, 
    6.5901622122597718, 
    1.6158001913285374, 
    7.2701420109300487, 
    11.766703716869426, 
    10.200561070704964, 
    11.091212726586773, 
    1.0457592625578469, 
    11.45253075933312, 
    1.5670074427891385, 
    7.9525143709175659, 
    2.2608964748071947, 
    2.0481614186079509, 
    1.1850851131229951, 
    10.618786325119753, 
    5.1937081960099221, 
    11.156106674155025, 
    7.5091139064329964, 
    1.8254794896145441, 
    4.7474863014072408, 
    12.434639131534865, 
    9.1213823530302225, 
    6.2391397866673577, 
    2.5453854052257525, 
    1.3365976428896622, 
    1.2632997542382605, 
    5.0932893064936291, 
    8.6716103357368013, 
    1.999005872709414, 
    5.995371762299726, 
    5.116959864895632, 
    7.7565190646046789, 
    1.2926216065925278, 
    3.7268999495448201, 
    6.1934237381600203, 
    9.6602126918881179, 
    8.8732757280885028, 
    1.6153203268321288
  ], 
  "mae": 12.703838473869025, 
  "pearsonr": [
    0.73310876474194819, 
    4.258286763391721e-18
  ], 
  "variance": 47.39499252805179, 
  "warp_psi": [
    [
      2.771335702213301e-40, 
      5.412575008032192e-06, 
      0.15834879713812089
    ], 
    [
      4.1729876194173094e-09, 
      0.59936860008597559, 
      -0.0031497615769616621
    ], 
    [
      3.1238134854468282e-11, 
      0.074154590432627843, 
      0.66545453097618423
    ]
  ]
}