{
  "warp_d": 0.1823833685520649, 
  "noise": 4.918365984865938, 
  "log_likelihood": -3828.0444273792623, 
  "nlpd": -4.3599166352365524, 
  "rmse": 18.475015945403864, 
  "lengthscale": [
    6.1200181284561319, 
    9.3146850900643159, 
    1.2184983336717778, 
    3.5196774648871276, 
    2.6015649740624607, 
    2.1666681315017216, 
    1.3288298492016177, 
    13.473152418168549, 
    6.0979671174892349, 
    1.9040783657875824, 
    14.039764589204957, 
    3.0521523333009908, 
    18.26416672010313, 
    15.420181029875266, 
    9.7017726954745189, 
    0.77677255402816858, 
    1.3466633159009842, 
    1.2483702918985098, 
    19.689760417518269, 
    15.85791126240639, 
    15.50201375127099, 
    5.2291619962730937, 
    1.0117110534121854, 
    15.632196104517826, 
    12.359844889965622, 
    10.402581554814804, 
    15.449281779371114, 
    11.201061260392375, 
    5.1874260064970317, 
    1.1383467962201912, 
    1.9299629427377296, 
    9.9665122456116588, 
    13.75524179079912, 
    6.3701787236625229, 
    5.9677338692510347, 
    15.449349089869306, 
    16.488682950996832, 
    13.409102515835805, 
    12.077253367867955, 
    0.76878242636915384, 
    1.3988258820749684, 
    6.1467851080858873, 
    3.4218139989251664, 
    9.6794138084061743, 
    11.97305902027257, 
    18.889836167988179, 
    14.016218169234198, 
    11.604331917527444, 
    12.805387363966796, 
    14.429320521343945, 
    1.9479618565730807, 
    11.562515371018357, 
    14.464774943496176, 
    20.304234204378496, 
    15.83132864665418, 
    15.042118102460725, 
    14.956015494730575, 
    1.0968334127638273, 
    17.882472566971874, 
    2.0535560902058698, 
    15.717490151184208, 
    3.0650459250254092, 
    17.074905643076757, 
    18.620739278452714, 
    16.039968224472155, 
    14.69121101490351, 
    5.8954841470661252, 
    1.9390118253593263, 
    11.17704978767687, 
    7.5987623500656936, 
    2.7284237203210231, 
    7.9730821750695666, 
    14.258753965236048, 
    14.220780656863591, 
    16.279760273019726, 
    14.901274403347179, 
    0.95062275346708758, 
    12.871977771954125, 
    11.474854415132912, 
    2.5571678348439151, 
    3.6961855795834437, 
    3.1632836607657144, 
    12.476269732164106, 
    13.786860473334412, 
    2.2532484332998424, 
    14.368912478720199, 
    1.9126047348093402, 
    2.1912414854632938, 
    1.4288643765891844, 
    16.256876822216434, 
    5.9793710226568182, 
    1.3163475251753314, 
    16.308062070678666, 
    17.161247886652742, 
    1.1702736827558247, 
    2.8040387596920784, 
    6.8619863783881394, 
    9.5424730637968445, 
    5.7500799660365454, 
    11.765937370077051
  ], 
  "mae": 14.919087346798449, 
  "pearsonr": [
    0.51883328697337039, 
    3.2031356876484162e-08
  ], 
  "variance": 29.329863971378177, 
  "warp_psi": [
    [
      1.0493746393577078e-24, 
      1.1813500577093561, 
      3.8573217560373823
    ], 
    [
      7.6012857983796782e-12, 
      2.1981575005070903e-05, 
      0.2069218125801775
    ], 
    [
      3.9978544042726731e-36, 
      0.024566881402984093, 
      -0.35003084592615552
    ]
  ]
}