{
  "regularization": 10.0, 
  "rmse": 7.0018848191151468, 
  "epsilon": 0.10000000000000001, 
  "mae": 4.9740730541248679, 
  "pearsonr": [
    0.35617953512695866, 
    0.00027577435961438629
  ], 
  "gamma": 0.10000000000000001
}