{
  "pearsonr": [
    0.6558793670237647, 
    1.0298315374309109e-16
  ], 
  "nlpd": 4.2184279239377345, 
  "rmse": 17.017749821642354, 
  "Gaussian_noise.variance": 75.1581888269886, 
  "mlp.variance": 783.009064283789, 
  "mlp.weight_variance": 2520511.482914183, 
  "mae": 13.205843363522524, 
  "log_likelihood": -4819.401067886365, 
  "mlp.bias_variance": 3977.922238084156
}