{
  "warp_d": 0.11088578059388209, 
  "noise": 0.13921203295242818, 
  "power": [
    0.12664623382337167
  ], 
  "nlpd": -3.9732577131567042, 
  "rmse": 11.844282597159291, 
  "lengthscale": [
    0.69350602626956737
  ], 
  "mae": 8.6818141019067667, 
  "pearsonr": [
    0.74344891366814791, 
    8.1113201251439776e-19
  ], 
  "variance": 13.025253203803201, 
  "warp_psi": [
    [
      1.1331277617123578e-07, 
      0.41761195000925244, 
      0.97105501888671752
    ], 
    [
      9.0775542192693002e-09, 
      0.097834188198835548, 
      1.2326701722631594
    ], 
    [
      9.3160320352534641e-08, 
      0.40809659600292425, 
      0.64549685241451216
    ]
  ], 
  "log_likelihood": -3691.491000454688
}