{
  "noise": 34.01970647766535, 
  "log_likelihood": -3404.4075266561367, 
  "nlpd": -3.7892903475580342, 
  "rmse": 10.565473401722542, 
  "lengthscale": [
    1.842444321068528
  ], 
  "mae": 6.3600255281812972, 
  "pearsonr": [
    0.74866545551370656, 
    3.4085970900268951e-19
  ], 
  "variance": 129.36039409717725
}