{
  "regularization": 100.0, 
  "rmse": 17.838635572451555, 
  "epsilon": 1.0, 
  "mae": 13.363347281396946, 
  "pearsonr": [
    0.58381224143368604, 
    1.8262831990739181e-10
  ], 
  "gamma": 0.10000000000000001
}