{
  "noise": 0.610984290965663, 
  "log_likelihood": -1097.927954494266, 
  "nlpd": -240.80091415521804, 
  "rmse": 11.366564044749305, 
  "mae": 7.8806616521435906, 
  "pearsonr": [
    0.65462277982106687, 
    1.5005686163548345e-13
  ], 
  "variance": [
    1.541907359942036e-05, 
    1.5120458665230412e-05, 
    0.12019275322625948, 
    8.2764168616912349e-06, 
    0.017104464955264933, 
    4.0998315519333008e-05, 
    0.12548312599890593, 
    0.0066306279675683302, 
    3.6834001811124581e-05, 
    0.16861232212149044, 
    1.0983466936291569e-05, 
    2.1545321150803963e-05, 
    1.0021362556672416e-05, 
    0.00011067483607560404, 
    0.019752915024041799, 
    0.18972710169156515, 
    0.022509586649480023, 
    1.2276144738932054e-05, 
    0.39163421847781077, 
    0.022910467997809002, 
    0.17691539006816639, 
    2.364268442901456e-05, 
    4.5448615028807033e-05, 
    1.1411744731207665e-05, 
    0.03015756076888236, 
    1.8934165364850328e-05, 
    0.092124397668384012, 
    8.1483458993084048e-06, 
    0.066579114252148144, 
    0.44146621001748043, 
    0.16528196268483414, 
    0.021570256808591422, 
    0.059204661340614757, 
    0.033961909709082902, 
    1.3962712449404628e-05, 
    0.039645106712894541, 
    1.0927599650356148e-05, 
    0.0001833029547508866, 
    0.052789943456757783, 
    1.5331883791083766e-05, 
    0.066101182616101484, 
    0.00043749439512287536, 
    0.081252356697542147, 
    9.9467945249559386e-05, 
    8.5594581636691153e-06, 
    0.063042807546728599, 
    1.4210159533493572e-05, 
    1.3070012547833466e-05, 
    1.1683450471797169e-05, 
    5.4549845461318362e-05, 
    0.0001637215704259965, 
    0.033591335706902398, 
    0.18331206474851142, 
    0.10502259216105006, 
    9.6378021082229686e-06, 
    0.046113044792516739, 
    0.037178423187007099, 
    6.4362357289718376e-06, 
    3.2305136876484319e-05, 
    0.049990020033573807, 
    0.0375600307328115, 
    0.058739273646974496, 
    9.8788404521833555e-06, 
    0.0093337584641885012, 
    1.7554806402862263e-05, 
    0.00018759294375587549, 
    0.089518442208249366, 
    7.4820483705069132e-06, 
    0.00011132415618444947, 
    0.034409721479626475, 
    1.4507318684393909e-05, 
    2.0656670412904292e-05, 
    9.6273391781890504e-05, 
    0.025683556368465848, 
    2.179365179140248e-05, 
    3.6510092620705818e-05, 
    1.3149249703370256e-05, 
    1.6897080370904706e-05, 
    0.18099677829730637, 
    0.19168939376892102, 
    0.00022248935364295442, 
    0.088478238332730996, 
    0.029298917541204225, 
    1.474792788021546e-05, 
    7.6085452399383664e-06, 
    0.023845361184288767, 
    8.7968700590114183e-06, 
    1.6531914582009086e-05, 
    0.10173367549005904, 
    0.19272190523821767, 
    0.041761228085416498, 
    7.192295773358533e-05, 
    0.081405005651179307, 
    6.5900157535194311e-05, 
    0.15028968276363733, 
    2.7085728116966072e-05, 
    1.3185351474731757e-05, 
    0.38123492762773548, 
    0.0095819765472407916, 
    0.00011570609663700164
  ]
}