{
  "noise": 47.16007643945784, 
  "log_likelihood": -3664.490037934074, 
  "nlpd": -3.9802318515644828, 
  "rmse": 13.078524919261143, 
  "lengthscale": [
    45.684785315276706, 
    10.047248422579743, 
    48.298514831920116, 
    2.2581631935778641, 
    26.945875195785565, 
    28.774856860721552, 
    31.951081303090579, 
    18.610944379068375, 
    61.81571387713754, 
    2.2128714827887017, 
    31.251839673224513, 
    26.447860358939085, 
    55.937291306179809, 
    27.948227572412105, 
    24.13939619916178, 
    24.39957526545356, 
    1.9227567758985755, 
    12.184421486893434, 
    1.7493769492669848, 
    17.656613485941165, 
    0.58327942375766451, 
    21.289295063639141, 
    17.396247216410245, 
    24.569293256860902, 
    3.5464175629698662, 
    3.5235810907217369, 
    28.756208111484451, 
    4.896359029904664, 
    29.395568364511945, 
    1.6813036422073799, 
    21.620936506064783, 
    2.8604868864834465, 
    51.292561337802795, 
    28.982018957831912, 
    19.835705579274293, 
    1.6831963184235239, 
    23.807400577485502, 
    1.3014158884619496, 
    44.151362946623948, 
    1.3475362703249114, 
    2.2237538036666087, 
    14.046365748081239, 
    3.3823888309454642, 
    26.003932354417312, 
    1.2515654648566201, 
    24.090819995241162, 
    1.0162913761485, 
    9.0823759096097589, 
    23.631484105685928, 
    58.136769479769292, 
    6.282431484771597, 
    1.1103499736651807, 
    67.947793622098033, 
    1.3647163574829599, 
    18.347799111248591, 
    30.466008905679256, 
    1.4887335853677783, 
    26.0929876844144, 
    31.366282207380205, 
    23.247092851553958, 
    26.29440731534331, 
    1.5704488956838762, 
    35.152115421681955, 
    29.188607679123663, 
    24.144993535560918, 
    1.1970349627281152, 
    4.5929881584222505, 
    28.962558804504194, 
    4.0790227428126817, 
    2.5664592928917642, 
    29.526110463313568, 
    110.3978229412694, 
    29.05754530697882, 
    5.2195312709905259, 
    1.7109200670469631, 
    24.307378344794959, 
    3.0039452995732101, 
    29.12176218337968, 
    4.8712704126348365, 
    2.3968054836950947, 
    97.237806096372395, 
    0.88580955520837423, 
    63.857357853048775, 
    39.790505151513862, 
    22.836017570091212, 
    5.0037829434826611, 
    1.0908987793030802, 
    28.764214830631044, 
    30.937814287526304, 
    30.90235774445102, 
    9.1922785964778413, 
    1.8549163230900581, 
    0.98225450915955537, 
    6.6475972712311941, 
    1.1925606728546123, 
    26.666069582282777, 
    21.186777264884373, 
    13.61468478295718, 
    48.454366067921406, 
    19.519326818682284
  ], 
  "mae": 9.3723736207432413, 
  "pearsonr": [
    0.69901415167203329, 
    6.0912900177327627e-16
  ], 
  "variance": 492.63023204892613
}