{
  "noise": 146.54103818514824, 
  "log_likelihood": -3798.0109377920735, 
  "nlpd": -4.3749774985408196, 
  "rmse": 18.315663734276786, 
  "lengthscale": [
    13.516535313244937, 
    9.9917249064240181, 
    1.3998004151261971, 
    12.798231843032173, 
    3.0638572145740897, 
    1.3661718480451897, 
    1.5037863683536776, 
    9.5533414689986493, 
    1.269795627663167, 
    11.630794537323332, 
    5.2010417547053489, 
    2.3656027151448282, 
    2.0242025488234781, 
    14.078304144200715, 
    2.9292461932101479, 
    11.844737748018316, 
    5.3770030619312195, 
    15.009409893896615, 
    0.86111932345013154, 
    1.0833495750865776, 
    3.9786300843980249, 
    8.018141138632588, 
    1.2624126775435547, 
    1.5851781756961607, 
    14.255460049697353, 
    7.5201920082810609, 
    2.9897045033981109, 
    1.6272173348437813, 
    3.2398960105692653, 
    39.880124276290758, 
    1.7549084625268963, 
    14.068237700713906, 
    11.991932288738324, 
    11.514228875193499, 
    1.3584090029005758, 
    4.8173812074826046, 
    11.484112163573016, 
    8.1474478545758089, 
    12.88107632178661, 
    11.953123323121767, 
    4.9324013887499678, 
    8.0661790780711531, 
    12.696392371588459, 
    10.248241622923342, 
    3.7915821900617104, 
    1.2339628058181487, 
    16.264275831467515, 
    6.43393994466477, 
    0.95715299183988367, 
    1.440245177329758, 
    12.039682885623142, 
    4.0792071755168946, 
    13.267367729439405, 
    15.772767323046937, 
    0.91110743947531847, 
    14.994111047847408, 
    0.87239236351614857, 
    15.412254053870353, 
    4.1502213724722381, 
    1.6713989576028301, 
    2.1643096419252932, 
    1.5308023758280007, 
    12.067144561770681, 
    11.399355498787564, 
    1.0347010445201126, 
    9.7156676062407428, 
    13.261663283149742, 
    10.82562042824715, 
    11.624378156010904, 
    9.9459325999131103, 
    13.713182571548227, 
    1.8861271439534617, 
    13.230174241743288, 
    1.4235708780395235, 
    16.58184525650999, 
    0.95431970932211629, 
    3.002701127870893, 
    6.9463135629679771, 
    13.988323847548751, 
    7.5472125880399403, 
    1.4693218802157855, 
    1.414504243467847, 
    10.956725752354837, 
    12.309529112880181, 
    11.751509880990183, 
    0.83663099660189522, 
    15.93363822773199, 
    0.87102300953558953, 
    1.2156255910827007, 
    1.6541510332029632, 
    0.62040880014968924, 
    1.7215274189738141, 
    9.0474869003965601, 
    2.2266779107841317, 
    5.3189888719796352, 
    2.2693766200263181, 
    1.084591579623561, 
    2.8437090377514509, 
    9.2064144210445189, 
    2.3264076882596978
  ], 
  "mae": 13.985834647288033, 
  "pearsonr": [
    0.69368423261736956, 
    1.2433128261905317e-15
  ], 
  "variance": 249.28907411279442
}