{
  "regularization": 1.0, 
  "rmse": 11.167052379319626, 
  "epsilon": 0.10000000000000001, 
  "mae": 7.0314939740085656, 
  "pearsonr": [
    0.68434707648043491, 
    4.1838008970115122e-15
  ], 
  "gamma": 0.10000000000000001
}