{
  "noise": 0.2838409527292185, 
  "power": [
    1.6245735998168438
  ], 
  "nlpd": -416.04876975632135, 
  "rmse": 12.806866642496979, 
  "lengthscale": [
    1.5882636638120133
  ], 
  "mae": 10.212853883724375, 
  "pearsonr": [
    0.4927420138059127, 
    1.9117392293138348e-07
  ], 
  "variance": 0.7170108451032605, 
  "log_likelihood": -1161.4093538521488
}