{
  "noise": 0.10216815729161559, 
  "log_likelihood": -1135.2784684462522, 
  "nlpd": -757.96614869372263, 
  "rmse": 18.108465338176089, 
  "weight_variance": [
    2920604.7077102507
  ], 
  "bias_variance": 40184.434343594345, 
  "mae": 14.416703953099109, 
  "pearsonr": [
    0.60014326460352907, 
    4.1367521425957922e-11
  ], 
  "variance": 2.10024334316599
}