{
  "warp_d": 0.24829395642427055, 
  "noise": 1.7337753946568788, 
  "log_likelihood": -3780.0265530360875, 
  "nlpd": -4.4898759627091183, 
  "rmse": 18.732468379218336, 
  "lengthscale": [
    8.6145282190881076, 
    10.403904472773092, 
    3.8950176969564625, 
    8.9407184983731636, 
    6.7046817029863934, 
    2.0512600666692626, 
    1.6970619355656122, 
    9.3060262546518082, 
    4.3361412057452053, 
    8.9470139288605797, 
    3.6636031510020244, 
    2.7997811968442856, 
    6.3468436518135745, 
    12.907908857901432, 
    5.5308575759443626, 
    8.6014916516298392, 
    11.645205927641486, 
    6.9004474370453899, 
    1.9901373632698971, 
    2.8849275293930945, 
    2.2990553373775819, 
    2.0125392164266636, 
    1.195079452226844, 
    9.6987075075395541, 
    11.873158346220643, 
    10.33178886111188, 
    5.2684437248521689, 
    2.4118949285533966, 
    12.379319686061464, 
    3.0333713237575597, 
    1.8544832534094482, 
    8.6607290097084277, 
    7.3294377251204557, 
    11.608290185272793, 
    3.4780428305112889, 
    1.3806587454087245, 
    10.211404053946088, 
    8.5719711966399075, 
    10.539453183827542, 
    12.189029755347519, 
    11.080493629582708, 
    2.1007352310985565, 
    2.4936997427933814, 
    9.2383713914747378, 
    2.162408613368056, 
    2.458677582006001, 
    1.1533758256082758, 
    2.5518620949967317, 
    0.93039320144351878, 
    1.8002469138999819, 
    9.1806550537503409, 
    9.3539414830581151, 
    9.9894672997225857, 
    12.013929092306654, 
    6.3388709529800744, 
    12.167712038663803, 
    2.2264898911463304, 
    12.157433295352394, 
    10.546047508327097, 
    2.1617606244109568, 
    9.4036429328746536, 
    1.9977519198012774, 
    11.95037505446815, 
    8.1711004605187991, 
    1.5067167471966298, 
    10.965907999936967, 
    10.80089789941256, 
    8.7383961409202495, 
    10.290014632177909, 
    6.359572598767647, 
    10.970762811660558, 
    3.4119044391811464, 
    10.643092007545834, 
    2.2252836965613305, 
    3.778276329855804, 
    1.682321357302254, 
    10.288953434424755, 
    4.4360356995166255, 
    10.449935719650977, 
    7.8105317782079799, 
    2.9127815328570623, 
    2.6611419102293885, 
    11.725119743966566, 
    8.1178134194024132, 
    7.9150430303986541, 
    6.2570645544997108, 
    2.2928361798657626, 
    1.7760439777176267, 
    7.8670374388324378, 
    7.1655279326430508, 
    0.90660774535358435, 
    5.4444154079170071, 
    5.428304795450499, 
    5.919598945991317, 
    1.6577287647347476, 
    4.2766750008674377, 
    1.2045232823690346, 
    9.531279034422278, 
    1.2930621257991661, 
    1.404227955729785
  ], 
  "mae": 13.199949097050711, 
  "pearsonr": [
    0.52903404667900245, 
    1.5279763841042547e-08
  ], 
  "variance": 46.86791700054004, 
  "warp_psi": [
    [
      1.4210679438345194e-34, 
      2.119680876547176, 
      -2.8409528364227241
    ], 
    [
      1.6014109780821158e-16, 
      2.1183488682779386, 
      -0.20102156645078259
    ], 
    [
      3.1562375904183275e-23, 
      0.071176272502037438, 
      3.7718663585140697
    ]
  ]
}