{
  "noise": 228.11331928900225, 
  "log_likelihood": -3857.5642218438197, 
  "nlpd": -4.2394254100367315, 
  "rmse": 16.59087669226426, 
  "lengthscale": [
    2.7446259385035803, 
    5.1376620445572847, 
    15.522996482452751, 
    3.0663800728666697, 
    1.8088074070055986, 
    2.1278881267752161, 
    18.75447142043592, 
    13.656171343259301, 
    4.9910948887545494, 
    2.6412973737882122, 
    16.359507553919325, 
    1.4818281288649384, 
    14.46654797400423, 
    17.936118875343528, 
    18.480017295630741, 
    15.226693889503698, 
    1.3502707586937865, 
    1.7329213621392512, 
    18.159496471815583, 
    16.612130949554551, 
    5.7717033683991179, 
    6.2502661944780105, 
    1.3277870547801298, 
    17.094127359531612, 
    16.908112971135576, 
    17.738410173209161, 
    21.537704063570281, 
    4.1798333947002764, 
    3.4511913048132725, 
    1.6676447068708999, 
    1.4474034854104318, 
    15.401589353944571, 
    6.8769989051046965, 
    1.6609656466687006, 
    2.9933927303104619, 
    1.7621354992733849, 
    4.3341566757237961, 
    15.114856313948836, 
    2.1792731282129481, 
    13.853562710881828, 
    1.7244739325986216, 
    15.851709280259175, 
    2.8287674335640229, 
    11.721574495364548, 
    13.123113572244268, 
    14.651960350687565, 
    2.975508009006838, 
    18.332154818901945, 
    5.3517952067958081, 
    16.70702233013569, 
    0.90105238967417711, 
    1.896423839578079, 
    19.769155937865388, 
    17.485289718888762, 
    15.366833368237971, 
    22.568828068434332, 
    2.9217060439303175, 
    1.0966911741522813, 
    16.903916311604483, 
    1.1260276066449937, 
    7.6066091997113867, 
    13.675618734982356, 
    12.666600702685821, 
    12.166662624014331, 
    24.983103416312563, 
    14.097487757449127, 
    12.116209436093826, 
    25.481081473253269, 
    4.6216039294352154, 
    0.85030819863235418, 
    27.88508485754333, 
    0.93984662889410908, 
    2.2384831457042833, 
    18.575421471839388, 
    11.560289714485235, 
    17.215227007431285, 
    1.0468835709983764, 
    17.144469171938688, 
    30.415885917208463, 
    22.170112578877237, 
    1.2683292848464394, 
    49.997923987524842, 
    14.049751504504377, 
    13.610245622098567, 
    19.113294531670924, 
    16.496353907841389, 
    2.6053350680627183, 
    4.9905069389212739, 
    0.67772992253582642, 
    18.827874190335109, 
    18.261769742044496, 
    2.1484686911074395, 
    17.932307458134375, 
    13.366668169416601, 
    0.847351146603053, 
    2.6100857362022007, 
    17.579714322251778, 
    19.349207548854672, 
    17.716846196573048, 
    16.869594317274842
  ], 
  "mae": 13.280091169738672, 
  "pearsonr": [
    0.50236556265526333, 
    1.0064009696807877e-07
  ], 
  "variance": 309.20439180041546
}