{
  "noise": 0.6478890500574903, 
  "log_likelihood": -1127.863863772927, 
  "nlpd": -674.95064852942653, 
  "rmse": 19.038113322656248, 
  "mae": 15.400916958354607, 
  "pearsonr": [
    0.54020064103773413, 
    6.6042651611049073e-09
  ], 
  "variance": [
    0.0031223456301915581, 
    0.01940539537432949, 
    7.618032442455405e-06, 
    0.17390872524476153, 
    0.30808279977851555, 
    0.18914204498584664, 
    5.1497268038780123e-06, 
    5.4041455760833526e-05, 
    0.014287923265160986, 
    0.092813927282442643, 
    4.1322269746693117e-06, 
    0.062591578327654773, 
    2.736944485896425e-06, 
    2.2704605830752741e-06, 
    0.022241236498645872, 
    3.6941825677217645e-06, 
    4.0539178522394627e-05, 
    3.7202187834885631e-06, 
    2.2711982038186611e-06, 
    2.2328665129234384e-05, 
    0.04217689054986648, 
    0.010877632858031975, 
    4.0238918900008849e-06, 
    2.0540490361210615e-06, 
    3.6625469897021189e-06, 
    2.1939723533327773e-06, 
    8.7191304473702035e-06, 
    3.767313887345304e-06, 
    0.028463651449155674, 
    0.37401773205662814, 
    0.28328381760585397, 
    0.0046749992032343044, 
    7.3907368812453123e-06, 
    0.34813255218382233, 
    0.205180805974255, 
    0.066866226592805778, 
    2.8767276073525166e-05, 
    1.7774714110494897e-06, 
    0.08501494060932388, 
    3.4116991283133523e-05, 
    0.32317472046748164, 
    1.3116551714742071e-05, 
    0.22730996227401262, 
    0.066044558372927234, 
    9.0189066530402254e-05, 
    2.7966626772870221e-06, 
    0.055749540380033852, 
    4.9879848807109365e-06, 
    0.053979646095559108, 
    3.324881062288509e-06, 
    0.39220481368655047, 
    0.090749242974304423, 
    3.806193736818212e-06, 
    2.3209950351301307e-06, 
    4.3731795608104584e-06, 
    1.6594827764129819e-06, 
    1.9245927863454514e-06, 
    0.034548440766554306, 
    2.7790620838772072e-06, 
    0.1524714498497797, 
    0.086411387031662873, 
    0.2329405668887794, 
    2.5314985980768598e-06, 
    0.040481951838631791, 
    1.5877130019403187e-05, 
    3.811751563039962e-06, 
    2.1109997737797974e-05, 
    2.2798345355910886e-06, 
    0.11854497964484707, 
    0.017914283236104916, 
    0.21218349471142278, 
    0.12869463094979716, 
    0.10585326675727309, 
    4.3330217582023572e-05, 
    0.002191853130624451, 
    3.2245267175800732e-06, 
    0.11819933632961697, 
    3.0328206834828987e-05, 
    0.00081646188116063316, 
    0.61982752174826639, 
    0.063267384843699676, 
    0.066189672566954183, 
    8.9818398844083614e-05, 
    0.099510119997021695, 
    1.3222864731273754e-05, 
    2.7992412794280402e-06, 
    0.28386746214549863, 
    0.00048727109754773519, 
    0.049555479664175561, 
    4.9461805567397036e-05, 
    0.076086977256403718, 
    0.17893888175953118, 
    4.2299970850069001e-05, 
    2.3732472729546518e-06, 
    0.050383128609774078, 
    0.095703026764994453, 
    2.6603562045069263e-06, 
    0.031902786018984018, 
    2.5466349571085426e-06, 
    2.6549249069095034e-06
  ]
}