{
  "lengthscale": [
    2.1746051178334818
  ], 
  "noise": [
    36.121347210789814, 
    24.07027403515064, 
    42.58655862708794, 
    26.46452914577729, 
    40.18112665851455, 
    59.43906997742149
  ], 
  "kappa": [
    0.04440324588262688, 
    4.561975678165867, 
    30.04402725513324, 
    11.16374243347735, 
    30.800781152068016, 
    17.040604243460685
  ], 
  "log_likelihood": -21287.99562902087, 
  "joy": {
    "mae": 11.521901185854166, 
    "nlpd": 4.1152940262104147, 
    "pearsonr": [
      0.67442357461662839, 
      1.4475089555489327e-14
    ], 
    "rmse": 13.792805526270078
  }, 
  "W": [
    [
      2.073356290010925, 
      3.1471286078094618
    ], 
    [
      1.1852452624035463, 
      1.7188238080403675
    ], 
    [
      2.3503424311837109, 
      0.042248390143802758
    ], 
    [
      -6.7011049307787554, 
      1.6415065531810231
    ], 
    [
      4.1674150130444341, 
      -0.67016820059786997
    ], 
    [
      -0.96777239456315622, 
      -0.042362827412768658
    ]
  ], 
  "sadness": {
    "mae": 11.658012897117194, 
    "nlpd": 4.2218095308938857, 
    "pearsonr": [
      0.82116954946071885, 
      1.3047089657994673e-25
    ], 
    "rmse": 15.98340871643266
  }, 
  "disgust": {
    "mae": 6.1275904321383097, 
    "nlpd": 3.8004312120538248, 
    "pearsonr": [
      0.63923533855470327, 
      8.2201706372665835e-13
    ], 
    "rmse": 10.100017679444996
  }, 
  "variance": 10.684362065236142, 
  "anger": {
    "mae": 7.7721029786444147, 
    "nlpd": 3.8557838979267114, 
    "pearsonr": [
      0.63372131581352398, 
      1.4776155623481501e-12
    ], 
    "rmse": 11.186476539472748
  }, 
  "surprise": {
    "mae": 10.029552191432371, 
    "nlpd": 3.9293491934382923, 
    "pearsonr": [
      0.59920285818036301, 
      4.5163251126554283e-11
    ], 
    "rmse": 12.225703790324733
  }, 
  "fear": {
    "mae": 8.7747587694949924, 
    "nlpd": 3.9505699863956507, 
    "pearsonr": [
      0.77422312155375461, 
      3.5090850247049186e-21
    ], 
    "rmse": 12.097454906402106
  }
}