{
  "noise": 28.548953055018377, 
  "log_likelihood": -3358.8978357757037, 
  "nlpd": -3.678436392619354, 
  "rmse": 9.3705079154569244, 
  "lengthscale": [
    11.858826226784128, 
    12.726594307835622, 
    5.1799790043487279, 
    11.187781932723791, 
    13.625729690789454, 
    2.8419310185422977, 
    0.77349157855678286, 
    1.490507498691499, 
    8.7034053819373849, 
    1.3458534791259635, 
    11.191066646775901, 
    9.7135843506552266, 
    7.7685905397800186, 
    7.9160662863368678, 
    0.8406621010952694, 
    0.59550328564567478, 
    2.4760061364496582, 
    4.084540007316769, 
    0.68010664443693913, 
    6.3642376435683925, 
    0.6721660935752457, 
    14.89537148291546, 
    11.459942139624712, 
    20.569109965435754, 
    11.90158049560795, 
    10.262980253494032, 
    1.4835260966386943, 
    1.6550154838351712, 
    13.476099459051452, 
    1.0336425705418406, 
    6.4433655475485709, 
    0.95806734146187433, 
    9.138719825192485, 
    2.5865786033736313, 
    8.564090762572663, 
    9.6866301711072307, 
    2.5542952969575095, 
    9.2319225627030672, 
    4.8879589007544473, 
    5.9476478281459233, 
    2.9831430447947329, 
    8.6353602367430522, 
    10.209695944071786, 
    13.677441030008165, 
    11.900253590158812, 
    1.7351003805346448, 
    16.353893571140304, 
    11.374015695955219, 
    15.792755549121681, 
    5.321774462567145, 
    12.8704281881434, 
    11.036574135972566, 
    1.3152957396937681, 
    2.2947103164566509, 
    12.706849533118099, 
    3.9738416716033083, 
    11.374961716117317, 
    12.571533275526612, 
    9.055167665932327, 
    12.491734103290325, 
    8.5815458835375331, 
    14.317239271355586, 
    10.350570118631497, 
    6.8634170929130356, 
    11.522815202600784, 
    0.86003181670810092, 
    2.013642181445138, 
    1.0434217071071599, 
    13.514964110854194, 
    11.542757775718442, 
    13.183120020682924, 
    12.065222326432472, 
    11.784321846773709, 
    1.612517548432574, 
    19.336960397304761, 
    8.4367451075164492, 
    0.88790956263874798, 
    0.96330414456313596, 
    1.5542381618509871, 
    1.0271118782035948, 
    8.9376710161084496, 
    0.8516258693779748, 
    10.041418235274909, 
    10.234537014419278, 
    12.339708195915911, 
    7.8760278840452465, 
    11.457532853525736, 
    13.745348913180614, 
    1.9287751271550655, 
    2.5497732150187482, 
    11.568305211078119, 
    11.85915328665704, 
    8.5383244195381138, 
    13.127277649265055, 
    1.6464374104601325, 
    1.7129054954132235, 
    12.804986518574269, 
    0.49818744761142209, 
    4.9526449812708817, 
    9.1319639350896544
  ], 
  "mae": 6.430160041316908, 
  "pearsonr": [
    0.62144071520442179, 
    5.2345602318743136e-12
  ], 
  "variance": 145.42942192162712
}