{
  "noise": 76.22313726689906, 
  "log_likelihood": -3281.5347540983003, 
  "nlpd": -3.5946885962848527, 
  "rmse": 8.778220656640336, 
  "mae": 5.8676344218696466, 
  "pearsonr": [
    0.23453178895290958, 
    0.018839554202322112
  ], 
  "variance": [
    4.1150331520985821
  ]
}