{
  "warp_d": 0.7332384671559549, 
  "noise": 18.627901676343416, 
  "log_likelihood": -3213.5953949657105, 
  "nlpd": -3.3737188483675795, 
  "rmse": 7.067318469613495, 
  "weight_variance": [
    1.8247523560490846e-12, 
    7.7490375147232218e-08, 
    8.8846214232117175e-19, 
    3.1491022174069427e-13, 
    7.0710056695538275e-22, 
    1.5188725532410332e-05, 
    4.2338706241269864e-12, 
    4.045877814874447e-18, 
    2.1229768559877416e-14, 
    16.006468324088292, 
    5.3189455791356841e-05, 
    1.2939542875582298e-15, 
    7.063422733601298e-12, 
    0.18975235513809685, 
    4.6163025664279397e-10, 
    22.792047689415888, 
    2.731493342796988e-12, 
    1.7942050465609531e-07, 
    18.490325400455035, 
    1.0470259952723501e-17, 
    1.0808768597962298e-07, 
    9.1252604175187979e-18, 
    1.1325840854919241e-11, 
    1.0253190365110406e-16, 
    1.8184026637116535e-14, 
    1.519010529372708e-20, 
    10.065036263862201, 
    98.242735930728799, 
    3.1221529040242738e-18, 
    112.41812639184778, 
    17.555423317371595, 
    9.3168530320737295e-06, 
    21.144867233011805, 
    3.862431003034552e-14, 
    6.0351969440844391e-21, 
    10.02228662967835, 
    1.3560634837479366e-17, 
    4.8400304147948923, 
    5.3018731647026629e-12, 
    3.1383089969078669e-16, 
    2.3323531801271073e-10, 
    2.0591509282230215e-19, 
    4.3182819708497407e-19, 
    8.1135150900424401e-10, 
    1.3142974549772922e-14, 
    2.9439256541781379e-10, 
    1.1972041598436596e-16, 
    1.4768223214327502e-10, 
    3.3303587845717169e-15, 
    45.667804075205346, 
    2.0491477735097625, 
    1.7283041316511424e-09, 
    0.013259213400559498, 
    0.00014077335043335135, 
    16.258115544945234, 
    197.52984709058606, 
    2.8668768549240045e-11, 
    3.1897032075508388e-11, 
    130.00190546146686, 
    5.8407547974293086e-17, 
    1.8468142946515323e-16, 
    5.1320993469978425e-14, 
    1.3555109429959337e-13, 
    2.1134215978667452, 
    5.8896173701737026e-16, 
    2.5313069231057203e-09, 
    31.823611962495875, 
    3.3362492443920724e-07, 
    2.2760354654988727e-15, 
    62.852014750524582, 
    1.4940528022694071e-15, 
    71.361510033987926, 
    1.8424615540099217e-13, 
    12.335036058047692, 
    0.10932725837499328, 
    2.7085288783889527e-14, 
    3.043423249336206e-12, 
    52.771990885335164, 
    2.5828163874845588e-16, 
    8.1134566204667973, 
    2.785982520356932e-10, 
    1.7661038133608443e-07, 
    2.9882959134566214e-13, 
    2.0638457394149117e-12, 
    14.837155119637137, 
    1.2280386575719593e-11, 
    1.0816814894005247e-15, 
    63.805972872832129, 
    9.0430829248430848e-19, 
    0.003293114877691634, 
    8.4785188274268509e-16, 
    1.3862680193798514e-11, 
    4.2344727843933911e-06, 
    2.0135514387677604e-17, 
    130.6661201803407, 
    4.0268548430106477e-17, 
    112.43842559306967, 
    1.5359216739323027e-14, 
    6.055412025334198e-14, 
    1.8115801955212834e-11
  ], 
  "bias_variance": 298.56194901389733, 
  "mae": 4.9600291859847907, 
  "pearsonr": [
    0.73530842961645004, 
    3.0120093947801149e-18
  ], 
  "variance": 269.86395890631616, 
  "warp_psi": [
    [
      3.482465498318121e-120, 
      3.9918634258618932, 
      -2.6423631598127408
    ], 
    [
      4.5919550573410452e-111, 
      1.4497897377359747, 
      5.4188939358846966
    ], 
    [
      6.0826706158584103e-129, 
      3.5532307504354768e-07, 
      -9.5069822206717021
    ]
  ]
}