{
  "noise": 100.95790248096472, 
  "log_likelihood": -3561.819573008304, 
  "nlpd": -3.9139875097875567, 
  "rmse": 12.096092738129013, 
  "lengthscale": [
    2.7436426575721393
  ], 
  "mae": 8.6959772955254326, 
  "pearsonr": [
    0.45250680926979137, 
    2.282649938307963e-06
  ], 
  "variance": 162.99686882469143
}