{
  "log_likelihood": -4516.908618246307, 
  "nlpd": 4.1556598640693636, 
  "rmse": 15.126198927636961, 
  "Mat52.variance": 134.97704203874102, 
  "Mat52.lengthscale": 2.131360060965648, 
  "Gaussian_noise.variance": 111.30046922646908, 
  "mae": 11.091649201460042, 
  "pearsonr": [
    0.43151728161446662, 
    5.0541740052340249e-07
  ]
}