{
  "noise": 0.06693378785519358, 
  "log_likelihood": -1122.0988218834514, 
  "nlpd": -681.24785037334175, 
  "rmse": 15.76488740532764, 
  "lengthscale": [
    1.8781483282774951
  ], 
  "mae": 12.598128263976047, 
  "pearsonr": [
    0.61731262226247241, 
    7.9102139668294281e-12
  ], 
  "variance": 1.124808540891229
}