{
  "warp_d": 0.1929690601375033, 
  "noise": 3.0121208991609114, 
  "log_likelihood": -3431.6099712445703, 
  "nlpd": -3.9088609994971022, 
  "rmse": 11.705470583334881, 
  "lengthscale": [
    5.5577462868513967
  ], 
  "mae": 8.6457929371017492, 
  "pearsonr": [
    0.58320352328360137, 
    1.9271630969234264e-10
  ], 
  "variance": 16.088427141346756, 
  "warp_psi": [
    [
      6.1268176870224901e-08, 
      6.5267394283706608, 
      -0.011251501859267512
    ], 
    [
      9.5044043903170272e-09, 
      0.049802306797034783, 
      -0.29567557392270144
    ], 
    [
      1.7801102089426082e-06, 
      3.855950831965024, 
      0.57717275818932012
    ]
  ]
}