{
  "noise": 151.45194586377343, 
  "log_likelihood": -3852.3832381502834, 
  "nlpd": -4.1272627892622769, 
  "rmse": 15.149339320669476, 
  "lengthscale": [
    2.2812781781467208
  ], 
  "mae": 11.975691974155046, 
  "pearsonr": [
    0.60350594576449745, 
    3.0151653691753515e-11
  ], 
  "variance": 477.7694582716799
}