{
  "noise": 0.0514288177536462, 
  "log_likelihood": -1131.9806166958392, 
  "nlpd": -675.46377879407078, 
  "rmse": 18.38806793769238, 
  "weight_variance": [
    857386.4817836188
  ], 
  "bias_variance": 7376.575483559327, 
  "mae": 14.286186575694963, 
  "pearsonr": [
    0.56902425928907419, 
    6.5385633600426485e-10
  ], 
  "variance": 2.328127088567275
}