{
  "regularization": 1.0, 
  "rmse": 13.145141669303861, 
  "epsilon": 0.10000000000000001, 
  "mae": 10.386999490049819, 
  "pearsonr": [
    0.46530772138605353, 
    1.0729104112784988e-06
  ], 
  "gamma": 0.10000000000000001
}