{
  "noise": 118.71238197736474, 
  "log_likelihood": -3509.250776236588, 
  "nlpd": -4.1013658773756045, 
  "rmse": 13.878538824849061, 
  "lengthscale": [
    2.2066836272216586, 
    55.448113107704735, 
    4.9859462695095171, 
    21.90697831085604, 
    1.1427583870039226, 
    35.326904140277577, 
    4.4935205276060231, 
    10.373868256404103, 
    36.594694062169843, 
    47.635504209394831, 
    26.850235145899767, 
    43.980180589075296, 
    28.448783015036582, 
    26.140800708896549, 
    3.3642764893452801, 
    33.841530767688127, 
    30.689061892867283, 
    33.225810863269892, 
    20.989823155921854, 
    22.796818977919195, 
    12.867788561704456, 
    4.2963727744385292, 
    3.4920989928726338, 
    42.816920895107572, 
    34.081374090317475, 
    25.452857216709226, 
    1.1940377448748996, 
    24.88448250070903, 
    40.048030036004974, 
    32.942171861956815, 
    31.184369949019235, 
    4.6946366625656504, 
    27.695998303248125, 
    3.4622884989080807, 
    11.221959883090328, 
    31.092709236644986, 
    4.8096955294619663, 
    39.413300463445879, 
    21.597423406506294, 
    22.852850037623959, 
    3.8753107721705162, 
    27.595362518365075, 
    34.534479053161832, 
    25.198928788222869, 
    2.8697369584877408, 
    29.434227031131332, 
    32.319291477312355, 
    28.107090195342685, 
    30.62921286088697, 
    28.682713280847349, 
    52.692614290135886, 
    27.192340158175998, 
    2.4124968901241681, 
    33.710048763765485, 
    22.307022317752658, 
    49.614499356638895, 
    7.2649777018816373, 
    44.29227466398352, 
    2.1217265258986746, 
    8.1882857266186022, 
    27.868846582407848, 
    37.058959649732699, 
    3.6132283901875031, 
    77.361723057610888, 
    30.92566309961261, 
    27.419377929780726, 
    2.6115372030050708, 
    0.85380154242728967, 
    61.835842892069707, 
    26.388305244487508, 
    3.6314674643247322, 
    48.124724825879909, 
    0.72845789366377156, 
    5.447103934123164, 
    21.803630127438336, 
    20.697240156456047, 
    34.766795020033022, 
    24.063758802122436, 
    26.13670862370941, 
    32.896395944563487, 
    29.715283153521423, 
    4.4884983259241951, 
    48.149892276679239, 
    16.892361723255974, 
    27.95161854784951, 
    6.808804980403794, 
    18.996882936074456, 
    32.102688627555082, 
    25.644618171076392, 
    23.989272625553138, 
    6.168870909285638, 
    29.777948145920366, 
    1.5383592443474825, 
    2.8558352666515789, 
    32.900639239039457, 
    45.114862257636979, 
    2.4661102859954442, 
    2.1999006583495002, 
    27.087394868449678, 
    2.677114065563313
  ], 
  "mae": 10.249679038087844, 
  "pearsonr": [
    0.60449095738598568, 
    2.7464658088295487e-11
  ], 
  "variance": 322.27223679421724
}