{
  "noise": 0.0735231415203695, 
  "log_likelihood": -1042.8364576970075, 
  "nlpd": -944.02211226827774, 
  "rmse": 16.573383933738903, 
  "weight_variance": [
    2729611.9643236287
  ], 
  "bias_variance": 313951.2353928985, 
  "mae": 13.579488489432828, 
  "pearsonr": [
    0.71422791722979506, 
    7.2716864104517972e-17
  ], 
  "variance": 1.7589123727179796
}