{
  "noise": 158.12318270676414, 
  "log_likelihood": -3798.6237514898166, 
  "nlpd": -4.2379832273551106, 
  "rmse": 16.467978426666274, 
  "lengthscale": [
    12.915161765916682, 
    17.750285029838583, 
    20.523695104352541, 
    23.48754586141802, 
    2.2103498718823102, 
    17.431190747012607, 
    0.63170209463982074, 
    18.628069747690631, 
    2.7791160639630386, 
    19.05723446004853, 
    19.392509809227857, 
    2.6282965393701367, 
    2.3299644701888544, 
    21.062144032899258, 
    16.911512987430132, 
    21.874337081456666, 
    4.3818350864790316, 
    22.217660607132494, 
    1.2437717171887739, 
    1.6106721757974072, 
    3.596732326347011, 
    28.42160334343345, 
    1.1783266091188254, 
    2.933591582107554, 
    20.311275537201894, 
    21.603827001993164, 
    16.591443826758731, 
    2.7609585406581107, 
    6.1962304525860397, 
    1.185267053076829, 
    1.237239572677455, 
    19.71627198794252, 
    18.837822148490893, 
    18.799911051821979, 
    1.8500111909257171, 
    1.3329115612136999, 
    13.509572949771957, 
    11.344694212093453, 
    19.947576866645452, 
    8.6510043523231097, 
    5.1386647741967781, 
    2.1871846866544309, 
    22.38930007950303, 
    2.3090282979086192, 
    3.8030407659298593, 
    1.1563711602134625, 
    26.014196742427071, 
    2.5422972251270433, 
    0.82897954736402812, 
    1.651442574435485, 
    21.086465892604306, 
    16.124028410583623, 
    49.580255962040717, 
    14.797866049619977, 
    25.762545134758028, 
    26.700630896940961, 
    14.88176977760545, 
    22.314172112773154, 
    21.084763699714344, 
    2.9860477921891255, 
    2.2845580628694626, 
    19.848426638296822, 
    20.445078494413671, 
    2.614843301382634, 
    1.3838090523616429, 
    3.9961160818771373, 
    18.668249090156063, 
    49.069794169003032, 
    20.650797434300596, 
    18.157385027920135, 
    19.918054743301109, 
    4.9476320840698493, 
    17.461853176955678, 
    1.6110783605551937, 
    2.8335050240578314, 
    0.74115124665797982, 
    1.6456246807608224, 
    2.5359140038613024, 
    18.669335238886163, 
    5.5256363383176934, 
    2.3345208451591923, 
    3.8251105096586464, 
    21.105640437411289, 
    20.339914399038449, 
    36.89404128153452, 
    24.640593040157373, 
    15.338321420303755, 
    15.249706318807171, 
    0.91801993428610473, 
    2.106486247248808, 
    0.73216883109865794, 
    2.3264068722911952, 
    1.2639439056976753, 
    2.8355412714427586, 
    13.30246743440347, 
    3.4031422945183856, 
    1.503438807801184, 
    3.237554280415424, 
    0.97562150845677564, 
    1.1489135231432308
  ], 
  "mae": 11.831198349661307, 
  "pearsonr": [
    0.63141143511948883, 
    1.8825413238215945e-12
  ], 
  "variance": 426.84273799564716
}