{
  "warp_d": 0.24790337418666197, 
  "noise": 2.1329797570472966, 
  "log_likelihood": -3831.2644601017714, 
  "nlpd": -4.2267702480380498, 
  "rmse": 17.113254694427294, 
  "lengthscale": [
    3.5338771305826362, 
    0.77307743490198977, 
    1.5358891086351001, 
    5.7353723773105365, 
    2.7783157828118243, 
    1.4813887688674923, 
    1.1300905422588925, 
    8.6997228983825554, 
    3.0624152671955049, 
    3.0384108166743133, 
    6.6050398715617646, 
    2.5825881502550256, 
    10.006735375965123, 
    8.406728393698117, 
    0.68424531409405431, 
    6.6057850575035566, 
    1.08444628798174, 
    1.4639684759130307, 
    12.085914952960744, 
    9.8882371104738791, 
    6.8344804025551777, 
    2.5998207788907131, 
    1.9025960700085325, 
    8.3410225978492356, 
    1.7353783761722159, 
    1.4614548574952522, 
    4.6107372182715114, 
    8.5645221656938517, 
    3.5406896159728394, 
    1.0800660601522929, 
    2.080470890442307, 
    6.290269509798315, 
    6.0330771920244839, 
    3.5210919097149831, 
    1.2483303837426463, 
    6.127169610846888, 
    6.4203466550803441, 
    9.8197607204137114, 
    5.644757523341176, 
    2.7366890302809654, 
    4.1713360781095066, 
    3.8449952395958462, 
    1.9992881049921045, 
    4.6486350078988306, 
    7.6120393752161117, 
    10.692205680542161, 
    8.623838451072773, 
    10.265634316139231, 
    8.2368843911914222, 
    8.8102558016192045, 
    1.2776036418806103, 
    6.2058244447327091, 
    3.1983027236589607, 
    10.64267938368763, 
    7.3907368714972392, 
    9.9099608927864242, 
    7.2629506070771175, 
    3.1171247792427703, 
    10.882669619407494, 
    1.3823377504774448, 
    9.5846156653395109, 
    1.7617203906782912, 
    9.4573875221290589, 
    8.786457626025328, 
    10.290506138937477, 
    8.5646380105510573, 
    10.325464042126056, 
    4.3826104686359288, 
    2.7905395814509739, 
    3.3191293665838435, 
    1.3565279564475501, 
    2.6120693730135147, 
    10.228077159359788, 
    6.936729795736027, 
    10.841261566160105, 
    7.9768229903139432, 
    2.3237919662232711, 
    9.2813475877494636, 
    4.8354136778148753, 
    2.5305137626337681, 
    1.7647950683057485, 
    3.3190869216140646, 
    8.481661195462106, 
    3.8938527338089921, 
    4.207922036188382, 
    10.306451003386679, 
    3.2781046419238136, 
    3.8379097699685003, 
    0.76594277466898431, 
    8.1686573403710678, 
    4.1333778812576503, 
    0.9544440538034904, 
    9.4415585081634585, 
    11.216864882552004, 
    1.7504148011232283, 
    5.6227782312273105, 
    4.8432986202087411, 
    9.9055851565516324, 
    7.2978039906252254, 
    4.7698729855631656
  ], 
  "mae": 13.580989649868593, 
  "pearsonr": [
    0.55845042801623979, 
    1.5670091018428048e-09
  ], 
  "variance": 44.50404068942693, 
  "warp_psi": [
    [
      1.4324467902553439e-21, 
      0.2185001705281796, 
      9.3369455023128705
    ], 
    [
      5.5900963756301848e-23, 
      1.1359357315940238e-08, 
      -0.097819736820976833
    ], 
    [
      5.5421436553737921e-26, 
      0.087201148707480969, 
      7.9599101593919332
    ]
  ]
}