{
  "noise": 29.45457499431928, 
  "power": [
    0.76479229221899292
  ], 
  "nlpd": -3.7094852129008586, 
  "rmse": 9.7958815396356194, 
  "lengthscale": [
    1.1015517360068257
  ], 
  "mae": 6.7061677046761323, 
  "pearsonr": [
    0.71221238635873585, 
    9.7127764168373893e-17
  ], 
  "variance": 149.46202517074406, 
  "log_likelihood": -3411.741649421874
}