{
  "RatQuad.variance": 240.83720378933046, 
  "log_likelihood": -4354.867273103506, 
  "nlpd": 3.8982298023772386, 
  "rmse": 11.330991584704847, 
  "Gaussian_noise.variance": 13.603173075071025, 
  "RatQuad.lengthscale": 0.7374578792226801, 
  "mae": 7.8942410857717196, 
  "pearsonr": [
    0.74906723421362298, 
    9.6446244312610013e-24
  ], 
  "RatQuad.power": 0.43333989404079787
}