{
  "warp_d": 1.2541135790947777, 
  "noise": 29.097273931444743, 
  "log_likelihood": -3893.3836786304482, 
  "nlpd": -4.111668041535621, 
  "rmse": 14.020182038544505, 
  "weight_variance": [
    865.87190446110196
  ], 
  "bias_variance": 715.6855509176665, 
  "mae": 11.48888490761726, 
  "pearsonr": [
    0.66740745515635203, 
    3.3832547638378583e-14
  ], 
  "variance": 1797.68412666426, 
  "warp_psi": [
    [
      5.5626846462681369e-309, 
      1.1803109452230927e-08, 
      -43.750770000073686
    ], 
    [
      5.5626846462681369e-309, 
      2.7307553281702047e-127, 
      -156.31892907827722
    ], 
    [
      5.5626846462681369e-309, 
      195.01111744753791, 
      46.84647862613155
    ]
  ]
}