{
  "noise": 49.07424694298585, 
  "log_likelihood": -3497.4515427412416, 
  "nlpd": -3.9874972628488887, 
  "rmse": 13.042145720173622, 
  "weight_variance": [
    80653.102578606718, 
    5.5626846462681369e-309, 
    89093.268869210748, 
    9597.9903160713038, 
    336034.55063408904, 
    5.5626846462681369e-309, 
    79037.26724209002, 
    46339.851332722144, 
    5.5626846462681369e-309, 
    5.5626846462681369e-309, 
    5.5626846462681369e-309, 
    5.5626846462681369e-309, 
    5.5626846462681369e-309, 
    5.5626846462681369e-309, 
    22253.576051474491, 
    5.5626846462681369e-309, 
    5.5626846462681369e-309, 
    43108.746026681823, 
    5.5626846462681369e-309, 
    5.5626846462681369e-309, 
    164377.46524160978, 
    16047.402109492767, 
    182245.2430740415, 
    5.5626846462681369e-309, 
    5.5626846462681369e-309, 
    5.5626846462681369e-309, 
    5.5626846462681369e-309, 
    5.5626846462681369e-309, 
    5.5626846462681369e-309, 
    40639.543556843215, 
    5.5626846462681369e-309, 
    54608.543537984413, 
    5.5626846462681369e-309, 
    391934.6788688784, 
    7.3674084431413726e-09, 
    5.5626846462681369e-309, 
    6607.3000786714902, 
    5.5626846462681369e-309, 
    112808.52684083793, 
    5.5626846462681369e-309, 
    125423.994271339, 
    5.5626846462681369e-309, 
    5.5626846462681369e-309, 
    5.5626846462681369e-309, 
    5.5626846462681369e-309, 
    5.5626846462681369e-309, 
    5.5626846462681369e-309, 
    5.5626846462681369e-309, 
    5.5626846462681369e-309, 
    5.5626846462681369e-309, 
    5.5626846462681369e-309, 
    5.5626846462681369e-309, 
    13920.114917809395, 
    5.5626846462681369e-309, 
    5.5626846462681369e-309, 
    5.5626846462681369e-309, 
    47386.837041705236, 
    5.5626846462681369e-309, 
    5.5626846462681369e-309, 
    5.5626846462681369e-309, 
    5.5626846462681369e-309, 
    5.5626846462681369e-309, 
    46328.032618742975, 
    5.5626846462681369e-309, 
    5.5626846462681369e-309, 
    5.5626846462681369e-309, 
    41482.248670125155, 
    621855.33865360788, 
    5.5626846462681369e-309, 
    5.5626846462681369e-309, 
    77454.842343293974, 
    5.5626846462681369e-309, 
    3060965.4881356386, 
    5.5626846462681369e-309, 
    5.5626846462681369e-309, 
    5.5626846462681369e-309, 
    5.5626846462681369e-309, 
    5.5626846462681369e-309, 
    5.5626846462681369e-309, 
    5.5626846462681369e-309, 
    406888.16275380977, 
    35465.498345686923, 
    5.5626846462681369e-309, 
    5.5626846462681369e-309, 
    5.5626846462681369e-309, 
    14623.04732939355, 
    5.5626846462681369e-309, 
    5.5626846462681369e-309, 
    5.5626846462681369e-309, 
    5.5626846462681369e-309, 
    754304.87207558926, 
    70434.956937176874, 
    146289.38819623864, 
    5.5626846462681369e-309, 
    5.5626846462681369e-309, 
    5.5626846462681369e-309, 
    139568.57391585468, 
    116590.00643843325, 
    5.5626846462681369e-309, 
    77625.194362465481
  ], 
  "bias_variance": 94538.81548231741, 
  "mae": 10.41831519243765, 
  "pearsonr": [
    0.48483652875057748, 
    3.1917787541678939e-07
  ], 
  "variance": 361.6060993934957
}