{
  "noise": 0.1285689904811323, 
  "log_likelihood": -1101.3960210181558, 
  "nlpd": -79.607548356173396, 
  "rmse": 8.658640487883055, 
  "weight_variance": [
    5.5626846462681369e-309, 
    5.5626846462681369e-309, 
    5.5626846462681369e-309, 
    5.5626846462681369e-309, 
    5.5626846462681369e-309, 
    5.5626846462681369e-309, 
    99098.75982159152, 
    5.5626846462681369e-309, 
    161162.79788066572, 
    221264.15936911595, 
    5.5626846462681369e-309, 
    5.5626846462681369e-309, 
    5.5626846462681369e-309, 
    5.5626846462681369e-309, 
    5.5626846462681369e-309, 
    1067390.6740732808, 
    31071.838174441134, 
    239454.65881970469, 
    305702.50438268017, 
    5.5626846462681369e-309, 
    5.5626846462681369e-309, 
    5.5626846462681369e-309, 
    5.5626846462681369e-309, 
    5.5626846462681369e-309, 
    5.5626846462681369e-309, 
    5.5626846462681369e-309, 
    885190.09350060695, 
    1167220.2117789881, 
    5.5626846462681369e-309, 
    2346975.5547181387, 
    2500582.0462401798, 
    585776.64500869543, 
    5.5626846462681369e-309, 
    5.5626846462681369e-309, 
    5.5626846462681369e-309, 
    731097.68906411412, 
    5.5626846462681369e-309, 
    251994.28699917457, 
    247805.01120466663, 
    9525.6307564333056, 
    5.5626846462681369e-309, 
    5.5626846462681369e-309, 
    5.5626846462681369e-309, 
    1.2838993193607171e-56, 
    105287.40820609701, 
    5.5626846462681369e-309, 
    235529.05323192547, 
    42667.035777737445, 
    5.5626846462681369e-309, 
    628269.45699264435, 
    246897.16689645327, 
    5.5626846462681369e-309, 
    508932.90916436561, 
    5.5626846462681369e-309, 
    551133.86493926705, 
    1056902.5969949407, 
    123727.28284518635, 
    5.5626846462681369e-309, 
    863994.19875864952, 
    5.5626846462681369e-309, 
    5.5626846462681369e-309, 
    5.5626846462681369e-309, 
    5.5626846462681369e-309, 
    288535.582973285, 
    5.5626846462681369e-309, 
    5.5626846462681369e-309, 
    475849.92121607816, 
    252503.64116038432, 
    55013.535284242731, 
    109575.94925362112, 
    5.5626846462681369e-309, 
    797608.44799617305, 
    5.5626846462681369e-309, 
    1007927.1663165357, 
    5.5626846462681369e-309, 
    5.5626846462681369e-309, 
    26349.764831019464, 
    99266.282325926877, 
    5.5626846462681369e-309, 
    5.5626846462681369e-309, 
    5.5626846462681369e-309, 
    226117.72965910184, 
    68264.418568183464, 
    5.5626846462681369e-309, 
    5.5626846462681369e-309, 
    37130.288773799686, 
    5.5626846462681369e-309, 
    502070.11074939003, 
    5.5626846462681369e-309, 
    5.5626846462681369e-309, 
    5.5626846462681369e-309, 
    5.5626846462681369e-309, 
    546969.36396674707, 
    5.5626846462681369e-309, 
    4456200.0407517664, 
    5.5626846462681369e-309, 
    1087298.9662132554, 
    5.5626846462681369e-309, 
    5.5626846462681369e-309, 
    5.5626846462681369e-309
  ], 
  "bias_variance": 842669.9432503394, 
  "mae": 5.6210167613695114, 
  "pearsonr": [
    0.27743741500802011, 
    0.0051967945544586901
  ], 
  "variance": 3.1674331856984077
}