{
  "noise": 0.23083413039711115, 
  "log_likelihood": -1010.5681141364383, 
  "nlpd": -176.75231446222497, 
  "rmse": 9.0465440762706741, 
  "lengthscale": [
    13.151452017166028, 
    15.837956512180172, 
    12.986950820483997, 
    13.093386865831052, 
    16.075622378153753, 
    12.696492344597582, 
    0.90881524807188896, 
    1.6226665746044719, 
    5.8247982228719604, 
    1.3299832214211342, 
    15.05570453512644, 
    13.302640553946707, 
    6.4532601269631122, 
    12.416007106959672, 
    0.66355255945774161, 
    0.47304987329095749, 
    1.6395999866005759, 
    6.0490389698787492, 
    0.74242508264614371, 
    0.8034658039317979, 
    0.58750317877248426, 
    1.8354078546267714, 
    14.34079344060455, 
    0.5492983740521693, 
    16.840262414053129, 
    12.831224863795162, 
    0.70812181989733192, 
    8.0645580332606777, 
    12.584213091549854, 
    0.89749545171379896, 
    1.0361970560297384, 
    8.0402855390093393, 
    13.29592083766279, 
    11.947044595233249, 
    13.448215304626087, 
    7.1892772544291557, 
    12.787141692422251, 
    12.691141386996868, 
    10.937550351774828, 
    0.91624601182067333, 
    1.5074618592730848, 
    11.024227120156308, 
    8.1584308600626692, 
    15.434796443871829, 
    14.496315232235462, 
    7.3895517114400704, 
    11.708288294743602, 
    9.1677318875593627, 
    12.962001987862596, 
    11.436135685837131, 
    11.678910914769554, 
    11.115286448823959, 
    1.4364107565081179, 
    1.3762968805083835, 
    11.91785226343135, 
    19.55477100904168, 
    11.818748996257638, 
    16.258985101055867, 
    0.9223870450312045, 
    12.866708163419867, 
    0.54591074744971935, 
    18.057276343275927, 
    13.362799984438357, 
    5.5502562093589516, 
    15.680936394716252, 
    6.7503267905566444, 
    1.2515585061201417, 
    1.9394425139351226, 
    14.899766014023674, 
    9.9253139664919754, 
    13.473061538741034, 
    13.000918726313856, 
    3.1120847225302879, 
    4.3032526856439723, 
    0.82520138946159216, 
    14.294996034208845, 
    7.1829962101595886, 
    1.4351037168320051, 
    4.0377594410790376, 
    0.78400449538781125, 
    13.111482854570859, 
    0.45284933592322207, 
    9.2576267914436556, 
    11.608190010619619, 
    17.974639494220703, 
    0.64064517885402139, 
    1.492446302449725, 
    14.200087124204613, 
    7.3074022501694369, 
    1.061991771755965, 
    1.3809226498866944, 
    11.378071483483167, 
    6.8641622778835467, 
    12.603585817834487, 
    1.3049524456027015, 
    10.143956694753236, 
    12.528093315734257, 
    0.61564311823451512, 
    11.61612423476392, 
    10.463801541584951
  ], 
  "mae": 6.7004168650301059, 
  "pearsonr": [
    0.63485567785510588, 
    1.3109436781335255e-12
  ], 
  "variance": 0.5925950037604047
}