{
  "regularization": 10.0, 
  "rmse": 11.46129961614427, 
  "intercept": 2.6551684081984681, 
  "mae": 7.1862232048401076, 
  "pearsonr": [
    0.61505804318932833, 
    2.328254860237239e-14
  ], 
  "coefs": [
    -2.9030450763930364, 
    -2.0541860901301559, 
    -1.9204117822274256, 
    -1.8481891272344686, 
    -0.87171827251853107, 
    1.4511651010967117, 
    -0.16793237529029814, 
    -0.10991769540424265, 
    3.4386298430602764, 
    3.7010636905534677, 
    3.0029753986575289, 
    -1.3991976285591023, 
    0.12096934103721795, 
    2.8381655753495285, 
    -0.89956653103307993, 
    4.3342001915450581, 
    -0.35201643246309444, 
    -0.82261926549413156, 
    -0.11773209273347061, 
    1.1231761957926625, 
    1.9786226993868632, 
    2.1249405375114181, 
    1.2293247940479406, 
    -0.42914454047533435, 
    1.1202384274404054, 
    0.13524753523603908, 
    3.1200206356235727, 
    -0.37917972106478348, 
    1.3123622695102188, 
    2.672697624321517, 
    4.8782151349850142, 
    -0.90217511478739443, 
    1.9495590882584075, 
    -0.08672010409605424, 
    -0.41036427144810794, 
    -1.6946990167361573, 
    -2.6321209288854659, 
    -1.3784599745396711, 
    -1.8423387504147071, 
    0.041030153614009024, 
    -1.7594300592462224, 
    0.22906063462699855, 
    -1.2465068743318886, 
    0.59951432099859459, 
    -1.5475223146459172, 
    -1.9874567759323289, 
    1.7126356565838099, 
    1.5733147790115307, 
    -0.61633896931333421, 
    -1.0503723029132987, 
    -0.42922660790616796, 
    1.1177436651040669, 
    -2.8509990396441314, 
    3.6228730850871829, 
    -1.4115498516035938, 
    0.38793528614631861, 
    -1.5596940173263356, 
    -2.9973569054526008, 
    -0.29019404032614743, 
    -1.1618913876486874, 
    2.0783986010160049, 
    -1.9022810780627206, 
    -0.075192703663446533, 
    -1.8628356517654809, 
    1.1181067949854546, 
    -0.47644807172384102, 
    4.7581145849754032, 
    -0.42572164917479366, 
    0.21373010085626046, 
    0.47583996149605468, 
    0.72636431190562356, 
    -2.0710861809446603, 
    0.17992574074170284, 
    4.4808120628228369, 
    -1.9415155548034637, 
    2.221241555764478, 
    -0.21428106255531335, 
    3.7353108296994937, 
    -2.6737696818403527, 
    -0.54184585038700028, 
    0.93744748647294096, 
    2.6265266807484027, 
    -0.27377887555774427, 
    1.4844309920026817, 
    -0.17076561088978756, 
    -4.3838090061512371, 
    0.64829059006301126, 
    -1.4897486013363475, 
    2.4381678647338587, 
    -2.5497853353865465, 
    -0.2936403144730757, 
    -1.9838842922295752, 
    3.0292929991838711, 
    -0.49961363431825995, 
    5.8441495202836249, 
    0.22734452118622045, 
    -1.4550484302008138, 
    2.6728308083040719, 
    1.017290625326901, 
    0.42926969608884691
  ]
}