{
  "noise": 82.11154794318631, 
  "log_likelihood": -3700.5671347488073, 
  "nlpd": -3.9032434665599705, 
  "rmse": 11.515580567253522, 
  "lengthscale": [
    2.4140448104927015
  ], 
  "mae": 8.9900737306662855, 
  "pearsonr": [
    0.81615415578148687, 
    4.4464746010420906e-25
  ], 
  "variance": 348.56933911397704
}