{
  "regularization": 100.0, 
  "rmse": 16.474885029989739, 
  "epsilon": 1.0, 
  "mae": 12.123235216986815, 
  "pearsonr": [
    0.68849423604461579, 
    7.1419798479231187e-19
  ], 
  "gamma": 0.10000000000000001
}