{
  "warp_d": 0.20429835526102155, 
  "noise": 1.4954232619578158, 
  "log_likelihood": -3795.810857499804, 
  "nlpd": -4.2344464346400148, 
  "rmse": 16.661003346763653, 
  "lengthscale": [
    1.7542469686400552, 
    8.5031838003812794, 
    1.8884975085043305, 
    10.290467387592255, 
    8.4156835462320814, 
    3.6660746956474255, 
    4.2385119419289508, 
    10.547020611321882, 
    7.2374258300241374, 
    10.777122647351733, 
    1.2886047208417781, 
    7.8027459630501808, 
    9.415124981142986, 
    13.620355757726466, 
    4.1103119655023495, 
    6.8212805959432723, 
    12.867407956538429, 
    8.5469979785895696, 
    1.4588909689963159, 
    1.9158549132342848, 
    9.5276598568916508, 
    5.5046620651533171, 
    2.2167078560670022, 
    11.007168052002266, 
    13.026944165890468, 
    14.147147775116125, 
    1.4123697710897485, 
    10.913471511872988, 
    5.9228612980392761, 
    3.6869501297992788, 
    2.596123528435935, 
    10.25616190313565, 
    8.5877547815718156, 
    11.97842691914169, 
    1.5210738041027179, 
    3.0620680520450216, 
    10.667756549007121, 
    11.589361050093574, 
    10.349548131654311, 
    10.955631936374242, 
    13.503600821298599, 
    1.1474103407483356, 
    9.1077312351674848, 
    7.6176617363929822, 
    7.8836740560100411, 
    2.7644185903857137, 
    1.4779293595060246, 
    4.176211556789954, 
    1.2110415615501766, 
    1.9164881835682357, 
    9.1205019832393646, 
    6.0381032003085418, 
    9.5437255741780334, 
    14.422220194075031, 
    8.5571004491082441, 
    13.61156386381718, 
    1.5703146874643212, 
    14.184321033622501, 
    13.668352931318736, 
    6.9692939512662129, 
    10.870191231257746, 
    1.6657725559266101, 
    11.556026464904321, 
    9.9913007660005793, 
    1.4836972232663579, 
    8.8743451471577437, 
    11.052748083252343, 
    5.3995435915824848, 
    11.476789995370048, 
    1.1891459814253931, 
    9.941395064838197, 
    3.3572491709109289, 
    9.856222233519798, 
    3.2478858907118462, 
    4.858156383457878, 
    1.4354439292121901, 
    10.276217396239174, 
    7.935520361853051, 
    12.230843206681497, 
    10.232353039074395, 
    1.5079989496773507, 
    3.8616750887843629, 
    12.05405372996896, 
    10.406178084033735, 
    7.2302681718498558, 
    2.0937702794675852, 
    8.706317528099655, 
    1.2080354070823922, 
    6.2967634750710495, 
    10.873604718646304, 
    1.0889753321322337, 
    7.3975688428085284, 
    6.7954076882893766, 
    7.6600790208820531, 
    3.6181793112678773, 
    6.9816626761913207, 
    1.9913475637215483, 
    10.237169480227829, 
    9.3849576676228565, 
    3.3793202533302091
  ], 
  "mae": 12.505474122698722, 
  "pearsonr": [
    0.77831534395544177, 
    1.5949862153744119e-21
  ], 
  "variance": 38.111259794284194, 
  "warp_psi": [
    [
      1.3053495400746561e-18, 
      1.4183992317403875, 
      -3.3361740445383887
    ], 
    [
      1.0338522765085139e-16, 
      3.14126027968915, 
      -0.24751411317960129
    ], 
    [
      8.2244812875159768e-22, 
      0.053493457991835532, 
      4.9080165706312853
    ]
  ]
}