{
  "regularization": 100.0, 
  "rmse": 10.615174843786246, 
  "epsilon": 1.0, 
  "mae": 6.6465077412264852, 
  "pearsonr": [
    0.67031524726817371, 
    1.2326789338554086e-17
  ], 
  "gamma": 0.10000000000000001
}