{
  "noise": 93.57374231584274, 
  "power": [
    0.11681511102451331
  ], 
  "nlpd": -4.1084987503095087, 
  "rmse": 13.79861955098788, 
  "lengthscale": [
    0.6087292261865892, 
    87.425240035219602, 
    0.72027161423851449, 
    110.27096909074291, 
    0.32033279063340503, 
    70.222266788119356, 
    58.966260785832873, 
    36.412124965760725, 
    67.97481836828284, 
    134.02910854443422, 
    28.724337016449386, 
    68.455724828471304, 
    69.936812541144448, 
    29.381097161925958, 
    0.92428503777175919, 
    87.480931003126429, 
    32.03265492565297, 
    125.02426938031883, 
    34.53176251241937, 
    47.833289258650247, 
    14.609109682804892, 
    1.0735350094476823, 
    81.685189696510875, 
    50.609743553040758, 
    55.80071332461992, 
    24.788908090459007, 
    0.38147953460962597, 
    44.585775533129897, 
    81.753097932719243, 
    47.729573138996443, 
    162.33594669032155, 
    0.76436785743228586, 
    61.546005770290712, 
    1.104930449555465, 
    112.14518551006555, 
    48.070739158319434, 
    25.893495924875218, 
    110.7017896757234, 
    47.950964515797388, 
    116.50114949172325, 
    0.80566773882805354, 
    149.64268081507052, 
    26.096331037667589, 
    57.211643228747882, 
    0.63599395293822103, 
    52.369645891421101, 
    51.707859457221446, 
    52.410003855197914, 
    59.398246322917785, 
    40.286952723598631, 
    127.82606307771044, 
    52.54575959246354, 
    0.89102256016967762, 
    124.16055381419822, 
    14.671852790649243, 
    56.588607283364269, 
    57.014249969585357, 
    77.927222222629979, 
    107.13486773987461, 
    159.8697864622076, 
    35.23407828504331, 
    113.32730416676719, 
    1.0834612386854126, 
    107.62380013308456, 
    126.25635704162914, 
    70.051039332190626, 
    0.81898740462894204, 
    0.29766120411807728, 
    142.29366196774399, 
    77.793686190906485, 
    1.3793839975187465, 
    115.49381274497694, 
    0.24693925154164512, 
    145.59022341371497, 
    25.673713116915213, 
    28.977615760117715, 
    124.37093032775921, 
    47.958348746994517, 
    69.996343955087525, 
    144.5133579919586, 
    31.402681389998953, 
    1.2809471174790856, 
    0.4264716288421162, 
    50.427740445474576, 
    26.988518917620393, 
    61.914722648907478, 
    69.113843297617152, 
    27.9583846965599, 
    32.495257023312604, 
    126.71935089674673, 
    0.97477332363150837, 
    0.37461398478970714, 
    0.31517583366995156, 
    0.39518024436756521, 
    27.003434766688773, 
    145.17753947607758, 
    0.70222262405869573, 
    0.63502751782564915, 
    42.643247217054267, 
    0.70080018213340656
  ], 
  "mae": 10.204496566482154, 
  "pearsonr": [
    0.60633655436677447, 
    2.3038072660886362e-11
  ], 
  "variance": 490.09727592613064, 
  "log_likelihood": -3506.860036866512
}