{
  "regularization": 1.0, 
  "rmse": 18.111558089577489, 
  "epsilon": 0.10000000000000001, 
  "mae": 13.991679502804992, 
  "pearsonr": [
    0.51597280817512337, 
    3.9249684811469868e-08
  ], 
  "gamma": 0.10000000000000001
}