{
  "noise": 48.75537446067152, 
  "power": [
    0.28224595982061845
  ], 
  "nlpd": -3.8782355034936229, 
  "rmse": 11.63815132706976, 
  "lengthscale": [
    0.66263033832183693
  ], 
  "mae": 8.8001816280502521, 
  "pearsonr": [
    0.51327426274761911, 
    4.746348574971023e-08
  ], 
  "variance": 261.3364327895009, 
  "log_likelihood": -3556.3130533315157
}