{
  "log_likelihood": -4666.573502801418, 
  "nlpd": 3.9473541244916683, 
  "rmse": 12.05776077281665, 
  "Mat52.variance": 367.1865141039177, 
  "Mat52.lengthscale": 2.42016238679399, 
  "Gaussian_noise.variance": 96.99791779686647, 
  "mae": 9.3629724461319785, 
  "pearsonr": [
    0.75814452109093622, 
    1.3594545095903893e-24
  ]
}