{
  "noise": 9.077041266494188, 
  "power": [
    0.49645504882506941
  ], 
  "nlpd": -3.6331865353775008, 
  "rmse": 8.6624505344009837, 
  "lengthscale": [
    11.009623488692746, 
    8.0032162295043197, 
    11.91194066793982, 
    0.32490358704240174, 
    13.499413133908087, 
    11.329821816760338, 
    14.210366831157996, 
    12.153094714941362, 
    7.4394840437624694, 
    0.53415573155701912, 
    12.865538761731649, 
    6.5167583376360634, 
    4.1537834419307904, 
    8.9680550506047663, 
    7.4545948703923308, 
    16.244523361898032, 
    20.825269592553884, 
    13.083000350466666, 
    15.999533149884348, 
    0.74355884466476252, 
    8.5573932852439256, 
    10.395943031152477, 
    8.4485903258602857, 
    11.322415576969759, 
    16.177988584239689, 
    16.400764433345802, 
    7.8538156580676244, 
    0.24597337927170829, 
    13.20723872057081, 
    0.16890449078647865, 
    0.25387170139893395, 
    7.4298014018130187, 
    2.6423356720600797, 
    10.175662028771349, 
    5.5988802514428135, 
    0.64719402235739565, 
    15.221311678692414, 
    13.344988030833241, 
    6.5166429412635916, 
    15.268061916628614, 
    11.460252815476345, 
    12.652095475271523, 
    12.467270553114226, 
    8.3589406440382241, 
    11.61522463168709, 
    0.69375439967051378, 
    11.293970504700832, 
    0.52895860496998726, 
    13.122316254004465, 
    8.9689594080572022, 
    10.827268519914508, 
    10.82011383590404, 
    0.53652277533837911, 
    10.513959540481896, 
    0.86272989602135697, 
    8.973367096366383, 
    10.162348394158725, 
    9.8119745811632129, 
    0.51222689783565889, 
    13.140106053760096, 
    0.27115705376965088, 
    14.643138387635137, 
    11.877596123543491, 
    9.1172085723609442, 
    14.827834075147598, 
    14.19618473107279, 
    0.69142886897271694, 
    14.188455055847275, 
    7.8713255400374491, 
    0.36516967449236698, 
    8.7806049537133006, 
    0.23700575672964011, 
    11.750003887911527, 
    0.62065767833755547, 
    10.208831672084045, 
    5.2259386092910329, 
    28.770874569294104, 
    0.25963852559734418, 
    8.5278459947360741, 
    12.480475084375382, 
    0.67169641395964441, 
    0.680598547040973, 
    10.797288543564308, 
    4.6773530922754372, 
    11.034940291133596, 
    16.195068467536736, 
    11.190521111435967, 
    7.9170924125029476, 
    13.16332321468486, 
    10.662560645432993, 
    12.758472059862832, 
    11.856375727529912, 
    13.845654676674027, 
    13.499500445513949, 
    0.36269685306123972, 
    10.938382561623349, 
    0.28946618427778181, 
    10.446873452093291, 
    12.194213677414586, 
    9.987487641593539
  ], 
  "mae": 5.6737062470289708, 
  "pearsonr": [
    0.32585743763514935, 
    0.00093833088411961608
  ], 
  "variance": 119.74189289273137, 
  "log_likelihood": -3158.2560310230892
}