{
  "noise": 4.2676255195102595, 
  "log_likelihood": -3887.8866754763208, 
  "nlpd": -4.3223709230817189, 
  "rmse": 18.627340513582329, 
  "weight_variance": [
    12917558.838184576
  ], 
  "bias_variance": 1329781254.0500162, 
  "mae": 14.497159385263144, 
  "pearsonr": [
    0.57902232512107765, 
    2.7798075615293055e-10
  ], 
  "variance": 3234.8893008777
}