{
  "pearsonr": [
    0.61945645448311459, 
    1.3482132689349956e-14
  ], 
  "nlpd": 4.2097888683825797, 
  "rmse": 17.096947533409459, 
  "Gaussian_noise.variance": 31.621864298079977, 
  "mlp.variance": 2357.7804503653642, 
  "mlp.weight_variance": 4351507.918165892, 
  "mae": 13.21689193010905, 
  "log_likelihood": -4863.466632685001, 
  "mlp.bias_variance": 278150384.62324744
}