{
  "noise": 0.6187947883967729, 
  "log_likelihood": -1122.4289382715438, 
  "nlpd": -119.87866629766864, 
  "rmse": 9.0073560212913595, 
  "mae": 6.6576666233681143, 
  "pearsonr": [
    0.63182581039409769, 
    1.8027688754265537e-12
  ], 
  "variance": [
    0.04209201141481287
  ]
}