{
  "noise": 114.97973828571614, 
  "log_likelihood": -3837.5990379311816, 
  "nlpd": -4.332440670110274, 
  "rmse": 17.990126391799489, 
  "lengthscale": [
    46.337734523382856, 
    18.424009410737682, 
    1.7035882915038361, 
    1.7521391824762231, 
    2.2142989757144953, 
    1.2012055184626012, 
    9.5953525684752563, 
    43.98102484379875, 
    1.182694362173119, 
    2.3124055749905348, 
    35.101198745417378, 
    15.512933081511862, 
    39.423669256237012, 
    26.515386142658677, 
    54.979422902326469, 
    11.40345058911392, 
    1.2548911492242054, 
    1.3431436107325647, 
    25.233646295833474, 
    26.523495828792615, 
    45.378076153262541, 
    31.088275804758666, 
    22.723684944221471, 
    25.257146337215818, 
    24.223446239434399, 
    28.429304394305746, 
    35.127988450574286, 
    22.85823596134572, 
    2.6119973089698498, 
    1.137758238504186, 
    1.2005082224112691, 
    26.813818137895257, 
    1.0751764979136982, 
    1.9151802481053752, 
    13.398066235176616, 
    17.704679250297701, 
    30.708066764268821, 
    15.830649890762871, 
    2.2725942763204148, 
    1.734257992133055, 
    1.3493951077128696, 
    24.940233924147236, 
    11.576549248912642, 
    10.865477715025399, 
    11.67394380191703, 
    24.537990970037512, 
    24.451628065821339, 
    26.619484543530341, 
    30.583850254345986, 
    25.219762749894041, 
    93.202014818741887, 
    1.5104221556088486, 
    0.68723470871591197, 
    25.362523761461187, 
    26.41514512081833, 
    26.710628809610874, 
    46.458599138803699, 
    1.2226142215323306, 
    22.708914942772999, 
    2.4597290941403704, 
    24.329430100590862, 
    3.0751065453763493, 
    5.5781927519360739, 
    6.8376446605893904, 
    42.813378978747494, 
    35.517492177292148, 
    78.34296955344395, 
    0.62310901652916262, 
    1.0940939841070392, 
    14.437966909121721, 
    1.4896813528598225, 
    2.2623018397429124, 
    19.516768486372534, 
    7.2600322463438181, 
    16.377958941556894, 
    20.75345108307123, 
    1.0889775395539472, 
    22.661754466474427, 
    40.644634900417067, 
    1.0244060804486499, 
    1.9910784885416553, 
    31.191773892130723, 
    2.4976699157474864, 
    23.657073165050242, 
    22.529810913785774, 
    2.332892048856305, 
    25.162749765088368, 
    18.113920337664357, 
    0.55749832647856745, 
    26.609927111661367, 
    1.6083095210201539, 
    6.597010858141485, 
    29.022588374501876, 
    29.462040905971964, 
    1.5537525400638541, 
    1.2446383148083706, 
    12.51684522656412, 
    25.038029422051981, 
    26.130590498051809, 
    21.49319348955979
  ], 
  "mae": 14.187183800863744, 
  "pearsonr": [
    0.52518116721441155, 
    2.0266540733458651e-08
  ], 
  "variance": 471.6008527024122
}