{
  "warp_d": 0.09003806086739614, 
  "noise": 0.9494359060742121, 
  "log_likelihood": -3566.1183981828863, 
  "nlpd": -3.956682773567417, 
  "rmse": 12.669364747370397, 
  "lengthscale": [
    5.6115233480990447
  ], 
  "mae": 10.251966217344926, 
  "pearsonr": [
    0.52192563188594721, 
    2.5659087997962869e-08
  ], 
  "variance": 2.4646948353793956, 
  "warp_psi": [
    [
      1.3155739359890447e-06, 
      0.081630838057075147, 
      0.63868656698622994
    ], 
    [
      3.7970186424240364e-06, 
      0.0010780075956394969, 
      4.5963216133323366
    ], 
    [
      1.5789883858381045e-06, 
      0.033422566680493697, 
      8.1358876244632601
    ]
  ]
}