{
  "warp_d": 0.15581901963106654, 
  "noise": 3.6534993002250142, 
  "log_likelihood": -3734.6876828544437, 
  "nlpd": -3.9927313020657356, 
  "rmse": 12.883524883404295, 
  "lengthscale": [
    3.3723118656836508
  ], 
  "mae": 9.6257527287197853, 
  "pearsonr": [
    0.74258088122743005, 
    9.3511183257033189e-19
  ], 
  "variance": 13.989166655674188, 
  "warp_psi": [
    [
      1.763133736522876e-09, 
      0.37157789322047774, 
      2.1047280290031636
    ], 
    [
      1.027272670443245e-06, 
      0.07584263512442585, 
      0.3502361106993041
    ], 
    [
      3.4235699969489225e-08, 
      3.6221041819577069, 
      0.85422647841892541
    ]
  ]
}