{
  "noise": 287.20221106725137, 
  "log_likelihood": -3900.4585428366586, 
  "nlpd": -4.3035573197283306, 
  "rmse": 17.890964365246049, 
  "mae": 13.145466356744954, 
  "pearsonr": [
    0.54803401919802475, 
    3.5994903167487105e-09
  ], 
  "variance": [
    30.508992332402869
  ]
}