{
  "RatQuad.variance": 1503.7903239858306, 
  "log_likelihood": -4853.888780313691, 
  "nlpd": 4.2190062714082455, 
  "rmse": 17.085654144962476, 
  "Gaussian_noise.variance": 28.01932989413369, 
  "RatQuad.lengthscale": 0.6325997294847219, 
  "mae": 13.604198333971297, 
  "pearsonr": [
    0.67187102796400289, 
    9.7365456839681986e-18
  ], 
  "RatQuad.power": 0.12331030671916483
}