{
  "noise": 0.26755273965658166, 
  "log_likelihood": -1125.8973900766832, 
  "nlpd": -470.03223069918306, 
  "rmse": 13.054652107739653, 
  "lengthscale": [
    1.3278045527684763, 
    0.47673602280160021, 
    0.91564827454310405, 
    1.472428161251836, 
    0.69726449932291712, 
    33.587033383729128, 
    24.761316586947469, 
    1.0274542150063279, 
    25.940032552653904, 
    0.63306200280322322, 
    34.081558344087981, 
    0.89672064240231175, 
    16.159347050333707, 
    30.872489858822579, 
    1.4452807145395663, 
    16.092904114352287, 
    24.954526720383974, 
    5.6586727309261224, 
    18.495506355365471, 
    25.366323418000022, 
    1.4211418413046459, 
    13.033774175039348, 
    11.138325175938212, 
    33.709061966844082, 
    22.856175385072945, 
    41.559269762129389, 
    3.1174682427002298, 
    7.7215438956471489, 
    12.609480907713108, 
    0.51789638050598374, 
    0.6583246770697172, 
    0.9218559163779465, 
    22.491255875493881, 
    1.1509785520933176, 
    18.579017500116276, 
    27.162249308127489, 
    1.1762500757675389, 
    17.069836086346651, 
    1.1615373154638386, 
    7.3598876096264618, 
    0.88366232006409673, 
    13.287343206237169, 
    43.267429152998375, 
    15.594299545526873, 
    9.3510800035599111, 
    22.623986988500658, 
    28.812625261030892, 
    19.730263329902971, 
    29.051037243365894, 
    36.767881505813449, 
    16.845239902639555, 
    24.099711493820838, 
    23.753276635824676, 
    13.780934466129457, 
    26.623233211856764, 
    65.862957625278796, 
    1.4729008963545609, 
    39.423724309344998, 
    23.96293874246668, 
    1.6703142934403168, 
    39.006340753054275, 
    8.3724099622913659, 
    10.81524893052695, 
    6.668905261347426, 
    12.226905555131951, 
    23.241717028175383, 
    1.5619228975898745, 
    0.60006676370517587, 
    20.052145781618059, 
    10.691870777392589, 
    1.1688642432373184, 
    0.56295532491607214, 
    0.76288972582168013, 
    1.1594439656212676, 
    21.540562815567156, 
    32.577592480277701, 
    21.264206857176038, 
    1.5134974617298089, 
    23.859792736444721, 
    12.274369418755036, 
    16.495310052102631, 
    18.762557330142478, 
    21.188461171435407, 
    21.080538662180253, 
    16.96509234769367, 
    18.189232934410278, 
    31.751490196062985, 
    32.470178575667418, 
    32.643642216242732, 
    16.064583559394059, 
    0.9811430794055751, 
    6.7441042695904461, 
    0.54617497661624703, 
    20.861742004167848, 
    20.800764988770979, 
    8.5975793404998875, 
    0.7289507270231832, 
    1.4691922541789815, 
    21.438684307701955, 
    0.8907867340581096
  ], 
  "mae": 10.356472500433886, 
  "pearsonr": [
    0.46285617002217833, 
    1.2427650037771853e-06
  ], 
  "variance": 0.6954293719861713
}