{
  "noise": 0.06760661780953077, 
  "log_likelihood": -1175.2962383997824, 
  "nlpd": -127.91519028263247, 
  "rmse": 7.0357259867465682, 
  "lengthscale": [
    1.2964227552463186
  ], 
  "mae": 4.4500247077393835, 
  "pearsonr": [
    0.79806033451989145, 
    2.7670041705533528e-23
  ], 
  "variance": 0.9434515165004153
}