{
  "noise": 0.5070856504640424, 
  "log_likelihood": -1038.3342900981927, 
  "nlpd": -457.54762530988256, 
  "rmse": 12.26930188401408, 
  "mae": 9.3407133554766766, 
  "pearsonr": [
    0.72105317509442524, 
    2.6779236705832732e-17
  ], 
  "variance": [
    0.040821421004106566
  ]
}