{
  "noise": 193.66301888355957, 
  "log_likelihood": -3829.253852238463, 
  "nlpd": -4.2018968913604136, 
  "rmse": 15.887680768941369, 
  "lengthscale": [
    11.471880762324178, 
    13.623720755757814, 
    10.067336885935923, 
    15.476912400725132, 
    1.6671453444311877, 
    1.5508564218050653, 
    0.81580847785152399, 
    12.486624966936558, 
    1.3594243552559375, 
    11.106232036161099, 
    9.1185516879559412, 
    34.256326756780581, 
    2.1980190378265805, 
    14.686391184019673, 
    9.5514427978291234, 
    16.010727209792613, 
    3.7416611977852705, 
    15.13580372207792, 
    1.48285877162378, 
    1.1153183314502997, 
    11.035205009808539, 
    4.8089049890667486, 
    1.2975931735882595, 
    4.9663382873699637, 
    15.329372577482367, 
    13.935668698580745, 
    13.573444487908173, 
    13.817363971354066, 
    2.3360946974830483, 
    1.1091883225573855, 
    1.6041456225115918, 
    12.581574328540597, 
    11.765308874734437, 
    10.86579891213219, 
    1.2072671614464217, 
    6.5219899395339898, 
    11.390586596326219, 
    10.839114828949304, 
    8.638846563382339, 
    1.9935124737740735, 
    6.8403058089684041, 
    1.1271955673251204, 
    12.359842828226503, 
    1.513154892947536, 
    2.099212921422577, 
    1.8846043484706319, 
    17.800207289269398, 
    2.1237900819575097, 
    1.5304280603631861, 
    1.9041453345320549, 
    13.976600673668269, 
    12.499386461691234, 
    6.8499689509080079, 
    15.295175991734347, 
    57.146755556749596, 
    8.7117059558615004, 
    6.3892279320584606, 
    15.86710123462063, 
    16.637280105520389, 
    6.677705247156859, 
    3.2707618893835506, 
    15.837432128355832, 
    12.920137427116826, 
    4.7367037600069031, 
    1.2266917357475302, 
    4.0206758848873081, 
    15.39335838716725, 
    12.125676757790609, 
    13.634739372168456, 
    10.54976361117459, 
    13.572973089848819, 
    7.8943630304080425, 
    13.069713514139551, 
    1.5872947043131937, 
    1.3957664366176086, 
    1.6156272711479476, 
    10.54781218010389, 
    10.794337160121618, 
    12.037608903847419, 
    14.634914518240453, 
    2.1691379539444609, 
    1.629977903084586, 
    10.604156061115157, 
    14.087303708353462, 
    9.1613757362625741, 
    1.6928602152528229, 
    6.2263631303767903, 
    1.6365491851528775, 
    1.0324063545035105, 
    2.3060998308236851, 
    1.059336824344411, 
    6.0697503410836893, 
    5.3055844984966658, 
    9.3413343643894873, 
    9.5209953638708349, 
    2.5662699535893143, 
    1.2322569928897407, 
    1.4670642205981153, 
    1.7967722579049301, 
    1.6661346127075554
  ], 
  "mae": 12.068992734413149, 
  "pearsonr": [
    0.64716569169514326, 
    3.4631059754969772e-13
  ], 
  "variance": 216.55751209446098
}