{
  "warp_d": 0.10104797886224998, 
  "noise": 0.3825281231687232, 
  "log_likelihood": -3805.026973627153, 
  "nlpd": -4.1658917341839699, 
  "rmse": 15.822458593143752, 
  "lengthscale": [
    5.0923993435182071, 
    4.7497881201378398, 
    1.6422910749097377, 
    10.102163097084029, 
    7.8554712889264451, 
    4.3053541984646646, 
    1.3295394208995133, 
    9.8961498695046988, 
    2.0312986282786274, 
    11.050869981448356, 
    1.2258943700042315, 
    2.3297834830671724, 
    3.8434650126004026, 
    11.894407374856534, 
    3.3599632619241637, 
    9.5901762920627984, 
    12.323542064581806, 
    8.9386089033978688, 
    1.2143995338664642, 
    3.5079406741376902, 
    7.2499144382015617, 
    4.0578196645850708, 
    3.1981968775543508, 
    7.9507918567634626, 
    10.877102324451791, 
    10.239176326664222, 
    1.0392721510761929, 
    10.87614090504724, 
    6.5496299428009079, 
    3.5293284057783234, 
    1.8639750393524206, 
    10.068825414379447, 
    7.8965415393626088, 
    9.4774367919865501, 
    1.2453210849823364, 
    4.4591722541696281, 
    9.2123790946792816, 
    8.7106255166237609, 
    8.9667778181040791, 
    11.796985359953524, 
    12.92737833051533, 
    3.1474230034799691, 
    9.2482574384024421, 
    5.9129586842086361, 
    1.2092066853311845, 
    4.1684863699601573, 
    11.114392271492285, 
    4.4197260826019811, 
    1.7946902312122779, 
    6.4978351436484063, 
    7.6955663252754904, 
    3.5691018720866428, 
    6.647121929209554, 
    12.798515025163471, 
    5.8353125625626392, 
    9.3387811347923968, 
    1.5943847036678804, 
    12.486858061972402, 
    8.0219993711149566, 
    8.911611752305312, 
    7.7715893349614671, 
    7.8330790301147637, 
    10.58393263778772, 
    8.5852008238951854, 
    2.0211993221324454, 
    8.0651863092483858, 
    12.422166064307104, 
    10.636073510596242, 
    9.9714675712080965, 
    5.4974721791045429, 
    11.466926976723133, 
    4.1638099943306219, 
    10.500016510206109, 
    4.3287131915393999, 
    1.6944723927672596, 
    0.97999050731069548, 
    10.936122941073414, 
    3.8660237965340629, 
    10.545986985126767, 
    3.2518315566312537, 
    1.9416946407927238, 
    4.2537656678987741, 
    12.581276707436347, 
    11.165030984522518, 
    4.9228331488904624, 
    1.2751142919955791, 
    1.4578637898547797, 
    1.6317404319947593, 
    3.6364335506024643, 
    9.7546106680452578, 
    0.96756448543476525, 
    4.4970813064055797, 
    1.0970638371684402, 
    5.2706636808599709, 
    4.9471665442037409, 
    2.4111609089644217, 
    3.580862600753544, 
    8.91465563311443, 
    8.4611079290884348, 
    2.4279087620169864
  ], 
  "mae": 11.876621658118145, 
  "pearsonr": [
    0.72531669662161513, 
    1.4132370911226084e-17
  ], 
  "variance": 8.583532835198568, 
  "warp_psi": [
    [
      1.2670937375963834e-06, 
      1.6548819963522783, 
      4.6309947347876683
    ], 
    [
      8.8555692226763773e-09, 
      0.39649926908771993, 
      0.67084150936052822
    ], 
    [
      8.99443967919005e-16, 
      0.00078046396247637704, 
      3.8685638670235085
    ]
  ]
}