{
  "log_likelihood": -4641.722431799564, 
  "nlpd": 4.1196985194583569, 
  "rmse": 15.091281749349308, 
  "Mat52.variance": 335.22425268846126, 
  "Mat52.lengthscale": 2.4669409259717705, 
  "Gaussian_noise.variance": 100.02117270844624, 
  "mae": 10.337394948593376, 
  "pearsonr": [
    0.74175236512173104, 
    4.4050365495857138e-23
  ]
}