{
  "warp_d": 0.35476928071302555, 
  "noise": 15.473212986472586, 
  "log_likelihood": -3535.298281374558, 
  "nlpd": -3.9120746875611938, 
  "rmse": 12.142425468207524, 
  "lengthscale": [
    3.2790741213366212, 
    12.61061497225017, 
    5.0321274643769334, 
    14.308290243839176, 
    1.472069035273627, 
    25.152473881015602, 
    21.800549490788931, 
    11.718861705409205, 
    22.457117101566631, 
    14.723725890901891, 
    20.364220269832742, 
    13.602016031971029, 
    22.222947472146927, 
    19.810487574460812, 
    14.414069431406231, 
    20.503137524218502, 
    16.135230643508745, 
    21.425437581466412, 
    15.159324604726082, 
    24.646684945012389, 
    17.966341580846446, 
    18.028390757189094, 
    15.587329893286791, 
    23.60862619127311, 
    19.344923642019392, 
    19.108008211313795, 
    20.250062903479783, 
    17.469116538840503, 
    21.829993941622448, 
    7.7044013208023667, 
    22.853175805364057, 
    8.7217281555833885, 
    15.632776129449466, 
    10.596892785374427, 
    22.1879178125278, 
    18.465518925874076, 
    11.643409766836292, 
    22.952685885796711, 
    4.5853024079124305, 
    11.76222614879242, 
    9.3454776822560195, 
    17.031462340466668, 
    26.818419126665848, 
    13.832698462539405, 
    1.5877649566725962, 
    22.35450202746183, 
    23.276063605728929, 
    17.996133521605511, 
    20.984249696829743, 
    23.982271875275099, 
    19.640109380527377, 
    21.46943813511405, 
    17.978576390323987, 
    23.063857944780292, 
    17.105865467433262, 
    37.656614401266268, 
    5.9596598888863932, 
    24.626941620342429, 
    27.752372941647806, 
    17.398329003452169, 
    21.761089810548292, 
    20.717593535417635, 
    3.4472731621740058, 
    15.538172107360344, 
    19.189881614912675, 
    15.527325056367618, 
    4.5270343152830419, 
    1.7021800578151418, 
    26.282900080007984, 
    19.276178175437082, 
    4.4837676060365022, 
    16.047024613217385, 
    1.2934496251031962, 
    18.340848274929218, 
    21.307642486884614, 
    19.762583157125714, 
    24.22904408335836, 
    11.524859946294981, 
    23.339664802157866, 
    13.231034553266696, 
    15.321418709067324, 
    11.483082410178792, 
    13.040013688598638, 
    19.21772716393539, 
    19.612664194142255, 
    16.320467357104821, 
    21.428338185632917, 
    23.042584732931598, 
    22.687811720725946, 
    18.920674571534203, 
    7.226780634291984, 
    19.122857915252013, 
    1.3333908560749568, 
    21.654020554097187, 
    17.759728828247543, 
    20.76133580297493, 
    2.3509648975863371, 
    3.0992748602667497, 
    21.763274643384335, 
    3.0856175514721995
  ], 
  "mae": 9.1447632878015366, 
  "pearsonr": [
    0.50617147151269082, 
    7.765742964887487e-08
  ], 
  "variance": 57.143151929366354, 
  "warp_psi": [
    [
      6.8767315293571176e-48, 
      0.42317843053470555, 
      4.5922252301431792
    ], 
    [
      2.1656557972934419e-36, 
      0.0018161852798287109, 
      -0.34292521077609156
    ], 
    [
      6.282155798065453e-38, 
      0.17283533992518174, 
      -0.72403719953323964
    ]
  ]
}