{
  "warp_d": 3.082259364938028, 
  "noise": 128.83563453680057, 
  "log_likelihood": -3708.2942041468827, 
  "nlpd": -3.9542695907644578, 
  "rmse": 11.774285890646201, 
  "weight_variance": [
    808.56936422645117
  ], 
  "bias_variance": 48349.99321088342, 
  "mae": 8.7236929229679223, 
  "pearsonr": [
    0.74642467309786431, 
    4.9594273709780321e-19
  ], 
  "variance": 15063.017678873166, 
  "warp_psi": [
    [
      5.5626846462681369e-309, 
      4233.6160317440945, 
      3.0085418576023106
    ], 
    [
      5.5626846462681369e-309, 
      4.2081894681764867e-76, 
      2014.9720196443773
    ], 
    [
      5.5626846462681369e-309, 
      5.5626846462681369e-309, 
      -1366.4749095568836
    ]
  ]
}