{
  "noise": 0.11991052054783163, 
  "log_likelihood": -988.2749897983012, 
  "nlpd": -666.80921442084548, 
  "rmse": 11.471224296446414, 
  "lengthscale": [
    2.1862369888515722
  ], 
  "mae": 7.4772065881043659, 
  "pearsonr": [
    0.84465026920649056, 
    2.4033513249536002e-28
  ], 
  "variance": 0.826603123250126
}