{
  "regularization": 10.0, 
  "rmse": 8.2286689451788178, 
  "intercept": -0.48636714282868182, 
  "mae": 5.4376074717430694, 
  "pearsonr": [
    0.42732909630503768, 
    9.2432334879471513e-06
  ], 
  "coefs": [
    -0.14175310787899889, 
    0.039341564222421584, 
    -0.10228298008883675, 
    -0.035855998312819978, 
    -0.014717169534339408, 
    0.19305467008334695, 
    -0.063293609433330858, 
    0.071373539933193106, 
    0.19088125768393752, 
    0.34823766216996699, 
    0.043555726750231408, 
    -0.021104290102977839, 
    -0.29319834637917613, 
    0.21718930549859494, 
    -0.14452999108232578, 
    0.15915141802599894, 
    0.016393841416307699, 
    0.055489776822831197, 
    -0.093497088646415982, 
    0.13769105215166358, 
    0.12083735308579457, 
    0.039805707752350046, 
    0.11142749638687012, 
    0.064193843790353311, 
    0.02017058685149627, 
    0.037935436490204928, 
    0.17938452625412499, 
    0.075306799139457731, 
    -0.031504006040233255, 
    0.33105661691510124, 
    0.4753575469744758, 
    -0.17159524699808171, 
    0.36313510670738963, 
    -0.20166024695178872, 
    0.081003290661604527, 
    -0.047649383596057825, 
    -0.13922993551182733, 
    -0.28002002693319478, 
    -0.11930778082927149, 
    -0.012988485805662068, 
    -0.095878911679826762, 
    0.043472694717765367, 
    -0.018826605848734287, 
    -0.1344880343973853, 
    -0.046641970529673407, 
    -0.10042633391917466, 
    0.076273764231877095, 
    0.084946352539999229, 
    -0.024648930785232285, 
    -0.33571856628947894, 
    -0.11594473332106667, 
    0.11647360856484901, 
    -0.34088302174213575, 
    0.27226868331731374, 
    -0.24513921374011918, 
    0.11100615956168242, 
    -0.086612287309324965, 
    -0.15988753803046504, 
    0.18286304955496521, 
    0.12626472362317592, 
    0.029984862638556854, 
    -0.16648084823104881, 
    -0.098680012254134364, 
    -0.21519342089770838, 
    -0.14666273333984289, 
    -0.10274543092632533, 
    0.43005479093343502, 
    0.10087078495410808, 
    -0.056287581305749131, 
    0.11464677708758869, 
    -0.035699237108012143, 
    -0.27720308417514439, 
    0.099973848359291004, 
    0.42379823262420629, 
    -0.080535847789597548, 
    0.069434636225475396, 
    -0.06914102793987309, 
    0.13599450819931339, 
    -0.15334111245984081, 
    0.083604927297939696, 
    0.049977707443282872, 
    0.205636524006028, 
    0.15752859210875131, 
    0.072702889560566919, 
    -0.24171940214105944, 
    -0.21366522613404013, 
    0.024273100538959279, 
    -0.14531334869685902, 
    0.13968246001950088, 
    -0.24743686940387399, 
    -0.051983580572030286, 
    -0.14016575924030264, 
    0.10129821441568923, 
    -0.01034186441744914, 
    0.68202427430134882, 
    -0.14568694626191206, 
    -0.48724977624988114, 
    0.12904586813717542, 
    0.090595788810718586, 
    -0.077819391394720189
  ]
}