{
  "lengthscale": [
    2.1769090651912659
  ], 
  "noise": [
    37.441101970709035, 
    22.280595521774416, 
    41.63504105705178, 
    36.65669168251676, 
    38.84871215306286, 
    59.788216691720734
  ], 
  "kappa": [
    6.116347863436784, 
    0.05178046977230548, 
    22.021117267131928, 
    25.65601915274061, 
    22.04830874501902, 
    16.265577692398853
  ], 
  "log_likelihood": -21306.51316968324, 
  "joy": {
    "mae": 11.784374862295515, 
    "nlpd": 4.1445140339510909, 
    "pearsonr": [
      0.70740109213573121, 
      1.9192132035073141e-16
    ], 
    "rmse": 14.53496666633723
  }, 
  "W": [
    [
      2.3778794149120239, 
      1.2334934136934621
    ], 
    [
      2.091659594030689, 
      2.2685988365788172
    ], 
    [
      2.4885194068541812, 
      -1.2473593210538183
    ], 
    [
      -4.8215668429003804, 
      2.0397556747198742
    ], 
    [
      4.3795577439458153, 
      -2.3577027375669437
    ], 
    [
      -1.1255388778432831, 
      0.40455733302769259
    ]
  ], 
  "sadness": {
    "mae": 11.446754628734244, 
    "nlpd": 4.1598044007210389, 
    "pearsonr": [
      0.76971765537696946, 
      8.2038108454004722e-21
    ], 
    "rmse": 14.960665014374275
  }, 
  "disgust": {
    "mae": 5.1788620180405847, 
    "nlpd": 3.4968216125288221, 
    "pearsonr": [
      0.60473172551860432, 
      2.6843835090371655e-11
    ], 
    "rmse": 7.877364503005464
  }, 
  "variance": 11.440662520627237, 
  "anger": {
    "mae": 6.6398247271146715, 
    "nlpd": 3.7220883333286023, 
    "pearsonr": [
      0.71943192838247749, 
      3.4041470541282285e-17
    ], 
    "rmse": 9.8992392900025692
  }, 
  "surprise": {
    "mae": 7.948999367154995, 
    "nlpd": 3.7587427538598575, 
    "pearsonr": [
      0.39675902668766488, 
      4.3743439171922195e-05
    ], 
    "rmse": 9.9735834299396693
  }, 
  "fear": {
    "mae": 9.3687085046610576, 
    "nlpd": 4.0768083871187049, 
    "pearsonr": [
      0.76923749348227788, 
      8.9707512009158827e-21
    ], 
    "rmse": 13.923355037495355
  }
}