{
  "noise": 0.24160866760241145, 
  "log_likelihood": -1113.9812069742406, 
  "nlpd": -473.73982503569334, 
  "rmse": 13.745438879309516, 
  "lengthscale": [
    1.1967289123610954, 
    3.6598904301095323, 
    1.0298019988939153, 
    8.9023304138478316, 
    0.61138464527905245, 
    13.549143992177687, 
    8.8126856578635522, 
    1.5801413015812347, 
    9.9190399529232867, 
    6.1391376898462786, 
    14.974359307154051, 
    0.40818509744015224, 
    7.5218613863379584, 
    10.367131281849652, 
    8.2154350268547738, 
    11.25782086332477, 
    9.8880170337782936, 
    8.4897891584637151, 
    12.660086597256955, 
    12.1818644416523, 
    6.6072151733542226, 
    9.0913915940341656, 
    10.541329366168423, 
    9.6393535450707066, 
    7.7102396534371032, 
    15.98330421158574, 
    0.77509755553203641, 
    9.7986021297186046, 
    10.138278451039904, 
    4.9427987216139062, 
    5.3219620520828483, 
    4.8528956595653279, 
    9.5268204735728528, 
    1.4831876860613264, 
    8.6421191691139896, 
    10.137431253626147, 
    7.7246441635400167, 
    7.4221403556441201, 
    1.2365528260035563, 
    0.66597930179379472, 
    6.7600010832273707, 
    8.9249943101280582, 
    15.172139942787233, 
    7.7335767123592722, 
    0.59438859549628653, 
    12.542248578656084, 
    15.726457403532493, 
    10.033696320671643, 
    8.8694153679985934, 
    17.061300883805618, 
    9.2718088754536616, 
    13.250293132448226, 
    11.268886212972417, 
    11.204749460139409, 
    9.3221095840881318, 
    26.39033509525742, 
    9.0280957085567017, 
    12.505542165719504, 
    1.2206486222085997, 
    6.0450994213791214, 
    15.486170678101994, 
    4.4066316027485133, 
    0.8790061581373132, 
    2.3102176343183176, 
    6.569175846416325, 
    10.138997083744211, 
    4.163913111527358, 
    0.53102035628769195, 
    12.35113904690593, 
    9.19865693856174, 
    1.0127519051100231, 
    0.59045047431835307, 
    0.41718692511565575, 
    3.7421998152542471, 
    1.0683799739538922, 
    15.576948924819437, 
    6.4979448676238505, 
    1.1521719892951094, 
    10.485859587109706, 
    7.6887385882753758, 
    2.5584351499725173, 
    1.4991648296935429, 
    7.5161877260345289, 
    9.8397638250754973, 
    5.6507022517496805, 
    7.6955981061798928, 
    11.666916187843391, 
    15.255653699226635, 
    14.217327646113199, 
    0.82556370060748785, 
    1.5088613128142896, 
    0.65547189379568216, 
    0.57905502826448574, 
    7.5120461375712679, 
    2.2213894232765794, 
    6.4799218094786601, 
    0.83158630650704191, 
    1.2799267911412051, 
    11.947568801166032, 
    4.8645793259393928
  ], 
  "mae": 10.735081900923497, 
  "pearsonr": [
    0.40232368991568951, 
    3.3333062851454531e-05
  ], 
  "variance": 0.7839736427462897
}