{
  "noise": 0.0720487596403159, 
  "log_likelihood": -961.223813855783, 
  "nlpd": -1072.8963440704781, 
  "rmse": 15.001591020362344, 
  "lengthscale": [
    2.0900181154491659
  ], 
  "mae": 11.263232399007528, 
  "pearsonr": [
    0.74138025297618071, 
    1.1373597876765007e-18
  ], 
  "variance": 0.8299427337264785
}