{
  "noise": 0.14944872950574695, 
  "log_likelihood": -974.2866187560462, 
  "nlpd": -877.96340011131031, 
  "rmse": 14.76925260417566, 
  "lengthscale": [
    1.9963483382739977
  ], 
  "mae": 11.108100099013605, 
  "pearsonr": [
    0.7551058754579919, 
    1.1344838537249239e-19
  ], 
  "variance": 0.7085424056736068
}