{
  "regularization": 10.0, 
  "rmse": 12.499475896943727, 
  "intercept": -0.43398734634684744, 
  "mae": 8.6084791889455783, 
  "pearsonr": [
    0.56540161738686012, 
    8.851926279959111e-10
  ], 
  "coefs": [
    0.00057518370552298807, 
    0.016489843385222483, 
    -0.25319877865354673, 
    -0.058349304120016217, 
    -0.25948316273719307, 
    0.13897823178408525, 
    -0.32215798293973202, 
    -0.13176913741870158, 
    0.050644474339162193, 
    0.36237282194331577, 
    -0.009294961248544592, 
    0.047627426969692951, 
    0.043512506382645928, 
    -0.11155504988260868, 
    -0.33764639921338707, 
    0.20706000523195359, 
    -0.14744228001362616, 
    -0.0025693509579392676, 
    -0.54712801307986758, 
    0.068209250237926039, 
    0.30017926788211657, 
    -0.13578384269583788, 
    0.20527857249352333, 
    0.08791116004901553, 
    0.31018917669623491, 
    0.059970339934741171, 
    0.13503306592398845, 
    -0.068264764777578479, 
    0.17749687295568312, 
    0.29982285022291072, 
    0.28772762716370259, 
    0.15763954450445339, 
    0.25723541482822498, 
    -0.13619481097432584, 
    -0.080795696461328503, 
    -0.031602080281429336, 
    0.055156393602661356, 
    -0.17495269012159642, 
    0.26391862173391439, 
    0.0067767445043966923, 
    -0.21200310340310496, 
    -0.10893774436754679, 
    -0.19987735431746495, 
    0.060424040285187469, 
    0.057151453214652884, 
    -0.1129529507647653, 
    0.012249806335843896, 
    -0.11934855370203978, 
    -0.11883162841446819, 
    0.15066880696147977, 
    0.12027805406253275, 
    0.17513602894622141, 
    -0.17501927792968153, 
    0.2770107411799696, 
    0.058737044093758482, 
    0.17464589626484905, 
    0.11833243007670324, 
    -0.050419503511800516, 
    -0.037985026709380601, 
    -0.085803390148069092, 
    0.11109440147369277, 
    -0.20708259483907809, 
    -0.042482757966198041, 
    -0.13367796901570794, 
    0.0076203402066575068, 
    0.13323516750083136, 
    0.25461292110344236, 
    -0.0136876019808674, 
    -0.045783127278584981, 
    0.22347146303980739, 
    0.12526351951732689, 
    0.047402327546285532, 
    -0.13365208429617034, 
    0.18378987125975482, 
    -0.16691780696147171, 
    -0.054572410290978125, 
    0.10901628311204165, 
    0.11664509154324482, 
    -0.3363617907743589, 
    0.35363461165736748, 
    0.21263127246880506, 
    -0.21769940859732834, 
    -0.20695782546171387, 
    0.14116209275491381, 
    -0.097966515669396931, 
    -0.19269377461747952, 
    0.019593779567849665, 
    0.094127621540269601, 
    0.20685404850224701, 
    -0.33988718381605715, 
    -0.19507531726203572, 
    -0.17122835750890689, 
    -0.26140260100655777, 
    -0.098193909697086912, 
    0.32907694961981721, 
    -0.077993839761719225, 
    0.025345646784744585, 
    0.40851791437717672, 
    0.22785679250732963, 
    -0.11940566772468394
  ]
}