{
  "noise": 0.44561878150376294, 
  "log_likelihood": -1168.99481156204, 
  "nlpd": -386.93362014323043, 
  "rmse": 11.896851461833743, 
  "lengthscale": [
    1.5548661563249018
  ], 
  "mae": 9.087921790652203, 
  "pearsonr": [
    0.5322593125266718, 
    1.202960505239216e-08
  ], 
  "variance": 0.5069479015100359
}