{
  "noise": 0.04954645730144054, 
  "log_likelihood": -1062.3884424862586, 
  "nlpd": -140.80621086263841, 
  "rmse": 9.2900426907278124, 
  "lengthscale": [
    1.5134344611631827
  ], 
  "mae": 6.8047142453879941, 
  "pearsonr": [
    0.62350226125571973, 
    4.2495732996576433e-12
  ], 
  "variance": 0.8128330763346978
}