{
  "warp_d": 0.03622798358712576, 
  "noise": 0.39283166516068696, 
  "log_likelihood": 1004.7207186831108, 
  "nlpd": 1.3274495179456696, 
  "rmse": 83.502403140152367, 
  "lengthscale": [
    145.06398079216254, 
    156.81050181811938, 
    141.41950841656217, 
    133.92486388888196, 
    145.47754625272623, 
    195.36490284371499, 
    140.84707758536075, 
    118.00443092110103, 
    151.40406863631929, 
    146.09928913884531, 
    136.27506646693899, 
    122.79717637197814, 
    159.85180087010741, 
    122.32259045301862, 
    84.038458923883994, 
    113.65258463328259, 
    113.92130038695409, 
    128.08050595781054, 
    136.13372988941751, 
    136.36754214490847, 
    131.09653256192564, 
    107.48797778950075, 
    133.96852019248803, 
    124.78509721380024, 
    157.64737020782474, 
    135.20573097587487, 
    128.62640883777476, 
    137.92460294299011, 
    135.74205579520003, 
    87.263208069851942, 
    109.74830846031755, 
    152.31616914141972, 
    113.78837955261278, 
    123.86540372274625, 
    145.27074775496456, 
    134.72086618302492, 
    135.50481259765084, 
    134.89840143253204, 
    156.82374927683827, 
    103.50332053404914, 
    114.73517093824768, 
    135.67940635211923, 
    151.91364780143778, 
    136.07948254044948, 
    145.94091541266937, 
    111.59588316542768, 
    145.98479412995715, 
    131.03170804944813, 
    134.5767927079329, 
    123.13322892943171, 
    117.52866742237218, 
    118.68228451113201, 
    113.67846168679841, 
    161.21152283900338, 
    134.58725999342263, 
    210.19707477111751, 
    170.77977742647147, 
    149.47233392094901, 
    214.84241518614292, 
    97.609702119562201, 
    70.411073161388856, 
    172.03953474955799, 
    148.64140392524388, 
    149.60416100476363, 
    107.44240601452745, 
    113.85078555491901, 
    145.48768258903945, 
    134.96806795257069, 
    161.43623228012899, 
    169.04391455916485, 
    113.89408413046554, 
    113.50249612837082, 
    110.66059355799538, 
    136.43157202502536, 
    114.15559396565172, 
    123.26927944209729, 
    135.78176532718697, 
    103.09460141432166, 
    130.31535249060363, 
    101.04373689652078, 
    117.86403506957036, 
    118.73845792998485, 
    159.83290119887661, 
    120.96029025646561, 
    179.02571730798832, 
    101.19302968545205, 
    151.38135668703163, 
    148.54006731755717, 
    109.25509961703453, 
    132.88036746302191, 
    144.17961148767046, 
    94.172696797462947, 
    110.0030866488331, 
    151.59442166303168, 
    179.51160250962144, 
    112.6713149864807, 
    139.9849602577458, 
    104.51373840271185, 
    114.75018959089105, 
    110.50833450046434
  ], 
  "mae": 65.214814186571488, 
  "pearsonr": [
    -0.40372761594600204, 
    3.1100100672951187e-05
  ], 
  "variance": 720.4729363943165, 
  "warp_psi": [
    [
      4.8346857918199262e-180, 
      0.2203674880217508, 
      0.80505406315341344
    ], 
    [
      67.835521717159239, 
      1622.2045002234559, 
      0.0015315648183878612
    ], 
    [
      6.5379570098028513e-85, 
      1295.9116880416009, 
      23.899933413028869
    ]
  ]
}