{
  "noise": 0.30229811103620047, 
  "log_likelihood": -1083.224565732956, 
  "nlpd": -143.33259773416685, 
  "rmse": 8.6477467983857021, 
  "weight_variance": [
    53242.412755404475
  ], 
  "bias_variance": 10211.688225216736, 
  "mae": 6.4520973095202274, 
  "pearsonr": [
    0.64341443018004274, 
    5.2289229437975134e-13
  ], 
  "variance": 1.051011160808925
}