{
  "noise": 38.11986708958026, 
  "log_likelihood": -3239.2486334710593, 
  "nlpd": -3.5292458849069703, 
  "rmse": 8.0450495545851197, 
  "lengthscale": [
    1.5699017761620513
  ], 
  "mae": 4.9781854366828755, 
  "pearsonr": [
    0.73184775290777782, 
    5.1853231675100349e-18
  ], 
  "variance": 62.643934308617816
}