{
  "warp_d": 0.1494748327358017, 
  "noise": 3.27433979053919, 
  "log_likelihood": -3583.7380381299454, 
  "nlpd": -3.9129467547232979, 
  "rmse": 12.124548038319434, 
  "lengthscale": [
    9.0924400243168275
  ], 
  "mae": 9.3247521238760935, 
  "pearsonr": [
    0.44630654655027641, 
    3.2548991670339825e-06
  ], 
  "variance": 16.429415284134915, 
  "warp_psi": [
    [
      3.7985640834074781e-07, 
      3.7694614550283152, 
      -0.16424052828607646
    ], 
    [
      5.9808844022442258e-07, 
      0.1009911530509927, 
      -0.46411031468676739
    ], 
    [
      5.4790302124822593e-08, 
      0.60688705217192296, 
      -0.48387575554475837
    ]
  ]
}