{
  "warp_d": 0.5628504806629835, 
  "noise": 16.10077140308886, 
  "log_likelihood": -3642.1530509712247, 
  "nlpd": -4.0423914533456182, 
  "rmse": 13.591976345486065, 
  "weight_variance": [
    18.711494522995221, 
    13.546654049729863, 
    27.766145309765882, 
    10.218196101001803, 
    6.5884404803847481e-08, 
    62.916266163292718, 
    1.8749717998240906e-05, 
    2.4436817318231668e-08, 
    2.6669469441709943e-10, 
    83.459905888573985, 
    2.4521064981288439e-08, 
    2.5323776505452513e-06, 
    3.1872990789057459e-12, 
    0.65154845438249043, 
    2.5748998171091306e-13, 
    4.2855240161833374e-15, 
    29.301868765353436, 
    6.6890754182844335e-14, 
    0.27358273163746627, 
    2.6551677134393111e-07, 
    30.076459639175098, 
    3.0073313560561598e-05, 
    4.0417097134519556e-12, 
    2.9239134243387523, 
    1.3989726520431655e-10, 
    8.9078831731150157, 
    2.440903310794452e-15, 
    13.620173785862013, 
    8.4971155656800488e-06, 
    53.239524666546146, 
    26.7291658885148, 
    10.217280431797167, 
    4.3123183960377238, 
    1.4693545935823808e-09, 
    0.35898909829753728, 
    34.272459213762694, 
    3.3029088525374082e-13, 
    28.421483167614848, 
    11.780866024262052, 
    4.1621642121503937e-07, 
    41.677844371863095, 
    6.5357889003189634e-10, 
    10.735427321598054, 
    6.0320773208083854e-11, 
    42.950948155646643, 
    1.4072272845682376e-10, 
    53.340730996296529, 
    2.7764816849985863e-13, 
    1.6913675464912138e-09, 
    7.713315207805135e-12, 
    7.4346430329064495, 
    2.4403932200348114e-08, 
    1.0187814322827138e-12, 
    3.7051888921774982e-10, 
    42.276035449222121, 
    1.7317886638498165e-12, 
    26.885035383813715, 
    1.5398859220325104e-11, 
    2.5340581182874677e-14, 
    1.2706904001989409e-12, 
    1.540310110004129e-09, 
    4.9152587338777787, 
    6.7472670974624027e-08, 
    2.5152032130378509e-13, 
    5.3804821247890299e-14, 
    47.821253030219275, 
    18.385122635339123, 
    4.8098461012788817e-08, 
    0.17982092650216341, 
    22.495797713476712, 
    4.0829839538092246e-11, 
    66.89373555861944, 
    6.4188949476739503e-12, 
    3.35020668321717e-08, 
    4.1350406925042815, 
    9.8111726541645385, 
    7.2434235020056574, 
    9.3153184907789853e-11, 
    2.6991189585145934, 
    25.647916829368544, 
    37.543752842708969, 
    33.632567257778639, 
    26.479670472110172, 
    1.8217575193823148e-07, 
    1.4625649763435494e-08, 
    1.0021037183389734e-11, 
    2.1489569126501728e-05, 
    1.2640285719898287e-15, 
    1.4710860323859945e-07, 
    3.4868640030691374e-16, 
    37.488636697230753, 
    26.978282481219932, 
    0.0021163629654999635, 
    1.7914096190243367e-08, 
    32.171939976385673, 
    3.0059345722119512e-11, 
    1.8325452809014037e-10, 
    1.2997518606838452, 
    2.3829818919970283e-08, 
    15.514248394471604
  ], 
  "bias_variance": 226.082806866939, 
  "mae": 9.3355124040842163, 
  "pearsonr": [
    0.72425595031844292, 
    1.6586717324530909e-17
  ], 
  "variance": 311.2888869386627, 
  "warp_psi": [
    [
      9.4370022001421265e-100, 
      16.63859720673474, 
      -54.043541808874551
    ], 
    [
      3.2491683258142685e-178, 
      0.00014971037836244882, 
      -6.1430975218927024
    ], 
    [
      3.7267792111736099e-153, 
      0.00062366015183072904, 
      19.537178991965497
    ]
  ]
}