{
  "noise": 20.49336524613553, 
  "log_likelihood": -3833.8294675714037, 
  "nlpd": -4.1337403123390706, 
  "rmse": 15.24784173546699, 
  "weight_variance": [
    66.636283439000621, 
    4.7845954488460661e-10, 
    3.1750451849909638e-07, 
    21.292224813454265, 
    55.990707447221865, 
    174.27347502043901, 
    148.53675779232819, 
    13.875772828830915, 
    2.7414246435397769, 
    109.12310949806785, 
    5.1251177906960494e-09, 
    11.586777713452076, 
    6.0750086958382402e-09, 
    1.7391537612769716e-09, 
    5.3203692035714163e-10, 
    1.5548752853148406e-16, 
    43.184590276222657, 
    3.9166536168984887e-13, 
    1.3233645113174794e-09, 
    4.8594674116041843e-09, 
    7.3820835850374257e-29, 
    122.615243183286, 
    9.8093908410606674e-09, 
    3.6604965005943193e-10, 
    1.1447553364932379e-09, 
    1.0268883689099858e-09, 
    2.2170815785052895e-28, 
    8.209577420206967e-07, 
    6.0801924590645546, 
    33.451084326346319, 
    33.59232805355645, 
    1.3970734234262623e-09, 
    1.7718735770167536e-08, 
    235.75749071090561, 
    6.926349320308648e-14, 
    1.485067425814804e-05, 
    4.5643886671903094e-08, 
    3.0496709638115788e-09, 
    5.1554606140413046, 
    1.0256732718341548e-07, 
    167.47109906061544, 
    1.1044876184841821e-10, 
    19.157405584918301, 
    3.4268060599766502e-11, 
    1.2425758019014281e-32, 
    4.2983482558787867e-09, 
    4.0127390816215927e-20, 
    1.4122761428102241e-09, 
    2.489503897414064e-27, 
    1.594267831705413e-10, 
    105.39593781441893, 
    137.1648415529809, 
    1.7519895305874296e-53, 
    1.267511400833139e-10, 
    1.195811795123948e-08, 
    5.7423717901858879e-13, 
    168.40395763399576, 
    14.209964966320749, 
    6.9813856180521884e-12, 
    192.99824713171427, 
    1.1873992048460376e-08, 
    11.136543271628796, 
    3.2161098453176549e-11, 
    1.273069829632371e-14, 
    2.2041370630336418e-09, 
    3.5771762849510137e-09, 
    1.7528427416092338e-43, 
    8.6875514714700501e-09, 
    24.316799322105496, 
    223.52494115376868, 
    118.01204149482577, 
    7.4281747854096887, 
    2.8514250071658239e-14, 
    1.4761891267528419e-10, 
    8.8343735644588503e-06, 
    4.2180560723440606e-09, 
    664.73461477025364, 
    4.6402520107761523e-09, 
    7.0351562216377443, 
    215.05438494524677, 
    245.50492683648673, 
    14.073098670255732, 
    6.8462024425181696, 
    8.1178815272195028e-10, 
    2.3246361022156201e-11, 
    1.5808355089857851e-09, 
    38.403547916100997, 
    2.418084609966531, 
    168.72535723839326, 
    7.2101019983058642e-10, 
    13.046646244144043, 
    2.0776425240204947e-14, 
    3.8906033261185256e-09, 
    1.0906014844760423e-09, 
    116.12468221349852, 
    1.3400701511340088e-25, 
    3.802332146683272e-09, 
    1.0430235021271342e-08, 
    2.1030901505005349e-09, 
    3.890835691614591e-09
  ], 
  "bias_variance": 58.96488073920879, 
  "mae": 11.644904559857945, 
  "pearsonr": [
    0.67312179090911028, 
    1.697432015943771e-14
  ], 
  "variance": 1234.6551134336894
}