{
  "lengthscale": [
    0.51708903676722417
  ], 
  "noise": [
    13.53460563860618, 
    16.01798297408018, 
    15.323785628006194, 
    31.648286581293554, 
    16.374295993307445, 
    49.74290862996323
  ], 
  "kappa": [
    32.67807985084898, 
    19.416479532095813, 
    62.97319595488461, 
    0.05825132695932685, 
    0.005819865743012578, 
    33.33163354612185
  ], 
  "log_likelihood": -21356.826721601756, 
  "power": [
    0.022628847857460003
  ], 
  "joy": {
    "mae": 14.815899384533116, 
    "nlpd": 4.3926188164163893, 
    "pearsonr": [
      0.56964878942670572, 
      6.2035664902940352e-10
    ], 
    "rmse": 18.838043172433014
  }, 
  "W": [
    [
      -0.526328660688549, 
      -1.8064429235567143
    ], 
    [
      -0.29324271064269841, 
      -1.0916839989212708
    ], 
    [
      -1.2174690093102476, 
      -2.8849259186202807
    ], 
    [
      0.3045431538727047, 
      9.8807228174976824
    ], 
    [
      -8.6397894937739821, 
      -4.7114591582018592
    ], 
    [
      0.841172967133063, 
      0.81652318198629792
    ]
  ], 
  "sadness": {
    "mae": 12.609416909514518, 
    "nlpd": 4.3109762692681723, 
    "pearsonr": [
      0.59863477917832086, 
      4.7616358863907642e-11
    ], 
    "rmse": 17.25243079558814
  }, 
  "disgust": {
    "mae": 5.2548952881314452, 
    "nlpd": 3.5379692368601812, 
    "pearsonr": [
      0.72023850022106117, 
      3.0217263045933545e-17
    ], 
    "rmse": 8.2512365383126642
  }, 
  "variance": 58.09007261287265, 
  "anger": {
    "mae": 6.6401244501535448, 
    "nlpd": 3.6600907081284473, 
    "pearsonr": [
      0.63404891209918712, 
      1.4274886533436557e-12
    ], 
    "rmse": 9.1522240898191569
  }, 
  "surprise": {
    "mae": 9.5799409176217587, 
    "nlpd": 3.9204913906028347, 
    "pearsonr": [
      0.40901441198157035, 
      2.3886027433773638e-05
    ], 
    "rmse": 12.139634128238708
  }, 
  "fear": {
    "mae": 8.7015472131640212, 
    "nlpd": 3.9389307918064644, 
    "pearsonr": [
      0.74355615916530671, 
      7.9697078041247733e-19
    ], 
    "rmse": 11.830352834538127
  }
}