{
  "regularization": 100.0, 
  "rmse": 7.7745258649693545, 
  "epsilon": 1.0, 
  "mae": 5.2960231436804142, 
  "pearsonr": [
    0.53004623926893102, 
    1.4178726143545275e-08
  ], 
  "gamma": 0.10000000000000001
}