{
  "lengthscale": [
    2.0308766934265199
  ], 
  "noise": [
    74.60064717305637, 
    46.13943463721904, 
    71.84951769616815, 
    62.135044910159905, 
    84.44423489477, 
    97.4876891716113
  ], 
  "kappa": [
    4.2207829758665394e-15, 
    4.2469026203369795, 
    28.2031535184905, 
    51.1628290962871, 
    48.170349411912845, 
    19.88071799503247
  ], 
  "log_likelihood": -21496.34831059993, 
  "joy": {
    "mae": 11.901671526361367, 
    "nlpd": 4.1545181296393068, 
    "pearsonr": [
      0.69828594022475854, 
      6.7211795201363919e-16
    ], 
    "rmse": 14.753550123449404
  }, 
  "W": [
    -3.7412473507712973, 
    -2.1933975107743215, 
    -3.6808525407902786, 
    6.625414481559781, 
    -5.3711196826447205, 
    1.4179681676661509
  ], 
  "sadness": {
    "mae": 11.366598383593418, 
    "nlpd": 4.1549868115721109, 
    "pearsonr": [
      0.7722695693632432, 
      5.0833481727526084e-21
    ], 
    "rmse": 14.983981575291233
  }, 
  "disgust": {
    "mae": 5.3475936170850424, 
    "nlpd": 3.5385581513704238, 
    "pearsonr": [
      0.54458257822106537, 
      4.7120601030481097e-09
    ], 
    "rmse": 8.2819727432828749
  }, 
  "variance": 8.331051328919592, 
  "anger": {
    "mae": 7.2133103043831319, 
    "nlpd": 3.7792186604420799, 
    "pearsonr": [
      0.67054226704869557, 
      2.3218214483410423e-14
    ], 
    "rmse": 10.53594453949815
  }, 
  "surprise": {
    "mae": 7.9289685822060765, 
    "nlpd": 3.7691027665491594, 
    "pearsonr": [
      0.40084053991080781, 
      3.5854321844256567e-05
    ], 
    "rmse": 9.9778371148966123
  }, 
  "fear": {
    "mae": 9.8247837254450197, 
    "nlpd": 4.1021361930385227, 
    "pearsonr": [
      0.7592878394174869, 
      5.4524232245580131e-20
    ], 
    "rmse": 14.196437161454362
  }
}