{
  "noise": 0.04818241513491783, 
  "log_likelihood": -1056.1902239737879, 
  "nlpd": -773.6736366251954, 
  "rmse": 17.691367242469742, 
  "lengthscale": [
    0.84848908604084428, 
    0.82588850742489806, 
    16.483042326322501, 
    8.0648783253640861, 
    2.1669225384001143, 
    2.6665555775408865, 
    1.208919117199424, 
    22.772931912487273, 
    2.9790339592955042, 
    1.5752304331840123, 
    24.950462422671396, 
    2.0127856247856122, 
    29.445033860661557, 
    28.442990471077788, 
    0.58225383052415702, 
    14.587367420067007, 
    2.6667923505515425, 
    1.6942306101481641, 
    33.937550922429615, 
    28.815553965014132, 
    20.507269761232227, 
    1.1294839978392894, 
    0.86571936836041652, 
    28.177621960259788, 
    21.207475790942372, 
    19.653790256020002, 
    15.057812988888074, 
    15.241332813390118, 
    1.4258840838320468, 
    1.398163297766905, 
    2.0999312992644201, 
    26.344277384582632, 
    19.648855586870404, 
    2.8155266509793067, 
    1.3550955333687453, 
    5.5291102935794392, 
    12.99354580296175, 
    29.263546837623355, 
    3.1695891330385964, 
    13.865054325990071, 
    2.6431499973075478, 
    1.322488214923389, 
    2.5466451325910846, 
    20.059482452577001, 
    18.92805267394208, 
    30.730864617904565, 
    23.610630409659322, 
    28.261103821532828, 
    10.868953837689928, 
    27.402279294671221, 
    0.83587739222890267, 
    2.4656484044036269, 
    26.751163810497847, 
    32.86665004422008, 
    27.558869094214167, 
    28.761409798286866, 
    2.6352749879814641, 
    21.135257719065713, 
    31.055602233435561, 
    1.2282476442552206, 
    23.413888413797583, 
    2.3070180619865384, 
    26.38295573359283, 
    28.852740624531737, 
    31.410882172539445, 
    22.524490113344783, 
    27.096954041508155, 
    1.133213525812925, 
    2.4174221937625897, 
    10.836902094645719, 
    1.2824614499333122, 
    1.0067475062557847, 
    3.4324140138973536, 
    26.139791512512343, 
    30.221029916316439, 
    26.960935615639329, 
    2.5881916980802258, 
    28.323675343451008, 
    9.7601057561941804, 
    0.90546552693631632, 
    1.485383720438691, 
    3.4039761496372702, 
    29.654699501075203, 
    23.412866486796716, 
    29.699460320733497, 
    23.441065781899606, 
    2.0809410360862706, 
    20.610626460810558, 
    1.093723555759182, 
    25.977279055903843, 
    1.1884577177716382, 
    0.7377673738356969, 
    26.785046763870699, 
    28.531890780961977, 
    1.6805543927754862, 
    3.1507138292521049, 
    1.3903510067508273, 
    33.11206512108852, 
    28.271340589728904, 
    12.278191469412787
  ], 
  "mae": 13.787625130441272, 
  "pearsonr": [
    0.45408629648182086, 
    2.0830413832877368e-06
  ], 
  "variance": 1.3738599797566622
}