{
  "regularization": 100.0, 
  "rmse": 15.906495560017802, 
  "epsilon": 0.001, 
  "mae": 10.873826604085462, 
  "pearsonr": [
    0.7661093255093917, 
    2.2660883423037727e-25
  ], 
  "gamma": 0.10000000000000001
}