{
  "regularization": 100.0, 
  "rmse": 11.861715122054738, 
  "epsilon": 1.0, 
  "mae": 8.4445613183753352, 
  "pearsonr": [
    0.73791017334589248, 
    1.9909076404507825e-18
  ], 
  "gamma": 0.10000000000000001
}