{
  "noise": 0.2736967726949595, 
  "log_likelihood": -1121.986709622148, 
  "nlpd": -247.64316375102334, 
  "rmse": 9.7210069805386325, 
  "lengthscale": [
    1.0588981312120254, 
    8.6053616460758935, 
    0.8986422849118445, 
    2.5320580496047116, 
    0.70819708185162977, 
    22.686466812709146, 
    13.686951823885604, 
    0.94916182435580043, 
    12.35304764397695, 
    7.4062340865944796, 
    23.286165591992432, 
    0.54275060669601793, 
    7.80895506197405, 
    20.337692199064708, 
    1.5823532956089561, 
    15.001733730393703, 
    14.624986300317104, 
    4.3601026334584523, 
    16.035521536583207, 
    19.97567106348459, 
    11.392671097125767, 
    16.781875066243295, 
    8.3733702264003149, 
    15.47808873463385, 
    17.825261589131774, 
    21.835511249686597, 
    6.4301775836815152, 
    15.882954539166477, 
    16.220988536308646, 
    1.2923976103993953, 
    0.58212618817115147, 
    1.2805792684282058, 
    13.440170848800239, 
    1.3656830428941242, 
    14.508870733767726, 
    17.222349449074525, 
    4.9267649112500989, 
    13.783987250650114, 
    1.1870932494642361, 
    4.7306086280946067, 
    1.236756308902685, 
    11.482196682180671, 
    24.267988045871302, 
    12.695683621362138, 
    0.42962778299548471, 
    18.912903897484284, 
    20.897821291241524, 
    14.412334234038418, 
    14.710494404790843, 
    25.446029810544712, 
    13.607118637226771, 
    20.581778823434433, 
    17.815777520501655, 
    10.51217305638222, 
    13.152630046648337, 
    44.18535662242202, 
    1.7305196565012957, 
    23.627726817123712, 
    21.838129642030687, 
    7.1571756096560089, 
    24.900561759792037, 
    1.557718648750918, 
    5.7108819460610105, 
    0.84465729975361037, 
    6.3814705149646622, 
    14.385249742067558, 
    1.9769718627236299, 
    0.70343457584961222, 
    14.862200934388166, 
    9.5272436804398737, 
    1.2432159551623383, 
    0.59712335896123914, 
    0.44457970925284046, 
    2.0124141921039618, 
    9.016714260277908, 
    20.774746822902138, 
    7.639845699599511, 
    6.745788334568827, 
    20.034196497613653, 
    12.899436713715431, 
    8.3605266051534119, 
    1.361928856062546, 
    8.3300529504994429, 
    16.798906265141284, 
    14.174757556610732, 
    6.982060081866738, 
    16.520570947093525, 
    20.860913852588958, 
    19.809293691714895, 
    6.1398876694904274, 
    1.0741806819019319, 
    0.5346111664173171, 
    0.61962291572593187, 
    13.476432086470828, 
    8.4828171489535844, 
    12.129876472710253, 
    0.90581274883077245, 
    1.0497996455368712, 
    17.80234626427848, 
    12.753094377683437
  ], 
  "mae": 8.0622643539820764, 
  "pearsonr": [
    0.40072788081012606, 
    3.6052943821439426e-05
  ], 
  "variance": 0.6934486425023264
}