{
  "warp_d": 0.19619699605668325, 
  "noise": 2.366803918784652, 
  "log_likelihood": -3280.0717623785335, 
  "nlpd": -3.505185254591114, 
  "rmse": 7.8555927977491535, 
  "lengthscale": [
    8.8231346910458086
  ], 
  "mae": 5.1185187705775705, 
  "pearsonr": [
    0.50096260120629676, 
    1.1064447368906702e-07
  ], 
  "variance": 15.494113528525745, 
  "warp_psi": [
    [
      1.3203065869075704e-07, 
      0.64921857258296534, 
      0.63249555583513883
    ], 
    [
      1.0531286243089785e-07, 
      1.4491972324861864, 
      0.17038092846514383
    ], 
    [
      1.4009809008137792e-07, 
      6.4444976378491612, 
      -0.11181678972565795
    ]
  ]
}