{
  "noise": 0.03893747592876351, 
  "log_likelihood": -1071.3079175108196, 
  "nlpd": -835.94090016510552, 
  "rmse": 16.746095854758714, 
  "lengthscale": [
    0.75028649528836411, 
    0.57991429648580439, 
    0.89700799326105796, 
    4.8189529939348112, 
    1.9784086633691389, 
    1.7754261706955563, 
    1.150423578799648, 
    6.4840990082885614, 
    14.259740032556721, 
    1.0223494049527688, 
    22.652555878354718, 
    0.79837542671039974, 
    28.703991976531551, 
    15.068318990730699, 
    15.01022405274353, 
    18.17501523216426, 
    1.4543996524053002, 
    0.65057972139911402, 
    37.277440420452081, 
    31.064087373036408, 
    0.77788459708319679, 
    1.6699770632324755, 
    17.329511681264545, 
    1.3298274607409213, 
    0.65480814202912685, 
    1.3548706134987507, 
    0.96289030864391245, 
    1.0054699336112551, 
    1.3426347283134497, 
    0.73513911232436169, 
    1.1314923620364508, 
    27.245113552778495, 
    0.9164700651455856, 
    16.539780454384658, 
    0.90823025331223606, 
    22.69470781612511, 
    21.21180659402108, 
    29.208394168078677, 
    22.232679450346691, 
    0.7718859872297873, 
    20.092046089575813, 
    0.80057045279216832, 
    2.2608530636270112, 
    13.857370532088671, 
    2.0050516701396242, 
    32.877211922944504, 
    2.9412683486567199, 
    33.430377256488484, 
    0.79139794295625066, 
    23.990383272034954, 
    1.4950788455355615, 
    1.8744663780990094, 
    24.7179092253064, 
    34.505617211469691, 
    17.560948110797277, 
    35.267655200793307, 
    2.9850532487010248, 
    13.035342331516283, 
    38.255850129137905, 
    1.1011811545535179, 
    34.359332229988169, 
    1.0185179645038325, 
    21.365191891173104, 
    33.229932546697924, 
    33.90392465629246, 
    0.49927997539225277, 
    14.688896870705451, 
    0.63660863635891507, 
    2.1381891392822689, 
    0.92046519832182139, 
    1.8713646997821449, 
    16.681687684363027, 
    30.659521650624736, 
    31.670996520761463, 
    31.902653400173023, 
    24.931787479033588, 
    9.9506153641950821, 
    15.405229163394038, 
    28.765812675579753, 
    1.578781733183205, 
    1.1434476923941959, 
    1.9371166675330649, 
    28.341105789746152, 
    0.67788023642970763, 
    1.2533527642197648, 
    32.707042865176803, 
    2.4976754670798447, 
    14.885798701060887, 
    7.7407078478150693, 
    28.043330401112055, 
    20.044087011425759, 
    0.80555348030901852, 
    23.62571063350385, 
    34.167716735658317, 
    1.0448964780027481, 
    13.663721529686248, 
    0.72607367123944277, 
    29.256112752410594, 
    18.420589391041986, 
    1.4922898216742113
  ], 
  "mae": 13.111328101720837, 
  "pearsonr": [
    0.5997248575048949, 
    4.3016764541559655e-11
  ], 
  "variance": 1.099091923396001
}