{
  "RatQuad.variance": 150.57890138527, 
  "log_likelihood": -4198.608792318016, 
  "nlpd": 3.7889905941312403, 
  "rmse": 11.052822705126594, 
  "Gaussian_noise.variance": 8.317585093274081, 
  "RatQuad.lengthscale": 0.6817944285986958, 
  "mae": 6.2697884917615969, 
  "pearsonr": [
    0.6628036088768382, 
    3.7749394704103163e-17
  ], 
  "RatQuad.power": 0.5512571949290366
}