{
  "warp_d": 0.049489365786005456, 
  "noise": 0.016278145706855814, 
  "power": [
    0.0048745402274218072
  ], 
  "nlpd": -3.6445061396862699, 
  "rmse": 8.8305266299105973, 
  "lengthscale": [
    2.0915989794945062, 
    1.4604445557437795, 
    2.2530517047421901, 
    0.66940796875302067, 
    2.4755963330013437, 
    1.4139126295905913, 
    1.849375844817291, 
    2.4991549636718391, 
    0.30213292444521189, 
    0.2207431785646177, 
    2.5606930927169653, 
    0.5853067433209671, 
    1.102563275748436, 
    1.847413081305088, 
    1.1188794980205496, 
    1.6816599668024244, 
    1.1907229980357601, 
    2.0204059826145131, 
    0.49830873781302654, 
    1.3844018608444746, 
    0.63711876159849168, 
    2.1978871708912187, 
    1.4198222021792495, 
    2.2999676970072964, 
    1.9987728716417188, 
    2.1359889344236485, 
    0.30066720770514305, 
    0.12560246378835999, 
    2.6298658197436029, 
    0.10042333950793975, 
    0.15104672993239851, 
    1.0646165231193598, 
    0.87363796319909603, 
    2.8458390558568736, 
    1.9484222102509356, 
    0.17245945409820618, 
    2.009829712448028, 
    1.1252969747513057, 
    0.91556164500926929, 
    2.2005984124553262, 
    2.2470211023249913, 
    2.6153577814806619, 
    2.7829909154867085, 
    1.6618019046996846, 
    1.9311586874280353, 
    0.49974778252397251, 
    1.1269236774200404, 
    0.58156260994507103, 
    2.454343929129764, 
    0.85653698481245466, 
    1.0121642163873328, 
    1.7317186230872821, 
    0.4654352563367925, 
    1.7251073730067155, 
    0.45678011541993258, 
    2.1843259254424403, 
    1.3990277597440579, 
    1.8119295619551035, 
    0.20449727399397055, 
    2.2813123760862957, 
    0.63805002484048079, 
    2.8450816891166211, 
    2.2137997410704569, 
    0.3085653686502472, 
    2.5928308274366341, 
    1.8410160835738925, 
    0.34206385227767622, 
    2.1772960843308433, 
    2.0326266676774805, 
    0.1873666248370795, 
    2.3823597316581688, 
    0.12775732207302673, 
    1.7598246072128889, 
    0.29370984546109086, 
    1.5517591902914074, 
    0.66309943591561937, 
    1.213712278192417, 
    0.10392970018230736, 
    2.2193986884322503, 
    1.9526165933541186, 
    0.64846918620449867, 
    1.0961329805499449, 
    1.9041849347902418, 
    1.1359169580263091, 
    1.5269546596921346, 
    0.20062305093150312, 
    2.1216585844401816, 
    0.67157086240548669, 
    0.91318175833329851, 
    2.1415974715078931, 
    2.3824309533305432, 
    2.4441327856002961, 
    1.5597575998640805, 
    2.233933459939784, 
    0.19281587142974499, 
    1.9561533167831973, 
    0.25923167955310716, 
    1.775618226616829, 
    2.8540769654745661, 
    1.389005624720169
  ], 
  "mae": 5.7003429360684841, 
  "pearsonr": [
    0.27477228957020394, 
    0.0056637015271189849
  ], 
  "variance": 12.550199244096596, 
  "warp_psi": [
    [
      9.6501082068893703e-05, 
      0.77385350292756949, 
      0.86553693355036954
    ], 
    [
      1.1362005762777246e-07, 
      0.61926109011790798, 
      0.40359738262239625
    ], 
    [
      4.094835383950802e-08, 
      0.92822440771330894, 
      1.8157119461636595
    ]
  ], 
  "log_likelihood": -3158.008891960275
}