{
  "noise": 112.39271258742193, 
  "log_likelihood": -3443.973862263878, 
  "nlpd": -3.6729998791599723, 
  "rmse": 9.3956570551628094, 
  "mae": 7.0411840799479561, 
  "pearsonr": [
    0.59471996757081891, 
    6.8365928003989279e-11
  ], 
  "variance": [
    7.3305362330935548e-06, 
    7.4687659838140871e-06, 
    17.099767144266856, 
    6.9142790584997792e-06, 
    6.5823027261240492, 
    9.6103888136290596, 
    29.824848495150754, 
    11.498568607823952, 
    6.8663222871137115e-06, 
    31.411544520087297, 
    7.4265812459746679e-06, 
    7.7897602441025339e-06, 
    7.3650266974315679e-06, 
    7.0793983261149055e-06, 
    1.2958704685403253e-05, 
    28.935811025087609, 
    0.00044687133629473446, 
    7.2567178812424897e-06, 
    85.899847713815859, 
    7.4950027010444789, 
    20.281660206367139, 
    0.00010191440459459195, 
    9.3976193525950401e-06, 
    6.7219790571578572e-06, 
    13.87738270118167, 
    1.4137431685382802e-05, 
    5.2394850153637294e-05, 
    8.2252288123881193e-06, 
    4.415349134639901, 
    35.518618980748919, 
    16.316446849488592, 
    3.9960038370360804, 
    6.8699548826894095, 
    3.0190191490275349, 
    8.9340956536306778e-06, 
    1.0404802751965354e-05, 
    7.2777359338249368e-06, 
    1.9356934854965331, 
    3.0783065511398897, 
    7.316423363776316e-06, 
    23.498854363582495, 
    8.7861643773922268e-06, 
    4.1671625481981476, 
    8.9863761395545635e-06, 
    7.0703766991098648e-06, 
    19.384302627946145, 
    5.5109399324286025e-06, 
    7.5201891246458189e-06, 
    6.5782840630503761e-06, 
    2.6748719092331727e-05, 
    9.3601961750095579e-06, 
    6.5933647160053317, 
    35.549327223290156, 
    34.650009419428358, 
    1.3803820371874477e-05, 
    6.802681472845955, 
    1.3910978940796573e-05, 
    2.2087811381908825e-05, 
    6.7010299170349586e-06, 
    9.9154396701536654e-06, 
    2.1066199509040722e-05, 
    12.532604658936171, 
    9.7849549955417003e-06, 
    1.7317072912092322e-05, 
    1.3321517973756895e-05, 
    0.0020659161116851101, 
    21.597643227849083, 
    6.2424569388589789e-06, 
    1.3990056303988879e-05, 
    2.4262097533175041e-05, 
    7.2366462391115443, 
    8.4276252872861645e-06, 
    6.523900438220922, 
    14.812562385229928, 
    1.241762316946045, 
    9.4756480147396176e-06, 
    3.5424809634087282, 
    1.4655587406518689, 
    35.090315318697051, 
    55.965990937973579, 
    5.8827293363470181, 
    17.190155184573339, 
    8.1966205170687569, 
    5.9902827415843571, 
    0.00021686429175492476, 
    12.440971252718436, 
    6.9289144255728018e-06, 
    8.5691452905803789e-06, 
    3.1405665832492584, 
    33.543064083347424, 
    5.5739919189970486, 
    9.8083018436991035e-06, 
    14.309608357049795, 
    1.1528361942847854e-05, 
    37.970158227434752, 
    1.289209615677237e-05, 
    9.4391560287128607e-06, 
    54.435107736826062, 
    9.2702455881386712, 
    7.945535166662436e-06
  ]
}