{
  "noise": 0.0856586845738528, 
  "log_likelihood": -961.4409756934248, 
  "nlpd": -1070.8579675827837, 
  "rmse": 15.073799839482827, 
  "lengthscale": [
    1.8875727679775722
  ], 
  "mae": 11.295954600464466, 
  "pearsonr": [
    0.73800819685157926, 
    1.9599057461644856e-18
  ], 
  "variance": 0.7749166600709073
}