{
  "warp_d": 0.15694028603192298, 
  "noise": 2.215464094387525, 
  "log_likelihood": -3695.6572184908864, 
  "nlpd": -4.0897862022896252, 
  "rmse": 14.054564685462681, 
  "lengthscale": [
    3.0539677903074383
  ], 
  "mae": 9.6612972948815976, 
  "pearsonr": [
    0.76416531593109482, 
    2.2760956960312437e-20
  ], 
  "variance": 11.908659145482835, 
  "warp_psi": [
    [
      5.966892507793289e-08, 
      2.8389954513913711, 
      0.58949259280845046
    ], 
    [
      2.2323566065044312e-07, 
      0.28919969372814458, 
      0.016814041340863083
    ], 
    [
      3.2506243500163162e-07, 
      0.69094042811879586, 
      2.5483655448161131
    ]
  ]
}