{
  "noise": 113.29210301576488, 
  "log_likelihood": -3470.3879836721226, 
  "nlpd": -3.6930941313661578, 
  "rmse": 9.4882354175908343, 
  "mae": 6.9934001875381746, 
  "pearsonr": [
    0.55180407338685955, 
    2.6726993167688029e-09
  ], 
  "variance": [
    8.6339284589051957
  ]
}