{
  "noise": 45.44310666116084, 
  "log_likelihood": -3499.225083650695, 
  "nlpd": -4.0056930516002067, 
  "rmse": 12.864094109581314, 
  "weight_variance": [
    23.691376248632928, 
    4.3117879559536867, 
    12.47932117545519, 
    1.1240189960030985e-09, 
    69.269804103340917, 
    3.3317762340597147e-10, 
    3.0084005384373631, 
    29.353738300140574, 
    3.1173906015889692e-09, 
    5.6074190742006634e-12, 
    5.8338354511760135e-23, 
    279.12492793765045, 
    2.4903470470193305e-11, 
    5.9985402822513295e-10, 
    19.971154427712072, 
    1.2421089226292439e-09, 
    4.1359624872627754e-09, 
    7.7917466604961374e-21, 
    5.6863347099950909e-10, 
    1.1873174696444777e-20, 
    9.0080140247759902e-50, 
    1.4645712080463997e-08, 
    9.9662084468624172, 
    1.1387434948938703e-09, 
    8.7358921448659654e-09, 
    3.7959259214824654e-09, 
    3.1360510289415498e-13, 
    7.05684356027734e-22, 
    1.385376551045773e-26, 
    7.0164380520807796, 
    1.2813004334297398e-52, 
    1.2798121330150693e-19, 
    2.0223351193736928e-09, 
    7.9412566943141227, 
    8.0372432314371957e-14, 
    1.4655873747915967e-09, 
    13.886294585030319, 
    3.5930752542265826e-09, 
    40.73331855103752, 
    100.88572040764853, 
    14.670950771912425, 
    6.6641998426910372e-10, 
    1.8203545403842523e-10, 
    3.3689620453817079e-10, 
    379.04473210039941, 
    1.5967598600530398e-09, 
    1.9293656896421763e-10, 
    7.6437021858225272e-10, 
    1.5434041659711325e-09, 
    1.2443736112721933e-09, 
    5.948702362514999e-23, 
    1.0271361014195758e-09, 
    2.5457574419939147e-11, 
    3.3864155064840494e-09, 
    9.7710043223440273e-10, 
    4.2025984236142866e-11, 
    3.4490496733612099, 
    9.4585213479319564e-10, 
    2.182048890713751e-05, 
    6.3489890807769776e-10, 
    9.0757365381143798e-10, 
    1.3835492198306185e-10, 
    3.5409663619787033e-64, 
    1.0066885002522807e-29, 
    5.1780602153624755e-09, 
    2.0222354879067649e-10, 
    41.800976276785065, 
    201.62227874758591, 
    2.6887991667850507e-10, 
    1.1330878587326241, 
    28.42251866300202, 
    265.06675541136303, 
    705.38297025840654, 
    9.4888517263851568, 
    3.485219362175962e-09, 
    6.6864654143168663e-12, 
    5.3092200861951309e-19, 
    0.00014484997130904926, 
    8.8134706780001175e-08, 
    1.1471381517118193e-30, 
    81.76173648724874, 
    13.786402415300234, 
    2.8155379130953249e-18, 
    5.1510813297568204e-09, 
    6.9345095979672461e-08, 
    9.6854994938738405e-17, 
    2.6581661070124462e-11, 
    6.5260800160450877e-10, 
    1.6697165866260298e-09, 
    57.12050711730425, 
    70.104570747145971, 
    1.2812057004482923e-10, 
    55.456861670352026, 
    5.78451481417531e-09, 
    1.8469700398156681e-08, 
    4.4068508197595253e-24, 
    117.84402162757949, 
    45.161429103335337, 
    1.2596324855429229e-08, 
    9.2011290931823755
  ], 
  "bias_variance": 61.96526901554449, 
  "mae": 9.9633517077745708, 
  "pearsonr": [
    0.43950311366619077, 
    4.7663175587894635e-06
  ], 
  "variance": 465.5479128292177
}