{
  "noise": [
    41.83975845611515, 
    10.318681091409708, 
    51.249764475399175, 
    38.982189308964166, 
    35.336270432363925, 
    73.31422320199727
  ], 
  "kappa": [
    11.948773375610386, 
    15.167091316229172, 
    32.48541884217211, 
    39.86175746612641, 
    44.183191352978135, 
    17.88476438336313
  ], 
  "log_likelihood": -21311.876909941784, 
  "joy": {
    "mae": 13.94341579539206, 
    "nlpd": 4.2938634647930742, 
    "pearsonr": [
      0.55092283697387845, 
      2.8662564092570685e-09
    ], 
    "rmse": 17.357516746707518
  }, 
  "weight_variance": [
    1.5299979464552471, 
    0.81661347312834653, 
    6.0627615139208935, 
    1.6287602150279725, 
    23.757041380976386, 
    7.810565808365828, 
    40.3513485361173, 
    3.8815476031883427, 
    28.890028092533182, 
    27.915383086611065, 
    1.6255660043819317e-07, 
    5.546960113867244, 
    3.3445141007966379, 
    9.5079687343874443e-08, 
    3.8071839100299814, 
    13.340580011603629, 
    3.4972333136990041, 
    1.7358478668711304, 
    11.59736429922045, 
    1.3126417880856365, 
    2.7387356372614535, 
    1.1433787876409285, 
    0.90843199105254779, 
    2.4235588560088699, 
    1.1834320934341352e-05, 
    2.527824849423852, 
    25.358941664674333, 
    22.820321296332335, 
    3.6303919418474875, 
    72.218897580109029, 
    33.617429058697653, 
    30.886993201215947, 
    0.89937887467033928, 
    1.901900302205482e-05, 
    1.5112728380250877, 
    12.851040688426872, 
    3.0130983825286681e-05, 
    31.308250353779997, 
    16.999999030779872, 
    0.0071754647966925647, 
    7.7986548281162467, 
    7.5318713826486447e-06, 
    0.99822366272237062, 
    0.0035792138776430246, 
    46.14309456395771, 
    8.6540904141545573e-06, 
    29.142821106093262, 
    1.0306108328761621, 
    6.2907862749815271, 
    3.2518067016200609, 
    42.696174070223897, 
    1.9298275043763149, 
    4.1639461438987038, 
    1.0438946014233128, 
    3.3757113299817667, 
    0.0089105940845003243, 
    1.8548677755981053, 
    0.0020306453068387742, 
    0.006863803381449915, 
    0.5326873707313885, 
    0.00024393040412396574, 
    0.00052626856789392837, 
    1.5501651973229737e-06, 
    4.2092701010100582, 
    2.4899884788423341, 
    1.5205230620056118, 
    4.6015392659943277, 
    37.858621367017761, 
    14.257061989900231, 
    14.77986483782669, 
    7.1558733453159737, 
    33.813972012595585, 
    14.565898934491374, 
    7.1786486895157084, 
    22.842870442880141, 
    3.5127958755439543, 
    1.7707963332554273, 
    0.0045455134363553253, 
    0.77962645935766695, 
    3.7938171914637242, 
    4.8810038585940783, 
    16.34292664160056, 
    10.836381826902146, 
    2.8094124147543736e-05, 
    0.31589253116706917, 
    0.0045473336201895167, 
    18.691722856383191, 
    5.6344880438712766, 
    13.899626516064467, 
    5.1879495011360824e-06, 
    13.353538760337861, 
    3.5647559291080322, 
    22.528362859102476, 
    4.0240038991098591e-09, 
    38.566172382347062, 
    17.737298136315534, 
    27.553343851193194, 
    8.0872132886090853, 
    0.000371897816710453, 
    21.993664885406005
  ], 
  "bias_variance": 59.690987618970276, 
  "W": [
    2.6872305845584448, 
    1.572125034802528, 
    3.349256670304318, 
    -6.437965469452846, 
    5.575706135703555, 
    -1.4231100811747524
  ], 
  "sadness": {
    "mae": 11.262401011280312, 
    "nlpd": 4.1709010077600386, 
    "pearsonr": [
      0.66889607164782794, 
      2.8309845640567299e-14
    ], 
    "rmse": 15.409964937509123
  }, 
  "disgust": {
    "mae": 6.0079940818566175, 
    "nlpd": 3.6433605089685974, 
    "pearsonr": [
      0.25851294125197283, 
      0.0094061046024668336
    ], 
    "rmse": 8.9208969299686931
  }, 
  "variance": 17.527275561048608, 
  "anger": {
    "mae": 7.6983824236018839, 
    "nlpd": 3.838523760013719, 
    "pearsonr": [
      0.67588521750888819, 
      1.209307368020258e-14
    ], 
    "rmse": 11.072675141256346
  }, 
  "surprise": {
    "mae": 10.332966728293536, 
    "nlpd": 3.9784834360315044, 
    "pearsonr": [
      0.49865626335323954, 
      1.2917881103908726e-07
    ], 
    "rmse": 12.793657350796934
  }, 
  "fear": {
    "mae": 8.9546701616717392, 
    "nlpd": 3.9038571402954587, 
    "pearsonr": [
      0.81146022332313794, 
      1.354830303647131e-24
    ], 
    "rmse": 11.710397050495581
  }
}