{
  "regularization": 10.0, 
  "rmse": 17.375253084858816, 
  "intercept": 12.703435596382617, 
  "mae": 12.729556481459213, 
  "pearsonr": [
    0.61350693116310095, 
    1.1513024314757973e-11
  ], 
  "coefs": [
    -3.3028273261885399, 
    1.6284416025849189, 
    -1.7784910392770568, 
    -4.5633038411616367, 
    -3.5994696262164871, 
    5.1183905373317202, 
    1.5156774281651826, 
    3.0676312352538821, 
    6.6408372326295853, 
    0.67312892610541297, 
    0.36262936868713208, 
    6.7273969162176463, 
    4.8582612122903059, 
    0.95302733300221509, 
    1.9626744399865383, 
    2.678161443206228, 
    -1.2580641458581883, 
    3.7155131225010161, 
    -4.004215528139996, 
    7.8565012712957847, 
    3.7535075268428066, 
    1.5169683394514981, 
    8.6317507864636251, 
    3.4718617518482455, 
    2.8762779295780598, 
    0.93889431412342872, 
    -0.34700410585304309, 
    5.1071940861778398, 
    3.1407964238541077, 
    5.1106203160307295, 
    8.7379178776103004, 
    3.2493515630805661, 
    -2.8203003281721473, 
    -2.7739852964522465, 
    -10.383421636681424, 
    -0.42010926899799378, 
    -2.0983971637222014, 
    -3.7662112105732852, 
    0.52938232030430721, 
    2.6335584663691938, 
    -3.8389304964426247, 
    2.7227105611457993, 
    -2.0822574235317828, 
    0.66317752721656098, 
    3.7097391172169552, 
    5.8376689045202346, 
    -1.4161871281986609, 
    3.8249132496878784, 
    -9.6020701258656693, 
    5.9560785050796552, 
    1.0964189723285032, 
    -5.9091205081121476, 
    -2.1495750797362878, 
    5.8697791528289898, 
    3.2324428002592689, 
    -0.84866256870748658, 
    -0.72522595102198184, 
    -1.4556372318629713, 
    -1.4255077361218031, 
    8.1283278260905103, 
    3.5357809744249304, 
    -0.30673670663331615, 
    0.21033075908608273, 
    -1.9442252495082157, 
    -11.339357294122223, 
    5.1572914864660335, 
    1.9263943152477703, 
    1.2564266688429522, 
    -1.7958445543858619, 
    1.2575679734823826, 
    -3.3022597519396069, 
    -1.5313675450028126, 
    0.18094411106566072, 
    9.6215082001450867, 
    5.364366978159862, 
    -5.4860858634563048, 
    3.24071551059783, 
    3.6568571386933972, 
    -2.2993240953996046, 
    5.4835258323455305, 
    6.0196410321897069, 
    7.8446759352617148, 
    3.3115337904561435, 
    -0.13525598940606637, 
    2.051243791982265, 
    -1.8481929406073643, 
    -2.3620055764428147, 
    -5.039646189486179, 
    -3.9491023433301611, 
    1.789712694732402, 
    6.2672204344053597, 
    4.1496770409224402, 
    1.7772617408406559, 
    6.06827287460486, 
    -2.6937396102775426, 
    7.2934454752227369, 
    3.1361995747643792, 
    5.5295711029975259, 
    0.88704654549510953, 
    -8.7985773907447626
  ]
}