{
  "warp_d": 0.011791014618210445, 
  "noise": 0.017247462551531343, 
  "log_likelihood": -3664.4142898640475, 
  "nlpd": -4.0837958940484436, 
  "rmse": 14.875187459547291, 
  "lengthscale": [
    8.7834568062746108, 
    10.260616669717855, 
    7.1935257992359514, 
    7.0154816582752977, 
    12.401378979485056, 
    0.91248889943870848, 
    5.163282825192363, 
    9.1467274460937507, 
    12.068436236593664, 
    1.6685402779224319, 
    9.4765571747900008, 
    10.465628395378362, 
    10.200079818736041, 
    9.4236653659918801, 
    11.484713384789417, 
    11.215502715847087, 
    4.7144906320603042, 
    9.6484836269789103, 
    1.8135103181603827, 
    11.446675820847823, 
    4.2502358829448807, 
    8.3436088244783573, 
    10.168936238602491, 
    8.0749988612544747, 
    11.975237549020903, 
    5.0742723896367954, 
    11.360130962194216, 
    3.2918218941070276, 
    3.0705536116583785, 
    1.0111726448660399, 
    9.6554351666591938, 
    8.110354977771209, 
    10.787958020494322, 
    10.385053306074623, 
    7.6445166548461163, 
    2.34064649166949, 
    10.900415258937842, 
    4.2858804282607217, 
    5.3561998580512409, 
    8.7987628447658288, 
    0.92767308481487309, 
    7.7832161959226411, 
    7.7908353357408791, 
    9.8008691497462799, 
    1.0558689835189918, 
    10.655742960077539, 
    1.5555757377995405, 
    11.575301896162516, 
    11.448180761000565, 
    12.214594441048723, 
    4.8995164635020974, 
    9.6398907380296954, 
    10.954155839679254, 
    9.5555199459901115, 
    2.6444661066196988, 
    13.679155713529251, 
    1.5430842085203944, 
    6.9143798545264072, 
    10.683805790331421, 
    11.052546287828793, 
    11.942718137108372, 
    6.4298155694192536, 
    11.391801190406003, 
    9.2257583513865224, 
    12.796868168639367, 
    1.4868468581375021, 
    9.0215907214696394, 
    10.342921789919689, 
    6.0812823663424034, 
    1.510271368017333, 
    11.868239620153973, 
    1.4448877117979948, 
    7.1607012277901587, 
    11.250123195749099, 
    3.3612327400351933, 
    4.9463903814242549, 
    4.2059618395121712, 
    8.5976067902849085, 
    9.2576183077758909, 
    1.6898296382944957, 
    2.9454845727208756, 
    1.4746800234050086, 
    1.8506992799352822, 
    10.314479944132513, 
    11.58244115762086, 
    10.577519919543031, 
    3.0558197559646323, 
    11.88179728373564, 
    6.6805040892955692, 
    10.060339025644701, 
    6.0168059065414203, 
    2.0558643027613375, 
    7.049843478427535, 
    10.757630760017362, 
    8.16429141543518, 
    9.9976740444225261, 
    11.086454596908137, 
    8.100689350487313, 
    11.290594736648863, 
    4.2505146080155765
  ], 
  "mae": 10.580904409800093, 
  "pearsonr": [
    0.63358862282296946, 
    1.4983994719451164e-12
  ], 
  "variance": 0.09452225732527007, 
  "warp_psi": [
    [
      6.7781105439419895e-11, 
      1.4595721640662707, 
      -2.5073497795214421
    ], 
    [
      4.8757871115452684e-09, 
      1.5280040457029189, 
      1.3735705225358938
    ], 
    [
      3.1194707751977458e-28, 
      0.53812382497805422, 
      3.8409108195371333
    ]
  ]
}