{
  "noise": 9.675012481216289, 
  "log_likelihood": -3115.573984464675, 
  "nlpd": -4.07100162313602, 
  "rmse": 11.371663169050871, 
  "lengthscale": [
    9.0399804597960536, 
    7.6816423309066098, 
    5.8694209912849153, 
    0.62855628521808737, 
    9.1664912238553118, 
    1.2807276270651506, 
    0.38941109215948605, 
    7.9331263453952143, 
    0.81619396417768109, 
    0.57277199557834646, 
    3.838504370282624, 
    8.3693200568262895, 
    4.8150265719772154, 
    8.7635222882582866, 
    8.4826293189356878, 
    0.25419518909362088, 
    4.2768184217680245, 
    3.6036895486879583, 
    6.856296222305633, 
    1.2164536465779274, 
    6.0775078030446092, 
    6.0168704988742014, 
    8.0773712389080004, 
    7.1121609570445212, 
    5.6741329487140373, 
    4.5669483470404435, 
    1.256420505443302, 
    0.5266579486060331, 
    6.4514441363527197, 
    0.49572027108267869, 
    0.61606989502723408, 
    9.484576019856199, 
    2.0102229200811372, 
    7.1776482071531342, 
    8.3601698968897615, 
    1.5277970600625475, 
    0.7051583125815446, 
    1.3730886442798769, 
    5.0801236983661662, 
    3.8618321837556402, 
    6.304533191672868, 
    8.1858607966661676, 
    9.848511283388163, 
    4.9551763631255428, 
    7.8531547985119374, 
    5.1349461256683071, 
    5.9073651706725014, 
    8.8735426449097048, 
    5.8769961736085055, 
    1.3993347325167664, 
    7.3695106002094661, 
    6.6324328602719662, 
    0.90039681945192118, 
    5.1231276041539902, 
    0.50707765205937116, 
    3.9470977543277996, 
    7.3912933659773907, 
    1.026688040873303, 
    7.0948210179984468, 
    8.8058454019257724, 
    8.9399705768548046, 
    8.6475507406406766, 
    9.0506265294010344, 
    2.6784719883623298, 
    8.8584403335412158, 
    6.7271960315607799, 
    1.8187970231974262, 
    4.7101018722115029, 
    8.487875402285507, 
    6.0978291917914733, 
    1.7099398149186538, 
    0.43931434265662833, 
    7.5888266259493404, 
    1.191550502327932, 
    5.4144587193360509, 
    7.8059772614912033, 
    0.24845367643409697, 
    3.9040244062718745, 
    6.2956776373679499, 
    1.1618880077026432, 
    5.3096089171966492, 
    7.6570731254982309, 
    7.6449481703994966, 
    7.1041099271493868, 
    7.3528404810385659, 
    0.78721085221654064, 
    8.127895452463445, 
    1.1051617430482832, 
    6.1856103604690915, 
    8.4017734503356518, 
    6.825292524974433, 
    8.9577749179410802, 
    16.716035362472748, 
    9.7050067644421194, 
    0.85872061445124404, 
    7.596251974945174, 
    0.43758650230037099, 
    0.95743320857094028, 
    8.599687748259063, 
    3.629130689639092
  ], 
  "mae": 6.3913590315977364, 
  "pearsonr": [
    0.43224914353917215, 
    7.0943140869641306e-06
  ], 
  "variance": 73.51715014606056
}