{
  "noise": 30.794576777351597, 
  "log_likelihood": -3357.737392001738, 
  "nlpd": -3.7137351537454095, 
  "rmse": 9.6783831792500088, 
  "lengthscale": [
    12.795471431646464, 
    14.376777397277509, 
    1.7515918632288408, 
    13.057419319972016, 
    15.251862863678822, 
    13.700380038958354, 
    1.045470969954964, 
    1.6043732083245101, 
    11.96898689245419, 
    0.71106450129445919, 
    12.261745479633145, 
    7.7834687048100522, 
    13.797634928495322, 
    0.5697809029069415, 
    9.2094517395091202, 
    0.39500304788421514, 
    1.6359139727885497, 
    10.47590546198512, 
    0.68422820002665541, 
    1.3829675309743483, 
    0.92448186703446189, 
    16.110960557207179, 
    10.672071176603371, 
    0.46287727463569561, 
    11.927190660788339, 
    14.535882727128278, 
    7.4562069267682514, 
    4.5673641573344561, 
    16.163286582583389, 
    2.1999765908797801, 
    1.3709287431080097, 
    9.8873773932482241, 
    11.861623217801728, 
    9.0492934332010009, 
    14.584541122787197, 
    10.207290632189107, 
    12.108032955939677, 
    2.2755411140492701, 
    10.71081674907353, 
    11.115020254096036, 
    1.83467014432994, 
    14.108961965516851, 
    14.108257440743307, 
    13.005404845085847, 
    9.9326349356664085, 
    2.1319533870395015, 
    14.834909516792949, 
    3.1946606054571594, 
    35.007189390087312, 
    11.556859554366655, 
    8.4302864894162077, 
    12.936020357116748, 
    1.3331646449707988, 
    2.328610042887588, 
    12.894802320450184, 
    2.6105860814382371, 
    14.003560257594923, 
    13.299315693021155, 
    11.664777321247481, 
    14.340566980077524, 
    8.993361314270766, 
    12.923725942172199, 
    13.887426428924858, 
    0.98750744109811062, 
    14.555608284005904, 
    8.1126674664069327, 
    1.479089454152088, 
    12.408564684560643, 
    14.26349704849407, 
    1.2159648173487536, 
    11.035205035667195, 
    7.7359901172942402, 
    0.52008629762054059, 
    2.0147904282573106, 
    0.98104863399411679, 
    11.591632785981695, 
    1.1257781244108518, 
    5.5317313312941838, 
    4.8165753086851195, 
    0.80115483111808206, 
    3.6057996259823111, 
    2.1986171406891404, 
    13.603593033498244, 
    1.111120651169168, 
    14.930495067970543, 
    0.68066424322434427, 
    11.003065220124171, 
    13.474620243694863, 
    2.1971237144098121, 
    1.1923366342480914, 
    12.832093381008049, 
    14.403356496652693, 
    13.429971598163753, 
    14.809721529085726, 
    1.1431283339540228, 
    5.2017164365747064, 
    14.276887979759401, 
    0.55646215121062315, 
    0.85875955748621435, 
    13.316917635968746
  ], 
  "mae": 6.8143695011316625, 
  "pearsonr": [
    0.73308623448143906, 
    4.2733404291920544e-18
  ], 
  "variance": 122.09500488318236
}