{
  "noise": 0.4978085048151297, 
  "log_likelihood": -1032.497207214249, 
  "nlpd": -678.03794703495225, 
  "rmse": 15.455084553425761, 
  "mae": 11.693236409198114, 
  "pearsonr": [
    0.66281363104232027, 
    5.8265821023203658e-14
  ], 
  "variance": [
    0.042973194677728713
  ]
}