{
  "noise": 243.6142459864983, 
  "log_likelihood": -3873.267226680478, 
  "nlpd": -4.1656956862092134, 
  "rmse": 15.401831018195304, 
  "lengthscale": [
    2.0187695581608125, 
    12.436093992288034, 
    7.7656199020463781, 
    2.5313516804083886, 
    1.8416056896309809, 
    1.451515799143634, 
    10.203494526555636, 
    5.4922763977381868, 
    4.9570145025735082, 
    2.982644286831925, 
    15.669283249051976, 
    2.5256582938945651, 
    12.659709846411046, 
    14.624385664133337, 
    8.6484673613755572, 
    9.5202267814702051, 
    2.7989811263523694, 
    1.4028068682357675, 
    16.113990010782796, 
    15.741773957314887, 
    2.2685650632737593, 
    14.918226369444326, 
    8.9567611226438952, 
    16.043317431666086, 
    15.572310496439776, 
    16.439891692653994, 
    15.488010333589258, 
    17.941032653645241, 
    2.0149349036619806, 
    1.5303485459283959, 
    1.4939007792795642, 
    9.4071985886882086, 
    12.884186017131059, 
    1.3631094127925529, 
    3.2667542464837092, 
    17.958256889629919, 
    8.4164477346921043, 
    16.170432241596224, 
    7.4586444745022717, 
    15.740002750696405, 
    1.0901166499921024, 
    16.781300870070709, 
    2.870247646204477, 
    13.676741607115574, 
    26.710221884602131, 
    14.157582194586425, 
    13.428652761219931, 
    16.647064687979746, 
    2.9107427820181804, 
    15.588963667854706, 
    1.0312456344487071, 
    2.2163000740376759, 
    1.1790018791548793, 
    15.42113087216539, 
    13.394742582292986, 
    20.643827945052092, 
    6.3561869954552783, 
    2.1348323508235301, 
    17.222390055575204, 
    1.3017380033245307, 
    16.886906669392914, 
    19.261875419969655, 
    9.2165754120287318, 
    13.628668677175643, 
    20.828886303445614, 
    13.890340453208509, 
    7.7232036329636164, 
    21.950836756163071, 
    2.9243474396587428, 
    0.78092029503734439, 
    22.286812378973405, 
    0.96439609503745127, 
    8.3600912045352374, 
    17.663036856310988, 
    3.8706623689623041, 
    15.622218816607823, 
    1.0603719068196096, 
    15.606809631949893, 
    5.3395820037804906, 
    1.2025987388282007, 
    0.84230612364660695, 
    7.6676021233372031, 
    4.2741227908239141, 
    5.8422602977313147, 
    18.273844841804795, 
    15.300826224028862, 
    2.2987778483681307, 
    12.64470710660733, 
    0.52132437006227073, 
    17.600975700635381, 
    15.7013672157005, 
    7.955162285433274, 
    15.393983353241355, 
    16.751593885448766, 
    0.75370748031093326, 
    5.8592587359876394, 
    15.400927418698032, 
    13.741874818534155, 
    14.684052156278357, 
    13.183888334402114
  ], 
  "mae": 11.947285588786471, 
  "pearsonr": [
    0.67065642880818799, 
    2.2900077925086405e-14
  ], 
  "variance": 255.96175924723957
}