{
  "warp_d": 1.2022811379862723, 
  "noise": 31.532535806685214, 
  "log_likelihood": -3822.4412685375273, 
  "nlpd": -4.3422363365048087, 
  "rmse": 18.222209632633223, 
  "weight_variance": [
    31.46176533118134, 
    3.9129791285580846, 
    252.15003280766297, 
    190.05725151822179, 
    59.779801664323088, 
    534.09979664375112, 
    345.4077815888196, 
    1.2988031660476616e-79, 
    315.28628566760989, 
    330.14836929157428, 
    3.2791324416149247e-62, 
    140.86055477632107, 
    2.1558286161266491e-68, 
    3.1878313266189796e-78, 
    3.195434508142651e-51, 
    270.38276302109222, 
    459.13135369072648, 
    215.13389652207991, 
    2.2289370845111309e-72, 
    2.1582028723860468e-68, 
    1.2095321778820848e-75, 
    14.818995720227196, 
    3.167818243575196e-43, 
    5.1099566813802135e-131, 
    1.2286899290276057e-65, 
    5.0958532443834551e-91, 
    4.2043966133982832e-112, 
    5.8086267909798514e-42, 
    5.6656725789169364e-18, 
    842.07573380654071, 
    262.96922111643948, 
    4.3545235299793654e-06, 
    5.5231797532087317e-52, 
    40.376914206484116, 
    1.3887477512759122e-52, 
    1.0760238034240208e-94, 
    1.9608252277225995e-63, 
    2.9623832071119837e-60, 
    7.9215161967562207e-12, 
    201.37615565484276, 
    560.82536722570353, 
    7.6501399451323014e-42, 
    246.52964861024941, 
    68.065958688397799, 
    8.177464395102735e-71, 
    1.4446302378759312e-121, 
    5.4605196885353457e-111, 
    1.9831643765451171e-75, 
    1.7637616455388157e-85, 
    6.5109400991482675e-120, 
    459.50857288090145, 
    36.006165163791714, 
    1.7051791448945623e-56, 
    1.7507411066764287e-68, 
    1.734259132553543e-89, 
    5.0526905721487104e-175, 
    4.3647711365726537e-98, 
    295.82932354841404, 
    2.3756284274302921e-93, 
    244.48644890951371, 
    4.9430323093457242e-97, 
    98.661967186675156, 
    1.4973898414362971e-136, 
    1.7093342477271493e-110, 
    2.2381091479939165e-93, 
    3.5909779603580023e-92, 
    8.318078578623238e-68, 
    128.93698030050814, 
    2.7640903138303625, 
    280.82649961591483, 
    172.18822486252458, 
    158.3864072491439, 
    1.0855557212886546e-85, 
    1.9328421942817054e-109, 
    5.4340020616139381e-115, 
    1.5303016958830407e-96, 
    528.88048211040552, 
    9.6342858687083558e-75, 
    75.313537626647886, 
    186.47251147263685, 
    409.37953143357493, 
    143.36492781936448, 
    4.4505626630552467e-84, 
    1.2118476932060464e-75, 
    3.5984250539741805e-57, 
    5.6814853967297266e-65, 
    185.01496651247481, 
    177.37261619298243, 
    486.32277884530617, 
    7.7401816685044062e-140, 
    12.800513370296313, 
    268.55473002508052, 
    1.506044927049908e-96, 
    1.288315793151811e-118, 
    682.34654970247402, 
    135.83587898750824, 
    103.51618082301567, 
    1.2501673411247988e-77, 
    1.4935033316487723e-58, 
    8.0321621540766764e-111
  ], 
  "bias_variance": 842.7918846145426, 
  "mae": 14.416396322576777, 
  "pearsonr": [
    0.52204841769159216, 
    2.5432923145132368e-08
  ], 
  "variance": 1824.401887163133, 
  "warp_psi": [
    [
      5.5626846462681369e-309, 
      61.307773465750024, 
      85.513812236825544
    ], 
    [
      5.5626846462681369e-309, 
      1.9818738836055722e-105, 
      -139.90580394179375
    ], 
    [
      5.5626846462681369e-309, 
      3.1963927536802705e-84, 
      -93.648847038520714
    ]
  ]
}