{
  "regularization": 10.0, 
  "rmse": 18.231320862999919, 
  "intercept": 12.755770328603962, 
  "mae": 14.951871469599375, 
  "pearsonr": [
    0.63926369855460796, 
    8.1951644868216173e-13
  ], 
  "coefs": [
    -4.6667265019558002, 
    2.4032697419264655, 
    -4.1119632177794454, 
    -8.0223460303337966, 
    -4.5214211337646111, 
    2.8645649341553363, 
    1.6019929790778058, 
    1.9354207968779844, 
    5.4247951498659184, 
    0.7801119654813462, 
    1.324009364549311, 
    5.0429456640954413, 
    5.0583281028032241, 
    -1.2165203495931618, 
    4.4974590190554151, 
    0.60384338417680961, 
    -1.1974017097767842, 
    1.9637073206011966, 
    -4.5398650808657246, 
    7.5077307260767956, 
    4.0556006097522381, 
    -0.2570743225459951, 
    8.9938171008672896, 
    3.9031423414073174, 
    3.841716361898261, 
    0.92855456534017489, 
    -2.457578983308581, 
    4.8727073849922249, 
    5.0670042375399209, 
    4.3360280467052723, 
    7.0148517488163167, 
    1.9774739848111049, 
    -2.036866194009181, 
    -1.7938236033620325, 
    -10.847796574685882, 
    -1.222656131647424, 
    -1.1262897848255253, 
    -3.9779788679729564, 
    2.9109624555112208, 
    2.7191342496826958, 
    -4.9692663700076052, 
    2.2725375442787015, 
    -2.0161554017227643, 
    0.73547180641810916, 
    3.1534113301800124, 
    7.9547189465091019, 
    -1.4050977223186114, 
    2.127920614283993, 
    -8.0139490466571619, 
    5.7783074027016452, 
    0.17383714569288883, 
    -4.8923461659343168, 
    -1.7944501199522898, 
    3.9894963771517773, 
    1.9827543440203181, 
    0.26947865137864213, 
    -0.68228350327849108, 
    -3.6766619863377787, 
    -0.18147601981097161, 
    7.4619236860425158, 
    4.2779436156734638, 
    -1.674451485291371, 
    -0.076144511643466639, 
    -3.1353554104416479, 
    -7.2010931453711331, 
    4.4894444788911665, 
    1.6959544384387257, 
    0.69558556472860733, 
    -2.0777528257994988, 
    0.86299759527841735, 
    -1.6280119874008658, 
    -0.57863351110928274, 
    1.1812847459275551, 
    10.656747749468577, 
    5.0993568905997746, 
    -5.9732979843531391, 
    3.334505210646868, 
    2.1568983390521632, 
    -1.6103612734915702, 
    5.0820618996357751, 
    7.721310282838691, 
    6.7180849036562353, 
    4.6475463468584977, 
    1.1253682995301235, 
    3.077519166306609, 
    -3.4315931391634118, 
    -3.2554098877268118, 
    -6.1435393312577702, 
    -6.2064885594242503, 
    0.62329877928023836, 
    5.2913346609777747, 
    5.1389228289238558, 
    2.653773449829183, 
    6.5019259207452702, 
    -2.2804653342629106, 
    8.5135538312758783, 
    2.2017145243897569, 
    3.9348623629129449, 
    0.95356111490387785, 
    -8.4633131093144627
  ]
}