{
  "regularization": 10.0, 
  "rmse": 17.103521941793442, 
  "intercept": 11.253455484325769, 
  "mae": 13.376164061823264, 
  "pearsonr": [
    0.74609446259584178, 
    1.7992444566982985e-23
  ], 
  "coefs": [
    -2.0717580476643604, 
    2.4744063177616988, 
    -0.025474005385402745, 
    -6.7767394414390889, 
    -2.2276474924254224, 
    5.0528261103250873, 
    1.6508031144083226, 
    3.4203920912916392, 
    4.9519687717137604, 
    2.8473347714938959, 
    -1.1190338033611389, 
    5.8944470109802252, 
    5.9836270036318879, 
    -1.2257346900939632, 
    1.8279778814359147, 
    1.1135607874479863, 
    -2.1743848486450217, 
    3.1606402919383152, 
    -5.0802105613542281, 
    8.364777032940788, 
    3.4766247070901386, 
    1.2993128575538799, 
    10.41805513251184, 
    3.479858270386873, 
    1.3359649987861713, 
    1.2962282947878228, 
    -0.34958769612640883, 
    6.6906492277260323, 
    5.8014819482749047, 
    3.7019077162290626, 
    7.6762320355720819, 
    3.597909826951204, 
    -1.4889660690339319, 
    -2.6467141016849816, 
    -10.81491681993764, 
    1.0382443675266348, 
    -2.8281915042328656, 
    -4.1276544087009777, 
    2.5561837975266362, 
    3.0656686452869431, 
    -2.1381452428951526, 
    4.2536780650377963, 
    -3.9807909582782237, 
    -0.32775699335699437, 
    4.2582618995368069, 
    5.8642997781562709, 
    0.90331645449658549, 
    4.0957169239280518, 
    -9.6910777207850209, 
    5.4761948102763762, 
    1.1072761537225364, 
    -5.0997496943031493, 
    -3.0954451915728201, 
    6.7382652113066595, 
    2.1180929721778412, 
    -0.013628795248522282, 
    -2.2727979555826363, 
    -2.8963907589039231, 
    -1.0489469338514044, 
    7.6535738612007691, 
    4.559199785990641, 
    -1.8913170704781126, 
    1.6674970502523412, 
    -3.5477109102430653, 
    -8.201510673873539, 
    5.3230781250240353, 
    0.98916673675991906, 
    -0.86310829262658995, 
    -1.6172955909153368, 
    0.34396824587975161, 
    -3.9037545885208478, 
    -2.3990456976747625, 
    0.16624940527083207, 
    9.2179081103067713, 
    4.9162317958603419, 
    -4.8531321193057444, 
    3.3387025518729301, 
    6.3271086092057596, 
    -1.8066233647518455, 
    4.1289377022589147, 
    6.6341887947194049, 
    6.7603415409483079, 
    3.8307304353165339, 
    1.9560671523746069, 
    2.8311936066054133, 
    -5.373292822098187, 
    -3.6938797538460038, 
    -5.4959904339433026, 
    -4.8464765473225757, 
    1.9542239197383557, 
    4.3051543627247613, 
    2.5480611176564549, 
    3.7798876217671125, 
    6.7418166466493474, 
    -1.3888267396926315, 
    6.4793210276988482, 
    4.5298284371885078, 
    4.712612491764383, 
    2.872170506474061, 
    -6.0202020514793029
  ]
}