{
  "noise": 233.7078695865607, 
  "power": [
    1.7082148466087035
  ], 
  "nlpd": -4.328287223360177, 
  "rmse": 18.377629770089303, 
  "lengthscale": [
    2.3828646996229326, 
    9.8358846967585336, 
    3.4478776250067451, 
    5.0068746624450462, 
    1.6940683190007857, 
    2.108557862029969, 
    7.3325553090768425, 
    8.6172893253203888, 
    6.8876336381117715, 
    2.8831383295119446, 
    8.9787122249964, 
    6.7410109370452203, 
    9.6165427783498103, 
    10.988822545619122, 
    9.6771536442790129, 
    6.1668308046024451, 
    4.7713029287542117, 
    1.2498425605822632, 
    11.305594084363236, 
    8.429422631764778, 
    5.1698962681550151, 
    6.677291335683627, 
    1.8132081505945603, 
    10.13746793785347, 
    7.0947779219428853, 
    9.5630382473752817, 
    10.12518756279399, 
    7.4035443582114704, 
    15.912651091723948, 
    1.6561719650555458, 
    1.2607884351340113, 
    9.0450374357378518, 
    8.8996143123283353, 
    1.539256983654171, 
    2.8442658470894271, 
    9.8207021455332431, 
    9.5765451614839812, 
    8.3299690045078023, 
    2.1144962805540586, 
    7.6028085502448235, 
    1.8585617158313683, 
    8.8274448466331172, 
    2.759732378316488, 
    1.4464362807801983, 
    9.677567694419432, 
    10.842737634585449, 
    8.9361001998228744, 
    9.7438234910108612, 
    10.376927470089612, 
    10.536063914300337, 
    1.8695144312088434, 
    4.7288219012041424, 
    8.4656199496883708, 
    10.807680338389135, 
    11.130726011813678, 
    11.672243829539418, 
    5.7126196905187294, 
    9.87618199002792, 
    9.5607114589446951, 
    1.4641199455759533, 
    3.748422508438249, 
    6.6633618269620776, 
    1.6217678057271234, 
    10.348559917949093, 
    9.9898345652960625, 
    10.676091875626902, 
    5.5057285780728771, 
    4.8567072601581813, 
    8.1277660622026016, 
    1.3227198558751434, 
    2.0892174013306999, 
    1.3160517658847872, 
    3.9051238654287181, 
    6.6154637658340745, 
    8.4592041901182959, 
    10.673302999385212, 
    14.822049112339649, 
    9.4298643555325334, 
    10.346698669189314, 
    47.712362517632918, 
    1.5684943681000725, 
    3.5479541877467944, 
    2.4355757945780598, 
    9.9652379914292037, 
    7.4031913741669042, 
    7.458027070577101, 
    1.9808652586026414, 
    6.0831990104873785, 
    0.77183755119503372, 
    10.288864303415064, 
    12.489272822737011, 
    1.3116206412160019, 
    10.597431158863973, 
    5.0198671646328288, 
    1.0948018699914033, 
    2.0229237283915613, 
    7.5205470213882961, 
    10.86913263352103, 
    9.9326296101791396, 
    8.3124779365491541
  ], 
  "mae": 14.741555301398646, 
  "pearsonr": [
    0.56329914510614232, 
    1.0535704437714068e-09
  ], 
  "variance": 239.98827020634795, 
  "log_likelihood": -3855.1636176535403
}