{
  "warp_d": 1.1131026642448185, 
  "noise": 190.00070041935902, 
  "log_likelihood": -3816.030753479252, 
  "nlpd": -4.1438678365979182, 
  "rmse": 18.072344363154784, 
  "lengthscale": [
    2.8685008757809398
  ], 
  "mae": 14.424094498340311, 
  "pearsonr": [
    0.50794829158933663, 
    6.8730424391186811e-08
  ], 
  "variance": 612.0839160912524, 
  "warp_psi": [
    [
      5.5626846462681369e-309, 
      4.9430798885678078e-23, 
      22.296131450706856
    ], 
    [
      0.58940472304473501, 
      1490.6084015861916, 
      1.0000423501922626
    ], 
    [
      5.5626846462681369e-309, 
      0.011376953153369458, 
      180.16408627722032
    ]
  ]
}