{
  "noise": 0.7362415118856341, 
  "log_likelihood": -1192.454996881212, 
  "nlpd": -392.13781953762214, 
  "rmse": 13.100379537409228, 
  "mae": 10.653134078708899, 
  "pearsonr": [
    0.46484529216920611, 
    1.1031654125836038e-06
  ], 
  "variance": [
    0.03826266274648276
  ]
}