{
  "regularization": 100.0, 
  "rmse": 11.704593452277186, 
  "epsilon": 1.0, 
  "mae": 8.1103976420703514, 
  "pearsonr": [
    0.69636966108134402, 
    1.9470934285839759e-19
  ], 
  "gamma": 0.10000000000000001
}