{
  "RatQuad.variance": 684.3094001592177, 
  "log_likelihood": -4652.055293990802, 
  "nlpd": 3.9863404035475245, 
  "rmse": 12.904939987042447, 
  "Gaussian_noise.variance": 66.2749575660227, 
  "RatQuad.lengthscale": 1.0704164308302753, 
  "mae": 9.2198087967737266, 
  "pearsonr": [
    0.76834481415965528, 
    1.3530755252917078e-25
  ], 
  "RatQuad.power": 0.2551668791793052
}