{
  "regularization": 100.0, 
  "rmse": 8.7765560606842872, 
  "epsilon": 1.0, 
  "mae": 6.1790471235819711, 
  "pearsonr": [
    0.68822647810094328, 
    2.5410494871486866e-15
  ], 
  "gamma": 0.10000000000000001
}