{
  "noise": 0.19038541038734197, 
  "log_likelihood": -1007.2195202444634, 
  "nlpd": -295.11170299771197, 
  "rmse": 12.219098852151062, 
  "lengthscale": [
    5.8493768251736746, 
    13.065951206439941, 
    6.3666599758682771, 
    13.553169385101574, 
    13.782056037007933, 
    10.479629392197708, 
    0.71142183482202614, 
    1.4464055502861852, 
    12.637797654805489, 
    1.0706707398254889, 
    10.849425479013092, 
    14.150953745616121, 
    0.66440131805146541, 
    3.3484946923228898, 
    1.0654275306697751, 
    1.8058071617358966, 
    1.2604194447275749, 
    10.71592562857197, 
    0.50912599142585324, 
    1.1957931654502512, 
    0.61615758365045126, 
    7.3383675069338059, 
    13.398853870502633, 
    7.1646497979737678, 
    13.641686963518035, 
    12.300232515588775, 
    1.6573053858437516, 
    1.3030984505984535, 
    8.5852935988917327, 
    0.69993385480696846, 
    1.3683930871773067, 
    0.6728515161810783, 
    10.764643928854689, 
    12.976747400844758, 
    15.407474172508941, 
    10.590424927316596, 
    7.8234416456314841, 
    10.137598678982341, 
    10.869309968310969, 
    10.476581747660084, 
    1.4028571864277741, 
    8.1929286876394354, 
    11.463122304573854, 
    12.03742531040329, 
    12.015284466929316, 
    2.0135713571318687, 
    14.397895047904665, 
    1.2710603327732186, 
    8.5743673548193815, 
    9.8297513344401661, 
    7.3976423313680524, 
    11.32703655942216, 
    1.8981860206317402, 
    2.7148143522615378, 
    8.9231859981278276, 
    16.338266252021292, 
    5.4340291963721894, 
    12.741271319612874, 
    1.6574057832382316, 
    11.038013621504222, 
    0.31491263500616573, 
    16.288873228562416, 
    11.932752579549692, 
    5.3356858769202713, 
    11.72684096062655, 
    3.4659514485694722, 
    1.3766534246396862, 
    6.7851194343623771, 
    12.867715394372414, 
    0.99649630083382834, 
    11.809886581958038, 
    11.110218392763954, 
    7.0290991857789686, 
    1.3635212085897448, 
    7.8194921927859626, 
    10.583001489293357, 
    0.67842074352164661, 
    6.8696899619760057, 
    1.5511180560032851, 
    0.7090900826792107, 
    9.7685561178124605, 
    0.46391431511869358, 
    13.786185679309888, 
    7.8186037651509119, 
    12.48496558125751, 
    0.45057587619692474, 
    10.941667395371676, 
    14.340905812507437, 
    13.442294030832997, 
    1.1465086641776807, 
    1.4584900652813446, 
    12.107908956111903, 
    9.1282614533816044, 
    6.6677128445689782, 
    1.3595494615333388, 
    1.8798708596374032, 
    13.028160424367709, 
    0.47837733443052849, 
    9.5400651468139266, 
    0.93852312233523005
  ], 
  "mae": 8.010249292529334, 
  "pearsonr": [
    0.58400014386641463, 
    1.7961825336373832e-10
  ], 
  "variance": 0.618018008303401
}