{
  "warp_d": 0.34245859865913925, 
  "noise": 7.526021203350531, 
  "log_likelihood": -3377.9695357669434, 
  "nlpd": -3.9900507198872774, 
  "rmse": 12.087462765643972, 
  "weight_variance": [
    1.8587473920259197e-05, 
    5.6886140589380839e-05, 
    7.2850313477415725, 
    1.6470078910624871e-05, 
    0.21225746994339428, 
    0.0035442687336389943, 
    10.424866999231897, 
    3.7139396637963129, 
    5.5880647652956059e-07, 
    9.2396977617985385, 
    0.00058981204777837739, 
    8.0881864393354989e-05, 
    0.66153241699862009, 
    0.48228514862160149, 
    16.697245210041341, 
    0.055662105802049014, 
    2.9453848422761988, 
    0.010345905236703978, 
    27.02122348645878, 
    0.004013769528632416, 
    17.81262234539923, 
    0.0048830659299513007, 
    0.012887609661009894, 
    0.0133963536667945, 
    5.3129200808393389, 
    3.5853507554693517e-06, 
    3.955690704165685, 
    6.7087168965811657, 
    6.7107283887346859e-07, 
    1.8173057797363064, 
    0.079782835571659549, 
    8.840976921885277, 
    0.63305735000201468, 
    0.00011713804286228928, 
    8.4534378068430466e-07, 
    0.001955487069121332, 
    0.00028489382894304489, 
    5.4322576283262497e-05, 
    4.9855682992735497, 
    3.6749389916021445e-06, 
    0.54095379427797141, 
    0.010938612593814354, 
    0.085264641643527594, 
    3.8591770630173292e-05, 
    0.00087170318181392127, 
    0.0049207336755766641, 
    0.00061186255446585595, 
    2.6234057407108229, 
    0.00024124024246292833, 
    0.3461273225042345, 
    0.49553184497595948, 
    0.0003984375601244392, 
    2.1047400175092448, 
    1.456066514877421, 
    6.9593166331078587e-06, 
    65.051837724744729, 
    2.3870201597049308, 
    0.00024172661314527115, 
    21.648581288943213, 
    8.8687108004549314e-05, 
    0.07760736093572855, 
    0.0018470658254481781, 
    0.00027699073454881171, 
    0.25602150129983381, 
    2.412988679746874e-06, 
    0.90448614631683022, 
    13.063646422985597, 
    0.0024757207086141945, 
    5.7513004316181543e-06, 
    0.56753339998537411, 
    0.033041487218944031, 
    0.0069737719610824542, 
    0.0018975130665365464, 
    0.00047716672415129384, 
    0.0074229736859145606, 
    0.0084792680491697775, 
    0.0025723270427253932, 
    0.026425037820337074, 
    1.8530986638672771, 
    19.076635774859934, 
    0.48590662996409328, 
    9.0063866575510598, 
    0.10459574517587167, 
    0.0008794155773574607, 
    1.3093262666989767, 
    5.179690450250237, 
    1.276527822891712e-05, 
    0.00035025122480552304, 
    1.4626710799989973, 
    9.3958414492295201, 
    0.041046375960567573, 
    0.00035561582315414927, 
    0.31651714141358578, 
    8.4724316570404998e-07, 
    8.9114831700724224, 
    0.015804594096681154, 
    7.3016716355159768e-05, 
    17.317871014600314, 
    4.9755360125964767, 
    2.527839092529776
  ], 
  "bias_variance": 86.6772539125145, 
  "mae": 8.0444773261133129, 
  "pearsonr": [
    0.60516685938166004, 
    2.5755969109677667e-11
  ], 
  "variance": 78.00505429206368, 
  "warp_psi": [
    [
      5.9186239232509292e-41, 
      3.6536236989091662, 
      -9.792385544218293
    ], 
    [
      1.1611876866632375e-31, 
      0.69104593229395284, 
      4.033189065438652
    ], 
    [
      3.8239004303221767e-35, 
      1.3151812287432725, 
      -2.6306093953102829
    ]
  ]
}