{
  "warp_d": 0.23844265865957354, 
  "noise": 4.821057695963439, 
  "log_likelihood": -3636.440213969038, 
  "nlpd": -4.0538790852872983, 
  "rmse": 13.773390640219763, 
  "lengthscale": [
    4.0939040323793536, 
    2.4601952829371232, 
    1.6298765782537021, 
    9.4158308472063919, 
    12.627643288750392, 
    1.6332381786418657, 
    12.617459374324158, 
    8.6594108942873778, 
    12.685222176236525, 
    1.3901290651934073, 
    11.046943682244597, 
    11.763872689452066, 
    14.35466707613201, 
    10.215617773165654, 
    15.195857144258945, 
    15.428309912831265, 
    2.998048827485805, 
    15.710323553846907, 
    11.249690216371615, 
    10.934329851529455, 
    6.733652585130673, 
    11.314062859117609, 
    14.182425914364917, 
    10.058051825024634, 
    14.674290035151163, 
    8.1928326071355269, 
    16.429285449498298, 
    3.6288986209946179, 
    2.2425777040149377, 
    2.608239838915273, 
    7.0216104471936704, 
    10.499736987337215, 
    9.4046415204904541, 
    13.032812217207606, 
    9.6662617918263543, 
    2.1748661076038696, 
    14.026773032085659, 
    3.8838099839625095, 
    6.3553716867472021, 
    12.09848381315151, 
    1.4846016597337437, 
    13.109222010969658, 
    10.350493200178986, 
    11.985835075738565, 
    2.4891308089573827, 
    12.199010469396498, 
    1.7448188989336411, 
    14.241197255135148, 
    14.15897394064358, 
    13.325439532504008, 
    3.3318351514798565, 
    11.946388903638955, 
    13.512089386888681, 
    14.117725597080018, 
    2.3962379609480271, 
    18.895350184949244, 
    3.1886750410507183, 
    13.013573209835842, 
    18.145141067467431, 
    14.371678877384646, 
    13.945132277542816, 
    5.9759335837514254, 
    10.70523923441289, 
    15.159592038113786, 
    14.409001277603167, 
    1.0923083410600671, 
    4.631936279097479, 
    14.614574192611515, 
    10.797674333508592, 
    2.3817751825668116, 
    11.975609610512899, 
    0.92929927599596218, 
    13.736692147806338, 
    14.98809359526728, 
    10.006340967853795, 
    8.0039104963935213, 
    1.8586065976116466, 
    9.8818317804056406, 
    12.386767164694817, 
    1.5169851412632593, 
    0.94976517490618351, 
    4.0281669149335011, 
    2.5670437188485735, 
    9.843704142171708, 
    16.489661011384374, 
    14.809636198917755, 
    2.2577153947174433, 
    14.422498392446053, 
    11.238508717318172, 
    15.962337277960222, 
    1.8988319755104079, 
    1.3590191207164959, 
    7.6398986397157254, 
    14.062074443204967, 
    2.0961774286136889, 
    7.2395823934737198, 
    13.53913457697516, 
    11.769443697299954, 
    13.974787063190499, 
    1.8247408796661544
  ], 
  "mae": 9.6439602738456944, 
  "pearsonr": [
    0.71795060360074126, 
    4.2324156524630548e-17
  ], 
  "variance": 34.82016439548258, 
  "warp_psi": [
    [
      5.6683479550628028e-12, 
      0.23725375251092273, 
      0.93231068357039781
    ], 
    [
      5.1523876413069265e-21, 
      2.9355170586986299, 
      3.7710671875692157
    ], 
    [
      3.5692754148101578e-15, 
      3.3179782219607941e-11, 
      1.0624163710699244
    ]
  ]
}