{
  "warp_d": 0.8177216080984651, 
  "noise": 26.17234526824869, 
  "log_likelihood": -3846.722259590279, 
  "nlpd": -4.1687511569081144, 
  "rmse": 15.246222767074885, 
  "weight_variance": [
    78.502475532738629
  ], 
  "bias_variance": 12913.685051348402, 
  "mae": 11.305725635016424, 
  "pearsonr": [
    0.67824091749730908, 
    9.0312239310779762e-15
  ], 
  "variance": 2161.8767100361983, 
  "warp_psi": [
    [
      5.5626846462681369e-309, 
      5.5626846462681369e-309, 
      -26.896690937467625
    ], 
    [
      5.5626846462681369e-309, 
      1.2714878480162011e-154, 
      29.567827888206473
    ], 
    [
      5.5626846462681369e-309, 
      7.9510898587451076e-85, 
      -636.83096945270358
    ]
  ]
}