{
  "noise": 123.12109939995841, 
  "log_likelihood": -3565.5361931581015, 
  "nlpd": -3.9377004412104908, 
  "rmse": 12.41388412459219, 
  "lengthscale": [
    2.8787389154168732
  ], 
  "mae": 10.259368401718714, 
  "pearsonr": [
    0.57931974701751188, 
    2.7087682151654978e-10
  ], 
  "variance": 147.97203460417347
}