{
  "noise": 120.16339871070349, 
  "log_likelihood": -3562.117729973415, 
  "nlpd": -3.9665170461536836, 
  "rmse": 12.805512699645364, 
  "lengthscale": [
    2.7362844379911837
  ], 
  "mae": 10.298856488537886, 
  "pearsonr": [
    0.50951321943049921, 
    6.1686324074762408e-08
  ], 
  "variance": 141.98265731531754
}