{
  "noise": 0.3220226717683962, 
  "power": [
    1.1417606799102518
  ], 
  "nlpd": -347.29960389940095, 
  "rmse": 11.386190838495562, 
  "lengthscale": [
    1.3443332842821074
  ], 
  "mae": 8.6399873259937099, 
  "pearsonr": [
    0.59437167114061829, 
    7.0585107359202455e-11
  ], 
  "variance": 0.7190508705777395, 
  "log_likelihood": -1167.4873366149377
}