{
  "lengthscale": [
    2.1458870327492758
  ], 
  "noise": [
    74.36300054378574, 
    55.318846425824105, 
    68.95205071499112, 
    82.81417535534824, 
    92.77485590302847, 
    112.24785292285848
  ], 
  "kappa": [
    2.6259690005747393e-19, 
    2.915711713087866, 
    30.882230824048424, 
    46.34053093756671, 
    39.94429681794057, 
    14.01289328968604
  ], 
  "log_likelihood": -21481.7824804999, 
  "joy": {
    "mae": 13.06046182019346, 
    "nlpd": 4.2267407318605885, 
    "pearsonr": [
      0.5683717456230577, 
      6.9071010348114971e-10
    ], 
    "rmse": 15.946604490842772
  }, 
  "W": [
    3.683419444702544, 
    2.002190928715053, 
    3.4746173123061226, 
    -6.170183491886072, 
    5.062493775531432, 
    -1.2259322894567954
  ], 
  "sadness": {
    "mae": 12.449094354836634, 
    "nlpd": 4.2362078668385319, 
    "pearsonr": [
      0.73119895796604795, 
      5.7358707073668541e-18
    ], 
    "rmse": 16.188038292992196
  }, 
  "disgust": {
    "mae": 4.7635472408820307, 
    "nlpd": 3.444337119639552, 
    "pearsonr": [
      0.74130822512162098, 
      1.150758833131289e-18
    ], 
    "rmse": 7.3762696352007229
  }, 
  "variance": 9.573598138811686, 
  "anger": {
    "mae": 7.6747912183209417, 
    "nlpd": 3.8710657992978397, 
    "pearsonr": [
      0.68060001809000947, 
      6.7234617808483807e-15
    ], 
    "rmse": 11.426650321236471
  }, 
  "surprise": {
    "mae": 8.8129110685231655, 
    "nlpd": 3.9172001891506762, 
    "pearsonr": [
      0.45506141249461407, 
      1.9681748761601536e-06
    ], 
    "rmse": 12.086093430348591
  }, 
  "fear": {
    "mae": 10.774880190027682, 
    "nlpd": 4.1592446117237527, 
    "pearsonr": [
      0.70147198706541469, 
      4.3603199842908344e-16
    ], 
    "rmse": 14.737939085328669
  }
}