{
  "noise": 147.61347475237642, 
  "log_likelihood": -3568.57731175051, 
  "nlpd": -4.0301570077462392, 
  "rmse": 13.493684569537619, 
  "mae": 10.712938012630371, 
  "pearsonr": [
    0.43945025695867973, 
    4.7803090712575321e-06
  ], 
  "variance": [
    49.441637297058612, 
    1.6689379005594742e-06, 
    1.9818130845260637e-05, 
    8.9328738322291542e-06, 
    19.390584525782668, 
    10.05965507742861, 
    26.405675268211297, 
    35.39017114851486, 
    2.4669753430993315e-05, 
    24.547574196335546, 
    13.37804985735101, 
    3.552837845733878e-05, 
    3.8738226142607516e-05, 
    10.273891554536959, 
    55.341802365697255, 
    9.8392220816608965e-05, 
    2.9244597546892389e-05, 
    1.8148364759087955e-05, 
    6.7036177379293951e-05, 
    2.7067824574815014e-05, 
    6.5768808676762826e-05, 
    3.6677914863380861e-05, 
    0.33860217978969753, 
    2.580481373253891e-05, 
    3.4111312838078243e-05, 
    3.4353430486115879e-05, 
    3.2909464269715615e-05, 
    0.15293021948055585, 
    3.7726173001999297, 
    31.826628544873135, 
    2.8928225993766959e-05, 
    18.42558955430837, 
    45.213236189330679, 
    18.724652467661514, 
    3.4582913252101352e-05, 
    3.634747386260204e-05, 
    2.7292042139804584e-05, 
    4.2066917222727478e-05, 
    5.3307747187858612e-05, 
    3.6745605752543003e-05, 
    15.232583820243786, 
    3.7273126846282664e-05, 
    3.9875082404990099e-05, 
    16.015059218738848, 
    14.954149464650435, 
    1.7045554770367025e-05, 
    2.5801990396692648e-05, 
    15.449718748516203, 
    5.3702734294461543, 
    3.6080323956010882e-05, 
    2.8074920732188201e-05, 
    6.4788218221561769e-05, 
    18.885013011308939, 
    31.922024721061334, 
    3.0657883344525573e-05, 
    3.3660242235186478e-09, 
    28.721560961561273, 
    0.00018809859438139698, 
    32.834486673987882, 
    5.5579666148205651e-06, 
    28.339238858127178, 
    5.2772297142643199, 
    55.110422098786437, 
    7.0321784545127501, 
    4.0456238949543321e-10, 
    4.4246626239343683e-05, 
    35.368467382124457, 
    62.516852362290805, 
    1.0820967612647528e-05, 
    9.1038407745917418, 
    221.79043595511567, 
    1.7096677692964641, 
    9.0728109277386211e-07, 
    42.415826044657173, 
    1.0604219298984483e-09, 
    2.7040655214211475e-07, 
    26.46519967967064, 
    38.896296615387143, 
    4.3393538011091498e-05, 
    3.1463113702931294e-05, 
    17.375454713845052, 
    55.920381985600891, 
    1.7693088437858202, 
    5.1358849409741706e-05, 
    25.020951114952457, 
    0.00016213298116464925, 
    38.628643595456197, 
    0.7454824544754568, 
    6.329082650501862e-07, 
    6.0602922382562739e-07, 
    0.59066277529090083, 
    3.7976360948233464e-05, 
    59.907248319644303, 
    3.1497115867331985e-05, 
    2.7423195789962773e-05, 
    0.00015004455301473332, 
    57.363057967580723, 
    12.191144078091311, 
    4.1494916070432062, 
    2.2479643240447576e-05
  ]
}