{
  "warp_d": 0.1358071016184985, 
  "noise": 2.260496410789723, 
  "log_likelihood": -3854.163334825007, 
  "nlpd": -4.2037471402837134, 
  "rmse": 15.982719615487028, 
  "lengthscale": [
    2.9645003940130303
  ], 
  "mae": 11.933317970981925, 
  "pearsonr": [
    0.81108955591134357, 
    1.4774696726898393e-24
  ], 
  "variance": 12.498029006863545, 
  "warp_psi": [
    [
      2.3093430029959576e-07, 
      0.11244807675673953, 
      10.499227464272707
    ], 
    [
      4.3787424883936151e-08, 
      0.26675225946606107, 
      1.2753599605907824
    ], 
    [
      6.1945980281400807e-08, 
      0.6785423962451842, 
      -0.61825398260493081
    ]
  ]
}