{
  "noise": 0.041649773775654264, 
  "log_likelihood": -1064.1920020717453, 
  "nlpd": -794.35499914638922, 
  "rmse": 17.658161803755274, 
  "lengthscale": [
    20.520005288436256, 
    1.1771855083709668, 
    2.9669870966227236, 
    1.8581675891572396, 
    1.5886632243035403, 
    0.90726240522033075, 
    0.80103346884358229, 
    13.501953835166656, 
    0.94554102455319256, 
    1.1074256943737151, 
    22.979940672797991, 
    1.7706945746190617, 
    24.682221160774766, 
    25.481018393381731, 
    0.51735679580601301, 
    1.2438411573577268, 
    1.5567750675143541, 
    1.4125830285474328, 
    30.207552968965686, 
    30.226442517030105, 
    17.360132675577852, 
    1.3921987876153459, 
    22.23109031395343, 
    27.60049200695746, 
    4.7143776035008216, 
    24.209370728271274, 
    25.874917041669939, 
    9.4510771543535306, 
    18.654971498255804, 
    0.98861008360351776, 
    1.5781866715423629, 
    27.906725539237375, 
    12.78137316229177, 
    2.2483379486289259, 
    1.2176635777343856, 
    26.691376272974175, 
    22.986002485214545, 
    23.590164168705375, 
    14.27233100302478, 
    1.4352198631312143, 
    1.5190587012566927, 
    11.535518905965867, 
    1.4234018547839637, 
    16.611203342871693, 
    19.147177524610118, 
    29.749487482391146, 
    11.733335926865019, 
    28.335314645844033, 
    18.683901949595427, 
    27.443132713344191, 
    1.3302080055842924, 
    2.5314055784240743, 
    1.4926340928979658, 
    33.932451958360744, 
    28.720792909458595, 
    28.06737385796864, 
    16.239298145928778, 
    1.566634739552474, 
    35.664602198576013, 
    2.7334873883122306, 
    25.147799313938993, 
    2.1888047590859463, 
    30.568683785111201, 
    25.593655424654614, 
    31.340100857679779, 
    21.471829265522235, 
    25.276324789009802, 
    0.81142374398275663, 
    2.128522372883189, 
    1.1537851549052254, 
    1.165724803337199, 
    13.10788413527823, 
    26.30524296431711, 
    28.423750704537753, 
    27.625821615914266, 
    25.618117736754989, 
    1.1889384907448686, 
    29.061023095183248, 
    18.574221969069981, 
    0.99287419512015096, 
    1.2533216007990966, 
    2.4199565501738638, 
    2.2612089912810864, 
    28.735277021096095, 
    19.411801527271379, 
    23.544110846977812, 
    1.6994255366687363, 
    7.5885879184939435, 
    1.0313355950950625, 
    14.475466545462565, 
    1.2912860401349677, 
    1.1749013458373299, 
    24.667171771543089, 
    29.598842245352472, 
    0.75550098612287575, 
    1.4186608053824452, 
    1.6550398668476394, 
    29.054931765890093, 
    17.691540099314736, 
    23.269767790000436
  ], 
  "mae": 13.512632832260959, 
  "pearsonr": [
    0.54467218142305607, 
    4.6794073049283198e-09
  ], 
  "variance": 1.1953692839361478
}