{
  "noise": 8.091172960209635, 
  "log_likelihood": -3169.5845514526072, 
  "nlpd": -3.3792473011428439, 
  "rmse": 6.8929006269239981, 
  "lengthscale": [
    11.962662785412221, 
    9.8083635133131253, 
    11.72627105125097, 
    0.7025242234074156, 
    11.641069747755898, 
    9.7126480831068527, 
    12.138254847390593, 
    10.166516462677363, 
    0.87572780296462438, 
    0.90595321600249834, 
    8.2131862126453594, 
    11.445482831260108, 
    1.0656047590567594, 
    7.8117511450190085, 
    12.047669537155752, 
    10.982838346228002, 
    11.20700727566723, 
    1.1669429611237718, 
    8.3314367096264093, 
    9.5897368187323746, 
    5.0616436879350184, 
    11.718313610617844, 
    11.181627775277617, 
    11.155286411075636, 
    21.691197519569236, 
    16.500960856842468, 
    3.0302975577877276, 
    0.54277525016783623, 
    12.663733361969022, 
    0.36537879411462443, 
    0.51743101366174726, 
    1.291770258943379, 
    9.1523618896210088, 
    11.821108006749839, 
    9.1095372656798759, 
    9.7867807875928854, 
    9.3722891367124284, 
    1.1471428417890306, 
    2.2834938691966538, 
    13.129954427516056, 
    10.365726845019232, 
    11.622924948967283, 
    12.337511686936903, 
    11.221894049426441, 
    10.878819381337873, 
    1.4254468784269716, 
    10.764842003411694, 
    2.2898605522264055, 
    11.63847343892505, 
    1.6779856618435254, 
    7.0055293043762132, 
    10.531481298280474, 
    0.67231070025829043, 
    8.0695952384863503, 
    0.984594718402243, 
    12.067823055849559, 
    11.913765781456298, 
    8.1983487418317811, 
    5.2570101939438567, 
    12.064738546347101, 
    18.351896092571931, 
    14.312396635439423, 
    12.204660381890765, 
    6.6769923153639148, 
    13.296744950273412, 
    12.861942499225158, 
    2.519089023304288, 
    32.734596052190881, 
    11.252105628826548, 
    0.97897381592953359, 
    17.326658765095761, 
    0.41391930485318268, 
    7.3367993898223185, 
    1.852651262224956, 
    5.839922227797274, 
    7.3314375555536602, 
    0.23133961590040381, 
    0.96954118658841382, 
    9.0443919528557597, 
    9.8590570414116545, 
    1.6069069435517345, 
    0.81670393118800955, 
    10.722599729875155, 
    9.527326598662663, 
    9.445998898113098, 
    1.9999739106475629, 
    7.9453047962402064, 
    0.76141508587633866, 
    9.7202231216336994, 
    10.451414179152881, 
    12.086720934363971, 
    12.280640936509222, 
    20.224454155119041, 
    12.109366934015213, 
    0.77347621839692327, 
    9.7822868798682929, 
    0.53643408504625945, 
    0.83929351243437911, 
    8.6111813111368125, 
    10.814875662416709
  ], 
  "mae": 5.188506530620324, 
  "pearsonr": [
    0.33490898418125808, 
    0.00065946559669016844
  ], 
  "variance": 94.18494557245977
}