{
  "pearsonr": [
    0.53037113544900139, 
    1.9997465466633017e-10
  ], 
  "nlpd": 3.932584864890444, 
  "rmse": 12.22285785443397, 
  "Gaussian_noise.variance": 131.5994879120281, 
  "mlp.variance": 205.62362669856944, 
  "mlp.weight_variance": 1488090.0676041185, 
  "mae": 9.5867979355050323, 
  "log_likelihood": -4546.876745550649, 
  "mlp.bias_variance": 15446898.159347177
}