{
  "mixed_noise.Gaussian_noise_3.variance": 39.04481409710953, 
  "mixed_noise.Gaussian_noise_4.variance": 40.33300279207595, 
  "mixed_noise.Gaussian_noise_2.variance": 48.74899275105048, 
  "mixed_noise.Gaussian_noise_0.variance": 28.11939514110317, 
  "mixed_noise.Gaussian_noise_5.variance": 59.78397827126452, 
  "joy": {
    "mae": 13.183455252615481, 
    "nlpd": 4.2901214500356275, 
    "pearsonr": [
      0.59127188046252288, 
      3.8777279222761384e-13
    ], 
    "rmse": 17.083791498440593
  }, 
  "ICM.B.kappa": [
    3.7114039473174225, 
    4.56095338059274, 
    20.266678830706812, 
    30.906496486269933, 
    29.147138718210542, 
    15.228880639077081
  ], 
  "ICM.sum.Mat52.lengthscale": 1.5837413302685992, 
  "ICM.sum.Mat52.variance": 11.754151358960646, 
  "sadness": {
    "mae": 11.694107572084508, 
    "nlpd": 4.1763977496589382, 
    "pearsonr": [
      0.78721969369103673, 
      1.3634155543161173e-27
    ], 
    "rmse": 15.254117862869595
  }, 
  "mixed_noise.Gaussian_noise_1.variance": 22.70701924716611, 
  "disgust": {
    "mae": 6.0048894312320229, 
    "nlpd": 3.6032564381880388, 
    "pearsonr": [
      0.56366672123886707, 
      7.7020869890169699e-12
    ], 
    "rmse": 8.6554027633237229
  }, 
  "ICM.B.W": [
    [
      -3.284676863879918
    ], 
    [
      -2.5774691650475492
    ], 
    [
      -2.0241543194351235
    ], 
    [
      2.8012274011313392
    ], 
    [
      -2.940596314713122
    ], 
    [
      0.93776349121777436
    ]
  ], 
  "anger": {
    "mae": 7.8778108570742029, 
    "nlpd": 3.8700930175442947, 
    "pearsonr": [
      0.66488727686952098, 
      2.7764147157412308e-17
    ], 
    "rmse": 11.376781473689741
  }, 
  "surprise": {
    "mae": 9.3571344458703596, 
    "nlpd": 3.8911516174827248, 
    "pearsonr": [
      0.57722669877161337, 
      1.8372249609039588e-12
    ], 
    "rmse": 11.644354955258491
  }, 
  "fear": {
    "mae": 9.693568374810166, 
    "nlpd": 4.0286283468747923, 
    "pearsonr": [
      0.76555958039614824, 
      2.5702155441859665e-25
    ], 
    "rmse": 13.337963171270253
  }, 
  "ICM.sum.bias.variance": 13.877017119345485, 
  "log_likelihood": -27097.00708105269
}