{
  "log_likelihood": -4250.475089415764, 
  "nlpd": 3.8828824762171901, 
  "rmse": 11.549545210570622, 
  "Gaussian_noise.variance": 100.92176656948854, 
  "mae": 7.6098078293132598, 
  "pearsonr": [
    0.43468749507171145, 
    4.0777982518663594e-07
  ], 
  "linear.variances": 4.980503724594927
}