{
  "warp_d": 0.08578323916219228, 
  "noise": 0.5700441461622624, 
  "log_likelihood": -3292.3303293634353, 
  "nlpd": -3.5258870567383234, 
  "rmse": 8.0803136100995676, 
  "lengthscale": [
    35.294380017047423
  ], 
  "mae": 5.2517728724369919, 
  "pearsonr": [
    0.45445268539743744, 
    2.0391575528571432e-06
  ], 
  "variance": 38.09624925442231, 
  "warp_psi": [
    [
      4.743016431337634e-14, 
      0.60766073706459311, 
      0.50139296512089027
    ], 
    [
      2.8701844958683978e-21, 
      2.9820285190357225, 
      0.30979776257023789
    ], 
    [
      1.72225732080458e-24, 
      0.023727609791841315, 
      -1.1460737550606555
    ]
  ]
}