{
  "noise": 0.12627133016787076, 
  "power": [
    0.01122357483241428
  ], 
  "nlpd": -314.98430593819495, 
  "rmse": 12.66085289040063, 
  "lengthscale": [
    15.05109318120274, 
    10.742951585217751, 
    11.304852342778849, 
    2.9838397112949933, 
    19.232513257940987, 
    11.011650301719204, 
    0.2134082856441939, 
    15.73989175634731, 
    11.502208571005577, 
    0.15381959416400309, 
    14.222885450905837, 
    9.6860700939172197, 
    14.892500033656095, 
    0.29405105460234882, 
    0.29950270265610601, 
    0.15915043330364192, 
    0.91935277640038593, 
    11.171346380438749, 
    0.25210631510018505, 
    0.36916214137053188, 
    0.36584795585091423, 
    9.0323666108127689, 
    9.1476089014540563, 
    0.16621403656991043, 
    10.117857370706497, 
    9.3202671038043068, 
    19.343073033115946, 
    13.818401422503504, 
    6.6518352411903958, 
    0.45445787937258408, 
    0.40413367819990037, 
    21.687319444790631, 
    11.918303364840202, 
    3.7683390028344235, 
    9.4490942333525556, 
    6.0156410243733882, 
    11.078405937415821, 
    12.46868460816906, 
    10.926896325071164, 
    0.90423400088843531, 
    0.88906181232676296, 
    10.213888385066747, 
    18.377308913238554, 
    10.571237221862877, 
    0.71550117170761485, 
    5.9579130582991704, 
    8.9374759289395183, 
    11.930250194315269, 
    9.43004341155026, 
    7.3696597607119863, 
    20.018701166493628, 
    10.167557889713102, 
    0.71457209811695477, 
    8.4736111000483199, 
    7.3069655346149283, 
    3.1521762407925324, 
    11.057256857591982, 
    11.438924620294179, 
    8.5133262291934653, 
    10.209407764445768, 
    2.2416341836714708, 
    10.613470691607008, 
    12.079562315310776, 
    15.192209159719695, 
    10.809604745545016, 
    5.0611829112153819, 
    0.26866261459286622, 
    0.42178048665494505, 
    13.929620901450138, 
    9.1423795845597748, 
    11.798833349586165, 
    7.6620481955245481, 
    0.24490914987597898, 
    9.4968890064572236, 
    0.71328736641859847, 
    11.533083509464237, 
    27.756214389971976, 
    12.222324244316308, 
    18.710861604792051, 
    0.47402543348090542, 
    12.146017106772929, 
    0.33970305735217254, 
    9.3102997584011593, 
    7.6023197785193934, 
    10.075389370403826, 
    20.741960724625578, 
    9.2294354819342512, 
    11.14233797278596, 
    1.5276208942149867, 
    0.54126491758779294, 
    3.3995869716200731, 
    9.1281460472997562, 
    9.3626430897972543, 
    8.4527893849471933, 
    0.55791704434495393, 
    2.7186282964821427, 
    8.0642593095747426, 
    0.35918281445958788, 
    9.2388346705834508, 
    6.4851955443988505
  ], 
  "mae": 8.9547764250571387, 
  "pearsonr": [
    0.49840376248958806, 
    1.3137875340743492e-07
  ], 
  "variance": 23.73893711079803, 
  "log_likelihood": -987.4000003567611
}