{
  "noise": 0.5050244802979746, 
  "log_likelihood": -1174.0896035954015, 
  "nlpd": -378.68995146874317, 
  "rmse": 12.050865008370074, 
  "weight_variance": [
    652260.15836204833
  ], 
  "bias_variance": 5.562684646268137e-309, 
  "mae": 9.2093394296597904, 
  "pearsonr": [
    0.51371058155939553, 
    4.6032559946072348e-08
  ], 
  "variance": 0.7963911451479222
}