{
  "noise": 0.05682851958246952, 
  "log_likelihood": -1056.0480745851853, 
  "nlpd": -831.50403974031497, 
  "rmse": 17.67171670531642, 
  "lengthscale": [
    0.70389664182471989, 
    0.54676055754822239, 
    8.6440566731612858, 
    2.1104622247514371, 
    1.8845781326508555, 
    2.3117849874927283, 
    1.1500121982133535, 
    24.137261009606195, 
    1.4860099895378682, 
    1.3187046562838685, 
    24.444032002463736, 
    1.1582969319615624, 
    33.651882161118841, 
    25.367474909024491, 
    0.4488962277969013, 
    16.542380248929202, 
    1.2092656659321179, 
    1.023809534248687, 
    37.090058556493695, 
    31.761133826795461, 
    11.88696143913841, 
    0.9573120439026912, 
    0.62563525347285787, 
    21.785206205971161, 
    0.98804168893877287, 
    13.489962988100659, 
    13.410658561947997, 
    3.6339532099292011, 
    1.0094630238767262, 
    1.0815738968085129, 
    2.8612955377359035, 
    24.132370675200043, 
    18.238189981741851, 
    2.3786664992744684, 
    1.223444628331821, 
    9.7950594135617717, 
    8.7573792820187304, 
    30.620737442277811, 
    12.966654245141624, 
    8.0267499787591738, 
    1.9081068227620857, 
    0.66495032442284263, 
    2.092021539996213, 
    18.387520001734451, 
    18.398778527142362, 
    34.641885861700828, 
    24.504509890803003, 
    28.187326124418092, 
    1.4020822673189659, 
    26.680438765494927, 
    0.7087707471301804, 
    1.9120711071699776, 
    28.302969132319596, 
    34.941578224232238, 
    28.485892459729872, 
    26.517794650860349, 
    2.1089623196289451, 
    24.945013164932327, 
    27.630452411623171, 
    1.1915940220569052, 
    30.097054529525323, 
    1.4389497465981864, 
    22.224507983014501, 
    28.831498138610524, 
    35.878523241862375, 
    0.83644641951799703, 
    26.247859179310172, 
    0.65233746991096575, 
    2.1090408006812607, 
    5.4691812875332966, 
    0.86030910745559852, 
    0.80763658554631579, 
    21.833995665056975, 
    29.265650686102042, 
    29.224177919176995, 
    27.752325227508543, 
    1.8735525988360602, 
    29.003127281329888, 
    12.552383318557334, 
    0.83099540835215668, 
    1.1126871479614782, 
    2.4753549513131885, 
    31.371579902787801, 
    20.753461362216601, 
    30.122328477800369, 
    28.873214502098769, 
    1.5402805521615641, 
    26.422249515814574, 
    0.80169167716090173, 
    26.46091513240447, 
    1.0346679458012003, 
    0.62098233324395791, 
    23.959917077033509, 
    32.1891945721352, 
    1.1931433467841699, 
    4.3494592835909964, 
    0.92001027594065232, 
    36.707216542899232, 
    32.061721944748228, 
    0.68793423130629883
  ], 
  "mae": 14.115993317549751, 
  "pearsonr": [
    0.46890464292055167, 
    8.6301242868029389e-07
  ], 
  "variance": 1.1450272526726812
}