{
  "noise": 0.6078096468575751, 
  "log_likelihood": -1117.0457357856556, 
  "nlpd": -125.81002405590536, 
  "rmse": 9.6135213577490592, 
  "mae": 7.0074227492015861, 
  "pearsonr": [
    0.54558695725023154, 
    4.3582148730407428e-09
  ], 
  "variance": [
    0.045198192212552189
  ]
}