{
  "noise": 8.07493807486011, 
  "log_likelihood": -3162.993927524324, 
  "nlpd": -3.4589292211157043, 
  "rmse": 6.7181803286197423, 
  "lengthscale": [
    10.680184753099493, 
    1.0688152095579717, 
    1.5299334196507406, 
    0.61283154503797765, 
    11.042936585010853, 
    6.1732278758822172, 
    0.44608660889810731, 
    9.0946615476934056, 
    14.343785070927225, 
    1.0360042906403595, 
    1.4177254205173373, 
    10.624984296256761, 
    6.6795165599261743, 
    9.104139775335879, 
    9.3590310163500998, 
    0.44864509124686969, 
    9.5742320679903088, 
    0.53539470773302944, 
    7.956476421222467, 
    8.353254916962511, 
    6.0102248534755311, 
    10.108198337078122, 
    7.6055269952720144, 
    4.2161131929617968, 
    10.839266494644251, 
    10.390871880702425, 
    0.98680436559447982, 
    0.66499558739947651, 
    11.152741280605674, 
    0.45637799123239936, 
    0.58106127012098852, 
    6.935844277570097, 
    3.9654277634155219, 
    7.4986149622729377, 
    10.639487938130056, 
    3.0281423111848587, 
    3.7433109748997948, 
    1.1577554623951885, 
    1.0406859761835272, 
    15.401105794728908, 
    9.0927139650281248, 
    10.799500552388785, 
    10.078092330616345, 
    6.7744464897227017, 
    9.7852737798309555, 
    1.1019064396901244, 
    9.8862377962666645, 
    0.80290236632661716, 
    5.1512720940865542, 
    1.3045097638096683, 
    5.9350193642200182, 
    9.1258263238927455, 
    0.99831484522654068, 
    7.3767330574568879, 
    0.71991642912320919, 
    11.18117590838132, 
    10.448034283719361, 
    6.8763453659751814, 
    5.8887672059841805, 
    10.087139202910459, 
    8.1316731981457693, 
    9.9262905325617936, 
    10.820457888172053, 
    1.19645017676803, 
    10.778844884260893, 
    0.89997897240959457, 
    3.7377858861223245, 
    19.234364724224861, 
    7.7061720982056823, 
    0.97405551556362913, 
    10.623677136696884, 
    0.64053836408493903, 
    0.99092836459389777, 
    1.7598170031166338, 
    5.7156655149992615, 
    9.3514680628205724, 
    0.28867974862333384, 
    0.70995987733717081, 
    7.7441989244607505, 
    1.4477550391582241, 
    1.7906561113252661, 
    0.77988329634874398, 
    10.036437643204138, 
    8.8170836492889126, 
    8.7546601109227637, 
    1.4584609266170954, 
    6.1562062033795559, 
    1.5845858723345339, 
    9.1526244428159984, 
    9.0350141856470962, 
    7.4183192080282003, 
    9.8270422381199012, 
    0.75513498762729903, 
    9.9464396683279475, 
    0.97749781290901794, 
    8.7471898258324057, 
    0.63474975357184515, 
    1.2133461017705371, 
    9.3869765908577492, 
    0.59841632134516343
  ], 
  "mae": 4.6522290457589071, 
  "pearsonr": [
    0.41603020623381032, 
    1.6711978663785069e-05
  ], 
  "variance": 89.69177852201447
}