{
  "noise": 0.6993443447598322, 
  "log_likelihood": -1154.837213897129, 
  "nlpd": -351.72313138756397, 
  "rmse": 11.974541318234218, 
  "mae": 9.8062817091989896, 
  "pearsonr": [
    0.41995227199464386, 
    1.3639285638304402e-05
  ], 
  "variance": [
    0.25368598994875846, 
    0.06601883609474056, 
    0.1398631667032233, 
    0.044989216036248426, 
    0.19866645895702315, 
    4.2318834442750788e-05, 
    0.00010343608415629583, 
    0.22061518630228844, 
    4.2139857763271745e-05, 
    5.7856597953459021e-05, 
    0.028953243733228155, 
    0.0001277498242491642, 
    4.9358775876234575e-05, 
    6.3352446299491774e-05, 
    0.26442035802893027, 
    4.0467290061312667e-05, 
    5.2993189956284452e-05, 
    7.4350690845096656e-05, 
    0.025016128247740056, 
    2.6612036619818013e-05, 
    6.300329573424904e-05, 
    0.074953946615851585, 
    0.0608627521988317, 
    3.4100068263770839e-05, 
    5.0425566029434464e-05, 
    3.0344879921278669e-05, 
    3.7557584083140638e-05, 
    0.00029139794959592738, 
    2.3593552803529436e-05, 
    0.078425803821271942, 
    0.031642501246817709, 
    0.0026091880721149309, 
    0.14513392325156688, 
    0.19198869542695479, 
    6.3930500405329118e-05, 
    4.2203339475775469e-05, 
    0.097185250644041807, 
    3.1109729437255081e-05, 
    0.02751638753813189, 
    4.6243933162873583e-05, 
    0.1190332956192417, 
    4.6176185318978255e-05, 
    2.9376887877670442e-05, 
    0.0013485525521829669, 
    0.15607052984044448, 
    0.0001127886418000901, 
    2.3751728392425992e-05, 
    5.2151147955020674e-05, 
    3.055014453869694e-05, 
    3.2666482466606883e-05, 
    0.023388157265744374, 
    0.00015033944599983682, 
    0.083989810175480628, 
    3.3014990829714804e-05, 
    0.00014686811869803835, 
    7.8810822224502784e-06, 
    0.07661784571167056, 
    0.00052668603721704483, 
    0.066591488282100972, 
    0.0063647461927671799, 
    5.0531769544201387e-05, 
    0.0025254720192030944, 
    0.15623595286731554, 
    4.0194481587198236e-05, 
    0.00017635291743919006, 
    5.126513060617551e-05, 
    0.27925280537189934, 
    0.32676192321532943, 
    3.6873748308519761e-05, 
    3.2253034870468456e-05, 
    0.29122157494363332, 
    5.0369207607293063e-05, 
    0.00015827819337819603, 
    0.0012446047087410837, 
    4.4623619237239247e-05, 
    0.0050023439332231596, 
    3.4240653085415104e-05, 
    0.25724683606510873, 
    0.00021218511941276089, 
    0.020254774563438199, 
    0.13548619386527358, 
    0.095532741881793809, 
    3.7958502871776614e-05, 
    5.4008051819072893e-05, 
    2.8228038570979074e-05, 
    0.1155748948406899, 
    0.069442635246170129, 
    4.1055981797591129e-05, 
    0.00020525520144088602, 
    0.046960616039223489, 
    0.07327831527669354, 
    5.3081928544890929e-05, 
    0.18747702830916851, 
    0.00017719459496009604, 
    2.388182218499295e-05, 
    6.1248487750373816e-05, 
    0.24097914354804825, 
    0.12381138341768648, 
    5.0538614918356004e-05, 
    0.0054229773466126022
  ]
}