{
  "warp_d": 0.163760636031418, 
  "noise": 2.228626279727165, 
  "log_likelihood": -3440.5566540690957, 
  "nlpd": -3.8266168319618914, 
  "rmse": 10.916238503461104, 
  "lengthscale": [
    5.5176407265632719
  ], 
  "mae": 7.7769085440672301, 
  "pearsonr": [
    0.68714794680654956, 
    2.921169110997092e-15
  ], 
  "variance": 11.354284255949642, 
  "warp_psi": [
    [
      3.2630936974407231e-06, 
      2.1817399908742074, 
      2.2797922874855647
    ], 
    [
      4.7348277284238806e-07, 
      2.3615914940750486, 
      1.06715141355105
    ], 
    [
      2.3848548328704511e-07, 
      0.84312034134131808, 
      -1.3935156933299244
    ]
  ]
}