{
  "lengthscale": [
    2.1883516215452317
  ], 
  "noise": [
    43.88291125534098, 
    51.80185094898695, 
    66.08169563353752, 
    53.33036547616828, 
    61.71497886669065, 
    81.41010552309922
  ], 
  "kappa": [
    1.0337329330500848, 
    2.763523423913909, 
    29.356473682544337, 
    40.306671290723784, 
    8.11243238709422, 
    17.61598198269905
  ], 
  "log_likelihood": -21353.062299655587, 
  "joy": {
    "mae": 13.957196892356812, 
    "nlpd": 4.343366228229697, 
    "pearsonr": [
      0.53788399724005609, 
      7.8793961825261896e-09
    ], 
    "rmse": 17.773312988564179
  }, 
  "W": [
    [
      -2.8250284108603534, 
      3.2670837997316213
    ], 
    [
      -1.5592951471730589, 
      1.7894279491390994
    ], 
    [
      -2.9196918056644261, 
      -0.19605062797166423
    ], 
    [
      5.7014520690501049, 
      0.62195566393472435
    ], 
    [
      -7.060157668280107, 
      -3.1387994347533645
    ], 
    [
      1.2891553794163952, 
      -0.084639774936131826
    ]
  ], 
  "sadness": {
    "mae": 11.543771258051697, 
    "nlpd": 4.1515103513896436, 
    "pearsonr": [
      0.62368401765956993, 
      4.1718756482277079e-12
    ], 
    "rmse": 14.854226715279228
  }, 
  "disgust": {
    "mae": 4.5853324560437958, 
    "nlpd": 3.4975656407665956, 
    "pearsonr": [
      0.75874904204203109, 
      5.9972058009324948e-20
    ], 
    "rmse": 7.8174365736491431
  }, 
  "variance": 8.554239913514872, 
  "anger": {
    "mae": 6.1213141262528037, 
    "nlpd": 3.588624869953227, 
    "pearsonr": [
      0.68139555739234481, 
      6.0828548442783569e-15
    ], 
    "rmse": 8.3002100464237483
  }, 
  "surprise": {
    "mae": 8.8013922370853734, 
    "nlpd": 3.8883893450488975, 
    "pearsonr": [
      0.50673682548556231, 
      7.4703545408241302e-08
    ], 
    "rmse": 11.728779096541171
  }, 
  "fear": {
    "mae": 9.7192648194532651, 
    "nlpd": 4.0495529420182335, 
    "pearsonr": [
      0.7001978860654513, 
      5.1875996647012096e-16
    ], 
    "rmse": 13.660857222876126
  }
}