{
  "log_likelihood": -4826.824381913009, 
  "nlpd": 4.2467586469442109, 
  "rmse": 16.451317648234888, 
  "rbf.lengthscale": 2.3715913972552767, 
  "Gaussian_noise.variance": 175.32558123076663, 
  "mae": 12.033857732255145, 
  "pearsonr": [
    0.67184767596771777, 
    9.7711834793083268e-18
  ], 
  "rbf.variance": 463.4423235814289
}