{
  "noise": 136.17345792685066, 
  "log_likelihood": -3846.296606099685, 
  "nlpd": -4.2035934248437385, 
  "rmse": 15.667723539231726, 
  "lengthscale": [
    2.2050876979295566
  ], 
  "mae": 11.682126373346115, 
  "pearsonr": [
    0.66096485024945995, 
    7.2320645563272995e-14
  ], 
  "variance": 487.9357481264641
}