{
  "regularization": 10.0, 
  "rmse": 7.9960228949329073, 
  "epsilon": 0.10000000000000001, 
  "mae": 5.3082084247332908, 
  "pearsonr": [
    0.58614792869962584, 
    1.4843024872888851e-10
  ], 
  "gamma": 0.10000000000000001
}