{
  "pearsonr": [
    0.74448116606015857, 
    2.5146967145025748e-23
  ], 
  "nlpd": 3.6878600311955982, 
  "rmse": 9.2423662540287843, 
  "Gaussian_noise.variance": 62.43531104407374, 
  "mlp.variance": 270.114770861543, 
  "mlp.weight_variance": 118939.87460831937, 
  "mae": 6.4423990612675874, 
  "log_likelihood": -4406.046653402614, 
  "mlp.bias_variance": 1473.720652626672
}