{
  "noise": 52.76780679688342, 
  "log_likelihood": -3432.1471728019296, 
  "nlpd": -3.6299103948683054, 
  "rmse": 8.7444805085634165, 
  "weight_variance": [
    1620535.7029645867
  ], 
  "bias_variance": 87891703.64529051, 
  "mae": 6.3744922778054489, 
  "pearsonr": [
    0.69044964024260114, 
    1.9027668611045801e-15
  ], 
  "variance": 423.8489659134739
}