{
  "regularization": 100.0, 
  "rmse": 13.230114645902342, 
  "epsilon": 0.001, 
  "mae": 9.0431890936191248, 
  "pearsonr": [
    0.75984494885375087, 
    9.3280142575617234e-25
  ], 
  "gamma": 0.10000000000000001
}