{
  "regularization": 10.0, 
  "rmse": 9.1537284168985344, 
  "intercept": 0.37811420296940756, 
  "mae": 5.4901231456683943, 
  "pearsonr": [
    0.38106492787769375, 
    9.1766146546181645e-05
  ], 
  "coefs": [
    -1.0652092417977019, 
    -0.71344203849621668, 
    -0.30557621703993176, 
    -0.66069867046761632, 
    -0.36122730235826794, 
    1.9590332187085793, 
    -0.44613181691213133, 
    0.79706010821961581, 
    1.1731515638987304, 
    3.6643610957256425, 
    0.91569189234185644, 
    0.42969061465018776, 
    -1.9083297697114023, 
    2.3070859772512491, 
    -0.61254074600084329, 
    1.5911307291034353, 
    -0.13617854505989724, 
    0.25546341288384955, 
    -1.6141457776492512, 
    1.6120068845505242, 
    1.1906731936524266, 
    1.1477000762250849, 
    1.1632579901199118, 
    0.17001699792392752, 
    -0.12970192678289696, 
    0.20001664040801723, 
    2.9205367342287074, 
    0.55302581935872341, 
    -0.46002517299018203, 
    3.2229071054825362, 
    4.8106911905182406, 
    -0.71755568832991634, 
    1.571043782406963, 
    -1.3598703336297202, 
    0.91680899004717775, 
    -0.37891415849106252, 
    -0.95830830152034596, 
    -2.2585564604032706, 
    -1.014606789683502, 
    0.34519806662863234, 
    -1.5658044555686008, 
    0.58885852960881446, 
    -0.11548605585364924, 
    -1.0213194694795229, 
    -0.39121235436723978, 
    -2.42533304925501, 
    0.77546376352355284, 
    0.17638197470377956, 
    0.21235009809000593, 
    -2.5365042339928805, 
    -0.8374510350757004, 
    0.68835330819959162, 
    -2.8211564181906956, 
    3.1887767437703802, 
    -2.3435079676245194, 
    1.5069767306319091, 
    0.018207436602358362, 
    -1.7630431807937224, 
    1.2525658359902589, 
    0.65153399803066003, 
    -0.042265293651425957, 
    -1.4596465211798577, 
    -0.91398924864389564, 
    -1.9126840811489876, 
    -1.0949866704505049, 
    -0.64001725104916074, 
    4.4742847768740726, 
    0.24220897988886259, 
    -0.66229945652256661, 
    0.34388947757849875, 
    -0.09742166285143547, 
    -2.1131573716996197, 
    0.39038880919525731, 
    3.3355477511274705, 
    -1.1318269962296017, 
    0.90864840576011474, 
    -0.71651272887196649, 
    1.3536990442728274, 
    -1.1297572126637885, 
    0.87153445029398469, 
    0.70185358792308494, 
    2.8028547843518616, 
    1.1770990977251743, 
    0.35568543199717606, 
    -2.3522888997720708, 
    -3.082508615981649, 
    0.62567862388589757, 
    -1.1414547068042229, 
    1.2411234717576134, 
    -2.4782798980992515, 
    -0.55802640728798292, 
    -1.389807253610446, 
    1.6097713107134577, 
    -0.24921391269559953, 
    7.3867316756714745, 
    -1.0506075514481148, 
    -4.4320900965151795, 
    1.7047777478558579, 
    1.158125360548655, 
    -0.13495709754407678
  ]
}