{
  "pearsonr": [
    0.66301732273226321, 
    3.6582546771032834e-17
  ], 
  "nlpd": 4.2370399192557908, 
  "rmse": 17.297134727921705, 
  "Mat32.lengthscale": 2.088738973786732, 
  "Gaussian_noise.variance": 34.00494293310752, 
  "mae": 13.55983365534442, 
  "Mat32.variance": 612.441382433905, 
  "log_likelihood": -4862.505797536996
}