{
  "warp_d": 0.10217855077118537, 
  "noise": 1.099188123146742, 
  "log_likelihood": -3447.305787480268, 
  "nlpd": -3.9550976620452736, 
  "rmse": 12.309102512828469, 
  "lengthscale": [
    16.478126875150839
  ], 
  "mae": 9.2065960242824421, 
  "pearsonr": [
    0.52454198275552144, 
    2.1231553457925252e-08
  ], 
  "variance": 26.48860685878809, 
  "warp_psi": [
    [
      2.9759580302403515e-14, 
      1.7767340746094171, 
      -4.5794438174240115
    ], 
    [
      4.0560633440199364e-12, 
      0.13288120068709258, 
      -1.0318704275893178
    ], 
    [
      4.3734256544652148e-07, 
      0.55027178024346868, 
      3.6883548710829244
    ]
  ]
}