{
  "regularization": 10.0, 
  "rmse": 18.560051164000637, 
  "intercept": 0.25219227775944481, 
  "mae": 15.22234099045221, 
  "pearsonr": [
    0.47484710637841893, 
    5.9901453086318987e-07
  ], 
  "coefs": [
    0.25157397061977305, 
    -0.0079065745996282927, 
    -0.13316457277503388, 
    0.44105488704280704, 
    0.46754157491423565, 
    -0.4118210242888603, 
    0.18029894447649134, 
    -0.11999754626534215, 
    -0.20240771431195784, 
    -0.16702271600522012, 
    -0.034881116776205708, 
    -0.20041735770398425, 
    -0.097641094451982963, 
    0.091688532976356901, 
    -0.13887669508637798, 
    -0.10888999276604479, 
    0.15593098028313793, 
    -0.031166747281240709, 
    0.010049946533110945, 
    0.085784673249799895, 
    -0.12904805127555377, 
    -0.1409507753881076, 
    -0.086588420525922749, 
    0.07165653396896822, 
    0.050733951037897032, 
    -0.001956524848646174, 
    -0.080050561811453258, 
    0.054158615660755687, 
    0.23224680198368544, 
    -0.47107637150721132, 
    -0.43837684060504201, 
    -0.17845313034232232, 
    0.16963863374784433, 
    0.30495403444825031, 
    0.31168585906121826, 
    -0.23781007127774112, 
    -0.055318979364758804, 
    0.057857408104854693, 
    -0.30532407422083446, 
    -0.20674257390007528, 
    0.32505082451418515, 
    -0.094410408345054611, 
    0.31740526577176098, 
    -0.030023222144739688, 
    0.065983616891081176, 
    -0.027875473768554877, 
    -0.11227676757219955, 
    -0.023024824666736884, 
    0.063852670533481384, 
    -0.078080912507590444, 
    -0.40312888558157517, 
    -0.25899420784009797, 
    0.038310798632809756, 
    -0.035850588013755853, 
    0.086035015118219982, 
    -0.034365618009432185, 
    -0.040894138322568635, 
    0.29243298718259969, 
    0.14023347862486252, 
    -0.38347376361410501, 
    -0.075761222982220572, 
    0.1634598064812596, 
    -0.007801783738178112, 
    -0.17303019628911881, 
    -0.023673721789075612, 
    0.047510002779988139, 
    -0.14061403324200225, 
    -0.11545573877334651, 
    0.17148245177853466, 
    -0.16616936447386818, 
    0.32980523774358517, 
    0.16107116988134609, 
    -0.26270673331874, 
    -0.18723986492433595, 
    -0.065287744678906676, 
    0.13326293234816855, 
    -0.36294974532802843, 
    -0.061027654627474129, 
    0.20557408408616035, 
    -0.39973510486024671, 
    -0.37661963603467197, 
    0.23375119960671073, 
    0.16854690094197078, 
    0.10871544120175095, 
    -0.076592904182675073, 
    0.17844113776178638, 
    0.33967872563895357, 
    -0.22157146567488853, 
    -0.34604015016647238, 
    0.12229786861345011, 
    -0.20884017731040158, 
    -0.16878063826767231, 
    0.056126080387071557, 
    -0.071015926990345424, 
    -0.21517305650949531, 
    -0.22874925427613707, 
    -0.011332160133025047, 
    -0.034736292073576008, 
    -0.035314094857784896, 
    0.053311602015837831
  ]
}