{
  "regularization": 10.0, 
  "rmse": 18.214677103996046, 
  "intercept": 24.366934656232573, 
  "mae": 13.845570137119568, 
  "pearsonr": [
    0.50755024491131095, 
    1.5314370180117541e-09
  ], 
  "coefs": [
    3.5684137294538618, 
    -1.3044946598244971, 
    -1.5413954134191565, 
    6.4923866626220104, 
    13.651680462330328, 
    -6.9902838703296259, 
    4.2818539004995664, 
    -4.392272713884978, 
    -5.2584014909754435, 
    -4.6391731901615554, 
    2.6987964873758519, 
    -3.1030554150529737, 
    -2.1991473357817948, 
    0.25831354152553448, 
    -3.578242431245819, 
    -2.6212992905895249, 
    2.2107568860153086, 
    1.4543875382796863, 
    0.053887813722896874, 
    1.6937870586226205, 
    -2.4143916666195095, 
    -2.3587303727777198, 
    -4.093794338569996, 
    -0.47678581771805884, 
    3.145728433415286, 
    1.1437604108426647, 
    -3.6493517807510898, 
    -0.76768129079329106, 
    3.214370963477295, 
    -8.4716854107264759, 
    -9.1744131707658862, 
    -6.8045591268299415, 
    1.7243663630865811, 
    7.0668445855018334, 
    12.985201704437721, 
    -4.4377685271907144, 
    0.0019095364262569012, 
    -0.020062082987374667, 
    -9.8988907859080122, 
    -4.1508004315653846, 
    6.9857124751799979, 
    -1.1353300288469559, 
    7.5299244032730517, 
    -0.22643022953200345, 
    3.3569087521524938, 
    -0.16713597232192384, 
    -4.2297074352645856, 
    -1.7981000618342167, 
    0.59067329386692269, 
    -0.32685372609286367, 
    -6.5196403222367483, 
    -7.630518416918723, 
    3.4508583501825818, 
    0.16084371110372836, 
    1.3706373554298104, 
    -0.57526168846677095, 
    -0.54650691323359402, 
    5.980751551548221, 
    1.1450696464707264, 
    -6.8319204932758346, 
    -3.299116064047519, 
    3.1337795173248906, 
    -0.42681548765285326, 
    -2.4973205936285341, 
    -3.7925102692708879, 
    -0.81004357425704054, 
    -3.5989361372125308, 
    -3.3263826961191243, 
    2.5414810873256899, 
    -4.1552976195503115, 
    7.6551860505340628, 
    4.7101997484835154, 
    -4.5493091232518301, 
    -2.6935370975501467, 
    -0.48483028725739258, 
    4.5196961073167925, 
    -7.0326176642533911, 
    -2.2381321815661117, 
    2.9495151238362212, 
    -9.6654800125528855, 
    -8.1241878491059314, 
    5.3699002894067398, 
    3.9122747775267457, 
    5.0074272308294594, 
    -2.2976965547721284, 
    1.578368401763151, 
    6.5041535679562772, 
    -2.5077092887672738, 
    -6.3852367906426002, 
    0.85148871721683883, 
    -0.67962272721496786, 
    -5.034669621117188, 
    -2.7900963500143132, 
    -4.1625331988889531, 
    -6.8502731745570609, 
    -2.942494310634395, 
    -0.68116446561529298, 
    -0.42769311859933962, 
    -0.32526193828845396, 
    1.7022143219968995
  ]
}