{
  "regularization": 10.0, 
  "rmse": 12.014801723233004, 
  "epsilon": 10.0, 
  "mae": 9.467131667402974, 
  "pearsonr": [
    0.3965848916426995, 
    4.4113636102242802e-05
  ], 
  "gamma": 0.10000000000000001
}