{
  "noise": 0.05487340987771303, 
  "log_likelihood": -1069.449554026122, 
  "nlpd": -788.85937803867807, 
  "rmse": 16.685283075337349, 
  "lengthscale": [
    7.3605799847260149, 
    0.54701924415508818, 
    1.551497281186287, 
    8.2427058036123579, 
    2.4143437390037201, 
    0.96557519776857403, 
    1.7052638234766768, 
    13.285797889516672, 
    1.5353929274050533, 
    1.3603879958012755, 
    11.627600393434241, 
    4.7426436878521363, 
    15.52063903394416, 
    9.0761715951018438, 
    0.44615548866690463, 
    11.610264930395248, 
    1.2150536939447556, 
    1.7851781001202751, 
    18.172383384394244, 
    16.270611967553521, 
    2.3953813305380875, 
    1.7208086351287997, 
    5.672553470226541, 
    13.708653744260879, 
    1.4149178275859249, 
    9.1190275583913465, 
    5.511635816659556, 
    10.632145826624642, 
    1.8139300266768057, 
    1.0507702681033755, 
    1.6541577422576481, 
    12.215360378246249, 
    0.86430302281666949, 
    3.886767141338451, 
    1.3000660519934748, 
    9.6539668039141731, 
    5.6000428664649595, 
    15.362757875466885, 
    8.5919525355435553, 
    1.662172242832201, 
    1.886669306864748, 
    10.63210119515416, 
    1.7286084782448372, 
    13.374233676713621, 
    9.2987814902918924, 
    15.997061491431987, 
    12.349490861000231, 
    17.418183964258997, 
    8.1056172105747564, 
    13.290838337889358, 
    1.1340796297932245, 
    7.601288446178577, 
    1.429220563825222, 
    16.815085354811185, 
    10.959835791256863, 
    17.808527677868931, 
    5.6903223028390393, 
    10.74557419583012, 
    18.407015051580878, 
    1.3594937001593632, 
    12.232468329492265, 
    1.8319779606318143, 
    15.530016613843733, 
    10.183314944661355, 
    15.672043714571361, 
    12.062383403551065, 
    15.456500158876292, 
    0.8280594982214956, 
    2.0286317653277539, 
    1.1154267622542515, 
    0.98402397070336378, 
    1.4483883832762137, 
    14.364277430277703, 
    10.806890589224846, 
    16.298942454751277, 
    14.607958055042769, 
    2.015937466815704, 
    15.600044687673208, 
    7.0617162214719489, 
    1.1016927539074264, 
    1.4744848148983947, 
    1.9164880527871737, 
    12.665715643931362, 
    9.6369138399243965, 
    7.1973559211035578, 
    16.098235289572198, 
    2.3447619516202582, 
    11.811359590289861, 
    0.83534338271339093, 
    10.566262097649837, 
    9.6913218235358052, 
    1.0379912145176156, 
    13.241448886901658, 
    17.19937881737777, 
    1.3563521338471645, 
    5.6840081537554576, 
    1.3024425671735447, 
    16.640384438491914, 
    10.432106714732518, 
    11.322322602351175
  ], 
  "mae": 13.332921073344654, 
  "pearsonr": [
    0.57007318775532889, 
    5.9853935885223678e-10
  ], 
  "variance": 1.2071925014853442
}