{
  "regularization": 100.0, 
  "rmse": 17.008962438956246, 
  "epsilon": 1.0, 
  "mae": 12.064412917566601, 
  "pearsonr": [
    0.65140761891474863, 
    1.9419885736276178e-16
  ], 
  "gamma": 0.10000000000000001
}