{
  "warp_d": 6.8965672967992075, 
  "noise": 1908.296951542797, 
  "log_likelihood": -3229.7394376210377, 
  "nlpd": -3.7963146595513773, 
  "rmse": 10.200926577009303, 
  "weight_variance": [
    61.779313587586159
  ], 
  "bias_variance": 52053.97686691036, 
  "mae": 6.4562866549553304, 
  "pearsonr": [
    0.62105247590671242, 
    5.4432203051640317e-12
  ], 
  "variance": 39864.46033087943, 
  "warp_psi": [
    [
      5.5626846462681369e-309, 
      5.5626846462681369e-309, 
      -963.07618592733547
    ], 
    [
      5.5626846462681369e-309, 
      3.1063838671051088e-306, 
      164.45349858657056
    ], 
    [
      5.5626846462681369e-309, 
      7.0342020511223355e-59, 
      1035.3430045017451
    ]
  ]
}