{
  "log_likelihood": -4650.2778773775735, 
  "nlpd": 4.1281636422498034, 
  "rmse": 15.452156669500914, 
  "rbf.lengthscale": 2.1081647147058598, 
  "Gaussian_noise.variance": 115.16289913438123, 
  "mae": 10.651190615039001, 
  "pearsonr": [
    0.66966429569907304, 
    1.3599745351942068e-17
  ], 
  "rbf.variance": 309.49956077245014
}