{
  "noise": 86.7118739934167, 
  "log_likelihood": -3679.569078398897, 
  "nlpd": -4.1580998238872882, 
  "rmse": 14.863569184060898, 
  "lengthscale": [
    2.0969451940175055
  ], 
  "mae": 10.937673373957978, 
  "pearsonr": [
    0.69510469357793525, 
    1.0295679605148328e-15
  ], 
  "variance": 327.4377922572578
}