{
  "log_likelihood": -4525.260159623204, 
  "nlpd": 4.1090187254089816, 
  "rmse": 14.559275544643466, 
  "Mat52.variance": 148.68080426887752, 
  "Mat52.lengthscale": 1.9438269989603707, 
  "Gaussian_noise.variance": 99.9815545807244, 
  "mae": 11.067187550349113, 
  "pearsonr": [
    0.30147626328289223, 
    0.00063409511413699087
  ]
}