{
  "noise": 102.14704025115464, 
  "log_likelihood": -3565.234330058439, 
  "nlpd": -3.8726330224074594, 
  "rmse": 11.664955195950736, 
  "lengthscale": [
    2.6406380907760791
  ], 
  "mae": 8.6610416619249051, 
  "pearsonr": [
    0.5088388131294096, 
    6.4633140414369602e-08
  ], 
  "variance": 153.81611371660804
}