{
  "noise": 62.57467304557925, 
  "power": [
    0.37145626165070317
  ], 
  "nlpd": -3.9175398027415174, 
  "rmse": 12.182411115027035, 
  "lengthscale": [
    0.86715207797319294
  ], 
  "mae": 9.5608635744354444, 
  "pearsonr": [
    0.40189317317141865, 
    3.4047288245710172e-05
  ], 
  "variance": 221.89953942058582, 
  "log_likelihood": -3553.1652801453974
}