{
  "warp_d": 9.509667022701839, 
  "noise": 4781.81653271922, 
  "log_likelihood": -3408.4564229852317, 
  "nlpd": -3.8868423093939071, 
  "rmse": 11.495983472427369, 
  "weight_variance": [
    161.42476739270853
  ], 
  "bias_variance": 75645.65429962175, 
  "mae": 8.348791897013017, 
  "pearsonr": [
    0.60191718404980965, 
    3.5027033329174179e-11
  ], 
  "variance": 95222.80407604823, 
  "warp_psi": [
    [
      5.5626846462681369e-309, 
      5.5626846462681369e-309, 
      -5508.3746888355645
    ], 
    [
      5.5626846462681369e-309, 
      163.97967240328194, 
      -8129.6678864859405
    ], 
    [
      5.5626846462681369e-309, 
      1969.6767703057806, 
      -1293.8429691189365
    ]
  ]
}