{
  "noise": 0.2678470674511921, 
  "log_likelihood": -1164.2693098368193, 
  "nlpd": -411.3996276785324, 
  "rmse": 11.626865406816375, 
  "lengthscale": [
    1.4668135171552756
  ], 
  "mae": 8.8831362781685339, 
  "pearsonr": [
    0.51273872462669678, 
    4.9277863989377806e-08
  ], 
  "variance": 0.6959642266411756
}