{
  "noise": 0.28835772570340795, 
  "log_likelihood": -1177.5119443876201, 
  "nlpd": -512.08800118253032, 
  "rmse": 13.058229077918501, 
  "lengthscale": [
    1.4714300352438743
  ], 
  "mae": 9.5891110255255949, 
  "pearsonr": [
    0.68976702292457981, 
    2.0800740446472647e-15
  ], 
  "variance": 0.6976433166977978
}