{
  "noise": 108.25122629580216, 
  "log_likelihood": -3428.0749749012143, 
  "nlpd": -3.837228212980818, 
  "rmse": 11.205122640813297, 
  "mae": 8.0108963131728927, 
  "pearsonr": [
    0.59337907385693622, 
    7.7296428386225763e-11
  ], 
  "variance": [
    0.00014562164147706235, 
    0.00011196304425374512, 
    8.0985975902631289, 
    0.00014903678256646103, 
    11.706668636517927, 
    1.4996245236162546, 
    25.241425602458719, 
    0.00030034471715311063, 
    0.00019442704527699084, 
    21.535179082776313, 
    0.00013914488491696019, 
    3.3920182863412811, 
    9.0613125868514228e-05, 
    8.6025081370425023e-05, 
    0.00067155179539834728, 
    54.718365631476772, 
    1.0593393234288169, 
    0.00010137352647950261, 
    66.593345600319566, 
    13.362732977142935, 
    35.13403488074669, 
    0.60245381803135334, 
    1.7945737753388923e-05, 
    0.00030346937518048965, 
    2.3081436357290932, 
    7.6467075045690905e-05, 
    22.231687905115855, 
    8.5988647106409477e-05, 
    9.4738939838096705, 
    53.09024062310197, 
    36.2746450498611, 
    0.00021881546545905248, 
    20.968103816702396, 
    0.00051882124446856229, 
    0.00010236406521223516, 
    2.4608156628255999, 
    9.5168770326589579e-05, 
    5.3277430356684006, 
    2.0488741697239115, 
    8.131598045498527e-05, 
    13.497601696383896, 
    0.000124616152396925, 
    26.612083717015778, 
    0.00013015012353503148, 
    0.00036402998120097613, 
    0.15379876109185378, 
    7.1770787223735932e-05, 
    9.8110741329252225e-05, 
    7.5212391516471015e-05, 
    0.00016753169730211747, 
    0.00030528975989632142, 
    0.45768587456225118, 
    33.990210313139976, 
    57.459445883597461, 
    9.400982435415002e-05, 
    2.9197898871229793, 
    4.5364498799398207, 
    0.00017054346406775929, 
    5.9271164743939067e-05, 
    0.00031963951828836674, 
    4.1971087601209174, 
    40.837026794271637, 
    9.764248152455612e-05, 
    0.00011579285710697705, 
    0.00011742829932221969, 
    0.00010636117232939437, 
    29.464285099041874, 
    8.7565781808607727e-05, 
    2.5145541376049829, 
    1.8017686522942218, 
    0.00085523093829645476, 
    9.2103493818724216e-05, 
    3.4527424226958563, 
    6.1153017527030107, 
    1.9762326270836719, 
    0.00010459894709376536, 
    0.00014722959810096963, 
    4.7717195538165704, 
    43.27938195679404, 
    51.949294772340721, 
    0.0003278045471415363, 
    11.474946129773921, 
    7.3721670852223351, 
    15.839546879826997, 
    3.4223833678840387, 
    0.34632708166882753, 
    9.000743259282935e-05, 
    9.5539059020670195e-05, 
    10.091076219687173, 
    55.063757322561919, 
    8.4144371114940775, 
    0.00024707686311623722, 
    9.5414464061877486e-05, 
    8.9949595927661454e-05, 
    31.407120957075584, 
    8.4525729916168639e-05, 
    9.163777684890472e-05, 
    83.741518297953064, 
    7.2734766388990693, 
    0.00018090616228103547
  ]
}