{
  "regularization": 100.0, 
  "rmse": 13.320438911571555, 
  "epsilon": 0.001, 
  "mae": 10.513441251855086, 
  "pearsonr": [
    0.40449763461937421, 
    2.8894300819369057e-06
  ], 
  "gamma": 1.0
}