{
  "noise": 0.0754225677844042, 
  "log_likelihood": -1156.8160044875353, 
  "nlpd": -135.35989068957605, 
  "rmse": 10.42901219415225, 
  "lengthscale": [
    1.2753971134602757
  ], 
  "mae": 6.213762530278462, 
  "pearsonr": [
    0.62405626211168219, 
    4.017003302685083e-12
  ], 
  "variance": 0.8765410106576903
}