{
  "regularization": 100.0, 
  "rmse": 18.492557577300396, 
  "epsilon": 10.0, 
  "mae": 14.876621412585401, 
  "pearsonr": [
    0.57063455999219981, 
    5.7081019431421274e-10
  ], 
  "gamma": 0.10000000000000001
}