{
  "regularization": 10.0, 
  "rmse": 13.58579500845568, 
  "intercept": 5.1740792345493958, 
  "mae": 10.216951659957701, 
  "pearsonr": [
    0.70774357372615626, 
    1.8292212207764452e-16
  ], 
  "coefs": [
    -1.7684724253569448, 
    0.9336334351122636, 
    -3.5604120461249891, 
    -5.5988106907611543, 
    -1.639266778978568, 
    0.5658071213298419, 
    -2.7116241509501311, 
    -4.452858183753639, 
    -0.78839026417772118, 
    10.525207701399662, 
    2.2100351911507476, 
    -1.0408655180755206, 
    2.8553761849766612, 
    0.29055618367701214, 
    -0.91085263431638785, 
    1.8885029920942134, 
    -3.9867458476071009, 
    -1.3920715097350689, 
    -3.7744838187081897, 
    -0.10525064503438222, 
    3.8563412923711815, 
    1.1941508003595829, 
    5.6786602126568573, 
    -1.9607842858876816, 
    -2.4333027243308285, 
    6.7402829789731564, 
    2.043934611803865, 
    6.232313640637221, 
    0.98544758102989372, 
    7.0065390469923399, 
    3.9905223723781438, 
    -1.1978052226838631, 
    2.1930217954123896, 
    0.060310437113815847, 
    -3.4648815114171065, 
    -7.0519020666835912, 
    1.9336204540172517, 
    -9.27111283680388, 
    3.4244522131001065, 
    3.3924074366452728, 
    -2.0086900018556939, 
    1.2253565228607326, 
    -3.3288068750455908, 
    -1.6208434031662586, 
    6.7103347861659941, 
    -0.28346360869062248, 
    6.2805623915110793, 
    1.7427317819005501, 
    -0.47491733974151307, 
    2.1044937046879566, 
    -2.3581826503822532, 
    2.7499467742047785, 
    -1.4930554251620494, 
    2.6577478440917872, 
    -3.8243615654374032, 
    -2.1009193832569562, 
    4.5454567625552498, 
    -1.2729697376740834, 
    -1.4490626749582005, 
    2.809351217969954, 
    3.131214908131609, 
    3.5590814245276463, 
    -0.57437458120462481, 
    -1.2026983609814188, 
    0.52943692963857392, 
    3.6050139265934185, 
    -7.0381321606162155, 
    0.92611401985328867, 
    1.2306112143790946, 
    5.6123793711917758, 
    -2.4585125749657291, 
    -3.7983609036013024, 
    1.0703982294782897, 
    4.9631451281598897, 
    4.2149967461343856, 
    -0.6428165067488949, 
    5.2634146266318655, 
    -0.49981791458406483, 
    -3.4582307122482687, 
    3.1920838104989526, 
    6.6205490479452651, 
    -6.2793092560370161, 
    -7.9370232387660327, 
    1.9427674224751392, 
    1.162043613592926, 
    1.2351612558253933, 
    2.8886451138740306, 
    2.7889747774740803, 
    -2.5255557805644009, 
    -1.3380887942690662, 
    -1.1095644021873796, 
    5.1950960171601022, 
    -0.53538676321693734, 
    -1.5402678096847007, 
    -2.0627763354102542, 
    1.5114433854294225, 
    1.1114586174737842, 
    -1.0273308135579795, 
    0.77912567836238178, 
    -3.9452062349872561
  ]
}