{
  "warp_d": 0.16781066643465356, 
  "noise": 1.57266415568127, 
  "log_likelihood": -3683.543213285234, 
  "nlpd": -4.1445106621492833, 
  "rmse": 14.489021673250754, 
  "lengthscale": [
    3.1033177324769685
  ], 
  "mae": 10.546164910161957, 
  "pearsonr": [
    0.71222213772328991, 
    9.6992418615080055e-17
  ], 
  "variance": 14.42288598513003, 
  "warp_psi": [
    [
      6.7188477730995828e-08, 
      2.453410462437787, 
      1.366965017883859
    ], 
    [
      5.2471516790805192e-08, 
      0.37072415462365532, 
      -0.32955775382284541
    ], 
    [
      1.5768693568426016e-07, 
      5.8301466938108728, 
      5.4012382084205921
    ]
  ]
}