{
  "noise": 0.03760884918586091, 
  "power": [
    0.49378941912493424
  ], 
  "nlpd": -952.17587342042816, 
  "rmse": 17.586540974733815, 
  "lengthscale": [
    1.0241934556387129
  ], 
  "mae": 13.819935345885586, 
  "pearsonr": [
    0.54494913148346902, 
    4.5798469410417236e-09
  ], 
  "variance": 1.5644666030269572, 
  "log_likelihood": -1111.7775642825452
}