{
  "noise": 22.480416605280823, 
  "log_likelihood": -3255.8635462127563, 
  "nlpd": -3.3685807438181206, 
  "rmse": 6.0985151479932966, 
  "lengthscale": [
    1.3905428022379676
  ], 
  "mae": 4.3680911167236767, 
  "pearsonr": [
    0.48740482158968013, 
    2.7059964434215169e-07
  ], 
  "variance": 83.07563257332644
}