{
  "warp_d": 0.11668822770075328, 
  "noise": 0.38628163715387737, 
  "power": [
    0.015653318932018705
  ], 
  "nlpd": -3.6998027006061549, 
  "rmse": 9.6913984981269401, 
  "lengthscale": [
    0.47495619287179858
  ], 
  "mae": 6.6932495071514992, 
  "pearsonr": [
    0.71939812894480237, 
    3.4211577102748456e-17
  ], 
  "variance": 31.424717724705708, 
  "warp_psi": [
    [
      2.9060059635772894e-08, 
      1.5340902653618185, 
      -0.71747647610034859
    ], 
    [
      6.1929477718248273e-12, 
      0.0069133978759352739, 
      -1.5884569581154193
    ], 
    [
      1.5057851567867816e-15, 
      0.059253304275751699, 
      -4.1150378280191697
    ]
  ], 
  "log_likelihood": -3415.72044946677
}