{
  "warp_d": 0.21387471858495796, 
  "noise": 4.018474822671721, 
  "log_likelihood": -3658.1489316198163, 
  "nlpd": -3.8650945616003791, 
  "rmse": 11.653578804189419, 
  "lengthscale": [
    1.7157458216904202, 
    6.118810156363657, 
    6.5461379358404068, 
    9.2046753111583453, 
    12.093443725959432, 
    1.3121809762627503, 
    7.8618356010299202, 
    3.7019999312399787, 
    12.235049657370649, 
    1.1651854564379924, 
    7.3177607388485537, 
    11.176776966681546, 
    13.598744416934377, 
    10.12242287735719, 
    13.621420745238691, 
    12.757258710981816, 
    4.3375056315552349, 
    13.28642262902596, 
    8.8519202326299506, 
    10.331029329894305, 
    1.2231159227756581, 
    8.028061693565931, 
    11.295910142209737, 
    11.224599107795452, 
    12.106789886756093, 
    3.6214280968078434, 
    13.578293670139908, 
    3.414984948602819, 
    2.164894786354564, 
    1.9993113224589194, 
    8.215880283027861, 
    9.8943947772728666, 
    9.912410928636838, 
    11.258598284144997, 
    6.7512879306564706, 
    1.8589366750843597, 
    12.950472025597396, 
    2.8617953210383904, 
    4.5551326982953269, 
    7.1362263513021968, 
    7.723460503577031, 
    9.858497894140724, 
    8.7348825002567754, 
    13.077682070393051, 
    1.3254673581737948, 
    10.085751671917821, 
    1.8169102055149866, 
    10.733657431125691, 
    13.008497056162231, 
    11.534491576067651, 
    2.4278545582025801, 
    8.4667767665228322, 
    10.999980525178454, 
    10.740245416555496, 
    1.7048100717958463, 
    15.07165042259828, 
    4.4597302574411923, 
    9.7300088421644428, 
    14.222296833442938, 
    11.394157486906197, 
    12.523611557468197, 
    2.429648078310112, 
    11.957816342850379, 
    7.3032137130268309, 
    13.822684274482139, 
    1.4937985110257914, 
    8.3313156992975692, 
    10.541328499152923, 
    9.3297534704565894, 
    1.4546951147005143, 
    7.2978787126963969, 
    1.2330536860106684, 
    10.474633105824116, 
    12.367578281782913, 
    1.2504380205910537, 
    4.9986893596453514, 
    5.6763017755488487, 
    9.5157791105405849, 
    10.43499882028226, 
    1.4357143568933979, 
    1.1611788651636368, 
    1.6716976182481489, 
    2.932026469698453, 
    8.516329970456658, 
    14.337468122720056, 
    11.73582603438566, 
    2.572641487183243, 
    12.576102452697725, 
    6.9771083024337974, 
    12.089536174142522, 
    5.8217074826185939, 
    1.6812545815304183, 
    3.979614953216561, 
    10.316974448369498, 
    2.332790896739509, 
    7.3302525353467862, 
    11.830093775023931, 
    9.7561533359992243, 
    11.93441293574597, 
    2.414475118455143
  ], 
  "mae": 8.0714584232655913, 
  "pearsonr": [
    0.83446496502616618, 
    4.163943713286524e-27
  ], 
  "variance": 26.725737438604888, 
  "warp_psi": [
    [
      1.3144646693684453e-10, 
      0.19339302135852099, 
      -0.19373732345509848
    ], 
    [
      1.7763899157593986e-09, 
      2.0869343528282493e-07, 
      0.024913150522700617
    ], 
    [
      6.018044961378174e-11, 
      0.00061028127062877152, 
      0.28570744856236124
    ]
  ]
}