{
  "warp_d": 0.31977415337324266, 
  "noise": 12.914589696129658, 
  "log_likelihood": -3551.388573915803, 
  "nlpd": -3.7625537367854305, 
  "rmse": 10.070453964983972, 
  "lengthscale": [
    2.9388412801992074, 
    14.72836759587134, 
    6.4352883095984854, 
    13.829552827275151, 
    2.0746858146579052, 
    21.419930050525071, 
    19.171862255765618, 
    1.6951802493629193, 
    14.387283502982918, 
    11.349229849450783, 
    19.50148275564667, 
    15.211747766059322, 
    17.384766380564919, 
    17.409039086357335, 
    2.6849249258559804, 
    17.607091831953465, 
    15.202054165532891, 
    18.895620676438725, 
    16.974744326941217, 
    21.86230018156629, 
    18.027286707345066, 
    12.478950609679528, 
    3.689518916810834, 
    18.164735774074032, 
    19.153226771878685, 
    13.477437033369604, 
    18.34191989825004, 
    15.952998174529601, 
    20.654243072040657, 
    7.7599658080469958, 
    17.929234567526841, 
    9.3906732524934746, 
    11.312787714389717, 
    6.841678392892014, 
    19.606113958669617, 
    17.031050867496262, 
    10.12963595034075, 
    20.573058244741691, 
    2.9164923151446525, 
    15.80820247558375, 
    7.0320917980284579, 
    16.637589858281391, 
    22.386098289343003, 
    15.841675709459803, 
    6.7463101353701216, 
    19.061385618507096, 
    18.542575686905543, 
    14.945315115246109, 
    19.116080405223464, 
    22.417285358938056, 
    16.433826838462071, 
    18.496673084011061, 
    15.078033102528547, 
    17.206699167684619, 
    10.94107923711918, 
    30.406294386876596, 
    7.7171642774496361, 
    22.869665540353832, 
    23.7844852327, 
    14.13139865830761, 
    18.650688444021384, 
    10.73958820951043, 
    4.4826301603026657, 
    15.738875685741268, 
    11.012534915358167, 
    16.28179302615878, 
    5.320308548796854, 
    1.55953338050274, 
    21.327117729869755, 
    17.635478585394115, 
    4.7008558027934351, 
    11.518448904327538, 
    1.1976360075331776, 
    17.17573332631417, 
    15.889504163931118, 
    17.218544937209703, 
    18.99064960673973, 
    4.1110834413222044, 
    18.348700798319172, 
    17.072773669671996, 
    15.168754506243648, 
    5.8589482135346316, 
    16.269843750240415, 
    16.8921059782319, 
    16.374788431065337, 
    14.763047491477671, 
    16.675204104217787, 
    20.604174406750474, 
    17.367939027672826, 
    15.850575514518228, 
    4.8975439815003803, 
    14.901839633674266, 
    4.0628819915187782, 
    18.337463485753982, 
    16.374800977508389, 
    19.641789633375673, 
    3.8277293505245522, 
    1.6938553689624856, 
    18.923472238950303, 
    19.159715955034791
  ], 
  "mae": 8.071782544768924, 
  "pearsonr": [
    0.35464872847653695, 
    0.00029423973374690537
  ], 
  "variance": 50.92972458825828, 
  "warp_psi": [
    [
      1.4779924465223427e-37, 
      5.8611353716774476e-05, 
      -0.62255203788619562
    ], 
    [
      5.2587757356059805e-44, 
      0.1510007419768169, 
      2.0601360744212744
    ], 
    [
      5.740423362053217e-30, 
      1.6376965999578408, 
      -1.4938598311950935
    ]
  ]
}