{
  "noise": 43.22564158413307, 
  "log_likelihood": -3245.6425584530916, 
  "nlpd": -3.5894578108111688, 
  "rmse": 8.6838086832858394, 
  "weight_variance": [
    736540.48504079168
  ], 
  "bias_variance": 122545.12276572743, 
  "mae": 5.5553484227968442, 
  "pearsonr": [
    0.68935349204891461, 
    2.1951670303819904e-15
  ], 
  "variance": 105.04463636468888
}