{
  "pearsonr": [
    0.43110283808052358, 
    5.1971780083356434e-07
  ], 
  "nlpd": 3.586882105125762, 
  "rmse": 8.8768491625063639, 
  "Gaussian_noise.variance": 43.08772191530186, 
  "mlp.variance": 220.49190030065014, 
  "mlp.weight_variance": 6443385.312862228, 
  "mae": 6.0130926553626152, 
  "log_likelihood": -4247.430625098711, 
  "mlp.bias_variance": 1185892.206698787
}