{
  "noise": 0.13581534631751924, 
  "log_likelihood": -986.5947606425049, 
  "nlpd": -309.56520367449315, 
  "rmse": 12.483555170855457, 
  "lengthscale": [
    30.490591942831415, 
    52.343326639422131, 
    48.565252644516143, 
    30.884383684524892, 
    45.720497289196253, 
    56.197741615325675, 
    0.56643292497323205, 
    2.1795197126257921, 
    38.143988148707358, 
    0.436802692597486, 
    34.282628625955866, 
    45.350756800279264, 
    41.481661494488108, 
    0.77170387234637305, 
    0.76017922352459633, 
    0.42148933946446177, 
    2.2764436583430312, 
    39.752193296512175, 
    0.66616450047244524, 
    0.97604716376429201, 
    0.95210177042647293, 
    34.092165554070164, 
    41.763723145912763, 
    0.43339697788824894, 
    51.330338505333437, 
    47.177457235361892, 
    21.288590763895616, 
    34.545098946003051, 
    14.990809191676096, 
    1.1560171385243658, 
    1.0276918593961319, 
    13.889538322277382, 
    38.485133525935389, 
    35.955595503817854, 
    52.202666260780433, 
    20.988179329215068, 
    31.951332923818494, 
    46.015293725539216, 
    36.271006412438908, 
    6.5374241366702517, 
    1.8152393847944706, 
    36.29384156914815, 
    42.715055531138191, 
    33.04521270548674, 
    20.58356298880906, 
    24.139721119112771, 
    34.28131955070323, 
    33.105852492309992, 
    35.462337584618986, 
    31.854304687022939, 
    21.097151457295254, 
    37.001175855236909, 
    1.7703991628411084, 
    41.611898823627563, 
    36.50417422758769, 
    64.958909834260794, 
    48.407002090442468, 
    50.870212191236682, 
    49.564419297875048, 
    38.643953286101954, 
    1.9918406906391781, 
    46.979245226415969, 
    42.192759949404234, 
    22.87090027989403, 
    44.404232297094282, 
    17.940842607668575, 
    0.66836864612100544, 
    1.3738522546458807, 
    36.857388326549525, 
    26.692143889447923, 
    36.871902931379438, 
    32.70171169118619, 
    0.64984228355993734, 
    26.36889288393504, 
    17.11444890247623, 
    41.475524655220568, 
    21.308207474750116, 
    26.917492756557529, 
    26.733292145195982, 
    1.1544207810261764, 
    40.35047306131915, 
    0.82825753104807187, 
    49.68550203395894, 
    40.90486593885646, 
    50.146438111776213, 
    20.739495822764887, 
    45.222669346991111, 
    41.669290266039503, 
    33.205948396381217, 
    1.5442519268550592, 
    21.053742482483432, 
    25.121726283913663, 
    42.157482409728551, 
    39.290723456585496, 
    1.3551946331075178, 
    26.533811464255738, 
    45.030897805217357, 
    0.82643665133220745, 
    41.146867133915549, 
    23.723217144189228
  ], 
  "mae": 8.7675849600689233, 
  "pearsonr": [
    0.51210942548662475, 
    5.1494491638099326e-08
  ], 
  "variance": 0.7299006685292437
}