{
  "noise": 0.06475972021357337, 
  "log_likelihood": -1065.5861263695115, 
  "nlpd": -806.43219150307482, 
  "rmse": 20.004815693024042, 
  "lengthscale": [
    0.94714990725183212, 
    28.261567926665929, 
    23.38487440187426, 
    1.9200147449862448, 
    1.6219194641657944, 
    2.308953181864811, 
    12.890924092245756, 
    30.293615000887623, 
    2.3064533212565359, 
    3.0761961272686098, 
    37.40582834810953, 
    1.6848283221430838, 
    27.708289854761372, 
    36.971943368311514, 
    1.3387745953300407, 
    1.2766575038338295, 
    21.77710702602694, 
    1.3134507882749282, 
    45.644275302216002, 
    42.355177173055431, 
    2.2773860227488574, 
    25.719427043270493, 
    0.79270509688441204, 
    27.751438862297224, 
    2.9410295605077974, 
    32.400601865313618, 
    28.740953448775006, 
    1.0712492208437003, 
    1.4631948930408853, 
    1.6575480764823614, 
    1.8395693357965051, 
    28.98412406876739, 
    32.511060653816514, 
    2.3941614486174387, 
    3.2078978709544761, 
    24.320684253214733, 
    3.9415141594762795, 
    30.277971710235132, 
    37.428767768949243, 
    20.101028329265823, 
    1.7110785226452021, 
    1.1218903663975195, 
    3.2139079399731028, 
    30.32197901595466, 
    26.736866771435519, 
    38.474224274677461, 
    42.824259803351779, 
    39.580875608931962, 
    1.0827407784496805, 
    39.591866054177608, 
    1.1112264918739787, 
    25.796901704900673, 
    0.79489296367286444, 
    45.938200936324847, 
    28.389521258456362, 
    27.965101159832951, 
    33.568983085593089, 
    14.179515355569707, 
    41.608712180353677, 
    1.0069557904040827, 
    3.8439329845962953, 
    1.2978823315825498, 
    35.616384051992092, 
    36.418024354488061, 
    41.09454159752552, 
    22.024371947070662, 
    39.168063584935695, 
    0.69215614209319698, 
    12.78069583020136, 
    0.85537344682561867, 
    1.6791558049635815, 
    1.2279187145249879, 
    22.442186761942413, 
    38.45186578546587, 
    33.955066316707466, 
    37.528879752290926, 
    1.8541312770586473, 
    40.90975995243349, 
    26.666207660022891, 
    0.91478647079664011, 
    1.4673162764082541, 
    25.044209345957476, 
    6.6742969310559115, 
    27.512965942205973, 
    25.808494962251796, 
    31.766847177626659, 
    1.2456810214135836, 
    1.9962580813483699, 
    0.81594179412695367, 
    38.94800920309725, 
    4.2159936394170225, 
    0.81569175618840661, 
    28.57304789518804, 
    34.011815420392445, 
    1.0739161455596127, 
    6.5053452775427134, 
    1.5050680101262848, 
    43.544279482897238, 
    30.013464811067976, 
    14.347408248821539
  ], 
  "mae": 16.058122964670659, 
  "pearsonr": [
    0.48285473590527977, 
    3.6221371704564575e-07
  ], 
  "variance": 1.2286406366296503
}