{
  "noise": 0.2655415286296209, 
  "log_likelihood": -1159.3001622810502, 
  "nlpd": -67.77838572648723, 
  "rmse": 8.7921070324458146, 
  "weight_variance": [
    440838.68684624985
  ], 
  "bias_variance": 43853.04678721347, 
  "mae": 5.823387315531118, 
  "pearsonr": [
    0.27034861811409672, 
    0.0065213003491720548
  ], 
  "variance": 1.5842480212420853
}