{
  "log_likelihood": -4556.940199431498, 
  "nlpd": 3.9115797764624611, 
  "rmse": 11.873896877572797, 
  "rbf.lengthscale": 2.808967891404585, 
  "Gaussian_noise.variance": 161.0268415837916, 
  "mae": 9.405483166721389, 
  "pearsonr": [
    0.55187298638725302, 
    2.5438063148358964e-11
  ], 
  "rbf.variance": 110.21517690147924
}