{
  "lengthscale": [
    2.000317961585198
  ], 
  "noise": [
    39.21103489199983, 
    33.068803232745225, 
    38.477533243347835, 
    53.126994677395764, 
    38.15928042045477, 
    71.94784122057064
  ], 
  "kappa": [
    3.6778494830092296, 
    1.6585975040696077, 
    26.336329697911307, 
    34.375562408766605, 
    6.343780049876044, 
    13.904239235335714
  ], 
  "log_likelihood": -21308.45865696866, 
  "joy": {
    "mae": 14.936007345149962, 
    "nlpd": 4.4164029537110503, 
    "pearsonr": [
      0.54911987782704541, 
      3.3049618923023634e-09
    ], 
    "rmse": 19.107348909301578
  }, 
  "W": [
    [
      1.3548252392384215, 
      -2.9723181637779788
    ], 
    [
      1.2201139567278134, 
      -2.1732460285637245
    ], 
    [
      -1.140019935023076, 
      -2.106913097830343
    ], 
    [
      1.878566300621882, 
      3.7639676880769333
    ], 
    [
      -4.6186319081197746, 
      -4.5264842471307105
    ], 
    [
      0.37439815178147379, 
      0.86683467268212189
    ]
  ], 
  "sadness": {
    "mae": 12.691583237066366, 
    "nlpd": 4.3043189341531889, 
    "pearsonr": [
      0.60566234837911792, 
      2.456891751173939e-11
    ], 
    "rmse": 17.180832628320527
  }, 
  "disgust": {
    "mae": 5.2699548641338829, 
    "nlpd": 3.5460868441585509, 
    "pearsonr": [
      0.70782062481964214, 
      1.8095463862105794e-16
    ], 
    "rmse": 8.3250296427935115
  }, 
  "variance": 10.877581910194651, 
  "anger": {
    "mae": 6.6697413950756035, 
    "nlpd": 3.6762211936293419, 
    "pearsonr": [
      0.63077569521602073, 
      2.0115922627630204e-12
    ], 
    "rmse": 9.3706099812990242
  }, 
  "surprise": {
    "mae": 9.7167335496530765, 
    "nlpd": 3.9583882745239745, 
    "pearsonr": [
      0.37279180342566265, 
      0.00013361642976943006
    ], 
    "rmse": 12.570356466159319
  }, 
  "fear": {
    "mae": 8.445851460636904, 
    "nlpd": 3.9265463478650302, 
    "pearsonr": [
      0.74384256296176976, 
      7.603200160809666e-19
    ], 
    "rmse": 11.854708351350538
  }
}