{
  "noise": 0.18634266397084337, 
  "log_likelihood": -963.1384203976685, 
  "nlpd": -881.49850675981361, 
  "rmse": 14.648843993319325, 
  "lengthscale": [
    1.8680228726356998
  ], 
  "mae": 10.777774663759633, 
  "pearsonr": [
    0.70477357392767825, 
    2.7678828752998092e-16
  ], 
  "variance": 0.6781969947487236
}