{
  "noise": [
    113.8556686808849, 
    80.31158469341615, 
    204.13411339301032, 
    313.9044601334986, 
    287.56665813775777, 
    152.4728805526502
  ], 
  "kappa": [
    8.074888468172107, 
    0.0034129992155501514, 
    35.214964145917136, 
    72.73820142498788, 
    79.06058657791118, 
    53.61691650050541
  ], 
  "log_likelihood": -21848.744645243092, 
  "joy": {
    "mae": 15.187788371462027, 
    "nlpd": 4.3104837145812711, 
    "pearsonr": [
      0.46065897945376255, 
      1.4163576045406269e-06
    ], 
    "rmse": 18.017757450475663
  }, 
  "W": [
    [
      -1.8190132658119755, 
      5.3934902208713531
    ], 
    [
      0.47780114737979196, 
      3.9889543936749643
    ], 
    [
      -7.2171167668456011, 
      4.6158577094732633
    ], 
    [
      6.844251910936169, 
      -6.3384801266034323
    ], 
    [
      -8.2256687011993446, 
      6.0807341713123355
    ], 
    [
      2.497634334222592, 
      0.050152125511076243
    ]
  ], 
  "sadness": {
    "mae": 13.374997840445749, 
    "nlpd": 4.3024362254223947, 
    "pearsonr": [
      0.58170321615964826, 
      2.1992004071529988e-10
    ], 
    "rmse": 17.862508430415971
  }, 
  "disgust": {
    "mae": 5.4330941915064992, 
    "nlpd": 3.4110258220902732, 
    "pearsonr": [
      0.35966532912387111, 
      0.0002376453861293923
    ], 
    "rmse": 6.8464920553823969
  }, 
  "variance": [
    0.15590561613741552, 
    8.2923230923326422e-06, 
    2.6850773005950664e-07, 
    0.15226821532146842, 
    0.32456029335904724, 
    0.16441075457904072, 
    0.27444262026520727, 
    0.40919089582468055, 
    0.092613883119247536, 
    0.51970874572631176, 
    8.1208129500323687e-07, 
    0.090307603162683076, 
    2.7528235779233063e-05, 
    2.892584918270125e-05, 
    2.6499991167323919e-06, 
    7.2702751986438989e-08, 
    0.061990651878815015, 
    3.0680795247857727e-06, 
    0.32864489524758139, 
    0.27473377161315826, 
    0.10287778649051106, 
    1.7402331392199986e-07, 
    0.26714673713178, 
    0.23645801901008548, 
    4.1636296021431368e-07, 
    1.6505067978489413e-05, 
    0.18270536241183513, 
    0.15223534284066148, 
    1.7803286818333394e-09, 
    0.52730912299343191, 
    0.3286771897236348, 
    2.0483703547960589e-05, 
    1.4373540252018836e-05, 
    0.22451893143489954, 
    0.21154596612825211, 
    1.5704815508462298e-06, 
    1.7346622277125806e-08, 
    0.28133406869434036, 
    0.018575926828969667, 
    0.00019096092909851996, 
    0.1520276382799802, 
    0.033484942235905556, 
    0.072548799044027196, 
    7.5916738153203556e-05, 
    0.27768055999857771, 
    0.16125902443886458, 
    0.035061092164148974, 
    0.12498721707486006, 
    0.12824452097377287, 
    0.10049956148184966, 
    0.24802270491511202, 
    6.5977268344284524e-08, 
    1.5170575859419071e-08, 
    0.59093699507370889, 
    4.0660091274409282e-05, 
    0.20659966615153688, 
    0.39440896608164705, 
    0.032008672292567431, 
    1.2813559214222351e-06, 
    0.27512327484350957, 
    6.37749205125752e-08, 
    0.51260953001669596, 
    0.30376375127955618, 
    1.4258296332909338e-05, 
    0.31932817421845172, 
    0.15095736739689022, 
    0.76149367196459039, 
    0.27349940721539129, 
    0.11888877369437531, 
    0.048390814027856763, 
    0.62563896049795475, 
    0.15374432397002027, 
    6.6194926264937457e-06, 
    0.55963113162022315, 
    0.32507325276804833, 
    0.059123849135242691, 
    0.20095415263254332, 
    5.2836688982690464e-07, 
    0.12069549604550092, 
    0.16156031456608691, 
    0.21755093840208092, 
    1.0564356388778453, 
    0.58133329465467476, 
    8.4139415313013176e-05, 
    0.50727453026653013, 
    8.0188339228411866e-05, 
    0.17209897655445996, 
    4.141487687504353e-05, 
    0.27926417077165666, 
    0.30147579053584544, 
    0.3286017457418946, 
    3.154622575783622e-06, 
    7.4169160454931247e-07, 
    5.064265536498386e-06, 
    1.1856019058784852, 
    0.067719012169708437, 
    0.59014901872999193, 
    0.96344036163726132, 
    7.8892170622938557e-07, 
    0.15096655893864264
  ], 
  "anger": {
    "mae": 8.037287202833248, 
    "nlpd": 3.830353134560641, 
    "pearsonr": [
      0.60031576078823101, 
      4.0705467797748739e-11
    ], 
    "rmse": 11.142631723735253
  }, 
  "surprise": {
    "mae": 10.856347027668763, 
    "nlpd": 4.0338273834567016, 
    "pearsonr": [
      0.43002607574103557, 
      7.9993530733071082e-06
    ], 
    "rmse": 13.59379324511203
  }, 
  "fear": {
    "mae": 12.175527257747374, 
    "nlpd": 4.2037708374464176, 
    "pearsonr": [
      0.70410578451361261, 
      3.0358973984286065e-16
    ], 
    "rmse": 16.051412272840789
  }
}