{
  "noise": 42.02166392954117, 
  "log_likelihood": -3631.3726590143347, 
  "nlpd": -4.3002098354133755, 
  "rmse": 15.643963640084618, 
  "lengthscale": [
    1.4523185403704828, 
    2.7140906306385766, 
    7.8783954943010688, 
    1.5000601473030217, 
    8.2186241815688543, 
    1.2402396625151133, 
    23.72584486017033, 
    6.5915347889499243, 
    15.369307820713178, 
    0.92178884574310116, 
    15.610727690077249, 
    13.622830893110089, 
    17.807828765620364, 
    10.60135564637117, 
    16.334520989796815, 
    18.0694444260605, 
    1.738023798848912, 
    5.0250865697936895, 
    1.725414994084906, 
    16.772314144164952, 
    1.157484184669628, 
    15.612544511097983, 
    11.354426821956203, 
    7.4905411855066344, 
    5.7125543585060283, 
    2.0416759169696213, 
    18.893742559413692, 
    1.4109618927934759, 
    14.008692472857016, 
    1.5946698765604044, 
    1.7141504195523249, 
    1.7369909440521836, 
    29.028230363223102, 
    16.134796078474803, 
    14.644355518450991, 
    1.7885615563987289, 
    13.961628632466917, 
    1.5628258482270581, 
    0.96370614594403126, 
    0.72724769580178084, 
    0.93299392859148744, 
    13.645486400085666, 
    1.0972127919788419, 
    14.370095022979626, 
    1.1745622594431477, 
    16.024197106302218, 
    1.1528757225371469, 
    15.711970802447787, 
    12.296252084250082, 
    18.802443558119936, 
    9.3826838270444686, 
    0.89734511786020432, 
    18.472848721297861, 
    1.668391064999946, 
    10.078227051838642, 
    22.36923427696555, 
    6.9947375726841088, 
    15.818950681816961, 
    12.012702749033599, 
    6.5003110785950211, 
    25.591394795830503, 
    1.4163903329973384, 
    16.022792180837953, 
    3.6925430996074882, 
    15.062502585549058, 
    0.58106351669684553, 
    1.2573411226198772, 
    20.554931969249434, 
    2.2891547845721112, 
    2.0418128737431127, 
    15.546891406283294, 
    43.170373589306607, 
    16.029128199054163, 
    6.9979933600065412, 
    13.059139506804167, 
    14.767844283398446, 
    6.6507153156423779, 
    14.627692274248728, 
    4.5165246119386682, 
    11.224877087545789, 
    0.68988229577156324, 
    2.2396136373984681, 
    0.93024952458792187, 
    12.912174479552309, 
    14.828226410706137, 
    11.066010928443861, 
    1.111336103011753, 
    15.607695632959253, 
    20.874417258279504, 
    17.226536396472234, 
    10.795571665689446, 
    50.991606112919428, 
    1.8208488802293123, 
    20.210378349668172, 
    1.7880500166677424, 
    15.564411079343202, 
    0.87799255130721199, 
    9.3807980106675224, 
    17.190157632292426, 
    8.2139512098151002
  ], 
  "mae": 11.24386039643875, 
  "pearsonr": [
    0.65490198869049221, 
    1.4536472277171912e-13
  ], 
  "variance": 268.61349658751345
}