{
  "warp_d": 0.0711013567815074, 
  "noise": 0.5667441147047112, 
  "log_likelihood": -3472.2707515292514, 
  "nlpd": -3.7054619243356854, 
  "rmse": 9.6681544201380607, 
  "lengthscale": [
    16.003559753494226
  ], 
  "mae": 6.7960074024640189, 
  "pearsonr": [
    0.57483861687977589, 
    3.9900210165719754e-10
  ], 
  "variance": 11.769739080203346, 
  "warp_psi": [
    [
      6.3701864754268957e-05, 
      0.5768903667570181, 
      1.3315197821924278
    ], 
    [
      5.5791473994853162e-05, 
      1.9227775835385719, 
      0.89023846329887313
    ], 
    [
      4.5662299416684382e-09, 
      1.1548242092732264, 
      0.045546569646187807
    ]
  ]
}