{
  "noise": 80.24447244825899, 
  "log_likelihood": -3303.185366521998, 
  "nlpd": -3.3862037745513009, 
  "rmse": 6.4290318504483643, 
  "mae": 4.9326430235919991, 
  "pearsonr": [
    0.4116043764984611, 
    2.0954831867993556e-05
  ], 
  "variance": [
    4.1248849436732211
  ]
}