{
  "noise": 0.1671351785085417, 
  "log_likelihood": -989.5149139463017, 
  "nlpd": -667.13439799600474, 
  "rmse": 11.46138761939649, 
  "lengthscale": [
    2.0905366585893206
  ], 
  "mae": 7.4989418090027984, 
  "pearsonr": [
    0.84532333596522002, 
    1.9762615358557649e-28
  ], 
  "variance": 0.7560698217237258
}