{
  "warp_d": 0.22546965919712542, 
  "noise": 1.2827877156930956, 
  "log_likelihood": -3839.3440174798134, 
  "nlpd": -4.2021083368596575, 
  "rmse": 15.764262723825516, 
  "lengthscale": [
    1.0383836828675905, 
    2.1549538570686333, 
    1.2849066033760614, 
    2.3078922526733412, 
    1.4463801150429965, 
    3.9149394755059661, 
    0.62032311853481703, 
    9.8148618066421545, 
    5.076867780501428, 
    1.6053750131030309, 
    6.3236433166831132, 
    1.2162087669396897, 
    11.933046191030803, 
    10.726790552947129, 
    8.4381878645832789, 
    5.412972391774856, 
    1.8707762220635948, 
    1.1840378700449374, 
    14.244886494523596, 
    11.215339901443466, 
    9.1763398267452736, 
    2.843254875762105, 
    1.4167715596575987, 
    6.2993576885494518, 
    1.0911949882866485, 
    1.4171227714898875, 
    1.1158603099795628, 
    1.691616737249503, 
    2.4677593140156402, 
    0.96231710907312118, 
    2.0872099110190985, 
    8.0819857510373794, 
    3.2111753740577975, 
    3.5857447526895569, 
    2.6380526186013697, 
    8.2575617282204181, 
    10.250747882278674, 
    9.0262567005262291, 
    5.3602245507710817, 
    0.85387755407131682, 
    2.4285491034303952, 
    0.95825138210469996, 
    2.5233663014355039, 
    6.0111285476801628, 
    8.1184220586415421, 
    12.782938604609244, 
    9.856147170762533, 
    11.163713373114867, 
    3.2652093327100755, 
    3.3624015361200343, 
    3.12838971845673, 
    3.0999050443163245, 
    9.0484298470653002, 
    11.285666373419449, 
    3.1245061296187213, 
    13.037765536982906, 
    3.9238582496006615, 
    2.0531486664372971, 
    11.836323652910034, 
    1.4344373666127772, 
    11.926393339627012, 
    1.2447482472026803, 
    9.2148453959961767, 
    10.805418075327889, 
    10.780749239161322, 
    8.4785756229378926, 
    9.0105308848038845, 
    3.4722917124371437, 
    4.60154759576118, 
    1.2664589168109335, 
    1.2625470220061661, 
    4.6515180112718229, 
    10.916437310912, 
    11.575844279605883, 
    10.668739970943234, 
    8.8982105691198257, 
    1.6925581886399472, 
    11.311313677967229, 
    10.122773442654411, 
    1.998052279925518, 
    1.7021781003307019, 
    1.8063058373337699, 
    9.7166070635304944, 
    8.8677765211956103, 
    1.4917726370778879, 
    11.879023669625838, 
    2.021122695064022, 
    2.3561176422619075, 
    0.81734268200738036, 
    12.107217379077658, 
    1.2459754480063894, 
    1.0978974276418774, 
    9.7619253261190213, 
    11.635292557716294, 
    1.2545109950007145, 
    3.0298339015507714, 
    1.3084590931475284, 
    10.98256882890402, 
    10.836869557245674, 
    2.9723202349545685
  ], 
  "mae": 12.750476271782214, 
  "pearsonr": [
    0.58604082931339263, 
    1.4985352918388255e-10
  ], 
  "variance": 35.88767593866371, 
  "warp_psi": [
    [
      2.7243649077865693e-10, 
      0.17391392592964477, 
      2.2815420915946096
    ], 
    [
      1.1802009514498721e-16, 
      2.4007852129038994e-16, 
      -0.26055601317162241
    ], 
    [
      3.0224395068972403e-13, 
      0.60101284723929593, 
      -0.19821090812618211
    ]
  ]
}