{
  "regularization": 10.0, 
  "rmse": 8.8818100735016845, 
  "intercept": -0.49470253390072649, 
  "mae": 5.9912374458537911, 
  "pearsonr": [
    0.23484398943176407, 
    0.018677419210557312
  ], 
  "coefs": [
    -1.0641799811518471, 
    0.35604389960791583, 
    -0.96441278964418531, 
    -0.61674819745601506, 
    0.5734767342529693, 
    1.5737320880343739, 
    0.035488440092246096, 
    0.21314292078617941, 
    1.5830794493918399, 
    3.4556639218848746, 
    0.65050983589830191, 
    1.1942736036908601, 
    -2.5160020956900842, 
    2.0922229209040699, 
    -0.66379714572366566, 
    2.0325026045756682, 
    0.86347382097825831, 
    0.31944393691034517, 
    -2.1141354372754391, 
    0.99322414557943572, 
    1.3520191394970076, 
    0.67986035516939736, 
    0.5946060701529069, 
    0.23192886729415441, 
    0.12827777923261338, 
    0.13696350444148894, 
    2.538554292110061, 
    0.309714352583008, 
    -0.22316102586718772, 
    2.9387430557471181, 
    4.9712112453216823, 
    -0.98911318933649583, 
    2.2518070879034391, 
    -1.6316597220424596, 
    -0.087612903750976259, 
    -1.7606389131858768, 
    -1.1432822497499271, 
    -1.7184037859778847, 
    -1.0610127661983457, 
    -0.019857659604852234, 
    -1.2245766119320696, 
    0.34254359489532743, 
    0.36074414810241984, 
    -1.4100854349142877, 
    -0.78709201468740642, 
    -1.5240546808606625, 
    0.73039634794053576, 
    1.0954872130431661, 
    0.62839990127633283, 
    -2.8529070405050119, 
    -0.74084921983774066, 
    1.4986393648556309, 
    -3.1574821915080702, 
    3.0403736687303691, 
    -2.4748433290709677, 
    1.1856698981433647, 
    -0.7430560422784751, 
    -1.2637049407611698, 
    2.6848493314279529, 
    1.0861839754348435, 
    -0.14477959478619293, 
    -1.1566579906683232, 
    -1.1254521071596337, 
    -2.3345875776875262, 
    -1.862113002796602, 
    -1.3092161823260802, 
    4.7386828970834776, 
    0.04218580913091307, 
    -0.4069295881268265, 
    1.1152796018116207, 
    0.26788148508389281, 
    -2.4893268157106418, 
    0.70755830737065517, 
    3.3461367644580227, 
    -1.2604992828085086, 
    1.6570580052157025, 
    -0.1237553191944272, 
    0.92426199180159141, 
    -0.69502672938792631, 
    0.2920465802675164, 
    0.77329049525598392, 
    2.3026283389181108, 
    1.501569650874927, 
    0.43803647293755266, 
    -2.4502839851361649, 
    -2.5114348370347992, 
    1.1433754260711815, 
    -1.2570103565277215, 
    1.6828076992083547, 
    -2.4810418154592604, 
    -0.75657697425659709, 
    -1.5284970343965465, 
    1.0594684887760148, 
    -0.44663286792886797, 
    7.6160009288733539, 
    -1.1659648633731368, 
    -4.1575094807854232, 
    1.5071991038484915, 
    0.45555971391446837, 
    -1.1287189441841172
  ]
}