{
  "regularization": 10.0, 
  "rmse": 12.499475896943734, 
  "intercept": 2.6281246962114038, 
  "mae": 8.6084791889455818, 
  "pearsonr": [
    0.56540161738685946, 
    8.8519262799596177e-10
  ], 
  "coefs": [
    0.0076570990330627753, 
    0.21952006398683788, 
    -3.3706937532969095, 
    -0.77677165724275909, 
    -3.454354244420581, 
    1.8501394841238648, 
    -4.288709078472837, 
    -1.754168842110722, 
    0.67420156685512489, 
    4.8240667422816932, 
    -0.12373862142705983, 
    0.63403730233635169, 
    0.57925766559469916, 
    -1.4850699983136419, 
    -4.4948977033141091, 
    2.7564740632022033, 
    -1.9628166251695116, 
    -0.034204332540653026, 
    -7.2836092881218146, 
    0.90803160630024227, 
    3.9961187352486158, 
    -1.8076143684712211, 
    2.7327588453197387, 
    1.1703121144504582, 
    4.129375053822641, 
    0.79835160057276533, 
    1.7976196971364846, 
    -0.90877064032329768, 
    2.3629166146970335, 
    3.9913739462577604, 
    3.8303570052313698, 
    2.0985671050996308, 
    3.4244312334327902, 
    -1.8130853593522585, 
    -1.0755879266231314, 
    -0.42070082313295126, 
    0.73426622497760796, 
    -2.3290473313154267, 
    3.513401029767484, 
    0.09021501008074484, 
    -2.8222787650101759, 
    -1.4502272735698458, 
    -2.6608554480638285, 
    0.80439145963230241, 
    0.76082533796921803, 
    -1.5036794710617742, 
    0.16307482174637833, 
    -1.5888205565909992, 
    -1.5819390192984357, 
    2.0057695741757993, 
    1.6011944751203961, 
    2.3314880185658984, 
    -2.3299337775690172, 
    3.6876890949347407, 
    0.78193342269183708, 
    2.3249631562574278, 
    1.5752934709758464, 
    -0.67120665603251284, 
    -0.50567341963094647, 
    -1.1422525524087672, 
    1.4789376436369779, 
    -2.7567747860099234, 
    -0.56554920075434101, 
    -1.7795800497569001, 
    0.10144532793233207, 
    1.7736852808007775, 
    3.3895194409541838, 
    -0.18221539116369134, 
    -0.60948517186761075, 
    2.9749506238301544, 
    1.6675631888839957, 
    0.63104067958644838, 
    -1.779235460960247, 
    2.4466917821201979, 
    -2.2220834248529426, 
    -0.7264919817083737, 
    1.4512728159570143, 
    1.5528308766273786, 
    -4.4777964295090431, 
    4.7077398350885833, 
    2.8306412285142688, 
    -2.8981104907283681, 
    -2.755113801059208, 
    1.8792120040293181, 
    -1.3041734409428001, 
    -2.5652244685234944, 
    0.26084103068759396, 
    1.2530683900834312, 
    2.7537322764291012, 
    -4.5247280156989955, 
    -2.5969286140091343, 
    -2.2794673738623907, 
    -3.4799066527647198, 
    -1.3072006104763407, 
    4.3808174128488888, 
    -1.038288375159115, 
    0.33741242254375409, 
    5.4383705538532103, 
    3.0333300627869142, 
    -1.5895808836367182
  ]
}