{
  "noise": 0.14890628013126359, 
  "log_likelihood": -986.8506109667182, 
  "nlpd": -312.56479579812026, 
  "rmse": 12.524623900955238, 
  "lengthscale": [
    19.493337244919445, 
    35.560873896265321, 
    33.21456783349857, 
    20.511777176218203, 
    32.12301354276228, 
    38.326749889804532, 
    0.52808613162619777, 
    1.7132957414944547, 
    24.15202939669653, 
    0.3727361289201917, 
    23.505634150429895, 
    29.780117908858287, 
    28.685821516828867, 
    0.69719064733002578, 
    0.68788493827638764, 
    0.38459181910755968, 
    1.9695705801005858, 
    26.662786394894677, 
    0.60922235204727448, 
    0.93359444306415074, 
    0.85560914438460411, 
    23.954560092722645, 
    28.91384645564824, 
    0.41647810396329515, 
    34.298317543948926, 
    32.432786398496816, 
    16.678409661932474, 
    22.264696528872733, 
    1.5907896172251792, 
    1.125041643085102, 
    0.92481121355707585, 
    10.400670894889918, 
    26.424470883032267, 
    24.905333715659687, 
    35.283665249510051, 
    9.5127609297631768, 
    20.111086625620096, 
    31.615016262934891, 
    24.686444822976714, 
    2.2630364329418269, 
    1.6870049644122105, 
    24.770133328778769, 
    29.897339714752494, 
    21.492514026915789, 
    11.431705208638462, 
    17.842117252758339, 
    23.133600720104699, 
    22.455529085712453, 
    24.707594420199495, 
    19.513545227140533, 
    15.162052764791845, 
    25.220387059654509, 
    1.5739811722849237, 
    29.199994616959135, 
    24.171397705671797, 
    44.852324998074664, 
    32.777394784235447, 
    34.374772089623477, 
    32.492187011844003, 
    27.079048248498673, 
    3.5848522965765524, 
    32.403999336887921, 
    28.78635137947661, 
    15.982653959542686, 
    30.662280742310628, 
    11.492386311184918, 
    0.62538218067013018, 
    1.1261977754303782, 
    25.28369707873486, 
    17.613776832469402, 
    27.069332883104188, 
    22.048715137167751, 
    0.63053155559771168, 
    18.830695636086237, 
    9.2902338267687412, 
    28.183700739967236, 
    17.67582368017095, 
    18.367112056315641, 
    18.609344443104447, 
    1.1056084743355983, 
    28.815989629960775, 
    0.6985709755495394, 
    32.834710437013918, 
    28.029238930846372, 
    33.881850077467774, 
    14.825149068295101, 
    30.464191624914434, 
    28.539252156532093, 
    23.277448389475314, 
    1.4363871393577203, 
    14.311131737338329, 
    15.825990161799353, 
    29.647804512043766, 
    25.405013182792352, 
    1.2278864819364428, 
    18.336410141351429, 
    30.181313673044269, 
    0.74881602993387153, 
    28.869394664476328, 
    16.538054465562531
  ], 
  "mae": 8.7943534513198003, 
  "pearsonr": [
    0.50785245610552832, 
    6.9185837027180956e-08
  ], 
  "variance": 0.6714362971119834
}