{
  "noise": 0.04787536880773865, 
  "power": [
    0.021810376932674205
  ], 
  "nlpd": -1279.4124154595527, 
  "rmse": 15.164425795261428, 
  "lengthscale": [
    4.7973793610842348, 
    1.3948795022196121, 
    0.68483597227916138, 
    10.093885930194329, 
    1.4982061149212704, 
    0.98690417943995457, 
    0.47377282889681327, 
    12.136322192055916, 
    0.41644172399258317, 
    11.283247006023499, 
    0.47289043734955977, 
    0.88362945470923415, 
    1.3219439840442089, 
    10.657694013058903, 
    0.56908620815122857, 
    10.388367633837511, 
    11.46070100460642, 
    12.002938250253791, 
    0.4995353804226188, 
    1.2231705039149834, 
    6.3566570525739188, 
    0.4265297994457109, 
    0.52514265406671823, 
    1.7756290336780134, 
    9.0103775600519374, 
    9.8566989953049973, 
    0.31671102490946229, 
    1.6812860792267605, 
    1.3742086522999133, 
    1.0235638185901177, 
    0.58026901141241061, 
    12.730811607393985, 
    3.3478358219092987, 
    9.4209279951404099, 
    0.56671006829159187, 
    3.7829068964745041, 
    8.815507184637065, 
    1.6018991439691668, 
    10.491949852422742, 
    7.2618291069677028, 
    10.766502311584807, 
    4.2970164740912375, 
    8.5675367339158264, 
    1.0768557154464193, 
    0.52084188369323026, 
    0.81937219883932055, 
    12.827205778899504, 
    3.1595783649896791, 
    0.46263432095398244, 
    1.2746760155397419, 
    9.1627180932943411, 
    1.3060057666945706, 
    9.7290740755906651, 
    9.4600581705998206, 
    0.34836856525616761, 
    7.8226559324960974, 
    6.7831436189179097, 
    10.6838519179363, 
    4.5856986488858755, 
    1.8572745373648412, 
    4.8874638923421125, 
    10.955043641193386, 
    10.414944818680613, 
    3.2233349966339162, 
    1.0186291818507738, 
    8.3993666960049005, 
    11.375161381508384, 
    9.5875396737636756, 
    5.8597553653131227, 
    11.313254037771236, 
    9.3838460619742818, 
    11.680316304031592, 
    9.9128697509220149, 
    1.0516725287171704, 
    0.76748307749123901, 
    0.34180781083842698, 
    7.5274304936290548, 
    1.744841024467904, 
    8.3606207480342771, 
    1.1269258591420215, 
    0.82841359733007391, 
    1.6368993642943301, 
    12.130433564337537, 
    8.8559766617605984, 
    6.4010897607756734, 
    0.41404391617607755, 
    0.43286513091796613, 
    0.46580911439467576, 
    0.609797565792076, 
    4.3832649406959616, 
    0.36155925260170158, 
    0.80422082976440934, 
    0.69098691943093826, 
    1.5959306535936162, 
    0.68135735239215889, 
    1.0633461932528447, 
    3.184804994775325, 
    3.5932445558589357, 
    10.110175563995879, 
    0.66199101520024894
  ], 
  "mae": 11.569156739946632, 
  "pearsonr": [
    0.75159439004581385, 
    2.0754082201997847e-19
  ], 
  "variance": 21.45350509314331, 
  "log_likelihood": -979.0809521995053
}