{
  "noise": 0.030085882509805626, 
  "power": [
    0.44523779476904962
  ], 
  "nlpd": -760.43002423717974, 
  "rmse": 13.793901808254027, 
  "lengthscale": [
    0.90915434344141466
  ], 
  "mae": 11.672834204038447, 
  "pearsonr": [
    0.67802275615290497, 
    9.2797842759436192e-15
  ], 
  "variance": 1.56780663104923, 
  "log_likelihood": -1123.0192754497257
}