{
  "noise": 0.06912500784125968, 
  "log_likelihood": -1115.6954289542318, 
  "nlpd": -601.74505650325398, 
  "rmse": 16.171474044688338, 
  "lengthscale": [
    1.6898717021085914
  ], 
  "mae": 13.030582168766852, 
  "pearsonr": [
    0.55001044279226596, 
    3.0807821345062483e-09
  ], 
  "variance": 1.050257703436205
}