{
  "regularization": 100.0, 
  "rmse": 9.2028345286470028, 
  "epsilon": 0.001, 
  "mae": 6.3446022255689636, 
  "pearsonr": [
    0.63146607400022936, 
    1.8718308486232744e-12
  ], 
  "gamma": 0.10000000000000001
}