{
  "regularization": 100.0, 
  "rmse": 11.535011574139359, 
  "epsilon": 1.0, 
  "mae": 8.3571563674899778, 
  "pearsonr": [
    0.6633745663218148, 
    3.4710034777087538e-17
  ], 
  "gamma": 0.10000000000000001
}