{
  "noise": 121.3217743280166, 
  "log_likelihood": -3529.8891454388813, 
  "nlpd": -3.9476116452698391, 
  "rmse": 12.517442541185369, 
  "lengthscale": [
    3.067052929443757, 
    3.4770013082110949, 
    2.9640449305744601, 
    19.656256608645172, 
    19.13136660649219, 
    19.11523871007266, 
    3.442982203881038, 
    2.5161613826969895, 
    24.712920483403693, 
    22.100649907111801, 
    18.168730227094674, 
    29.335654938225158, 
    18.545093105112127, 
    17.555600503912704, 
    4.0968660414843736, 
    15.148081484999334, 
    18.476645364561424, 
    19.943919645339832, 
    19.231002340964807, 
    20.526842060948688, 
    15.454652162024587, 
    17.455264629803274, 
    2.617855233994308, 
    20.72749404763216, 
    21.599454417711527, 
    19.804757955099287, 
    2.9181552303970673, 
    2.2184279213502993, 
    24.425627871334065, 
    13.807931275130935, 
    41.64192494894931, 
    23.202390815932404, 
    22.002798641468505, 
    16.70981906347933, 
    1.4445635350363975, 
    21.646726976876938, 
    22.188754676146253, 
    41.204898028272694, 
    8.7931606736823316, 
    0.97153729464992256, 
    9.8359696339818452, 
    16.402528899960629, 
    22.007037376016747, 
    12.542064909576577, 
    2.3495540593138915, 
    20.514956594920747, 
    24.826904566478824, 
    14.559006272830958, 
    18.888708865324649, 
    21.166955277844391, 
    1.1569585978466916, 
    18.31519269579859, 
    2.3558493381537149, 
    15.404650844070531, 
    18.329770417427042, 
    27.859728952003792, 
    4.1269501690384676, 
    31.638135273067281, 
    2.1086017947553017, 
    1.8803623549349422, 
    16.042785307997743, 
    2.9784866205107186, 
    3.7034321104285044, 
    22.108427961981775, 
    11.273007718224999, 
    15.508901179333916, 
    2.6578549707833012, 
    0.56129860952374566, 
    49.169823443159252, 
    30.908593386877175, 
    2.3030383659041211, 
    43.869091385245014, 
    0.84493586902956275, 
    3.2977090509135292, 
    19.650151267497936, 
    4.5344066239782119, 
    20.970777723685892, 
    3.3327666777156626, 
    21.164649759547299, 
    19.910840136007891, 
    29.29105433855722, 
    2.8258898131751575, 
    40.772661160119796, 
    18.563819448475325, 
    18.727072874932446, 
    16.693192983641062, 
    10.317694572322697, 
    22.72350605853892, 
    2.0804942998458027, 
    15.270998892865352, 
    2.738552824717134, 
    14.110390671259731, 
    1.4832198430212959, 
    16.761616239405125, 
    23.74270159076649, 
    5.324849125607912, 
    2.0523957487493583, 
    2.1453565022980641, 
    1.6506923976725876, 
    2.2604712276826646
  ], 
  "mae": 10.333775508960278, 
  "pearsonr": [
    0.56341740815449204, 
    1.0433347850813442e-09
  ], 
  "variance": 196.7656885637462
}