{
  "regularization": 10.0, 
  "rmse": 12.350280958106891, 
  "intercept": 2.5627868968638632, 
  "mae": 9.2428689975922058, 
  "pearsonr": [
    0.521890890708397, 
    2.5723427266432971e-08
  ], 
  "coefs": [
    0.070324771534454961, 
    -0.72291639229300086, 
    -2.5610885442544817, 
    -1.5926669565788469, 
    -3.231031994351246, 
    1.9496276427130308, 
    -4.319954393973287, 
    -1.458967175728622, 
    0.87610831268082678, 
    4.5096144567915744, 
    -0.34741043983937203, 
    -0.24123251907014165, 
    -0.16221411238402694, 
    -1.4965446336517847, 
    -4.0943905911529939, 
    3.7828485109820846, 
    -2.1826296941685004, 
    -0.48322754099008425, 
    -7.7089772631658571, 
    3.0222075254262477, 
    4.8315609779592323, 
    -1.3680075749134866, 
    1.9302210091959955, 
    1.3285931848418866, 
    2.1612336272108035, 
    1.5841528562743641, 
    3.589335126480202, 
    0.21707491259758888, 
    3.0431213590234765, 
    5.1921668616876193, 
    4.5326310009259956, 
    2.5997924524247775, 
    3.4152125663895108, 
    -1.9789966373571293, 
    -1.3836691795809941, 
    -0.58104049536293545, 
    -0.746164238106932, 
    -1.8354128064102981, 
    3.2841036446339884, 
    0.78849492951590838, 
    -3.7652348822358057, 
    -1.2649959909318222, 
    -2.628353805875411, 
    2.1136187109158144, 
    1.9687821025015708, 
    -2.0789594880918005, 
    0.022168323377043025, 
    0.59957396699908838, 
    -1.4598670777881386, 
    2.1732664475604282, 
    1.8220007131532365, 
    1.6919502970354861, 
    -4.4299175586823782, 
    3.4496130183536167, 
    -0.23624011345981594, 
    1.8753369213750914, 
    1.4540727574628407, 
    -1.1159864269018598, 
    -0.32114467611880215, 
    -1.0485080500238269, 
    1.3649696616799865, 
    -2.9036328001058274, 
    -0.01332013217750655, 
    -0.38915239185743289, 
    -0.4488197272684632, 
    2.2211271598786424, 
    3.5922614567436968, 
    0.44929234134647322, 
    -1.3911324516707209, 
    1.4923983509918732, 
    1.2415575915740622, 
    0.37899121207579201, 
    -2.5759183010193869, 
    3.2137012232688873, 
    -1.6811444043017332, 
    -0.93594449841478367, 
    1.5767328742669366, 
    2.315184574454269, 
    -4.3934052820436058, 
    3.7104230143811323, 
    1.7720850689354617, 
    -2.4457433780182383, 
    -3.1962800625701981, 
    1.4802350069310675, 
    -1.410994077665928, 
    -2.2351789242337392, 
    0.10079939035441864, 
    1.2225724089581198, 
    2.9181512741406923, 
    -4.9982988742209917, 
    -3.2121309641086784, 
    -1.2080737846896799, 
    -2.3595909508212753, 
    -0.95402339783646795, 
    4.2043686731966083, 
    -0.75970516136307842, 
    -1.1121924696821537, 
    5.7626538534049327, 
    3.0911507267321432, 
    -0.8096425261434721
  ]
}