{
  "noise": 53.10697804055209, 
  "power": [
    0.32370621444942099
  ], 
  "nlpd": -3.9843228828345287, 
  "rmse": 12.676628929754935, 
  "lengthscale": [
    0.55296600174763721, 
    51.790445098329734, 
    0.3775281767638356, 
    74.7683314515115, 
    0.23209513064144988, 
    26.750164012212245, 
    16.963840221050447, 
    0.41709579470791663, 
    22.566506605899853, 
    31.198375811045196, 
    16.892368349385414, 
    0.31607904162647338, 
    51.449931314622404, 
    15.057382000427943, 
    12.550979902423418, 
    26.287225894410348, 
    19.978753305858948, 
    69.72247375031796, 
    25.50927956828728, 
    38.353143255738168, 
    87.151749509246002, 
    16.424850660436913, 
    27.527483426403087, 
    19.216634334335069, 
    17.236744068340133, 
    13.173338655725617, 
    0.27202335570541841, 
    21.559026867102261, 
    63.512237010940986, 
    21.179782139750483, 
    8.2633555142680333, 
    15.234704149455958, 
    17.779837569245082, 
    32.06666213914356, 
    80.346917640013302, 
    17.79092834603167, 
    73.027122500265932, 
    36.89433749287484, 
    36.569433889298502, 
    40.278074851635601, 
    0.47903246521281095, 
    63.628541960228574, 
    12.741316517548459, 
    41.347043992895806, 
    0.16079673043502579, 
    21.434574068659092, 
    26.415530953563849, 
    33.058980567421784, 
    22.083761946155747, 
    18.390186707239046, 
    64.955941450156956, 
    22.285983836434212, 
    0.56185507058830386, 
    61.055888339254238, 
    22.61638963373619, 
    17.660539806207151, 
    18.036531897306606, 
    13.163486079242279, 
    21.288559283788267, 
    21.464949428355006, 
    24.768923704489815, 
    0.5628051012812455, 
    20.66672359147972, 
    23.58690736307917, 
    32.823860740374762, 
    23.937956969913994, 
    0.79696084259277533, 
    0.32030488503563503, 
    38.561391999072498, 
    65.835529377245919, 
    0.52293514938390584, 
    0.22968694430162662, 
    0.13367819221088403, 
    0.59505396911897079, 
    14.729809920778834, 
    5.4308714974447048, 
    16.98847513276251, 
    21.275548827116083, 
    19.800068559646601, 
    76.816680828813858, 
    86.99044090727152, 
    11.186143501474827, 
    77.693798272885076, 
    19.343296762402389, 
    5.8640899709507899, 
    13.531565334566382, 
    0.61121441207029514, 
    23.251736831674926, 
    14.11256400321108, 
    90.058785123199812, 
    0.51086503237386527, 
    18.879356169711443, 
    0.22547805064966731, 
    0.45661239134088405, 
    17.419727896186547, 
    0.63724563141613066, 
    0.43314619824099276, 
    0.48112300299832167, 
    19.720681967005483, 
    0.3277190356364354
  ], 
  "mae": 10.012054203944698, 
  "pearsonr": [
    0.55810175352016234, 
    1.6119926013643984e-09
  ], 
  "variance": 225.72305914597786, 
  "log_likelihood": -3513.026298820722
}