{
  "noise": 42.662634409963296, 
  "log_likelihood": -3398.480814628679, 
  "nlpd": -3.8670286984712225, 
  "rmse": 11.109274633699004, 
  "lengthscale": [
    1.8779537889030085
  ], 
  "mae": 7.2973983609312647, 
  "pearsonr": [
    0.70549426804596516, 
    2.5043953611396638e-16
  ], 
  "variance": 120.85997497991094
}