{
  "warp_d": 0.09101791851794984, 
  "noise": 1.1994364638534145, 
  "log_likelihood": -3576.267136929235, 
  "nlpd": -3.9866797859700736, 
  "rmse": 13.029761432436747, 
  "lengthscale": [
    11.314358486827556
  ], 
  "mae": 10.595616617964977, 
  "pearsonr": [
    0.47468122317563516, 
    6.0520810970807256e-07
  ], 
  "variance": 8.870686561845632, 
  "warp_psi": [
    [
      3.5177448960062126e-06, 
      1.0783975169666182, 
      -0.42217384213154996
    ], 
    [
      2.1301786176616424e-05, 
      0.012862779796470927, 
      0.34071323282821353
    ], 
    [
      7.5768287633052358e-07, 
      0.27066296641666249, 
      0.039439513874417007
    ]
  ]
}