{
  "warp_d": 0.08617104835299677, 
  "noise": 0.06412432322711045, 
  "power": [
    0.0094897157170562279
  ], 
  "nlpd": -3.7528110259029925, 
  "rmse": 9.9328681230007412, 
  "lengthscale": [
    0.339873853258154
  ], 
  "mae": 6.2921277405166816, 
  "pearsonr": [
    0.5279605983901946, 
    1.6536573016979461e-08
  ], 
  "variance": 16.781317204365806, 
  "warp_psi": [
    [
      1.4909403927121991e-08, 
      0.075554546760576463, 
      -0.42138953255484252
    ], 
    [
      9.1748505979149554e-09, 
      2.0963847157896192, 
      0.38082771757513328
    ], 
    [
      2.0902613247309668e-07, 
      0.98792449783113701, 
      0.19962360783582386
    ]
  ], 
  "log_likelihood": -3212.074657129135
}