{
  "noise": 101.90135896180328, 
  "log_likelihood": -3509.8702975571323, 
  "nlpd": -4.0771068098508882, 
  "rmse": 13.617575549015772, 
  "lengthscale": [
    3.5124333596736608, 
    45.442494917150185, 
    3.7535867699543641, 
    44.618145551591738, 
    1.2509844525102065, 
    46.044798504745543, 
    22.059838468447634, 
    2.8962645729522563, 
    39.618495060416336, 
    51.557125198125306, 
    27.987982464372138, 
    40.792939202070748, 
    62.278242053859614, 
    27.559705459354014, 
    5.7979074832735273, 
    33.617276756458025, 
    31.485404758911475, 
    60.988131573435204, 
    24.49743688117379, 
    37.438035333267727, 
    58.337627949008223, 
    29.42176458418221, 
    20.508241486408973, 
    26.14369042939293, 
    29.796215513184197, 
    29.680774670820195, 
    1.3386262604592551, 
    30.504769354102432, 
    37.588599366136975, 
    66.325115862464529, 
    45.594441865802068, 
    5.9186575946672582, 
    26.416974185769849, 
    8.6474996622825042, 
    88.96087696306823, 
    30.491984951343458, 
    44.082893194163766, 
    33.109892408055373, 
    2.8637314150920066, 
    53.530333529295838, 
    10.132979979716763, 
    36.307671461041089, 
    29.933229930362927, 
    28.043065243697828, 
    1.7065093320546643, 
    31.376424539592307, 
    36.414895419996427, 
    29.589611974418169, 
    33.433855559842392, 
    32.233870615861107, 
    49.78691088031109, 
    31.980323712699658, 
    5.2669807276052607, 
    44.492546170766424, 
    30.375697226526373, 
    49.165670216073138, 
    7.7212231841021337, 
    36.967008398567678, 
    2.4223976069874409, 
    35.734897609835748, 
    32.918232583004198, 
    29.306703017892996, 
    6.5454800122775865, 
    6.4599334947426019, 
    23.399984920189926, 
    24.225268873462724, 
    3.65703496377524, 
    1.4908408835022755, 
    39.881693925063942, 
    49.861025404819692, 
    3.4451063307774605, 
    88.053206220404917, 
    0.9690075171335627, 
    3.0330504381611494, 
    24.534130448705454, 
    28.987774710444015, 
    42.5555716525337, 
    2.8895611613920478, 
    33.966509945791763, 
    65.189050392612003, 
    31.962605502748392, 
    4.4084474521388337, 
    1.3925947855410858, 
    23.452069263428278, 
    23.930712340925833, 
    27.834932221240514, 
    24.189506212064472, 
    36.159094440403216, 
    27.581398770304304, 
    32.450310793564974, 
    4.9150719069923348, 
    23.666647829032815, 
    1.9819126083919485, 
    15.342317836373406, 
    27.364967762064008, 
    54.973763749216715, 
    2.0099759682609029, 
    5.465419478317636, 
    30.524089422362461, 
    14.919440830691553
  ], 
  "mae": 10.850059949825825, 
  "pearsonr": [
    0.41966874308141439, 
    1.384226766518038e-05
  ], 
  "variance": 291.032536888682
}