{
  "warp_d": 0.04366487637141065, 
  "noise": 0.052057578139049404, 
  "power": [
    0.017866829554673454
  ], 
  "nlpd": -4.0362391629565932, 
  "rmse": 14.118129943686089, 
  "lengthscale": [
    0.61178386635768112, 
    1.1140213091522018, 
    0.64850972786594507, 
    1.0731775088705651, 
    4.7949379743303044, 
    0.41407117721764208, 
    1.4782496131194245, 
    2.0688674421609408, 
    4.1891105931032131, 
    0.47025281863332685, 
    2.3553547180657723, 
    2.8613779051087387, 
    4.1962596954469591, 
    1.1163442394827126, 
    5.1732796831551022, 
    4.8323272121877094, 
    0.60043775683632705, 
    1.2880128699056257, 
    1.4974615799075313, 
    3.1490247011457786, 
    0.45018113767272783, 
    4.7535742398368646, 
    4.8486925022773608, 
    1.3384302949828706, 
    2.3928804959367986, 
    1.1599839945790613, 
    5.2802575506653264, 
    0.8518013117443195, 
    0.89692860767060034, 
    0.25775522699552095, 
    1.3133967720350355, 
    1.021325578849968, 
    1.846894877916915, 
    2.7965920155792907, 
    4.6571937158914203, 
    0.90803941267231481, 
    4.9369984471057649, 
    0.72512727862073811, 
    1.0309804606181088, 
    2.2322263804591729, 
    0.50523398250265927, 
    4.3491249817112294, 
    0.48401143580089301, 
    3.8660495059994524, 
    0.39022721929776055, 
    4.3372813417753919, 
    0.50304147297509627, 
    4.322824026029302, 
    3.9231975719677639, 
    4.120754703815912, 
    2.8395748224662731, 
    3.7071481253812593, 
    3.0866944902869293, 
    4.4818399197896834, 
    0.67351204401516451, 
    6.3580010988549427, 
    1.2014631579202741, 
    3.1643292666059688, 
    4.3385084940098526, 
    2.45970648646307, 
    2.4816216599699206, 
    1.8151660781419561, 
    4.2546530010691095, 
    1.6808310621096938, 
    3.5690420868102493, 
    0.31137597353075441, 
    1.4117915118780662, 
    4.2639232075133107, 
    1.4876809033710019, 
    0.60254078465306149, 
    0.3982941527831832, 
    0.31075169817733445, 
    4.167065788765739, 
    1.3265681066327693, 
    1.5817231292034482, 
    0.44879770428480181, 
    1.1875378663791714, 
    3.2826897867575857, 
    3.5456904609032911, 
    0.47470314811447778, 
    0.30279028868802088, 
    0.49817732304326812, 
    0.70133125987002354, 
    4.2089241155885384, 
    5.3617015965726917, 
    4.8946820649250533, 
    1.3253767296215477, 
    4.6604265728674399, 
    0.3810803321093526, 
    5.0278336410330233, 
    3.9338988193039639, 
    0.36363371231872377, 
    4.0085261953710276, 
    4.0745172511120558, 
    0.96679541761620502, 
    3.6284176233749581, 
    3.4797907713523877, 
    0.91151518122459851, 
    4.2770527437529386, 
    0.62512910119961573
  ], 
  "mae": 10.563026424779618, 
  "pearsonr": [
    0.67542800688463456, 
    1.2794104548630276e-14
  ], 
  "variance": 14.022022732797943, 
  "warp_psi": [
    [
      8.5673074887180198e-06, 
      0.8988926736137195, 
      2.6155489440166657
    ], 
    [
      6.6630302851827051e-06, 
      1.6459221631010086, 
      1.032568846697848
    ], 
    [
      4.9712474968505755e-06, 
      2.4803610426492417, 
      1.388983474198102
    ]
  ], 
  "log_likelihood": -3624.107876868225
}