{
  "noise": 0.49090923282138416, 
  "log_likelihood": -1001.6985548270709, 
  "nlpd": -606.92283242601513, 
  "rmse": 14.17219473641911, 
  "mae": 10.975167564406227, 
  "pearsonr": [
    0.6850618156062217, 
    3.8187738818792391e-15
  ], 
  "variance": [
    0.001329555040698402, 
    1.0973506425756027e-06, 
    0.075128235531361817, 
    0.054777412010423736, 
    1.1247475653914117e-06, 
    4.3337016998724199e-07, 
    0.028456385748117031, 
    0.037104595568863807, 
    7.9015137621180332e-07, 
    0.59965504531985581, 
    5.3074365995418184e-05, 
    1.8439010868582336e-06, 
    0.032634009719930468, 
    1.7857372799670435e-06, 
    1.3791743730040441e-06, 
    1.0140274284986029e-06, 
    0.050699866636837329, 
    0.026403763985815915, 
    0.10109659692818175, 
    6.384410376156912e-07, 
    0.045863105072756136, 
    0.02261553215354882, 
    0.10084461019729306, 
    0.064806688586647052, 
    0.013141107767350155, 
    0.13486039981610867, 
    8.7587940152205707e-05, 
    0.1426552173719324, 
    3.568035125143157e-05, 
    0.33446030938114679, 
    0.026881818539480334, 
    0.00014808172886184967, 
    7.53504230923073e-06, 
    1.192468566509234e-06, 
    0.0032266169041540046, 
    0.20377303334230584, 
    0.012452703346989955, 
    0.21986776749955028, 
    0.039502954074914547, 
    0.07030817711271839, 
    2.533739565058991e-06, 
    1.5794569811439543e-06, 
    0.073148313186748082, 
    1.2450397072760502e-06, 
    0.094281536766150781, 
    1.0722943081373578e-06, 
    0.10219442404564365, 
    1.9953693020291504e-06, 
    2.0608739635021388e-05, 
    2.682279161929422e-06, 
    7.0654951460650499e-06, 
    1.4657189561359909e-05, 
    1.3022079740752397e-06, 
    1.2153403432596355e-06, 
    0.05374871647001609, 
    1.5874463674174295e-07, 
    0.1369376846210274, 
    5.9789462183357295e-07, 
    0.034055201651603008, 
    8.2624238084812662e-05, 
    0.017091768472848663, 
    0.034385606767592981, 
    1.6689185893895414e-06, 
    0.0013526629636562977, 
    1.206130398378328e-06, 
    0.079551628448151127, 
    0.24061848144053374, 
    9.5786277499919567e-07, 
    1.2564703081790012e-06, 
    0.071874390736160795, 
    0.017011664285474733, 
    0.035685450966363157, 
    1.0675171180049507e-06, 
    0.045110278833869998, 
    0.1423331831806291, 
    8.0608977764500284e-06, 
    0.023220851285720191, 
    1.2529767838282247e-06, 
    0.046907587364816192, 
    0.040199542064914787, 
    0.056968746535062342, 
    0.15197081799148962, 
    0.37407172973784614, 
    1.4002010767974204e-06, 
    2.7880348339312619e-05, 
    6.2416097637449863e-06, 
    1.506904699299028e-05, 
    4.2762767705485983e-05, 
    1.7526066811978755e-05, 
    1.7572328643577364e-06, 
    2.1310317747040719e-06, 
    0.078864879357189402, 
    1.0225718067463364e-06, 
    7.2757516355160632e-06, 
    0.0017950876698724235, 
    3.0237824667718612e-06, 
    1.9879602835359973e-06, 
    2.0636987972268553e-06, 
    1.078930632075771e-06, 
    0.052691303448820691
  ]
}