{
  "regularization": 100.0, 
  "rmse": 19.196819981490776, 
  "epsilon": 10.0, 
  "mae": 14.755817744656635, 
  "pearsonr": [
    0.53014747098099224, 
    1.4072880777564699e-08
  ], 
  "gamma": 0.10000000000000001
}