{
  "noise": 0.022674605975050322, 
  "power": [
    0.40475959047354237
  ], 
  "nlpd": -896.56969203669041, 
  "rmse": 17.244900971116788, 
  "lengthscale": [
    1.062259342303983
  ], 
  "mae": 12.695335189148878, 
  "pearsonr": [
    0.6003725709693758, 
    4.048966843316539e-11
  ], 
  "variance": 1.5412296370402951, 
  "log_likelihood": -1004.3615594247301
}