{
  "regularization": 10.0, 
  "rmse": 19.247101321346811, 
  "intercept": 0.27439574910632386, 
  "mae": 14.935994416801528, 
  "pearsonr": [
    0.53778422691586181, 
    7.9392927089916797e-09
  ], 
  "coefs": [
    0.27907211646329172, 
    -0.025082419658766217, 
    -0.096313920491234079, 
    0.42532994228756094, 
    0.47746486978439934, 
    -0.41723563268521596, 
    0.084564300197382258, 
    -0.096135747478632488, 
    -0.18397299678898335, 
    -0.16709787649958399, 
    -0.011554576020457914, 
    -0.27292668622183486, 
    -0.082839312011363561, 
    0.099777530351237056, 
    -0.15833712415864024, 
    -0.081565567170405376, 
    0.084996662604574585, 
    -0.010074308347991435, 
    0.025084844076160656, 
    0.12551002314763343, 
    -0.15530196293397575, 
    -0.12440301471072965, 
    -0.20034813089307202, 
    -0.012374445531585232, 
    0.11681489373221368, 
    -0.086477484003763469, 
    -0.12354424679999693, 
    -0.02939318120704347, 
    0.20561994872331138, 
    -0.49401709318799197, 
    -0.37622213412891026, 
    -0.23080201403325151, 
    0.071991224816591232, 
    0.34498488114014642, 
    0.37239300173853496, 
    -0.15730897572640848, 
    -0.11589052101336761, 
    0.010078912688340075, 
    -0.18800036606676182, 
    -0.19686272330383214, 
    0.37594403772240592, 
    -0.12663594025637143, 
    0.31731214385846535, 
    -0.063893982345281916, 
    0.11772138266364217, 
    -0.066247856127547661, 
    -0.15642580396485195, 
    -0.011819624588902925, 
    0.09727938704566233, 
    -0.082609277683717397, 
    -0.33506883221724748, 
    -0.18389910796705944, 
    -0.018278097830882838, 
    -0.010602092993522164, 
    0.075277166215044711, 
    -0.014537066028494486, 
    0.01316650055528298, 
    0.28159622889248181, 
    0.021622219336604905, 
    -0.32812975055082144, 
    -0.19685777998357612, 
    0.19869610745412611, 
    -0.0046234957671779167, 
    -0.15331182716046202, 
    0.072506647346756922, 
    -0.0028293091047076717, 
    -0.17190972606509849, 
    -0.050384794917219054, 
    0.1882491503797464, 
    -0.18082925629992055, 
    0.30115958963285633, 
    0.20384409378146326, 
    -0.2852530038010142, 
    -0.10506927792659376, 
    -0.17892884059484732, 
    0.094774901521888458, 
    -0.40201586728756195, 
    -0.011185546367219683, 
    0.21505455892481881, 
    -0.44006818236947193, 
    -0.29606999920142213, 
    0.18952334353374703, 
    0.18085200273776819, 
    0.16060927046980691, 
    -0.049221346327204943, 
    0.05081284953372233, 
    0.42557822336622508, 
    -0.20944695336123545, 
    -0.35617591156752099, 
    0.092041171538461392, 
    -0.040004730110347768, 
    -0.19051202119797059, 
    -0.011168204533691318, 
    -0.018160194438230238, 
    -0.23781922436401409, 
    -0.19317401909815643, 
    0.0048339865339062597, 
    -0.00021541668251115823, 
    0.0068548053623604752, 
    -0.0083217669772410914
  ]
}