{
  "noise": 0.0804095280058973, 
  "log_likelihood": -1147.7089823209126, 
  "nlpd": -53.653878836599333, 
  "rmse": 6.1518063334985555, 
  "lengthscale": [
    1.4757276035588562
  ], 
  "mae": 4.6264160925631606, 
  "pearsonr": [
    0.4836095860517074, 
    3.4520925095152085e-07
  ], 
  "variance": 0.9270194375127302
}