{
  "noise": 0.0644332565319588, 
  "log_likelihood": -1059.5416961489846, 
  "nlpd": -170.52375434080309, 
  "rmse": 10.91437218621904, 
  "lengthscale": [
    17.895028358745435, 
    2.540979525758861, 
    12.913507554941853, 
    0.66097087734698012, 
    19.52480615575276, 
    1.3047418197451539, 
    0.40825350348036149, 
    17.907642470627511, 
    1.0899422179091216, 
    0.57527385458797786, 
    9.1780958898306153, 
    15.304942111588565, 
    11.924035270376812, 
    16.642401688057053, 
    10.767731062857186, 
    0.28018559119659592, 
    14.77020266472481, 
    4.9892181796175006, 
    15.580122049361195, 
    11.032167272621436, 
    11.776689123223207, 
    9.7211858803220306, 
    15.800675037576383, 
    11.916125311523659, 
    12.13732307739453, 
    11.584766485637402, 
    1.0430356049434311, 
    0.48344150021010346, 
    13.82577664933611, 
    0.47979046328862984, 
    0.49915768014540163, 
    9.2505165076056723, 
    12.738454546981945, 
    19.105838241409284, 
    18.01299184602976, 
    2.9599816696353014, 
    1.0157147185102833, 
    1.1230760370219786, 
    8.2688569137720691, 
    7.8557446665863386, 
    13.346407068299822, 
    18.507666205221145, 
    19.018116618435108, 
    9.0900619574809074, 
    15.307068645352667, 
    12.586628637398414, 
    13.013790570491336, 
    2.914625632183133, 
    14.894606371363786, 
    1.4054115384609769, 
    14.625184132879426, 
    9.2403817003326871, 
    0.9000446235330597, 
    12.300243637127949, 
    0.59624643172146619, 
    14.598635951920789, 
    17.609615042583464, 
    10.052889160955997, 
    16.91641753854757, 
    16.181311566844169, 
    10.430549563584142, 
    16.645438866762458, 
    18.55489885081624, 
    9.183141659705246, 
    11.545757849929609, 
    2.5272611291845548, 
    1.8409883453780604, 
    8.8680323297550867, 
    13.609362020629721, 
    1.3217496568965801, 
    6.5316875251128526, 
    0.37854811330090732, 
    12.119808121916023, 
    1.2970695967135837, 
    1.4915467078140614, 
    15.068496247483957, 
    0.24822843061452113, 
    2.0974510982432255, 
    15.482162316000521, 
    11.202818959589674, 
    12.897866927378608, 
    9.6377553216080347, 
    19.982921590055867, 
    13.981898622362289, 
    16.077640819171663, 
    0.98429238069663949, 
    12.928268943763674, 
    1.0694935574526334, 
    13.047586937147253, 
    14.956359409811204, 
    2.2313715881478586, 
    18.621019314654589, 
    9.5760203847381096, 
    12.604671346269523, 
    0.85156063709394481, 
    16.224412303469634, 
    0.46540596307684279, 
    10.917986191567293, 
    20.122473575382184, 
    11.859861431225065
  ], 
  "mae": 6.4674210455764918, 
  "pearsonr": [
    0.49234112700041349, 
    1.9626921705159637e-07
  ], 
  "variance": 0.8005331733633896
}