{
  "regularization": 1.0, 
  "rmse": 9.644995835902721, 
  "epsilon": 0.10000000000000001, 
  "mae": 7.5700233111859525, 
  "pearsonr": [
    0.38815504733992173, 
    6.5966935312417101e-05
  ], 
  "gamma": 0.10000000000000001
}