{
  "warp_d": 0.013064366770959946, 
  "noise": 0.0400990565575094, 
  "log_likelihood": 1271.003745166558, 
  "nlpd": 0.8713842126947966, 
  "rmse": 1259.9690026025328, 
  "lengthscale": [
    217.07907963345988, 
    209.65670800590303, 
    188.77586150822626, 
    184.93449580950968, 
    203.83832598526993, 
    291.14494059915643, 
    194.89108632614307, 
    183.5748368584799, 
    206.33891744372647, 
    186.54425280400724, 
    183.83486148312949, 
    175.99630112894553, 
    224.70530451686344, 
    159.9222534681814, 
    131.7867594181543, 
    168.80011595458984, 
    144.56196733677575, 
    186.41011312985376, 
    190.70553772771819, 
    177.77092475540636, 
    197.27146539007484, 
    139.39696166442147, 
    179.87215304151397, 
    166.95943959933805, 
    213.3874394333177, 
    198.63505735431838, 
    193.91799470097291, 
    187.50194021836461, 
    207.60486661012308, 
    132.3170265018139, 
    143.73921381460903, 
    216.33951733086391, 
    132.63880721280302, 
    180.93884196157595, 
    194.51153104032241, 
    202.20456821268138, 
    203.51762625807285, 
    164.7336811527293, 
    211.56750647537439, 
    137.19277626599131, 
    170.30045313795191, 
    183.47826863124055, 
    226.87137921460069, 
    186.46705008192211, 
    219.40835741263672, 
    146.78031767002798, 
    207.44763038759319, 
    171.33267092484459, 
    172.92952880695213, 
    205.87376340290939, 
    171.27405673935715, 
    165.01854189215217, 
    158.8331319215377, 
    230.35266132149221, 
    177.15902792810232, 
    364.04154436918907, 
    242.26974199521007, 
    228.03218822767755, 
    327.05698602900526, 
    128.4554915020974, 
    124.05561148403717, 
    227.61504034520667, 
    223.83617450808734, 
    187.51734929453235, 
    157.65212808924014, 
    158.29247678543825, 
    215.18582356892023, 
    187.63436376871337, 
    225.44427219955458, 
    248.34548283358347, 
    157.07854195069424, 
    180.20392248265441, 
    163.69561920890635, 
    179.99635346719563, 
    156.36341891315666, 
    151.73023982069907, 
    202.12390132029986, 
    139.90859998730997, 
    181.25194549994424, 
    138.26891601732103, 
    169.85713283275663, 
    173.55670285466431, 
    219.46108476963659, 
    166.13286785556724, 
    226.704313488292, 
    131.86525913482853, 
    226.29725688831226, 
    221.2843757151509, 
    155.46168755675413, 
    190.59974581445223, 
    202.29533863516787, 
    136.08421337990316, 
    156.31474427988343, 
    216.90538201507405, 
    254.45064698313061, 
    164.12517490122815, 
    175.38277779049551, 
    167.79038125690283, 
    166.65586841156713, 
    170.11852552515424
  ], 
  "mae": 813.67886743463669, 
  "pearsonr": [
    -0.34913734546862846, 
    0.00037057375849568186
  ], 
  "variance": 1358.4592991674247, 
  "warp_psi": [
    [
      5.5626846462681369e-309, 
      751.85583514972018, 
      163.87348752361254
    ], 
    [
      5.5626846462681369e-309, 
      7.1007848644919654e-85, 
      -975.98541531480384
    ], 
    [
      501.97548020320716, 
      3536.3400872656607, 
      0.0011716364599915457
    ]
  ]
}