{
  "warp_d": 0.15495996239205964, 
  "noise": 2.3950925729332893, 
  "log_likelihood": -3710.701641368176, 
  "nlpd": -3.9406301596360556, 
  "rmse": 12.215321272256228, 
  "lengthscale": [
    3.0689722032300844
  ], 
  "mae": 9.0020622196771356, 
  "pearsonr": [
    0.76946672280253559, 
    8.5962907001754285e-21
  ], 
  "variance": 11.320908156654095, 
  "warp_psi": [
    [
      4.2451890503754372e-07, 
      0.79192167447822004, 
      1.234436444699694
    ], 
    [
      5.4323957075856153e-07, 
      0.013079628143305828, 
      1.330192253165251
    ], 
    [
      1.1178764777026397e-07, 
      0.27302460888322744, 
      7.5897253874727815
    ]
  ]
}