{
  "log_likelihood": -4388.677821240071, 
  "nlpd": 3.7355257510982431, 
  "rmse": 9.9296638958046941, 
  "Mat52.variance": 151.54153234179932, 
  "Mat52.lengthscale": 2.03825780010102, 
  "Gaussian_noise.variance": 66.6121124182842, 
  "mae": 6.6437288330061239, 
  "pearsonr": [
    0.68436954813608519, 
    1.3878922355833812e-18
  ]
}