{
  "noise": 45.27282549262341, 
  "log_likelihood": -3399.560633331571, 
  "nlpd": -3.8518622453988973, 
  "rmse": 11.113481953446211, 
  "lengthscale": [
    1.9457037524746335
  ], 
  "mae": 7.7464139047237737, 
  "pearsonr": [
    0.64198556890728897, 
    6.1083707095296643e-13
  ], 
  "variance": 121.60415625246745
}