{
  "noise": [
    120.98571703727998, 
    72.9267850559013, 
    214.13104787252468, 
    297.6044620887704, 
    281.3685400140923, 
    152.66244429013727
  ], 
  "kappa": [
    23.861121783606496, 
    14.267827448144027, 
    73.7625169108259, 
    125.36937840567828, 
    129.47086856861938, 
    58.990451069850096
  ], 
  "log_likelihood": -21890.894805080206, 
  "joy": {
    "mae": 15.446569598550548, 
    "nlpd": 4.4185342611541536, 
    "pearsonr": [
      0.50486755205896283, 
      8.4900560425874712e-08
    ], 
    "rmse": 19.85060626967298
  }, 
  "W": [
    -6.09581467934129, 
    -3.3253819981257764, 
    -6.700438611835447, 
    8.70788811880586, 
    -9.167125650274063, 
    1.7445997418055401
  ], 
  "sadness": {
    "mae": 13.703194879374246, 
    "nlpd": 4.3374411836288242, 
    "pearsonr": [
      0.53363189842053294, 
      1.0857213743678615e-08
    ], 
    "rmse": 18.449293773604349
  }, 
  "disgust": {
    "mae": 6.096298239647858, 
    "nlpd": 3.7155615189882365, 
    "pearsonr": [
      0.5701357286368075, 
      5.9538725080606393e-10
    ], 
    "rmse": 9.8124966453461866
  }, 
  "variance": [
    0.14754284483355376
  ], 
  "anger": {
    "mae": 6.6113195990384668, 
    "nlpd": 3.6572033050086357, 
    "pearsonr": [
      0.62760443513883546, 
      2.7938273651556711e-12
    ], 
    "rmse": 8.9104307715935764
  }, 
  "surprise": {
    "mae": 10.030089670089797, 
    "nlpd": 3.9507398999245984, 
    "pearsonr": [
      0.34121950216357422, 
      0.00051242622418281626
    ], 
    "rmse": 12.569094866499992
  }, 
  "fear": {
    "mae": 9.3535410255292426, 
    "nlpd": 3.9730800009368989, 
    "pearsonr": [
      0.70955628277845573, 
      1.417006778746911e-16
    ], 
    "rmse": 12.407741418265589
  }
}