{
  "pearsonr": [
    0.68596725052677454, 
    1.0743744581845322e-18
  ], 
  "nlpd": 3.6888969947250576, 
  "rmse": 9.4905842278884922, 
  "Gaussian_noise.variance": 51.34721805776988, 
  "mlp.variance": 182.81268586569186, 
  "mlp.weight_variance": 975957.3934594459, 
  "mae": 6.7816070348898867, 
  "log_likelihood": -4235.22930551118, 
  "mlp.bias_variance": 642772.8173238243
}