{
  "noise": 36.00080801958997, 
  "log_likelihood": -3267.8250771702014, 
  "nlpd": -3.3726835085021536, 
  "rmse": 6.5402006313554653, 
  "weight_variance": [
    61858685.596007757
  ], 
  "bias_variance": 5.562684646268137e-309, 
  "mae": 5.1006619751762434, 
  "pearsonr": [
    0.41085020573019032, 
    2.1771562956654978e-05
  ], 
  "variance": 143.76658521346755
}