{
  "noise": 93.88122665598026, 
  "log_likelihood": -3670.9243964972334, 
  "nlpd": -3.9437994106380079, 
  "rmse": 12.702027285889361, 
  "lengthscale": [
    3.1339157592034086, 
    52.24461945557843, 
    46.498445038947416, 
    4.4721342483681514, 
    7.6890305507856489, 
    43.880604900280424, 
    24.812492307542236, 
    2.8107192295797825, 
    14.274939285627848, 
    21.406961351588759, 
    23.504390798407425, 
    14.788613239298849, 
    11.21233071588625, 
    58.500599013926163, 
    20.657972715362291, 
    23.683771689072881, 
    1.7199076601774697, 
    20.023511339228556, 
    2.1752947809688452, 
    28.263573688817182, 
    1.4262540357992124, 
    26.587994227059962, 
    10.462185479843495, 
    6.5887263071073336, 
    2.8743837894637037, 
    3.4481796373920659, 
    22.934180244857782, 
    5.6418761821746299, 
    10.779541245076521, 
    1.7379913936538969, 
    7.3019098453521165, 
    3.3656802673019337, 
    64.892355996661777, 
    24.986368094059035, 
    17.469426656649159, 
    1.406951580795391, 
    18.592613041642856, 
    1.2062450047654987, 
    29.820192539037581, 
    0.94832614859064579, 
    39.948387010883977, 
    9.0566905499554764, 
    60.754524311294489, 
    18.906648136317084, 
    1.1039201572200619, 
    35.893022111694819, 
    1.0675913903613503, 
    70.62657192508064, 
    7.1634413493062334, 
    34.336545662556624, 
    1.6884976741001734, 
    1.0305949645237309, 
    69.616700054343525, 
    0.95198536149238011, 
    2.7060028818447583, 
    28.213897905684881, 
    2.2437576260991641, 
    28.376313853643531, 
    27.822675817956519, 
    16.11095841390145, 
    23.048377445159748, 
    1.2837317855929415, 
    27.533906144739355, 
    23.693913883726008, 
    19.745158597421234, 
    1.1049994456397902, 
    8.058908402719684, 
    22.075301284530227, 
    12.86411099918811, 
    1.1986707127822025, 
    24.564977689068879, 
    53.082930646446279, 
    16.257950548716636, 
    4.0190884742070816, 
    1.0187443871727422, 
    21.658006199546275, 
    2.2644089855870346, 
    19.239548137870816, 
    22.723763943746807, 
    5.7293608441003805, 
    1.5266464265531572, 
    1.0460713162255668, 
    32.924922055523638, 
    20.404577699034359, 
    26.85606107554807, 
    1.6259727966618247, 
    1.2194724372648003, 
    21.433645193695874, 
    45.449779266659355, 
    21.636965942393637, 
    15.263907635703729, 
    1.3705921713525806, 
    7.8013511491130334, 
    3.0759847396848752, 
    2.6006391207226978, 
    22.877404619273733, 
    2.8741913502307126, 
    8.8149927331773128, 
    1.9693305739006088, 
    3.0779188290685213
  ], 
  "mae": 8.7691713204686668, 
  "pearsonr": [
    0.80085360058928801, 
    1.5037040439052143e-23
  ], 
  "variance": 357.95308182658727
}