{
  "warp_d": 0.08702531229211888, 
  "noise": 0.4056396047250822, 
  "log_likelihood": -3619.011214042989, 
  "nlpd": -4.302716382577934, 
  "rmse": 15.583546873384231, 
  "lengthscale": [
    3.6723309269748743, 
    8.3092460573098315, 
    6.6978562200054848, 
    10.557253010235085, 
    9.9667820839836327, 
    1.0916614391725696, 
    5.0385945757535389, 
    6.186659093232648, 
    7.7405075738995963, 
    1.1125454110587325, 
    6.4067367323143234, 
    7.5335925445291752, 
    12.486598504194513, 
    8.5702521919552463, 
    11.4084922194925, 
    11.824828550980037, 
    3.402552854639092, 
    10.542371964178123, 
    9.0391831872078541, 
    8.7324886334926148, 
    1.8923909721036936, 
    8.6438089720177267, 
    7.6241744472226554, 
    9.4193034260559987, 
    12.409929544463942, 
    3.298697531963779, 
    11.235388257039642, 
    2.8634825181616135, 
    2.2749330779822463, 
    3.4806167699730195, 
    7.1590745553869555, 
    1.9367188149626462, 
    7.1204402239203057, 
    9.2551425118720285, 
    8.7664484692512747, 
    2.1823125350214783, 
    9.4739261505910672, 
    1.9936639812871182, 
    6.54871558136389, 
    6.7196261390579073, 
    1.2805246195405406, 
    8.7133341788681218, 
    7.9741443839786008, 
    11.544089027731394, 
    1.5592872656241994, 
    5.6750784606987796, 
    1.7302193768384919, 
    10.078731817584597, 
    12.353991594406482, 
    7.3882010925358568, 
    2.1199465565013003, 
    9.7278388222148404, 
    10.27641209585053, 
    11.472423257144968, 
    2.0029753169108044, 
    11.973829190015927, 
    2.4839418587593944, 
    5.8225595054759385, 
    11.316865406784693, 
    9.0702726941423286, 
    10.823625684798992, 
    6.6055499355631317, 
    9.5555221276818916, 
    8.6998706653363485, 
    10.659516129430452, 
    0.77050999908870466, 
    6.6060862372880678, 
    9.5411658536884687, 
    5.0634789957983726, 
    1.8120925235224847, 
    1.2436201276521659, 
    1.0454495366992085, 
    4.0143053007462992, 
    9.7404863764812362, 
    2.0145453764679599, 
    7.3792016498491257, 
    3.2753684394936395, 
    7.0574617310174874, 
    9.941099857038159, 
    1.5563476824030709, 
    0.90844159135418734, 
    1.4084526990536781, 
    2.4007115172469531, 
    10.283719548671764, 
    8.7871727726181224, 
    10.444536907056875, 
    2.0790685182527615, 
    10.830247235390534, 
    4.2278022928436991, 
    9.7622043079070231, 
    4.244369799786214, 
    1.3926678332480014, 
    6.86536240367567, 
    10.65095508930588, 
    1.2399446064853954, 
    4.2985131454502543, 
    9.5967267469219575, 
    7.510960644994829, 
    8.6135353505043657, 
    1.6656776218207507
  ], 
  "mae": 12.030938442170241, 
  "pearsonr": [
    0.70839252176263279, 
    1.6697953706092168e-16
  ], 
  "variance": 4.071357204702359, 
  "warp_psi": [
    [
      1.5544702570093612e-14, 
      0.40338758138504927, 
      0.62160210413731642
    ], 
    [
      2.3883975257601697e-18, 
      0.091994314308046804, 
      0.50965274979360309
    ], 
    [
      4.9229790573878834e-07, 
      0.2454175607403635, 
      4.7257420348366486
    ]
  ]
}