{
  "regularization": 10.0, 
  "rmse": 12.619791368876278, 
  "intercept": -0.044895372069999599, 
  "mae": 9.3331319992935988, 
  "pearsonr": [
    0.44329755560844969, 
    3.8569022328787305e-06
  ], 
  "coefs": [
    0.3827290258125724, 
    0.16615379029700711, 
    -0.21581469211954729, 
    0.18126271201676453, 
    -0.24479838795289491, 
    0.039849327014782714, 
    0.17478983598471529, 
    0.32556644138634933, 
    0.03032864336104539, 
    -0.041848542274494832, 
    -0.17533491188389633, 
    -0.068417804703198526, 
    0.031725703683356858, 
    0.094876919881388438, 
    0.34988511059645527, 
    0.017586995236118376, 
    -0.043586406734895639, 
    0.11187802201740012, 
    0.12429106850304135, 
    -0.026535103435757431, 
    -0.016636808708463173, 
    0.10547108182248077, 
    -0.28571540538991513, 
    -0.018541369752295121, 
    -0.070784670094309596, 
    -0.025747709344579525, 
    0.063629764836924604, 
    -0.15758777393849241, 
    0.012352135077160249, 
    -0.15664579538871484, 
    0.10980497268162323, 
    0.075866568329198539, 
    -0.23637868510949947, 
    -0.35821121296376585, 
    0.054201782440176961, 
    -0.092535989736417398, 
    -0.2207913376408952, 
    -0.0093888121899807966, 
    0.21848657913655853, 
    -0.0088664304085745334, 
    -0.23838425345437284, 
    0.073191164672215245, 
    0.047989153804143321, 
    -0.09328005636226723, 
    -0.30712900556024569, 
    0.057751506413142105, 
    0.021917688892858805, 
    0.15445491102381412, 
    0.10910493462776662, 
    -0.056386001173151082, 
    0.1457027960706529, 
    -0.032763453093119128, 
    0.17781624502527538, 
    0.060420184628636617, 
    -0.046638935649921089, 
    -0.0037929948308304835, 
    -0.20710781831277505, 
    -0.073977951048522825, 
    0.19192824578838863, 
    -0.19565645771765383, 
    -0.067920391976338299, 
    0.083015577553040898, 
    0.39240325420048988, 
    -0.0034614426387792612, 
    0.10297636074233436, 
    -0.054532425228747516, 
    0.32590570125626572, 
    -0.41777136720681995, 
    0.097001061312727871, 
    -0.096514914497926374, 
    0.48861783758429206, 
    -0.019037704774336233, 
    0.039394682776847038, 
    0.07156277933569527, 
    -0.068688398800021783, 
    0.17452976997083083, 
    0.11141881096511004, 
    -0.29509331693713559, 
    0.026150720200912764, 
    -0.13338036459324595, 
    -0.35753376570882001, 
    -0.22429067138585959, 
    -0.1089180009505577, 
    -0.13877684841479099, 
    -0.027199493717556728, 
    0.28363384745860382, 
    0.23139884846756378, 
    0.11551353127893577, 
    -0.05465018632269851, 
    0.11268471659706397, 
    0.15663095498356269, 
    0.037031158973854776, 
    0.38658792652973589, 
    -0.080642461797850409, 
    0.00010017845329174812, 
    -0.024370847853974122, 
    -0.36301387453929013, 
    -0.31076926257342607, 
    0.062874634505300661, 
    -0.13557039217761144
  ]
}