{
  "warp_d": 4.194988910471825, 
  "noise": 693.0579196172905, 
  "log_likelihood": -3841.7887546720103, 
  "nlpd": -4.0866956878786382, 
  "rmse": 14.41752896970592, 
  "weight_variance": [
    1716.2746098353105, 
    5.5626846462681369e-309, 
    708.40083066595287, 
    381.04687589215382, 
    1292.1238706764216, 
    3492.6987285894165, 
    2731.7443077989819, 
    5.5626846462681369e-309, 
    1419.3883143331977, 
    1870.9976681554433, 
    5.5626846462681369e-309, 
    1306.6740703320118, 
    5.5626846462681369e-309, 
    5.5626846462681369e-309, 
    5.5626846462681369e-309, 
    4.0470508833339238, 
    2500.4125668137985, 
    1795.9139200707418, 
    5.5626846462681369e-309, 
    5.5626846462681369e-309, 
    5.5626846462681369e-309, 
    988.18314245136401, 
    6.9956084326073549e-179, 
    5.5626846462681369e-309, 
    5.5626846462681369e-309, 
    5.5626846462681369e-309, 
    5.5626846462681369e-309, 
    1173.0327883930165, 
    1078.069910023903, 
    5094.1325103720037, 
    2380.5758494892079, 
    77.757419023149453, 
    5.5626846462681369e-309, 
    1231.3826056009914, 
    68.339275440370798, 
    5.5626846462681369e-309, 
    4.5793237079078851e-95, 
    5.5626846462681369e-309, 
    7.0554503441912438e-184, 
    1398.1237028643313, 
    3798.5849704241923, 
    665.33638245834345, 
    987.53874101435918, 
    5.5626846462681369e-309, 
    5.5626846462681369e-309, 
    5.5626846462681369e-309, 
    5.5626846462681369e-309, 
    5.5626846462681369e-309, 
    5.5626846462681369e-309, 
    5.5626846462681369e-309, 
    5010.101956367881, 
    347.34370033459987, 
    5.5626846462681369e-309, 
    5.5626846462681369e-309, 
    5.5626846462681369e-309, 
    5.5626846462681369e-309, 
    5.5626846462681369e-309, 
    1145.9194278938844, 
    5.5626846462681369e-309, 
    2011.1675274204147, 
    5.5626846462681369e-309, 
    880.04983993769963, 
    5.5626846462681369e-309, 
    5.5626846462681369e-309, 
    5.5626846462681369e-309, 
    5.5626846462681369e-309, 
    5.5626846462681369e-309, 
    1435.3471516065586, 
    401.63667158226991, 
    2708.3544913185046, 
    1508.755796528623, 
    1766.4754352083905, 
    5.5626846462681369e-309, 
    5.5626846462681369e-309, 
    5.5626846462681369e-309, 
    5.5626846462681369e-309, 
    5091.5919247092379, 
    5.5626846462681369e-309, 
    55.45953779106685, 
    1706.3704078958121, 
    1889.8044957116351, 
    960.81215274283545, 
    5.5626846462681369e-309, 
    5.5626846462681369e-309, 
    5.5626846462681369e-309, 
    5.5626846462681369e-309, 
    878.31557246976968, 
    779.0299760863968, 
    4233.4929133625756, 
    5.5626846462681369e-309, 
    195.61189316221024, 
    2135.5977186876498, 
    5.5626846462681369e-309, 
    5.5626846462681369e-309, 
    4386.9076449456352, 
    392.75489126543272, 
    1940.5015125934133, 
    5.5626846462681369e-309, 
    5.5626846462681369e-309, 
    5.5626846462681369e-309
  ], 
  "bias_variance": 5984.924345125578, 
  "mae": 11.031224433870994, 
  "pearsonr": [
    0.71251415579516753, 
    9.3023048975167747e-17
  ], 
  "variance": 18978.713147642968, 
  "warp_psi": [
    [
      5.5626846462681369e-309, 
      52.921425797479579, 
      -3655.3028355768065
    ], 
    [
      5.5626846462681369e-309, 
      5.5626846462681369e-309, 
      -1611.6100723697673
    ], 
    [
      5.5626846462681369e-309, 
      5.5626846462681369e-309, 
      -111.72238175116122
    ]
  ]
}