{
  "noise": 0.08830309548380467, 
  "log_likelihood": -917.3838299192626, 
  "nlpd": -744.35292836267126, 
  "rmse": 11.843059712119352, 
  "lengthscale": [
    7.4365810416028095, 
    2.4100655306016838, 
    1.7276681164152168, 
    12.742822908307076, 
    14.956438575177701, 
    1.0815754805074091, 
    7.6441317457203803, 
    2.8454806338285006, 
    12.561439679911839, 
    0.99335844065554135, 
    11.657086887109667, 
    15.128056779629151, 
    14.264656351196825, 
    1.063849484381751, 
    15.966721429145423, 
    16.381076317465151, 
    2.3084226983867864, 
    11.153444180009986, 
    4.396798868272958, 
    10.841603144063736, 
    2.507229876661786, 
    3.3375609274630751, 
    17.113487689258882, 
    14.017485251549902, 
    11.79574305492188, 
    2.7620643267485834, 
    17.630457921261097, 
    2.3222362156200118, 
    2.024049046689989, 
    0.64407929087684934, 
    3.1927110983426359, 
    6.0542343366200431, 
    8.676963577439869, 
    14.283188342987001, 
    16.517505656969309, 
    1.5876774405656087, 
    15.78351599065941, 
    2.5923796859492114, 
    3.2680972296223434, 
    2.359528722282815, 
    1.1175288587058576, 
    13.563178065434423, 
    1.4116610316083462, 
    14.73362960560188, 
    1.3281690574985936, 
    13.744312955643297, 
    1.390507530984469, 
    13.908785585367939, 
    15.876237679101838, 
    14.548466262875003, 
    6.9017665853715799, 
    12.81027817623519, 
    10.092134658912416, 
    4.2743982505500115, 
    2.2638017506380286, 
    23.550730374925482, 
    2.9086548295947163, 
    16.112756302720594, 
    11.265628020824003, 
    14.161557715219832, 
    15.497149603134522, 
    9.4858340185454679, 
    8.9521279628767907, 
    12.796081728623252, 
    16.889640770961254, 
    0.85427870974844566, 
    3.5362511045471114, 
    15.694816685984186, 
    3.9113809422808989, 
    2.2038068100222561, 
    8.8229838289732285, 
    0.87378922356164745, 
    11.13682085681026, 
    14.561577766850636, 
    7.2068059207138075, 
    6.4323752390740081, 
    2.8401913611142398, 
    10.191294071683105, 
    11.420775415536308, 
    1.2900558010668144, 
    0.76375337919170494, 
    1.6963657358595403, 
    1.4256661725297293, 
    1.3424775700295291, 
    18.371110246555599, 
    15.746658347961144, 
    1.4757490349349882, 
    14.850138472725027, 
    8.4348570166155472, 
    18.801520637790258, 
    12.209834528264675, 
    2.2589763322723275, 
    7.5770873145752127, 
    15.295981399694915, 
    1.976303323574307, 
    13.317429425159386, 
    12.251499362623589, 
    10.539728082557142, 
    15.419884157608944, 
    1.7469153732598022
  ], 
  "mae": 8.8687353749367013, 
  "pearsonr": [
    0.80080430919522327, 
    1.5201006632780114e-23
  ], 
  "variance": 1.0000192971814124
}