{
  "noise": 0.5500865752081183, 
  "log_likelihood": -1081.7589557668043, 
  "nlpd": -494.2366023926877, 
  "rmse": 17.099542224627996, 
  "mae": 13.054003261421434, 
  "pearsonr": [
    0.57782135053871508, 
    3.0853068479476472e-10
  ], 
  "variance": [
    0.053882608322259933
  ]
}