{
  "regularization": 1.0, 
  "rmse": 8.5612971291232398, 
  "epsilon": 0.10000000000000001, 
  "mae": 5.5101879036632564, 
  "pearsonr": [
    0.69117913584400603, 
    1.7294870486204976e-15
  ], 
  "gamma": 0.10000000000000001
}