{
  "noise": 18.58712663447662, 
  "power": [
    0.25326608541247608
  ], 
  "nlpd": -4.1183543496693504, 
  "rmse": 14.730705492170154, 
  "lengthscale": [
    0.75643062590745447
  ], 
  "mae": 11.873572719706777, 
  "pearsonr": [
    0.69781101797484046, 
    7.1655303118746909e-16
  ], 
  "variance": 926.2482081072804, 
  "log_likelihood": -3875.019449063114
}