{
  "log_likelihood": -4891.483400873284, 
  "nlpd": 4.2228876238848816, 
  "rmse": 16.363698678400045, 
  "Gaussian_noise.variance": 303.28904396254165, 
  "mae": 12.992737413094064, 
  "pearsonr": [
    0.65112555828417418, 
    2.0205445227002642e-16
  ], 
  "linear.variances": 28.608438687993843
}