{
  "noise": 289.41042400535673, 
  "log_likelihood": -3901.4958632626353, 
  "nlpd": -4.286780080961166, 
  "rmse": 17.554714568109937, 
  "mae": 13.033285055251321, 
  "pearsonr": [
    0.59969478997700398, 
    4.3137690064745899e-11
  ], 
  "variance": [
    28.57471334000746
  ]
}