{
  "regularization": 10.0, 
  "rmse": 11.802969256255741, 
  "epsilon": 10.0, 
  "mae": 9.0984605156024791, 
  "pearsonr": [
    0.49981924453575111, 
    1.194912890109594e-07
  ], 
  "gamma": 0.10000000000000001
}