{
  "noise": 0.6132040240812364, 
  "log_likelihood": -1119.9930223183796, 
  "nlpd": -158.04976166494674, 
  "rmse": 9.7970197506596364, 
  "mae": 7.070644258884613, 
  "pearsonr": [
    0.58552524867104594, 
    1.5689096875795134e-10
  ], 
  "variance": [
    0.043560666504932601
  ]
}