{
  "regularization": 100.0, 
  "rmse": 14.445348909966784, 
  "epsilon": 1.0, 
  "mae": 11.050588086329151, 
  "pearsonr": [
    0.64704872973905592, 
    3.5675681151452975e-16
  ], 
  "gamma": 0.10000000000000001
}