{
  "regularization": 100.0, 
  "rmse": 14.821411736332388, 
  "epsilon": 1.0, 
  "mae": 11.587098734720499, 
  "pearsonr": [
    0.63025430856788944, 
    2.123765741466919e-12
  ], 
  "gamma": 0.10000000000000001
}