{
  "warp_d": 0.3782606646195861, 
  "noise": 43.09645186747043, 
  "log_likelihood": -3890.2415264055353, 
  "nlpd": -4.3469462363666249, 
  "rmse": 18.64455782188028, 
  "mae": 14.832357259484954, 
  "pearsonr": [
    0.47659046784929926, 
    5.3745819796344335e-07
  ], 
  "variance": [
    0.080932379448385647, 
    8.5101643351383557e-05, 
    7.2601795639388653, 
    24.994806691527465, 
    25.914121280969276, 
    27.318285714771935, 
    0.00073199201345124109, 
    0.0011416733989582247, 
    3.9082976311551807, 
    0.002585495712113433, 
    0.00011771419967837907, 
    5.3406205042329216, 
    0.00039421075281297161, 
    7.8567825067721292e-05, 
    0.0022657855742018057, 
    2.9678924161493958, 
    0.44700933269650139, 
    0.00013913897843911081, 
    6.0296740915443873e-05, 
    6.0685674095993244e-05, 
    0.0017347064299529133, 
    0.00018648100559308373, 
    0.0019809929669045096, 
    0.00014209440463690994, 
    0.00015135130701675925, 
    0.00011927829816257363, 
    0.00014626670475007962, 
    0.00023362608200603775, 
    12.600682794116558, 
    13.522092902472663, 
    21.389653464395082, 
    4.3357114156600423, 
    7.625077457736162, 
    2.8953185196161626, 
    11.263387820054382, 
    7.2565424615043899, 
    0.00016179294522895873, 
    0.016161116842923626, 
    6.9928780017400483, 
    2.878473889654674, 
    22.886106015188588, 
    0.0015358211278841804, 
    1.772583830224614, 
    0.00015673222726229595, 
    7.0724977166843192e-05, 
    0.00013682830480037979, 
    0.0060154997119749969, 
    0.0005292928501326122, 
    6.5394288864021588e-05, 
    0.0009890741825767462, 
    15.609387988917874, 
    7.8336181708129926, 
    0.00039477991161224755, 
    4.870064418820272, 
    0.00038469106187945099, 
    3.2207210880181791, 
    0.00013746067151002445, 
    15.592787712845567, 
    3.5575034373905473e-05, 
    22.24614040266027, 
    8.0509089801429284e-05, 
    3.052435801405776, 
    0.00070821162752300333, 
    6.2643789358308668, 
    0.00023414755923213492, 
    0.00033492831076835486, 
    1.2231140171524042, 
    0.00054318062814674608, 
    0.00033405222271778063, 
    0.00052737789836125126, 
    3.9577417749753905, 
    7.0143491120042833, 
    2.4093217077649292, 
    5.066880758976458, 
    0.00017565005216066236, 
    0.00038266280448240976, 
    28.120974759528657, 
    0.0001625694981939344, 
    0.0014807011678489915, 
    19.477436350020778, 
    27.853339903657947, 
    16.976515939121871, 
    0.0018049828308891035, 
    0.00030683247552337636, 
    6.2680163019993002e-05, 
    2.9634893410541232, 
    9.7449906093163605, 
    3.417720453628013, 
    10.603399355964021, 
    0.0014718320647152379, 
    1.087935085612759, 
    1.7131224461779662, 
    0.00037990643766114404, 
    0.060092617506605696, 
    0.77601230600057947, 
    5.6614818785189041, 
    7.7437210871256597e-05, 
    0.00015654496019605813, 
    0.00091985284803177943, 
    0.0001036995075391041
  ], 
  "warp_psi": [
    [
      4.6601688637276534e-47, 
      1.20384252336859e-05, 
      18.674054382806926
    ], 
    [
      1.0094269692558093e-35, 
      5.3972289918759258e-05, 
      8.3218218599276952
    ], 
    [
      1.3432728531513693e-28, 
      3.3853395871238567, 
      -59.413461714325138
    ]
  ]
}