{
  "noise": 118.40119223705491, 
  "log_likelihood": -3561.149866627629, 
  "nlpd": -3.9818773258318685, 
  "rmse": 12.840007560500217, 
  "lengthscale": [
    2.8174550535401335
  ], 
  "mae": 10.28720013323878, 
  "pearsonr": [
    0.49283557809288681, 
    1.9000296371118946e-07
  ], 
  "variance": 158.31189966728107
}