{
  "log_likelihood": -4535.097685444812, 
  "nlpd": 4.0869268123761815, 
  "rmse": 14.25913733154133, 
  "rbf.lengthscale": 2.6958125828175006, 
  "Gaussian_noise.variance": 150.26453904464893, 
  "mae": 11.225679825945763, 
  "pearsonr": [
    0.42966370375165625, 
    5.7242662027153676e-07
  ], 
  "rbf.variance": 117.46838036507343
}