{
  "noise": 0.33929470166346226, 
  "log_likelihood": -1161.6840763640694, 
  "nlpd": -335.54568457126931, 
  "rmse": 12.102535553974702, 
  "lengthscale": [
    1.6260418119963445
  ], 
  "mae": 8.6449065002488172, 
  "pearsonr": [
    0.45513624894633481, 
    1.9596114054547597e-06
  ], 
  "variance": 0.637376469776
}