{
  "noise": 5.199262004210012, 
  "power": [
    0.86063019939083329
  ], 
  "nlpd": -3.5216681341011893, 
  "rmse": 7.8412896176321416, 
  "lengthscale": [
    0.92087658487958912
  ], 
  "mae": 5.0637976058281735, 
  "pearsonr": [
    0.61519098208156198, 
    9.757301653769795e-12
  ], 
  "variance": 104.14124329341566, 
  "log_likelihood": -3227.774025369204
}