{
  "noise": 0.12810567025852607, 
  "power": [
    0.020145826918956097
  ], 
  "nlpd": -236.43004076382772, 
  "rmse": 8.9828845180907173, 
  "lengthscale": [
    7.8988883834486359, 
    8.1365964107371127, 
    2.8443853542937374, 
    7.3081744607724604, 
    8.6725059894119596, 
    0.95216678929059584, 
    0.22555399298351533, 
    0.23917906630073105, 
    6.2631234059360166, 
    0.39458425674417269, 
    10.014791882116981, 
    6.4182670114065594, 
    5.1387777841116806, 
    6.3600472616922241, 
    0.25898547235333208, 
    0.19783516542596152, 
    0.65653106631061786, 
    11.075203446139017, 
    0.23731163640810471, 
    7.2747912266092118, 
    0.20269087700627977, 
    1.4317471804626027, 
    3.98409030611825, 
    7.5701301826259133, 
    7.6176972656678421, 
    7.0679805547194192, 
    10.899141977074688, 
    10.84873988018307, 
    5.1330997219653369, 
    0.36723712258006236, 
    0.47094689832492365, 
    0.24680846535963769, 
    6.2486801703748487, 
    5.4549065720935221, 
    6.3088385792881674, 
    2.9460509492271805, 
    2.4614048781273841, 
    9.1881889666651553, 
    10.034493840381916, 
    6.3669270997543563, 
    0.3976469045088698, 
    8.4050202409042658, 
    15.230027919424259, 
    8.0781619992064702, 
    6.582698095371053, 
    7.9133715823121005, 
    7.5837852229315788, 
    6.1004544063304262, 
    7.9641264224684374, 
    4.5535399355506385, 
    23.916988382110926, 
    10.650101154099492, 
    0.51280956036719827, 
    1.2856422018767915, 
    8.5474447842876913, 
    1.9795357100513331, 
    6.9446810444676368, 
    12.191651158621472, 
    6.8275526921008787, 
    8.2209431113639493, 
    0.16752335074374258, 
    6.4833163830140066, 
    6.9588584237121989, 
    9.6335420602998791, 
    8.2469285102705765, 
    8.8553240579154728, 
    0.84510326789032786, 
    10.760376967862632, 
    8.8405398206022685, 
    1.1526798755434502, 
    7.264936158120844, 
    4.1581489320180296, 
    13.292368240220636, 
    0.98838002863326735, 
    0.64203538767975199, 
    9.3327400237792837, 
    0.23551800606870563, 
    0.96364516979744264, 
    0.66987621002009046, 
    0.8374797986817315, 
    5.878105993489549, 
    0.20550046030638874, 
    5.6922330930119989, 
    4.9858673375904798, 
    5.806457451987975, 
    15.196361457376554, 
    1.9034368154023662, 
    9.6475194892918292, 
    5.0137404050920651, 
    10.164689812210685, 
    0.75007345587581253, 
    7.7013214371703098, 
    1.9740055498063513, 
    8.5204512458744741, 
    0.66269044358947171, 
    0.65181511884254884, 
    8.7014275028808079, 
    0.19013866389100181, 
    0.59479903590221517, 
    4.2385053647280619
  ], 
  "mae": 6.6171783366072274, 
  "pearsonr": [
    0.67878926450030652, 
    8.4346040116914577e-15
  ], 
  "variance": 13.134217732490495, 
  "log_likelihood": -1009.50854047306
}