{
  "noise": 134.77148521667115, 
  "log_likelihood": -3834.011709214177, 
  "nlpd": -4.3175490482031185, 
  "rmse": 17.51776490037048, 
  "lengthscale": [
    2.2651350466445943
  ], 
  "mae": 13.07251485356589, 
  "pearsonr": [
    0.59104924199927078, 
    9.5548257111218056e-11
  ], 
  "variance": 494.40698511199633
}