{
  "noise": 0.4376722902033961, 
  "log_likelihood": -1191.5002616583886, 
  "nlpd": -101.68917907839668, 
  "rmse": 8.7099516184103223, 
  "weight_variance": [
    638226.22447626397
  ], 
  "bias_variance": 71451.62216302403, 
  "mae": 5.6217001937671629, 
  "pearsonr": [
    0.687519646844022, 
    2.7843303792947516e-15
  ], 
  "variance": 1.136123499283873
}