{
  "noise": 0.7326950808451079, 
  "log_likelihood": -1190.2515635010773, 
  "nlpd": -299.89435634608446, 
  "rmse": 12.358446033337859, 
  "mae": 8.8816786151390428, 
  "pearsonr": [
    0.40708272846512161, 
    2.6317657558575284e-05
  ], 
  "variance": [
    0.037941302765699708
  ]
}