{
  "log_likelihood": -4227.105796302533, 
  "nlpd": 3.6903378205449764, 
  "rmse": 9.6684369972756752, 
  "Mat52.variance": 103.25634712924476, 
  "Mat52.lengthscale": 1.8646379234882942, 
  "Gaussian_noise.variance": 49.035966970977924, 
  "mae": 6.3916913401100324, 
  "pearsonr": [
    0.61146625359226392, 
    3.614654605698331e-14
  ]
}