{
  "noise": 93.24235259796006, 
  "log_likelihood": -3827.4415882588205, 
  "nlpd": -4.3548877135944526, 
  "rmse": 18.293183304297028, 
  "lengthscale": [
    2.4916020710003264, 
    15.541713417334091, 
    5.7652474478464706, 
    25.197736176259198, 
    1.8267177880752803, 
    1.2025901110796067, 
    23.597323841417872, 
    26.926485846246774, 
    12.638023931341994, 
    1.0909711517222256, 
    25.749756131508963, 
    8.852245512871372, 
    22.091822063024477, 
    26.228648143194111, 
    46.101378525374848, 
    24.282577920826419, 
    9.9693551930194193, 
    0.85626670829887441, 
    29.605436932188166, 
    25.046801173533325, 
    1.136776436454086, 
    48.98989170661622, 
    4.7562510003046761, 
    31.650795217847961, 
    7.4780696193686351, 
    25.838979174062207, 
    36.390710651268208, 
    11.226486463335366, 
    4.5466615985360184, 
    1.7117051238097569, 
    1.5130371676156786, 
    25.536784183369921, 
    32.494244178983251, 
    1.2026993937553696, 
    4.092400829697266, 
    67.228973191916239, 
    21.004160084654995, 
    24.700278730727213, 
    16.19757260856548, 
    9.6976095982980102, 
    1.3069029234624603, 
    27.455057045757226, 
    4.3773504455879628, 
    4.8567548927088113, 
    14.291369837173708, 
    28.331599015062963, 
    52.028133325604742, 
    28.93934261183735, 
    25.477748608063443, 
    29.400555876267909, 
    1.2266473191922076, 
    72.10247420987281, 
    22.197857126947312, 
    29.47867592506174, 
    28.797332724965919, 
    32.633631770019171, 
    23.821454398227026, 
    7.1520506240338042, 
    25.850778420260532, 
    1.3119635534069785, 
    3.2920391878765103, 
    1.1402458059413219, 
    21.017941209905214, 
    19.787130084865474, 
    14.03733435863102, 
    28.009617913166178, 
    12.736560696009347, 
    58.984338183200371, 
    25.072482180614838, 
    1.0091015448466025, 
    1.2222537061467849, 
    4.7390670267932302, 
    5.1704744195060153, 
    19.218255571617643, 
    25.212350172590241, 
    27.826717953209883, 
    0.79675287535636596, 
    26.367807413274051, 
    27.700927632278635, 
    0.76981443867869948, 
    1.6043481828018471, 
    3.0028960877324384, 
    2.5240790409863796, 
    31.355433959524753, 
    31.772907385932676, 
    4.7982857446690597, 
    1.2970751899087296, 
    20.313486029019831, 
    0.80701210520678546, 
    30.18434947896813, 
    24.895996863180969, 
    0.87090907490621428, 
    27.900304401968565, 
    1.3500011782292762, 
    0.98006675604786209, 
    24.076407773536889, 
    25.685048256615893, 
    30.98182619761544, 
    25.605098313723342, 
    26.728790846405758
  ], 
  "mae": 14.467856527284566, 
  "pearsonr": [
    0.58310999710282785, 
    1.9431299846941537e-10
  ], 
  "variance": 504.00557373199314
}