{
  "noise": 0.3165336161173493, 
  "power": [
    0.082250972102759862
  ], 
  "nlpd": -376.85399652912815, 
  "rmse": 13.032722102063552, 
  "lengthscale": [
    0.517156022029297, 
    5.3010023993388362, 
    0.73991734556908784, 
    6.0617482648829348, 
    0.26945639243947794, 
    7.4838668535785704, 
    1.7743506721255398, 
    6.5636708533472001, 
    6.9545751108537104, 
    7.5782401904593231, 
    6.3177452339642182, 
    4.1873975466324724, 
    5.9645261378569234, 
    0.22860890278192766, 
    0.51890926681442118, 
    6.0563825486677558, 
    3.8951037774902844, 
    0.70426748395030758, 
    5.4763297930733508, 
    6.7165814990011166, 
    7.2961572215853234, 
    5.2127966224644089, 
    4.9593271104620209, 
    5.9539970675087019, 
    7.6816809391610539, 
    6.0773552277579546, 
    0.31771121742392111, 
    7.4633408274924111, 
    7.0942024276377884, 
    3.2416296157967528, 
    7.2911033231399758, 
    10.330829547593975, 
    4.6933141208454865, 
    2.3414790171253443, 
    8.2094150075808106, 
    4.3118816738036863, 
    0.61568856936898264, 
    7.3436074355780407, 
    0.58326745870199725, 
    8.4065655181036334, 
    0.53979009754718688, 
    7.9944833683311556, 
    7.5250968002672058, 
    7.3612119697336666, 
    0.27979545735467626, 
    5.8277677075507448, 
    7.2397257338657566, 
    0.53951090946723401, 
    6.1529727005013068, 
    6.2468909349469177, 
    4.9334369014918176, 
    5.9346359274346554, 
    0.60469251312464667, 
    8.0897361482689547, 
    2.0901008099609863, 
    7.5158063054899902, 
    0.76290082575554941, 
    7.0288244947857601, 
    1.2604905034015312, 
    0.39624278399284418, 
    5.9111168336865134, 
    4.0463740993802286, 
    0.96638466817580893, 
    8.2754682813763107, 
    5.7591767506748122, 
    6.4843795932668558, 
    0.59651949637683277, 
    0.28062635876910935, 
    8.1636964671985215, 
    11.141670793699346, 
    0.56933998243012884, 
    8.8057803327717146, 
    0.13120219568509661, 
    0.7461227960837481, 
    5.7137211365934171, 
    6.9340705867084225, 
    3.8701461735860656, 
    4.3286892945457778, 
    7.5709132438631643, 
    5.0748001109318297, 
    3.0724531922479028, 
    0.65408733092314308, 
    3.4358827479641891, 
    6.0818719178446239, 
    5.8113662241555994, 
    4.0696467070699205, 
    3.9402352401224943, 
    7.0221787053933937, 
    5.8499521585382475, 
    4.3578015992504486, 
    0.48181391165351184, 
    0.38701897908344485, 
    0.19714698439152811, 
    2.7673172865906754, 
    6.7276110122808568, 
    5.9758313467783717, 
    0.49608837208941226, 
    0.8458315491319075, 
    6.5598518851679346, 
    0.4007301734550584
  ], 
  "mae": 9.5250802853398486, 
  "pearsonr": [
    0.35991088860770643, 
    0.00023515215629034365
  ], 
  "variance": 3.5153344080119053, 
  "log_likelihood": -1120.1382632069347
}