{
  "noise": 0.034686926452769704, 
  "log_likelihood": -1126.204410182384, 
  "nlpd": -714.94295633777301, 
  "rmse": 13.81087878241569, 
  "lengthscale": [
    1.5996320734920009
  ], 
  "mae": 11.717731066153226, 
  "pearsonr": [
    0.67709266543148006, 
    1.0415850669961148e-14
  ], 
  "variance": 1.08335051434161
}