{
  "regularization": 10.0, 
  "rmse": 15.132189481967208, 
  "epsilon": 0.10000000000000001, 
  "mae": 11.298255151496175, 
  "pearsonr": [
    0.68438869111923528, 
    4.1616514699596772e-15
  ], 
  "gamma": 0.10000000000000001
}