{
  "noise": 0.04486610561726159, 
  "log_likelihood": -1083.8443311855804, 
  "nlpd": -726.13044530146476, 
  "rmse": 18.005406968777244, 
  "weight_variance": [
    25393.873755107157, 
    5.5626846462681369e-309, 
    361904.65993326902, 
    312442.88852624205, 
    233277.96417172669, 
    483723.75507507502, 
    176224.95420546504, 
    5.5626846462681369e-309, 
    119236.60635252338, 
    120440.14528711324, 
    5.5626846462681369e-309, 
    118201.84977583577, 
    5.5626846462681369e-309, 
    5.5626846462681369e-309, 
    23809.583095868158, 
    224176.94389220272, 
    398474.38870609237, 
    278379.57127112127, 
    5.5626846462681369e-309, 
    5.5626846462681369e-309, 
    5.5626846462681369e-309, 
    75514.120227986976, 
    5.5626846462681369e-309, 
    5.5626846462681369e-309, 
    5.5626846462681369e-309, 
    5.5626846462681369e-309, 
    5.5626846462681369e-309, 
    5.5626846462681369e-309, 
    5.5626846462681369e-309, 
    1030226.6802257136, 
    320672.84987286991, 
    5.5626846462681369e-309, 
    5.5626846462681369e-309, 
    119443.86844628475, 
    152666.27250611407, 
    5.5626846462681369e-309, 
    5.5626846462681369e-309, 
    5.5626846462681369e-309, 
    87362.022085506818, 
    139938.67146498326, 
    654019.2741216711, 
    5.5626846462681369e-309, 
    236062.56918805966, 
    85132.361801961451, 
    5.5626846462681369e-309, 
    5.5626846462681369e-309, 
    5.5626846462681369e-309, 
    5.5626846462681369e-309, 
    5.5626846462681369e-309, 
    5.5626846462681369e-309, 
    566327.13443952205, 
    65762.274390146995, 
    69286.715988407319, 
    5.5626846462681369e-309, 
    5.5626846462681369e-309, 
    5.5626846462681369e-309, 
    5.5626846462681369e-309, 
    250113.45502379729, 
    5.5626846462681369e-309, 
    212362.2689306947, 
    5.5626846462681369e-309, 
    116932.9105261798, 
    5.5626846462681369e-309, 
    5.5626846462681369e-309, 
    5.5626846462681369e-309, 
    5.5626846462681369e-309, 
    5.5626846462681369e-309, 
    120584.28063361399, 
    36081.663025749411, 
    209267.7914851961, 
    257260.45288297828, 
    154647.76178183092, 
    5.5626846462681369e-309, 
    5.5626846462681369e-309, 
    5.5626846462681369e-309, 
    5.5626846462681369e-309, 
    379122.33351766667, 
    5.5626846462681369e-309, 
    193544.26074545443, 
    189220.67354867561, 
    474164.76109220018, 
    43034.929437331732, 
    5.5626846462681369e-309, 
    5.5626846462681369e-309, 
    19371.917528671263, 
    5.5626846462681369e-309, 
    382785.64172177581, 
    68479.178936251337, 
    409121.7146680507, 
    5.5626846462681369e-309, 
    27860.51839477045, 
    160684.84000315701, 
    5.5626846462681369e-309, 
    5.5626846462681369e-309, 
    565076.09969069727, 
    113039.84205113164, 
    153923.70480503948, 
    5.5626846462681369e-309, 
    5.5626846462681369e-309, 
    5.5626846462681369e-309
  ], 
  "bias_variance": 121670.60544957953, 
  "mae": 14.02621049993807, 
  "pearsonr": [
    0.52815508975402703, 
    1.6301761187938988e-08
  ], 
  "variance": 2.1448677204021895
}