{
  "warp_d": 0.09602431066743773, 
  "noise": 0.25935266436581145, 
  "power": [
    0.018466227033450106
  ], 
  "nlpd": -3.611219028257374, 
  "rmse": 8.5245966527191701, 
  "lengthscale": [
    0.53441310971211176
  ], 
  "mae": 6.0657061631502787, 
  "pearsonr": [
    0.68667135011079994, 
    3.1061856503574724e-15
  ], 
  "variance": 20.54633388291323, 
  "warp_psi": [
    [
      5.4321073710287187e-07, 
      0.15822945097984478, 
      -0.97926556358559669
    ], 
    [
      3.4065176221196736e-09, 
      1.1390045149935062, 
      -1.5792251314064631
    ], 
    [
      1.2461043364273374e-12, 
      0.39660621238452642, 
      0.44905142033814199
    ]
  ], 
  "log_likelihood": -3424.7155856647237
}