{
  "noise": 72.83400963037616, 
  "log_likelihood": -3846.6709960061517, 
  "nlpd": -4.0992495125771651, 
  "rmse": 14.781045803756545, 
  "lengthscale": [
    2.1530888162163899
  ], 
  "mae": 11.571082129830089, 
  "pearsonr": [
    0.62499248012565889, 
    3.6516163797960078e-12
  ], 
  "variance": 515.4653601746463
}