{
  "log_likelihood": -4830.587588594884, 
  "nlpd": 4.1405092147975253, 
  "rmse": 14.11547243092571, 
  "Mat52.variance": 522.1183892678644, 
  "Mat52.lengthscale": 1.8199076322603593, 
  "Gaussian_noise.variance": 39.71711443882355, 
  "mae": 10.731908567813727, 
  "pearsonr": [
    0.65738479121712878, 
    8.2980544840391383e-17
  ]
}