{
  "warp_d": 0.13629440355788158, 
  "noise": 0.28977401472911773, 
  "log_likelihood": -3831.1735399948097, 
  "nlpd": -4.3450644301278203, 
  "rmse": 17.561227889725654, 
  "lengthscale": [
    2.5319106175672399
  ], 
  "mae": 13.214116988967989, 
  "pearsonr": [
    0.58543175155804661, 
    1.5820075553721101e-10
  ], 
  "variance": 13.514293443806016, 
  "warp_psi": [
    [
      3.0514115644506097e-07, 
      0.32198163777127958, 
      1.9232401044068741
    ], 
    [
      1.4189209587512166e-09, 
      4.2735656580775974, 
      -1.4133363595262431
    ], 
    [
      9.705470462994321e-08, 
      0.25768443791174722, 
      -0.23430295829715619
    ]
  ]
}