{
  "noise": 39.93622390830204, 
  "power": [
    0.27481622133006212
  ], 
  "nlpd": -4.0047402742498095, 
  "rmse": 13.335586428946661, 
  "lengthscale": [
    0.99648724230643237
  ], 
  "mae": 9.0216401850445713, 
  "pearsonr": [
    0.73543647073309237, 
    2.951595938268643e-18
  ], 
  "variance": 623.3084717829781, 
  "log_likelihood": -3684.141316023089
}