{
  "RatQuad.variance": 504.96693552849416, 
  "log_likelihood": -4646.700331817375, 
  "nlpd": 4.0373505700601235, 
  "rmse": 13.653154579944458, 
  "Gaussian_noise.variance": 68.6487026669446, 
  "RatQuad.lengthscale": 1.2743204932669936, 
  "mae": 10.070151417333145, 
  "pearsonr": [
    0.75689278761077028, 
    1.790267243161479e-24
  ], 
  "RatQuad.power": 0.44887899521707647
}