{
  "noise": 106.16595976953234, 
  "power": [
    7.4568560376148314
  ], 
  "nlpd": -4.3788266588859894, 
  "rmse": 17.788753925904533, 
  "lengthscale": [
    2.7558424823413263, 
    5.6642304013479192, 
    3.2682605394393196, 
    37.385690978760188, 
    15.79941035580422, 
    10.814486865601101, 
    38.605243296427901, 
    41.532258046548954, 
    4.7475259352289934, 
    44.867375468945824, 
    27.802449859335869, 
    3.655873856602553, 
    3.3260449124685318, 
    35.720657995118586, 
    54.350715585407769, 
    26.78340736098621, 
    33.024944564564819, 
    36.375034700639183, 
    2.6847088696223693, 
    3.106146300012532, 
    3.4597681272124081, 
    39.601208376349703, 
    2.2392603427814026, 
    33.633259611958877, 
    35.44368372058068, 
    38.182446876962622, 
    27.879306907899025, 
    5.5195121434357395, 
    15.085951490041657, 
    2.3936511964342335, 
    5.3097838674065878, 
    38.081298392895022, 
    35.974599209356178, 
    39.530677970960667, 
    3.2473126904088581, 
    2.1567251555461406, 
    24.454763525134055, 
    36.701680803027273, 
    57.376562724836425, 
    57.772166788297412, 
    4.9846151563962682, 
    6.1047174673145479, 
    26.417157715210351, 
    57.596083415991757, 
    34.294689986061329, 
    2.6594900195556144, 
    38.897170455774067, 
    25.544113672651399, 
    1.8989205799939661, 
    7.9417050368556845, 
    43.251049172179314, 
    14.403402732936597, 
    54.507695659774477, 
    25.962908335236619, 
    1.5735648921276761, 
    40.594655822706862, 
    3.1620276497605451, 
    33.63098776360998, 
    35.376709497712355, 
    60.738480538660717, 
    7.0152478891661492, 
    31.986355163295176, 
    57.684509063751875, 
    33.550287276240937, 
    2.9673727576447702, 
    28.139026231095254, 
    28.108025758519069, 
    28.217013239960352, 
    34.32792130321716, 
    17.272379265570777, 
    34.986323449722974, 
    48.252690817229556, 
    46.28761233220807, 
    3.2419793423345085, 
    4.2352514913909198, 
    2.0370619238541146, 
    37.776352573866326, 
    38.928163685978028, 
    29.569531614049986, 
    34.163654740679974, 
    31.37674883182806, 
    8.6414207643375036, 
    51.71490359065929, 
    44.661624673394464, 
    4.0818510415418388, 
    2.5726750414346267, 
    45.224800121377314, 
    2.6329659905054652, 
    5.5778120100117876, 
    36.205501098167673, 
    1.8883154247133003, 
    13.104256158609042, 
    3.7303445300427032, 
    9.8322935319713523, 
    4.7215882047334761, 
    16.472419573950869, 
    2.2362722306629084, 
    4.343017835885874, 
    34.590967589373676, 
    4.1093840493876979
  ], 
  "mae": 13.419780522702752, 
  "pearsonr": [
    0.5988920101780163, 
    4.6490081252032802e-11
  ], 
  "variance": 390.2579048854417, 
  "log_likelihood": -3785.125082563491
}