{
  "noise": 0.24017736557703692, 
  "power": [
    1.3995160173522239
  ], 
  "nlpd": -414.78454000020969, 
  "rmse": 11.628575214829826, 
  "lengthscale": [
    1.3716607913772179
  ], 
  "mae": 8.8644882128823639, 
  "pearsonr": [
    0.51363317263128416, 
    4.628338493792096e-08
  ], 
  "variance": 0.7664617962052244, 
  "log_likelihood": -1163.7512652751375
}