{
  "noise": 112.57414542496846, 
  "log_likelihood": -3544.1410948637076, 
  "nlpd": -3.7685262339336316, 
  "rmse": 10.111060918011754, 
  "lengthscale": [
    1.9685948196576974, 
    33.877688999163894, 
    1.5266017618794678, 
    11.424061828370187, 
    1.4340034859545296, 
    32.389557901157573, 
    42.51408511511093, 
    1.201692942687403, 
    37.241897440468804, 
    35.683124765775624, 
    29.234632111598948, 
    50.553027544898555, 
    41.890594094505495, 
    26.938451248857071, 
    2.0150554842337174, 
    29.331423267259602, 
    35.527351063318463, 
    2.8544533763993636, 
    6.4373485568877253, 
    26.605282158240744, 
    31.600414192905873, 
    23.194951329546136, 
    2.4765729116219242, 
    17.027719666126615, 
    24.452203063461738, 
    24.435382101083992, 
    44.249989018217427, 
    30.012096931453609, 
    43.903511931228017, 
    2.6529248915139489, 
    48.876377019504545, 
    35.479122648778855, 
    2.9516511549753743, 
    1.0357013466717089, 
    55.610183998164153, 
    23.852583311855664, 
    2.2700718118358791, 
    40.624693278233146, 
    1.9028957713294776, 
    31.196902472928329, 
    2.8492244211687816, 
    31.887336229094558, 
    31.238904601270587, 
    23.940898902373394, 
    24.966492633160865, 
    27.415094171434845, 
    32.750761569921849, 
    22.526983641736848, 
    28.143701144499161, 
    28.456449235545847, 
    17.92155426622017, 
    26.335877869528492, 
    21.120715161743565, 
    55.228737282625815, 
    4.2134779682459591, 
    33.251310122790898, 
    3.7949987861847378, 
    37.243469881207879, 
    1.9166333701688441, 
    2.2256774955885281, 
    20.265684367961619, 
    15.408647740100939, 
    3.1219508271393677, 
    54.88540346926353, 
    33.17549201332546, 
    18.838963967065723, 
    3.4649427313014041, 
    65.838970782213295, 
    49.64045559489189, 
    49.928999417785853, 
    2.2999527298980986, 
    40.479097419490934, 
    0.81499972612985472, 
    2.1821765130303907, 
    27.287682217014055, 
    20.819913151002613, 
    6.9072130614801104, 
    2.015078921871253, 
    22.843702533363594, 
    48.726210086888088, 
    1.8061067239195263, 
    3.1649745921608416, 
    10.098306882604636, 
    26.280506048531034, 
    29.111622896912909, 
    2.6224795998710686, 
    13.762119547912809, 
    31.434428041113794, 
    18.198554570019056, 
    16.08727319792045, 
    2.0151845299134599, 
    30.678555007447734, 
    3.2931965745490848, 
    21.995748826098225, 
    24.195429116817625, 
    60.878844035998796, 
    2.2127602497606276, 
    1.4685452239585448, 
    27.893801556143568, 
    46.076877448804758
  ], 
  "mae": 8.0791533202154486, 
  "pearsonr": [
    0.36820646859799611, 
    0.00016384457673757736
  ], 
  "variance": 237.7621263354079
}