{
  "log_likelihood": -4869.851101301336, 
  "nlpd": 4.2362158477056129, 
  "rmse": 17.426187374267723, 
  "Mat52.variance": 564.6636545044589, 
  "Mat52.lengthscale": 2.07236916798749, 
  "Gaussian_noise.variance": 80.13923463982816, 
  "mae": 13.448020503838784, 
  "pearsonr": [
    0.60051660918347027, 
    1.3359615466457038e-13
  ]
}