{
  "noise": 0.03752502024143364, 
  "log_likelihood": -1076.0569345591143, 
  "nlpd": -753.83739740424176, 
  "rmse": 16.230219928286616, 
  "lengthscale": [
    0.82777350872863154, 
    1.3093818537654409, 
    12.109259973225871, 
    1.8516004730849347, 
    1.8963987584594972, 
    1.6208913230703723, 
    4.4670259505389112, 
    10.22434085134573, 
    2.0175637923212397, 
    1.3815113704285196, 
    17.085013065141958, 
    1.2327601820209768, 
    15.371430048099571, 
    13.774297708674613, 
    11.14448771454783, 
    8.6668508542523703, 
    1.5936567624399023, 
    0.92334798251636097, 
    21.960526828800266, 
    19.490899674199042, 
    5.1221114363288365, 
    1.9631857782363684, 
    11.465507462723643, 
    13.120606269837513, 
    0.71188313183482099, 
    13.975651576130963, 
    5.1083462964899757, 
    0.92452808893122884, 
    1.1122816652606813, 
    0.93379741608530786, 
    1.3242807979572087, 
    17.147134949171686, 
    11.469738114166699, 
    1.3198935894646953, 
    2.2822247082640983, 
    18.057683279685413, 
    10.715553105944243, 
    19.492838993534651, 
    14.997192331540282, 
    8.9800887584559081, 
    0.81690554815028138, 
    1.6248636092212185, 
    2.7822163735754382, 
    15.081635920852069, 
    13.847038732863625, 
    20.811562331545492, 
    10.672984975741404, 
    21.528179315078972, 
    1.1284092713938514, 
    18.402086125149385, 
    1.8663513440446107, 
    1.6477899203732789, 
    2.9772236253905717, 
    22.565093508621636, 
    14.497614180335031, 
    23.369452699328541, 
    1.1312108245150774, 
    2.9959626678125764, 
    25.028340210746666, 
    1.5972424723383625, 
    19.462470730111551, 
    1.1199721363004784, 
    15.992503177717783, 
    20.742423681252227, 
    20.996034825683886, 
    14.390100242831171, 
    17.080615386919462, 
    0.66212704205424711, 
    3.2518379085027451, 
    1.2466257816763, 
    1.3212799936299098, 
    10.677039554267717, 
    18.667971513423822, 
    15.752910582517178, 
    21.209699125106841, 
    17.082882794284348, 
    1.0535190000214574, 
    13.524153935418754, 
    15.527294674525301, 
    2.0923668536506739, 
    1.6516355968764167, 
    2.4146563357938264, 
    14.947355698687808, 
    5.3362935669872984, 
    14.613900769105879, 
    19.488000832687458, 
    1.8713483084655622, 
    1.6692466998528861, 
    1.1649212925180734, 
    15.033570408797432, 
    7.0689676550244425, 
    0.91925070764794425, 
    15.909175354796909, 
    19.535948179985226, 
    1.8102121141868404, 
    9.2038776119641188, 
    0.67679326243763316, 
    20.842335950458764, 
    8.902600266585706, 
    1.4401293961047026
  ], 
  "mae": 12.458065667998451, 
  "pearsonr": [
    0.61968405801629667, 
    6.244582772481067e-12
  ], 
  "variance": 1.2001044341129339
}