{
  "RatQuad.variance": 188.9954167890154, 
  "log_likelihood": -4205.535234303706, 
  "nlpd": 3.7023486676993511, 
  "rmse": 9.9161344520550934, 
  "Gaussian_noise.variance": 7.196156203600202, 
  "RatQuad.lengthscale": 0.5938580928200795, 
  "mae": 6.5842185094556678, 
  "pearsonr": [
    0.52333579615269443, 
    3.8067399684150076e-10
  ], 
  "RatQuad.power": 0.36565902315007376
}