{
  "lengthscale": [
    2.1066703825624122
  ], 
  "noise": [
    39.93195047919053, 
    24.664342693012888, 
    42.92980579806329, 
    37.142347760596145, 
    40.91224204976655, 
    48.68722178062855
  ], 
  "kappa": [
    9.70513224627056, 
    8.064743851858783, 
    24.022872151484076, 
    26.338673364156712, 
    29.009857685067907, 
    17.63654357949758
  ], 
  "log_likelihood": -21388.51449103842, 
  "joy": {
    "mae": 14.250006917084672, 
    "nlpd": 4.4060655495991199, 
    "pearsonr": [
      0.57702697704772132, 
      3.3048383179156229e-10
    ], 
    "rmse": 18.518699930585854
  }, 
  "W": [
    -2.076409131302707, 
    -1.4506735526793897, 
    -2.5977971754875018, 
    5.158043825625388, 
    -4.575026439806018, 
    1.1638390140977846
  ], 
  "sadness": {
    "mae": 10.663859670829344, 
    "nlpd": 4.1077045113849247, 
    "pearsonr": [
      0.79978130230861277, 
      1.9025150204832828e-23
    ], 
    "rmse": 14.057768256668213
  }, 
  "disgust": {
    "mae": 4.6339724447656252, 
    "nlpd": 3.3276892866510273, 
    "pearsonr": [
      0.49638677775456613, 
      1.5027841056412148e-07
    ], 
    "rmse": 6.1334614241385541
  }, 
  "variance": 10.438639976780298, 
  "anger": {
    "mae": 6.0409450756504066, 
    "nlpd": 3.5993673204828447, 
    "pearsonr": [
      0.68923247971140134, 
      2.229998250738165e-15
    ], 
    "rmse": 8.4914186210784166
  }, 
  "surprise": {
    "mae": 9.3594994833662319, 
    "nlpd": 3.9925379922812199, 
    "pearsonr": [
      0.69102195417382517, 
      1.7654793434331989e-15
    ], 
    "rmse": 12.837599564566945
  }, 
  "fear": {
    "mae": 11.029373017362827, 
    "nlpd": 4.1593114819968378, 
    "pearsonr": [
      0.74815580746050891, 
      3.7133529567054756e-19
    ], 
    "rmse": 14.939977530069655
  }
}