{
  "warp_d": 0.12934430777044228, 
  "noise": 1.4152380720368296, 
  "log_likelihood": -3849.3874182809814, 
  "nlpd": -4.1974961670994428, 
  "rmse": 15.943671535098829, 
  "lengthscale": [
    3.0585136960680166
  ], 
  "mae": 11.859510896705439, 
  "pearsonr": [
    0.81306889462412091, 
    9.2809125349477522e-25
  ], 
  "variance": 11.842744124702763, 
  "warp_psi": [
    [
      4.6406086029158599e-08, 
      0.52008128057789038, 
      -0.24882417150494168
    ], 
    [
      5.0254656931300324e-07, 
      0.50272874614510032, 
      4.1024212291916697
    ], 
    [
      8.4351575735339153e-08, 
      8.8326362509776892, 
      0.48405625273705544
    ]
  ]
}