{
  "noise": 0.09252080742157064, 
  "log_likelihood": -958.569868861018, 
  "nlpd": -893.54000120795365, 
  "rmse": 14.489430059747693, 
  "lengthscale": [
    1.9455655194074912
  ], 
  "mae": 10.597368001114171, 
  "pearsonr": [
    0.71319964233106858, 
    8.4314654280367083e-17
  ], 
  "variance": 0.7828896177166267
}