{
  "noise": 19.280241777500176, 
  "log_likelihood": -3357.629472656926, 
  "nlpd": -3.7333655569514468, 
  "rmse": 10.195456069422084, 
  "lengthscale": [
    9.1647688828236351, 
    12.733497636059075, 
    1.6660993822068648, 
    8.4044072489443078, 
    9.6341940596838338, 
    4.9490507802982053, 
    0.69243094851342213, 
    1.1309023111870506, 
    11.603733601757053, 
    1.040084992546533, 
    11.679625210478134, 
    13.103428624083227, 
    11.452635123053174, 
    8.2450639760009956, 
    0.91132118174383958, 
    0.3811721115506439, 
    2.0356148868554809, 
    12.48223612798456, 
    0.55854216937101941, 
    1.7614626678871521, 
    0.51488462689685144, 
    14.790286500728321, 
    9.0439646429690406, 
    0.82306570634217535, 
    11.025613200031488, 
    1.0894992120142541, 
    8.9043525459396804, 
    5.4672615848451533, 
    14.146369385403347, 
    1.2286453116399572, 
    1.1913305770009446, 
    0.81451323983001955, 
    8.5621690365332199, 
    1.7233892188217432, 
    11.216364280402926, 
    11.388166137208891, 
    11.239526551252423, 
    13.791067265179429, 
    9.0458268033673495, 
    4.7651427331797267, 
    0.82095366395709801, 
    10.517295771775336, 
    14.306385728845029, 
    11.580614082684001, 
    8.4202586057315703, 
    2.3356234193922036, 
    14.698449901252516, 
    9.9423527812111931, 
    19.973492297089486, 
    7.890557815591861, 
    9.6223542353754148, 
    12.402190684363193, 
    1.2513532435237817, 
    5.7530562201621223, 
    11.189665232786259, 
    4.9736119111552659, 
    12.832337557080987, 
    13.045024126163867, 
    2.2095902715459874, 
    10.87887047490702, 
    7.2327924584413053, 
    13.01819785097481, 
    11.413334972491697, 
    2.4423894347755182, 
    13.737117893060526, 
    0.69915160161921985, 
    1.1187839417271905, 
    2.4967202471121359, 
    11.381175947380193, 
    8.4072982435017245, 
    12.512284512502417, 
    11.240289587763137, 
    12.633222528698743, 
    3.5818183783383608, 
    16.784333494305336, 
    12.486238401261982, 
    0.83923549249743612, 
    0.77378450649563346, 
    2.1028906465786128, 
    1.1380965729166292, 
    2.1353456954812762, 
    0.60919167046276801, 
    9.7221397066676225, 
    9.7582528999404481, 
    12.024886761009325, 
    2.1271739410802954, 
    10.368750662676829, 
    13.025714353946297, 
    1.7321002461544857, 
    2.127306359220086, 
    13.943007889187363, 
    10.403782138394263, 
    7.9674821600047085, 
    13.822686966532, 
    1.2300538122709535, 
    0.88940234455316591, 
    12.537758792393781, 
    0.45216354769244083, 
    11.75956799489801, 
    12.546992702208435
  ], 
  "mae": 7.2361061524457355, 
  "pearsonr": [
    0.59171180156249958, 
    8.9973868941407545e-11
  ], 
  "variance": 143.92030916518115
}