{
  "noise": [
    35.48590878221888, 
    35.682217489487726, 
    26.972715493415123, 
    69.32636442176936, 
    41.93998542151994, 
    90.28427342056199
  ], 
  "kappa": [
    0.29876788712191127, 
    3.2442889993692594, 
    36.58598877726773, 
    23.012978620240858, 
    29.099943853197068, 
    12.312683489872676
  ], 
  "log_likelihood": -21343.881218570572, 
  "joy": {
    "mae": 14.578616274581748, 
    "nlpd": 4.373540981415192, 
    "pearsonr": [
      0.5764282289023045, 
      3.4801496003559331e-10
    ], 
    "rmse": 18.66575843333214
  }, 
  "weight_variance": [
    53.841896145445951
  ], 
  "bias_variance": 33.69000918292365, 
  "W": [
    [
      2.2069340737916847, 
      -3.8553769694600972
    ], 
    [
      1.18911338381428, 
      -2.2293127617670345
    ], 
    [
      -1.8600223271148559, 
      -2.6955922700889055
    ], 
    [
      3.2867743302477188, 
      5.0556393432752209
    ], 
    [
      -3.5251237636893555, 
      -4.3607788098127109
    ], 
    [
      0.63481310419489634, 
      1.1956550287028873
    ]
  ], 
  "sadness": {
    "mae": 13.046953835382489, 
    "nlpd": 4.3340611950531356, 
    "pearsonr": [
      0.57562978082255134, 
      3.7278829785573122e-10
    ], 
    "rmse": 17.795542253971735
  }, 
  "disgust": {
    "mae": 5.499071308049631, 
    "nlpd": 3.5816083048323084, 
    "pearsonr": [
      0.68344445143523047, 
      4.6933130062071055e-15
    ], 
    "rmse": 8.6472381610670137
  }, 
  "variance": 16.194128278537846, 
  "anger": {
    "mae": 6.689941373349142, 
    "nlpd": 3.6506932142580992, 
    "pearsonr": [
      0.65067444580014522, 
      2.3432734900479283e-13
    ], 
    "rmse": 9.0844419707155382
  }, 
  "surprise": {
    "mae": 9.6578124176297937, 
    "nlpd": 3.9213210632962174, 
    "pearsonr": [
      0.40133213456935801, 
      3.4999533504952538e-05
    ], 
    "rmse": 12.177899762872148
  }, 
  "fear": {
    "mae": 8.7341407227396459, 
    "nlpd": 3.9313465167407253, 
    "pearsonr": [
      0.74304816363811499, 
      8.6624547662890666e-19
    ], 
    "rmse": 11.870741076527155
  }
}