{
  "warp_d": 0.08709491445687603, 
  "noise": 0.5530793303916097, 
  "log_likelihood": -3260.449482389103, 
  "nlpd": -3.8472169061818779, 
  "rmse": 10.788215150155327, 
  "lengthscale": [
    40.2250747307368
  ], 
  "mae": 6.8615630259931857, 
  "pearsonr": [
    0.54284556540063522, 
    5.3898941381556628e-09
  ], 
  "variance": 40.53925384471533, 
  "warp_psi": [
    [
      8.5842007657441319e-25, 
      4.0108529165437101, 
      0.16517602564139913
    ], 
    [
      3.652789701956112e-21, 
      0.51720253067169075, 
      4.2707340451918441
    ], 
    [
      3.5593515829451747e-17, 
      1.4607022837770183, 
      1.9244153523695318
    ]
  ]
}