{
  "noise": 102.39793432167207, 
  "power": [
    2.4433940183749865
  ], 
  "nlpd": -4.0592785510370053, 
  "rmse": 13.684301636419471, 
  "lengthscale": [
    1.9737513793360251, 
    1.8715900988741858, 
    1.719870884134183, 
    45.773147208971672, 
    73.559359400090514, 
    1.8911314420265162, 
    40.774347535780173, 
    11.434325188614213, 
    51.157619008639251, 
    1.2240787502491084, 
    2.6591835888125215, 
    29.541892591794014, 
    91.871662836595391, 
    63.488779349122836, 
    54.020332606551207, 
    30.122161182243559, 
    2.6127048283244183, 
    31.583395624236442, 
    7.8880125784031092, 
    37.795702270350581, 
    38.716969217758475, 
    35.588302856840201, 
    62.41037685546641, 
    4.2870332310011916, 
    30.84601398124137, 
    6.427905415291475, 
    32.644065888089941, 
    4.8958249614168139, 
    2.7701666151315014, 
    2.0297416730664821, 
    2.4435748506824595, 
    40.356370391387493, 
    68.215017592657105, 
    26.773293075651029, 
    20.374246922302213, 
    2.3864408578708574, 
    75.553398439600102, 
    4.1951905474935103, 
    5.4887488145740697, 
    90.170687298161582, 
    1.5578076874082607, 
    40.160343716865093, 
    2.3001026242164753, 
    32.747716168539881, 
    1.7278027567836618, 
    31.760134319636013, 
    1.8055932404225823, 
    65.52676217848304, 
    63.770607841454165, 
    48.552499114211713, 
    20.629870298703519, 
    44.094436020739792, 
    44.890359927360173, 
    56.744365341069397, 
    2.7013436546804956, 
    34.578583734082024, 
    2.8056739003187641, 
    20.324436061664571, 
    32.889989963219918, 
    43.028688407153361, 
    68.299610420655824, 
    3.2255259971190697, 
    38.496339219814722, 
    20.74841874396888, 
    50.104557430879559, 
    1.3445547565064302, 
    3.0678050263052596, 
    44.713366627596557, 
    2.4996184201165161, 
    3.0207115792296602, 
    27.794293088058524, 
    1.4517897872879408, 
    31.315036033301599, 
    17.151019192980868, 
    49.88581328551642, 
    24.782133879581664, 
    25.48027707827233, 
    18.598349727037117, 
    16.656905448877453, 
    84.703516996685025, 
    1.140443954570336, 
    2.4917035836850632, 
    1.7526625458722029, 
    62.366582908819986, 
    29.817978176261924, 
    91.455214686366389, 
    71.174577487034071, 
    30.378891600250299, 
    73.19183003507861, 
    43.98505013866545, 
    16.508482121439059, 
    1.6143070763899028, 
    57.558728042256291, 
    37.354120491236976, 
    50.110274227394818, 
    32.897457160896167, 
    79.860243573314932, 
    6.5408635068246666, 
    37.532548736378715, 
    3.0688375855635743
  ], 
  "mae": 9.6611914735803754, 
  "pearsonr": [
    0.7200478716596429, 
    3.108157322868093e-17
  ], 
  "variance": 359.79060385661234, 
  "log_likelihood": -3629.9876820522786
}