{
  "noise": 0.6812306389364751, 
  "log_likelihood": -1169.8203701172383, 
  "nlpd": -531.55699878263249, 
  "rmse": 16.059661708586994, 
  "mae": 13.036303021582441, 
  "pearsonr": [
    0.62666278704442824, 
    3.0778518344686013e-12
  ], 
  "variance": [
    0.052437354925645017
  ]
}