{
  "pearsonr": [
    0.76399376168503652, 
    3.6722575961880554e-25
  ], 
  "nlpd": 4.2259296244798774, 
  "rmse": 16.472684109058083, 
  "Mat32.lengthscale": 2.009898388555406, 
  "Gaussian_noise.variance": 39.65229188024377, 
  "mae": 12.581340326704233, 
  "Mat32.variance": 515.5295111162309, 
  "log_likelihood": -4811.403850853431
}