{
  "noise": 32.727993181725516, 
  "log_likelihood": -3833.4911416820087, 
  "nlpd": -4.1933976717075732, 
  "rmse": 16.532082011920394, 
  "lengthscale": [
    2.1082149777865657
  ], 
  "mae": 13.000160575035606, 
  "pearsonr": [
    0.71755586312595854, 
    4.4842529761606758e-17
  ], 
  "variance": 520.0776462910704
}