{
  "log_likelihood": -4817.169882292389, 
  "nlpd": 4.2325106286228849, 
  "rmse": 16.534196835653315, 
  "Mat52.variance": 480.74006209634206, 
  "Mat52.lengthscale": 1.9491635290688816, 
  "Gaussian_noise.variance": 69.50707732747863, 
  "mae": 12.649250727336053, 
  "pearsonr": [
    0.76176749915586006, 
    6.0702249553346771e-25
  ]
}