{
  "noise": 44.60884078688134, 
  "log_likelihood": -3836.4833642940957, 
  "nlpd": -4.1974197432483553, 
  "rmse": 16.59992427036407, 
  "lengthscale": [
    1.9333021342977854
  ], 
  "mae": 12.975992880837234, 
  "pearsonr": [
    0.71471429099608907, 
    6.7785715071874653e-17
  ], 
  "variance": 491.6365020153868
}