{
  "RatQuad.variance": 223.0052543423519, 
  "log_likelihood": -4532.114471735905, 
  "nlpd": 3.9255968651525599, 
  "rmse": 12.074355473332863, 
  "Gaussian_noise.variance": 54.58684289714126, 
  "RatQuad.lengthscale": 0.45565047856412516, 
  "mae": 9.5735224845508018, 
  "pearsonr": [
    0.5547648829025571, 
    1.9060262853822897e-11
  ], 
  "RatQuad.power": 0.333539588434295
}