{
  "regularization": 1.0, 
  "rmse": 14.764363960271142, 
  "epsilon": 0.10000000000000001, 
  "mae": 11.442792193779081, 
  "pearsonr": [
    0.61273240257990358, 
    1.2419280594564839e-11
  ], 
  "gamma": 0.10000000000000001
}