{
  "noise": 8.444929300411996, 
  "power": [
    1.4742088228518229
  ], 
  "nlpd": -3.3450225464064096, 
  "rmse": 6.0879566090778754, 
  "lengthscale": [
    1.3629118396446416
  ], 
  "mae": 4.4994021823594395, 
  "pearsonr": [
    0.49274503170020512, 
    1.9113604698519671e-07
  ], 
  "variance": 101.30014992484739, 
  "log_likelihood": -3245.7422634108084
}