{
  "RatQuad.variance": 190.1421132560649, 
  "log_likelihood": -4220.817042239798, 
  "nlpd": 3.582691724997801, 
  "rmse": 8.6922417523169369, 
  "Gaussian_noise.variance": 7.749065005232709, 
  "RatQuad.lengthscale": 0.6006714120872108, 
  "mae": 5.9623417224379072, 
  "pearsonr": [
    0.55748210812880583, 
    1.4495854171706975e-11
  ], 
  "RatQuad.power": 0.3741130845469524
}