{
  "regularization": 10.0, 
  "rmse": 17.338574729576617, 
  "epsilon": 0.10000000000000001, 
  "mae": 12.969005890044947, 
  "pearsonr": [
    0.58249815149612805, 
    2.0507666330873213e-10
  ], 
  "gamma": 0.10000000000000001
}