{
  "lengthscale": [
    2.2554961283481574
  ], 
  "noise": [
    48.80450664453902, 
    28.61170097977387, 
    45.58986503072902, 
    40.32346167423525, 
    45.1371234654519, 
    66.96775200201608
  ], 
  "kappa": [
    5.781372705323134, 
    5.808001323712016, 
    18.283817157675912, 
    22.631547775392402, 
    22.614276100868135, 
    12.998790953275726
  ], 
  "log_likelihood": -21384.54216573795, 
  "joy": {
    "mae": 11.746523950668475, 
    "nlpd": 4.1412327046696751, 
    "pearsonr": [
      0.70809312712464278, 
      1.7415969078491412e-16
    ], 
    "rmse": 14.518847657385082
  }, 
  "W": [
    -1.9233508618934867, 
    -1.2523009486011842, 
    -2.631137400536949, 
    4.900779778840245, 
    -4.270043813477595, 
    1.1395454795392683
  ], 
  "sadness": {
    "mae": 11.441395254555118, 
    "nlpd": 4.154731400024315, 
    "pearsonr": [
      0.77034797138345135, 
      7.2932706666503229e-21
    ], 
    "rmse": 14.943205842501639
  }, 
  "disgust": {
    "mae": 5.2109137465700108, 
    "nlpd": 3.5008030161396886, 
    "pearsonr": [
      0.5953521819554175, 
      6.4508191351947245e-11
    ], 
    "rmse": 7.9389186233007667
  }, 
  "variance": 13.524669209610295, 
  "anger": {
    "mae": 6.6638940122915553, 
    "nlpd": 3.7348718540323489, 
    "pearsonr": [
      0.70672236952813394, 
      2.1104196459656989e-16
    ], 
    "rmse": 10.072019725448698
  }, 
  "surprise": {
    "mae": 7.9317100043939615, 
    "nlpd": 3.7569713493479258, 
    "pearsonr": [
      0.39639586275810546, 
      4.451880644903833e-05
    ], 
    "rmse": 9.95377338474594
  }, 
  "fear": {
    "mae": 9.390879694945431, 
    "nlpd": 4.0746477610296878, 
    "pearsonr": [
      0.76936295400490951, 
      8.7638803713006159e-21
    ], 
    "rmse": 13.91775071601829
  }
}