{
  "warp_d": 0.17944483327222555, 
  "noise": 2.537113728299392, 
  "log_likelihood": -3454.7286112810652, 
  "nlpd": -3.6020995425136819, 
  "rmse": 8.7446266379125071, 
  "lengthscale": [
    5.9579554121018052
  ], 
  "mae": 6.4926067296077141, 
  "pearsonr": [
    0.66332192631637255, 
    5.4890311735806527e-14
  ], 
  "variance": 13.1690837888201, 
  "warp_psi": [
    [
      1.200421867507159e-07, 
      0.78662672605915385, 
      2.4101567061573177
    ], 
    [
      2.6417452970301954e-07, 
      1.9631570900439077, 
      0.41557709188354741
    ], 
    [
      2.1076416192875545e-07, 
      0.48298446111616045, 
      2.4170662156452321
    ]
  ]
}