{
  "noise": 0.07787378535489137, 
  "log_likelihood": -1034.175876435997, 
  "nlpd": -642.02965038979607, 
  "rmse": 16.079242778323177, 
  "weight_variance": [
    1074409.4759775423
  ], 
  "bias_variance": 208952.99790509557, 
  "mae": 11.477566675647866, 
  "pearsonr": [
    0.65540609876607347, 
    1.3724997091849268e-13
  ], 
  "variance": 1.7163800091995671
}