{
  "lengthscale": [
    2.2290324818972427
  ], 
  "noise": [
    48.67065552705598, 
    33.94127882802436, 
    48.94277530410992, 
    35.53819572431688, 
    47.87111838684258, 
    64.96494162746106
  ], 
  "kappa": [
    6.173268773077399, 
    4.5102893388571275, 
    19.259146830495187, 
    21.09241070382602, 
    21.25709226854884, 
    11.921223845800673
  ], 
  "log_likelihood": -21362.499415374088, 
  "joy": {
    "mae": 11.546629713810468, 
    "nlpd": 4.107310667171248, 
    "pearsonr": [
      0.67435055157844381, 
      1.4605306344189018e-14
    ], 
    "rmse": 13.803808403519071
  }, 
  "W": [
    1.718757820880086, 
    1.0595419230564864, 
    2.485596318457311, 
    -5.023567768735105, 
    4.191032230685645, 
    -0.9938968670025942
  ], 
  "sadness": {
    "mae": 11.679760567734515, 
    "nlpd": 4.216305010852536, 
    "pearsonr": [
      0.82116125011532171, 
      1.3074000928071719e-25
    ], 
    "rmse": 15.98754477113139
  }, 
  "disgust": {
    "mae": 6.2823703116854004, 
    "nlpd": 3.8054377703526696, 
    "pearsonr": [
      0.62200090426529875, 
      4.9470313174783741e-12
    ], 
    "rmse": 10.245140689494727
  }, 
  "variance": 13.675455560272384, 
  "anger": {
    "mae": 7.8799692600633344, 
    "nlpd": 3.8533269256523979, 
    "pearsonr": [
      0.62990310731139232, 
      2.202703049817362e-12
    ], 
    "rmse": 11.225023919170745
  }, 
  "surprise": {
    "mae": 10.044635480340505, 
    "nlpd": 3.9296661991187065, 
    "pearsonr": [
      0.59858479921417929, 
      4.7838222056225231e-11
    ], 
    "rmse": 12.239395177176787
  }, 
  "fear": {
    "mae": 8.7872297952899316, 
    "nlpd": 3.9417775205203869, 
    "pearsonr": [
      0.7737749583525434, 
      3.8217351961364802e-21
    ], 
    "rmse": 12.108201365152834
  }
}