{
  "noise": 0.19308224176335084, 
  "log_likelihood": -912.023230392195, 
  "nlpd": -1052.5019062173694, 
  "rmse": 14.472688341918161, 
  "lengthscale": [
    1.1904858081034195, 
    1.6041843048096778, 
    0.87618429869241188, 
    4.212300870909897, 
    10.337579922654303, 
    1.1812600640864372, 
    6.1765276036637706, 
    3.7948702300401704, 
    13.089315421585214, 
    0.86172676203898657, 
    4.3471784496706531, 
    1.4335540783275422, 
    16.019502569757403, 
    8.7695956765051744, 
    13.150612169474838, 
    16.34997163719693, 
    1.644941936996323, 
    15.250287779368627, 
    5.8507474282913812, 
    12.093460794487784, 
    2.7058056665627297, 
    12.049492691418981, 
    13.0049550354282, 
    3.0539552260074698, 
    1.7849416330808801, 
    4.1814694724650705, 
    15.739389013010365, 
    8.1716830535443172, 
    1.3434971239107729, 
    1.1129247097334201, 
    3.110436244425268, 
    3.4052719162652827, 
    0.83802653852273812, 
    12.461564096631514, 
    14.454918230139084, 
    1.8170319936880985, 
    12.193183555426705, 
    2.019505695661111, 
    6.7171569410430498, 
    8.2908263591629847, 
    1.5781679142281704, 
    12.845159600516213, 
    1.5076996103481632, 
    11.764088547667086, 
    1.0012109047305175, 
    9.6268929234581417, 
    1.062484033889995, 
    10.649468647154142, 
    12.636345303693322, 
    9.5977651605246983, 
    1.0847342272356573, 
    12.433431445763425, 
    2.881959407562833, 
    1.8912123118240833, 
    1.6009533852695674, 
    22.435595397854286, 
    8.0204659972057009, 
    5.2143902195042573, 
    14.464837207866587, 
    13.788783739540786, 
    13.06327811285691, 
    1.4577755998856174, 
    7.2592104953188272, 
    2.8064503912526479, 
    13.835266543102749, 
    1.5809445967589937, 
    3.9551532505356253, 
    12.748904218662124, 
    3.990839108200531, 
    1.3968584193972078, 
    9.2705354535895665, 
    0.83199412253992477, 
    9.8125588431858155, 
    12.790523546169602, 
    1.1058509294355701, 
    1.3889928066846655, 
    2.2383072620929756, 
    10.464009897592399, 
    11.411611152131178, 
    5.585787888451188, 
    0.73402266135761518, 
    1.2515006533775652, 
    7.3959942518694861, 
    8.5198953513214288, 
    14.792894221142678, 
    11.92019645526527, 
    4.0010616299781949, 
    14.269926686227494, 
    10.550088431594295, 
    14.720862100731374, 
    1.6086395658540946, 
    0.7269336172627574, 
    1.4129677803440197, 
    14.548990311587273, 
    1.7106190363189966, 
    11.929633504980375, 
    6.9129934811175797, 
    3.8099378577377525, 
    11.021465715076957, 
    2.1022797371496327
  ], 
  "mae": 10.389090304379538, 
  "pearsonr": [
    0.75015784692319731, 
    2.6494602538908317e-19
  ], 
  "variance": 0.8037348303104914
}