{
  "lengthscale": [
    2.0438462304446183
  ], 
  "noise": [
    73.5991301010962, 
    46.707446811545644, 
    84.04618588843267, 
    84.93087765882424, 
    86.69950103487855, 
    92.05576061856603
  ], 
  "kappa": [
    1.0136473682252262e-13, 
    5.923656880860115, 
    36.43589946407843, 
    60.51982644370052, 
    51.19042015669314, 
    22.080685779934868
  ], 
  "log_likelihood": -21498.946817435488, 
  "joy": {
    "mae": 14.81465657603581, 
    "nlpd": 4.4490743661700831, 
    "pearsonr": [
      0.54082290847343784, 
      6.2969741600325909e-09
    ], 
    "rmse": 19.211209481233414
  }, 
  "W": [
    -4.55832806198691, 
    -2.7788459708689826, 
    -3.697438471750446, 
    6.6229206693218545, 
    -5.735301206338008, 
    1.3886189576482295
  ], 
  "sadness": {
    "mae": 10.884438234042115, 
    "nlpd": 4.1085071718423078, 
    "pearsonr": [
      0.7910321627794682, 
      1.2314678228812165e-22
    ], 
    "rmse": 14.23389427614774
  }, 
  "disgust": {
    "mae": 4.7711785310487693, 
    "nlpd": 3.3378449784305637, 
    "pearsonr": [
      0.500850634713086, 
      1.1148246092905499e-07
    ], 
    "rmse": 6.1349839429949373
  }, 
  "variance": 6.793949440165506, 
  "anger": {
    "mae": 6.3948089673334971, 
    "nlpd": 3.6360109040389994, 
    "pearsonr": [
      0.66401414884476651, 
      5.0596226864380893e-14
    ], 
    "rmse": 8.79020347344375
  }, 
  "surprise": {
    "mae": 9.3624579721027619, 
    "nlpd": 3.9869228724151369, 
    "pearsonr": [
      0.69637450763379716, 
      8.6899254082342197e-16
    ], 
    "rmse": 12.887921977951903
  }, 
  "fear": {
    "mae": 11.090244085572454, 
    "nlpd": 4.1612442188629322, 
    "pearsonr": [
      0.7435498818790236, 
      7.9779300227654544e-19
    ], 
    "rmse": 15.007190400642768
  }
}