{
  "noise": 9.001727211531575, 
  "log_likelihood": -3204.1757721697795, 
  "nlpd": -3.7826130873277477, 
  "rmse": 10.090543713419899, 
  "lengthscale": [
    1.3415879059994889
  ], 
  "mae": 6.1101424140007214, 
  "pearsonr": [
    0.50213998026666884, 
    1.0218835570691622e-07
  ], 
  "variance": 83.32257781964907
}