{
  "noise": 138.67576751720327, 
  "power": [
    4.9552166874865238
  ], 
  "nlpd": -4.1655523593833053, 
  "rmse": 15.688371252173644, 
  "lengthscale": [
    3.2169387998250727, 
    37.086387035519721, 
    5.6646346066279722, 
    30.496515966342795, 
    26.770278225000688, 
    9.3259678276925619, 
    2.043372471065493, 
    34.677247194890889, 
    3.0982499047890921, 
    29.494430896060429, 
    13.146081496462905, 
    3.8605086478820176, 
    10.748244587061416, 
    30.611425691736468, 
    33.875802788103528, 
    25.478526414435549, 
    5.5503244118215758, 
    24.889721492199996, 
    2.1847597356448802, 
    2.1892335120378794, 
    26.073804061654595, 
    31.633182786714883, 
    2.1675237760449257, 
    34.967658578304643, 
    28.236339477715561, 
    30.604485568177374, 
    26.801493546447784, 
    18.748337020492226, 
    42.625452129725907, 
    4.5738062982202994, 
    3.5924725633449643, 
    33.149829024225163, 
    6.1445887256849812, 
    39.959890655077587, 
    5.1393627579772474, 
    2.4065711039788518, 
    19.885773215440338, 
    32.616449398925063, 
    49.233733752867309, 
    39.11345804630745, 
    26.804372587249251, 
    2.1956671711684401, 
    12.501149222326786, 
    41.688688244970344, 
    2.6242523804456201, 
    2.9982064430273563, 
    36.246470792653291, 
    47.131808510655162, 
    2.0888196792923286, 
    3.1427573361746806, 
    34.016084257331983, 
    18.719936275290451, 
    26.00040315025992, 
    30.287177523441002, 
    21.498841610005933, 
    28.547120859719868, 
    40.853119778358788, 
    24.206631187757992, 
    24.758845442601988, 
    2.4389273216711005, 
    4.2789600653389437, 
    46.420023493315426, 
    47.771735080867757, 
    2.6118518691247901, 
    2.067607729472742, 
    8.0557147054914822, 
    33.139304635917618, 
    23.170359652138959, 
    30.312596379745315, 
    20.357844256854456, 
    28.321901797085392, 
    23.002926009634443, 
    33.805763009846643, 
    3.0227241603547479, 
    7.41706844311694, 
    1.2806389030296299, 
    31.399945452707556, 
    16.585896049196645, 
    26.390608205842394, 
    20.701808131349456, 
    9.6674090467727432, 
    2.6429676734248457, 
    42.311756512896331, 
    34.895311313614052, 
    16.481102011825541, 
    1.5337462519934786, 
    47.465467624321235, 
    2.0247008456717093, 
    1.7629946444739515, 
    28.961458885728877, 
    1.6040897615237715, 
    4.7046672727814567, 
    32.705330041581988, 
    18.948964801600507, 
    3.1207060484097533, 
    35.228249124064405, 
    2.6082199344481776, 
    4.7461209017548862, 
    33.508094929422668, 
    2.8866644675304816
  ], 
  "mae": 12.097254729415667, 
  "pearsonr": [
    0.55755558629021196, 
    1.6849543311051996e-09
  ], 
  "variance": 384.90370919478977, 
  "log_likelihood": -3805.172231597941
}