{
  "warp_d": 0.09762980158503168, 
  "noise": 0.15477297462868034, 
  "power": [
    0.21192189532786607
  ], 
  "nlpd": -4.2925016071619133, 
  "rmse": 17.598310503851305, 
  "lengthscale": [
    0.78928061325001864
  ], 
  "mae": 13.84327671859716, 
  "pearsonr": [
    0.54443086878377878, 
    4.767843526940379e-09
  ], 
  "variance": 10.44127959191612, 
  "warp_psi": [
    [
      0.00010828648117823014, 
      0.71903371123142834, 
      1.9683277014856442
    ], 
    [
      1.7793030544640253e-05, 
      3.4826343324171622, 
      4.6376677994632827
    ], 
    [
      5.8489488643166859e-05, 
      0.25264821843398422, 
      -0.70682058235817291
    ]
  ], 
  "log_likelihood": -3856.6716832648426
}