{
  "regularization": 10.0, 
  "rmse": 18.231320862999933, 
  "intercept": -0.24274674552422335, 
  "mae": 14.951871469599375, 
  "pearsonr": [
    0.63926369855460685, 
    8.1951644868225352e-13
  ], 
  "coefs": [
    -0.20740225661405079, 
    0.10680796646619779, 
    -0.18274703909132192, 
    -0.35653528642243532, 
    -0.20094448343013527, 
    0.12730920299535123, 
    0.071197006895807519, 
    0.086015463002176676, 
    0.24109292783273611, 
    0.034670337330600244, 
    0.058842644811212534, 
    0.22412247863188453, 
    0.22480611683071244, 
    -0.054065535149058437, 
    0.19987954065668387, 
    0.026836473161058621, 
    -0.053215849820458704, 
    0.087272594494561179, 
    -0.20176418354499059, 
    0.33366435637193859, 
    0.18024212861743935, 
    -0.011425095212078419, 
    0.39971015261171949, 
    0.17346646073097804, 
    0.17073651999852202, 
    0.041267537782664364, 
    -0.10922161963677322, 
    0.21655661780132193, 
    0.22519170829880489, 
    0.19270510094208293, 
    0.31175944892158869, 
    0.087884423197613082, 
    -0.090523977542144696, 
    -0.079722491375680299, 
    -0.48210613755426107, 
    -0.05433822630497135, 
    -0.050055438834107915, 
    -0.17679240333343618, 
    0.12937123740565767, 
    0.12084586040866122, 
    -0.22084796664727716, 
    0.10099786536151623, 
    -0.089603532546131806, 
    0.032686404969994504, 
    0.14014633718893693, 
    0.35352975143177651, 
    -0.062446436115338906, 
    0.094570688278624859, 
    -0.35616210120094527, 
    0.25680399188333203, 
    0.0077258044337806192, 
    -0.21742941964278931, 
    -0.079750335508943671, 
    0.17730427335479976, 
    0.088119096992030507, 
    0.011976377956115336, 
    -0.030322569400884555, 
    -0.1634010462052963, 
    -0.0080652971658718951, 
    0.33162856458771406, 
    0.19012366788293655, 
    -0.074417263684650944, 
    -0.0033840730835643963, 
    -0.13934388208525605, 
    -0.32003653263417359, 
    0.19952335228458057, 
    0.075372914504285557, 
    0.030913749869940294, 
    -0.092341092750226283, 
    0.038354004383636384, 
    -0.072353363720833327, 
    -0.025716076548795437, 
    0.052499567289071229, 
    0.47361539839117922, 
    0.22662954984560488, 
    -0.26546991362441963, 
    0.14819465102350096, 
    0.095858538660672704, 
    -0.071568917086968872, 
    0.22586091252508794, 
    0.3431564236744693, 
    0.29857030802193896, 
    0.20654983737591359, 
    0.050014485474270315, 
    0.13677347913949642, 
    -0.15250950758427836, 
    -0.14467943571050415, 
    -0.27303591079657658, 
    -0.27583354892008272, 
    0.027701124827718953, 
    0.23516157390560721, 
    0.2283879697765839, 
    0.11794104535724276, 
    0.28896360387410691, 
    -0.10135019831524689, 
    0.37836592216659903, 
    0.097850294116656938, 
    0.17487618637857116, 
    0.042378898135038631, 
    -0.37613308527239586
  ]
}