{
  "regularization": 10.0, 
  "rmse": 9.3735792357964254, 
  "epsilon": 0.10000000000000001, 
  "mae": 6.1551495537253924, 
  "pearsonr": [
    0.24761060590355535, 
    0.012999504629727134
  ], 
  "gamma": 0.10000000000000001
}