{
  "noise": 109.12661726932436, 
  "log_likelihood": -3451.5879191215868, 
  "nlpd": -3.8822891588700084, 
  "rmse": 11.656021048013894, 
  "mae": 7.3545056407643496, 
  "pearsonr": [
    0.57082882094750131, 
    5.6150522167853968e-10
  ], 
  "variance": [
    7.7573577858559304
  ]
}