{
  "noise": 0.0836625407796606, 
  "log_likelihood": -1149.8744760814213, 
  "nlpd": -53.859720049820318, 
  "rmse": 6.2422872995418812, 
  "lengthscale": [
    1.4514658125890043
  ], 
  "mae": 4.7682193495475325, 
  "pearsonr": [
    0.43088156331293948, 
    7.6389201708072486e-06
  ], 
  "variance": 0.9155951295714608
}