{
  "regularization": 10.0, 
  "rmse": 10.773209013186483, 
  "intercept": 1.6222245978637826, 
  "mae": 7.1443773293760753, 
  "pearsonr": [
    0.45647880043050942, 
    8.7774858369926212e-08
  ], 
  "coefs": [
    -3.1845418056433772, 
    -1.5930178532576571, 
    -2.1526059824137782, 
    -0.75664184206935015, 
    -0.11450502546200624, 
    1.9006001995264736, 
    0.82231221860141179, 
    1.7436273495357677, 
    3.3354002275576673, 
    5.1163985760200505, 
    1.3669791219880687, 
    -1.6153269840240729, 
    -0.18003612297788493, 
    2.8556495519702771, 
    -0.040375898468171009, 
    4.4158649060084905, 
    -0.4606583964837444, 
    -0.45783759118867495, 
    -0.53159921871509941, 
    1.3414643641968214, 
    0.65708082785935484, 
    1.0032881007440397, 
    1.906696610073064, 
    -0.37277569935825489, 
    0.40073452172082114, 
    -0.15670922293641448, 
    1.6675743208365117, 
    0.26174538185251223, 
    0.96671930441521892, 
    3.1796897355417659, 
    4.7738082967980819, 
    -1.2400320468376509, 
    1.7792952221907379, 
    -0.7254406792689102, 
    -0.02161315720239057, 
    -2.1220726458141383, 
    -2.8998313759401384, 
    -1.7514081942237902, 
    -0.89504502897011018, 
    0.65943629301996876, 
    -0.63017143581639457, 
    1.1404254290223994, 
    -1.6722142333966579, 
    0.61473258660228436, 
    -1.8008855665769004, 
    -1.6240335519412867, 
    1.7979099024442868, 
    1.414320789649927, 
    -0.66536295311987914, 
    -2.3699980156160594, 
    -1.2020757891320435, 
    1.1522444144923545, 
    -2.0972933862033178, 
    4.2720471961437072, 
    -1.8130281437093017, 
    0.38884073551897147, 
    -0.66742844502991394, 
    -2.9121962901160945, 
    -0.36803356893353489, 
    -0.70402227278456586, 
    1.8511160234518167, 
    -1.8845870767570951, 
    -1.0785418922954098, 
    -2.5326422286214814, 
    0.90161083939219688, 
    -1.7702878686302903, 
    4.6860163604609983, 
    -0.82920963448080243, 
    0.47392115684304204, 
    0.5884866408255216, 
    -0.29643911326899597, 
    -2.8352386890191057, 
    0.28130661498927267, 
    3.9107278037821667, 
    -2.4192557174716591, 
    2.280422185326175, 
    -1.1226986367012652, 
    3.9133386982830478, 
    -2.964782848644214, 
    -0.25232966664001377, 
    2.2999629558858143, 
    3.0336546592024694, 
    -0.45955261274636811, 
    1.6413357302294502, 
    -0.15578700613532923, 
    -5.4496767477154728, 
    0.35715461173850038, 
    -1.5923862515798246, 
    3.054370782231536, 
    -2.9503529604638965, 
    -0.59769100575871026, 
    -2.7459658007537682, 
    3.4116727974625527, 
    -0.77107733011651203, 
    7.0524495665176845, 
    -0.64221392404431621, 
    -1.6028876035497599, 
    0.78193868348186391, 
    1.1877949561100938, 
    -0.02943547560334376
  ]
}