{
  "noise": 0.054895798045323026, 
  "log_likelihood": -965.2678606523614, 
  "nlpd": -1582.8773732178975, 
  "rmse": 18.48221769897081, 
  "lengthscale": [
    1.4469532966474261, 
    10.346068556671398, 
    1.2244090399775269, 
    13.537728403863923, 
    13.455315992102969, 
    1.2084578112714244, 
    11.921538329756007, 
    13.71430935196512, 
    1.803173916520685, 
    16.351318311488253, 
    1.0768453383637189, 
    2.1562254533293577, 
    4.4965087655225746, 
    18.52538195622078, 
    4.5815706526733821, 
    5.0593091019383829, 
    18.088302729250309, 
    15.656314925873119, 
    1.1319162067280895, 
    1.7099073623632384, 
    14.021896086567933, 
    1.7656478322707581, 
    1.9767199012173153, 
    7.0260249981212208, 
    17.911603681609662, 
    17.635058467063303, 
    0.95968634965464572, 
    7.1458246516007025, 
    3.2191368414362969, 
    1.8634639265101431, 
    1.8537364041963096, 
    16.1299403968207, 
    7.7465441111213744, 
    17.596418815949576, 
    1.6062122067209152, 
    14.383779216757789, 
    10.275844328321753, 
    13.850883672506789, 
    13.555900912355117, 
    16.385284593710619, 
    16.834165078128315, 
    2.1137593201947595, 
    2.1592430899806572, 
    15.985339308642732, 
    1.8052260599899013, 
    9.8181976319034234, 
    12.552444082102456, 
    2.2623393789353012, 
    1.0513077061970089, 
    2.3520737653306667, 
    12.699757870072178, 
    2.3624443659229208, 
    13.856545721732386, 
    17.143707813701646, 
    1.178785886279297, 
    23.71189820718763, 
    1.0780961428274909, 
    20.560246547938387, 
    13.402934838950181, 
    2.7011340026289288, 
    5.7352172583591434, 
    14.299876902905325, 
    16.468262438918792, 
    2.0676169669205993, 
    1.4192827395039982, 
    12.216864099682413, 
    19.410922009305235, 
    14.824639545147472, 
    12.456507600703896, 
    13.978567716925879, 
    16.461320504777667, 
    4.5176644374411374, 
    14.873292204879377, 
    1.7692916872998645, 
    1.9937838285611178, 
    1.1671979662773775, 
    15.245491954900992, 
    3.2544474646911294, 
    16.337437845851905, 
    3.9832185885244398, 
    1.5145122488527873, 
    1.9663983801640181, 
    14.656319364309356, 
    13.316630554285144, 
    15.974803756698284, 
    0.97856186915302801, 
    1.6003566933784037, 
    0.99179864003459406, 
    1.9261325996593914, 
    10.745501694367771, 
    0.97904796274324968, 
    3.5273765579793408, 
    2.2657021270264326, 
    3.0773191855537698, 
    4.1367341817194578, 
    3.3835632547591081, 
    1.2610866139578449, 
    7.4070635539669567, 
    15.744821343514506, 
    2.4692374700259925
  ], 
  "mae": 14.170007392434417, 
  "pearsonr": [
    0.67600199436160813, 
    1.1920074038403671e-14
  ], 
  "variance": 1.1491140185693727
}