{
  "noise": 0.5249208455155701, 
  "log_likelihood": -1039.9417786550189, 
  "nlpd": -708.6148556225603, 
  "rmse": 18.877316282714084, 
  "mae": 14.263945799503041, 
  "pearsonr": [
    0.50672209829648307, 
    7.4779114995184344e-08
  ], 
  "variance": [
    0.15565358540786819, 
    0.02397447496752644, 
    0.036469500508614132, 
    0.11345718782183112, 
    0.084281605725538, 
    0.075810305191323396, 
    0.046282263117917548, 
    5.2719090732127948e-05, 
    0.19655288994287451, 
    4.6900227508279244e-06, 
    2.9510555561610474e-06, 
    0.13264741919232484, 
    0.022430822001391459, 
    3.7696608776321436e-06, 
    7.0261427691754917e-06, 
    0.00031552009939109552, 
    1.5321509986203534e-05, 
    7.7334129874863622e-06, 
    0.042541800165526576, 
    0.12289607571134063, 
    0.0096841460585824976, 
    4.1044605737427381e-06, 
    0.42988883139516526, 
    0.012150231072010347, 
    3.4069088665379198e-06, 
    1.1697716764268743e-05, 
    3.1192895853762734e-06, 
    0.14967876285252682, 
    0.066390918730896281, 
    0.15667185474913622, 
    0.20822661978660745, 
    0.026999058325960324, 
    4.3454230198962766e-06, 
    0.032382993446636345, 
    0.37263789738874781, 
    6.3054855555343044e-06, 
    4.6868642734620127e-06, 
    0.078267063313506829, 
    3.3883651698366684e-06, 
    3.9386062586772142e-05, 
    0.0005226923063543276, 
    0.11249692614259332, 
    2.2736054621266125e-05, 
    3.8894153060504864e-06, 
    0.00015528276180685596, 
    0.20655019051400489, 
    7.6711301626405416e-06, 
    0.082111927486257966, 
    0.24939316617774707, 
    0.10453435206587945, 
    3.8692736466909195e-06, 
    0.13191132480404158, 
    3.3591522362433809e-06, 
    0.21956559284703692, 
    0.051849421034020793, 
    5.8254465634925871e-07, 
    1.0333813025819546e-05, 
    1.1817352431911844e-05, 
    1.0063714219163975e-06, 
    0.13826940483204711, 
    0.0018555519032187025, 
    3.2306529317065418e-06, 
    3.5156367458625163e-06, 
    0.0053812565192197575, 
    0.73331752291762142, 
    0.042865719477520853, 
    5.2127168945401069e-05, 
    2.3195272783431678e-06, 
    0.014926793676578315, 
    7.4712615906023494e-06, 
    7.7273968296430024e-06, 
    3.6880271978956844e-06, 
    3.6014037122182684e-06, 
    0.30616432192077947, 
    0.19077043001532359, 
    0.15301581174968323, 
    0.014628617287521397, 
    6.5824287803190431e-06, 
    3.5505272001377002e-06, 
    0.022479279584592164, 
    0.092568869108279633, 
    0.26872946250744084, 
    6.3535803824724257e-06, 
    1.4598431922398424e-05, 
    2.0964854285397271e-06, 
    6.2705398424092006e-06, 
    0.062789242443657828, 
    0.16191104509610349, 
    0.00013873966921468551, 
    2.9775414428415692e-06, 
    7.0415653504333976e-05, 
    0.012965056360745842, 
    0.036071874143772623, 
    0.026430839974794472, 
    0.02867029493876044, 
    0.29160806531710642, 
    5.1377267771170464e-06, 
    0.14411203932849811, 
    3.6217773063259771e-06, 
    0.18334868039068236
  ]
}