{
  "noise": 0.2777135488047753, 
  "log_likelihood": -1112.296671224582, 
  "nlpd": -404.66860846037673, 
  "rmse": 12.631647755964121, 
  "lengthscale": [
    1.2094720591346704, 
    1.0052468992257124, 
    1.0757236775071577, 
    1.4371342756052135, 
    0.96834342615021285, 
    10.507714415067172, 
    9.6257106465144773, 
    1.1378130171832919, 
    8.012057171706596, 
    0.75511269296817951, 
    13.222782623643356, 
    0.7302067154741122, 
    8.4978819999091879, 
    10.974245014784632, 
    4.7611891972265745, 
    7.1106805694527422, 
    10.388117993846119, 
    6.1133644482630514, 
    8.4711723445271065, 
    11.840249843693087, 
    0.94943327587301196, 
    9.2946176575248796, 
    6.1326017782756361, 
    10.807503841220493, 
    9.4067293949993545, 
    15.56458673865799, 
    9.9083695034763899, 
    9.1540030919634141, 
    7.6020399389744249, 
    0.48877453379711588, 
    0.65418593584972129, 
    2.3627666023948879, 
    5.006299545155537, 
    1.5842278544124428, 
    10.89868945528883, 
    8.4398926000557015, 
    1.0390500078917104, 
    5.9497219894695217, 
    1.0918149118052982, 
    8.2615404518604709, 
    1.378170199237214, 
    8.2153551809003993, 
    14.299827101598904, 
    7.4644115066291921, 
    0.74294248805170049, 
    10.98828539322783, 
    10.25719487685479, 
    6.2858058791851192, 
    8.3713939041209819, 
    13.907245650105883, 
    9.6790838547141451, 
    10.459299798833758, 
    10.88090316042673, 
    7.8294879272183797, 
    9.7811137008120479, 
    24.915646144460421, 
    1.5877729479835796, 
    14.968300168308859, 
    11.066769541007616, 
    9.1157431895085352, 
    14.454108246186006, 
    8.8097125203231919, 
    2.2544663725251697, 
    5.2591672471563813, 
    0.71024550289255417, 
    8.1358545354802665, 
    1.36506581376452, 
    0.66246335188078487, 
    7.8584407796197118, 
    1.6100734359853233, 
    4.7105771195138564, 
    0.50794545688042803, 
    0.53808027972250305, 
    1.7965665945562366, 
    8.5140449588833214, 
    13.601000771648719, 
    11.530778309390016, 
    1.3461630880179847, 
    12.628900988484446, 
    1.0099626434050193, 
    2.7346412334978192, 
    1.7011329037432819, 
    7.7852981302763613, 
    10.99961586155826, 
    12.009017117834228, 
    1.4022494722870078, 
    12.196433221688654, 
    12.458686388981871, 
    15.492224565488838, 
    1.2241871913128601, 
    0.93753876147572146, 
    0.6622027953624019, 
    0.93530892821629719, 
    6.6684584071164936, 
    5.028118143814936, 
    8.4305493318286029, 
    0.97529931805737946, 
    1.6922725890026629, 
    9.4801291298864907, 
    0.63514008409470335
  ], 
  "mae": 9.7842733887999724, 
  "pearsonr": [
    0.36892841715805585, 
    0.00015869894963376049
  ], 
  "variance": 0.6468125739333075
}