{
  "regularization": 100.0, 
  "rmse": 10.597088282425609, 
  "epsilon": 0.001, 
  "mae": 7.439611677821933, 
  "pearsonr": [
    0.71229469718145477, 
    9.5991049841330678e-17
  ], 
  "gamma": 0.10000000000000001
}