{
  "regularization": 10.0, 
  "rmse": 19.8161576211285, 
  "intercept": 24.670676758667128, 
  "mae": 15.493471742338631, 
  "pearsonr": [
    0.4854179705323769, 
    3.0750374681758162e-07
  ], 
  "coefs": [
    5.3478755394356092, 
    -1.5405252330255499, 
    -1.2317502512350671, 
    8.0994855297056318, 
    10.365105357678532, 
    -9.0117960438498823, 
    3.3431565647397981, 
    -1.6084726986732814, 
    -2.2617028280103049, 
    -5.5473663731679785, 
    -2.0163375342740988, 
    -4.9791484190347131, 
    -0.85460146983501706, 
    1.4164130156190491, 
    -2.5506478161172517, 
    -0.93439042591364962, 
    1.3946193194487446, 
    -0.19966472834779278, 
    0.6327908822324867, 
    1.5216824288907145, 
    -2.1728921456506258, 
    -2.8314019062432636, 
    -0.31172667857273134, 
    -0.018415691011587382, 
    2.4319541917637149, 
    -1.7197118670747138, 
    -1.107884560022629, 
    0.8978858982677802, 
    3.6644719522173879, 
    -10.423051504326395, 
    -9.9251850307040304, 
    -4.7500310143231825, 
    3.6663460199117486, 
    7.054302330628615, 
    7.6312571453736879, 
    -2.6607438800770593, 
    -2.9575216154186412, 
    1.6216066842711161, 
    -5.4705331783609807, 
    -2.2869995266441312, 
    9.2204300442140816, 
    -1.5878975171550473, 
    6.714718118958011, 
    -0.63851168396550206, 
    1.6442705437844121, 
    0.79411448023397546, 
    -3.525938009996973, 
    -1.6266036642466457, 
    1.1237707285858807, 
    -0.43009412933890118, 
    -7.5277296791700179, 
    -3.7936250658894157, 
    -0.056464976124683708, 
    -0.63916380666312378, 
    1.198304246871797, 
    -0.7714064580964719, 
    -1.9753363218213971, 
    5.3896601414788563, 
    1.7208761711557705, 
    -6.5898139825569775, 
    -3.7919774003795923, 
    4.6384815359744858, 
    -0.035126923753124428, 
    -4.8541620737648223, 
    0.16841952509246183, 
    0.22629941556998809, 
    -2.155077683996522, 
    -3.7967886153513923, 
    4.4392631209010531, 
    -2.7778556242434953, 
    8.3042790337348773, 
    2.1651028816770856, 
    -4.5455349243387877, 
    -1.6320331587448038, 
    -3.6172327908291662, 
    0.55926226367087994, 
    -8.9620929377493983, 
    -0.079151028479470809, 
    4.1143962441224957, 
    -8.2681254177560195, 
    -7.0029656181773818, 
    2.3016229718980523, 
    2.9229517693255547, 
    3.3287321603213722, 
    -1.1092391507218611, 
    2.7828359639523135, 
    7.7733220390564473, 
    -3.7161370691767841, 
    -6.5623054629568758, 
    2.2114964632896337, 
    -2.4878155105210746, 
    -3.9908511383959255, 
    -0.53091311812010755, 
    -1.8673682471968831, 
    -4.148735128726428, 
    -3.4430279337631937, 
    0.97734362457504442, 
    0.2894570975422015, 
    0.21000997817416334, 
    1.6760814301125544
  ]
}