{
  "regularization": 10.0, 
  "rmse": 11.616744411116514, 
  "intercept": -0.45285712396265454, 
  "mae": 7.2996924336223596, 
  "pearsonr": [
    0.57466640612951869, 
    4.0493824241594297e-10
  ], 
  "coefs": [
    0.0099388542257962311, 
    -0.046771812784342788, 
    -0.24215805908306448, 
    -0.022327292090562997, 
    -0.26835977744691575, 
    0.13587729407543048, 
    -0.26096346190024611, 
    -0.11794823295752485, 
    0.041996528428137864, 
    0.35639910142988795, 
    -0.034486095536352866, 
    0.033882220179129389, 
    -0.030091203175353614, 
    -0.082435106867596322, 
    -0.24726017889015281, 
    0.2110951093908443, 
    -0.18272447613367246, 
    -0.07761883315694737, 
    -0.48572366300792957, 
    0.22924561316538872, 
    0.29105316717199298, 
    -0.12590951431695174, 
    0.23815890929594638, 
    0.037047285562384603, 
    0.2026516279271206, 
    0.17889416359384491, 
    0.26058964143681923, 
    0.0091200584500116012, 
    0.18038512865043291, 
    0.2659731111647653, 
    0.27919085789732945, 
    0.086525784635506503, 
    0.25010110399115965, 
    -0.15636962819100564, 
    -0.064605743411257494, 
    -0.1304985528286598, 
    0.0088417987057000033, 
    -0.20351242708779929, 
    0.20668060283644113, 
    -0.017676318721687189, 
    -0.24691279838556587, 
    -0.0018916227699993732, 
    -0.11761283100436651, 
    0.10112617929148472, 
    0.034318451338603097, 
    -0.21986541781028193, 
    -0.031799039639494001, 
    -0.056597243947969451, 
    -0.0089824119870489383, 
    0.15210281297653225, 
    0.16859087243709997, 
    0.12541425109783633, 
    -0.23517039979278676, 
    0.3449958726636283, 
    0.03466931752262449, 
    0.16816685000617157, 
    0.17646994940620886, 
    -0.11900011222395103, 
    0.015088467604539597, 
    -0.044538848494536279, 
    0.069331284764161061, 
    -0.22868702648916525, 
    0.0005918449743780637, 
    -0.055395135149288358, 
    0.00095209510619102822, 
    0.13769876917766685, 
    0.29978229649842619, 
    0.024743304750953127, 
    -0.12338292419142521, 
    0.1150246083484142, 
    0.094532570436007338, 
    -0.0011687309495644806, 
    -0.16489511560084219, 
    0.23161751981374301, 
    -0.16789669317988792, 
    -0.078502966325013745, 
    0.11297595385834433, 
    0.10041341990728009, 
    -0.32273212076492425, 
    0.20119164763792807, 
    0.14367699275732251, 
    -0.1460026226867753, 
    -0.26477646454623199, 
    0.056947499100939651, 
    -0.058495761581271448, 
    -0.24396224199026073, 
    -0.065577685798193688, 
    0.13868476342917119, 
    0.16630738719461272, 
    -0.29269010488739555, 
    -0.15921737564741131, 
    -0.11869131057888727, 
    -0.17880465222422295, 
    -0.064607355718699827, 
    0.28448625756532642, 
    -0.0083304199154026707, 
    -0.035539614570286579, 
    0.44361294694256009, 
    0.27297821023994551, 
    -0.099041621545608027
  ]
}