{
  "warp_d": 0.18294873624063632, 
  "noise": 3.4474712969795362, 
  "log_likelihood": -3700.026811836621, 
  "nlpd": -4.0554750580845278, 
  "rmse": 14.074645792148486, 
  "lengthscale": [
    3.18424176884362
  ], 
  "mae": 10.07120469193665, 
  "pearsonr": [
    0.67610198071464944, 
    1.1773855278157933e-14
  ], 
  "variance": 15.635177551514282, 
  "warp_psi": [
    [
      1.2021554827397818e-07, 
      0.59268228598841199, 
      2.8287467952418344
    ], 
    [
      1.7223827725583157e-07, 
      0.28197079882581289, 
      -0.85225287306016362
    ], 
    [
      3.2285683731563977e-07, 
      1.533243963848089, 
      3.7622731414641333
    ]
  ]
}