{
  "warp_d": 0.12309322405976761, 
  "noise": 2.884208739489335, 
  "log_likelihood": -3875.1942171945857, 
  "nlpd": -4.2189010568394734, 
  "rmse": 16.25743021613544, 
  "lengthscale": [
    3.1847355121026908
  ], 
  "mae": 12.122130158777663, 
  "pearsonr": [
    0.79667376591533789, 
    3.7320089353535576e-23
  ], 
  "variance": 12.478701948166995, 
  "warp_psi": [
    [
      3.8341780351221739e-07, 
      0.57568668821982816, 
      2.721166558264231
    ], 
    [
      1.7386819621937033e-06, 
      8.3653111082654039, 
      1.9984175576574306
    ], 
    [
      2.5084033741060446e-07, 
      0.5600233286632339, 
      -0.95967410079865167
    ]
  ]
}