{
  "noise": 0.157384998938347, 
  "log_likelihood": -913.1484769059641, 
  "nlpd": -1030.7245593072619, 
  "rmse": 14.78575616570421, 
  "lengthscale": [
    1.2202646499956897, 
    0.96556379249607849, 
    0.74055100703132448, 
    11.764955664461217, 
    3.2710377708608269, 
    7.5902383900903523, 
    13.943890022753971, 
    17.961108479019984, 
    16.333754534503495, 
    1.3839606057078175, 
    1.1743431714807591, 
    11.935109728767888, 
    19.441656881008928, 
    2.2052193135649367, 
    24.017064841451585, 
    24.21479669665581, 
    1.7355771303043421, 
    19.771674579339962, 
    19.291666488288769, 
    1.2487587477761226, 
    0.998067929926168, 
    19.077067347258307, 
    25.301428224183539, 
    22.546973058018065, 
    21.31091342798101, 
    4.3191629758767895, 
    19.321680113662151, 
    1.9001538108652352, 
    1.8318343217472961, 
    0.87824087334442213, 
    0.96226671446904488, 
    23.05909113322765, 
    18.854410811156811, 
    24.126660328044586, 
    23.380762796203392, 
    1.108426999725969, 
    7.3170962285181353, 
    1.6925666679673146, 
    2.6607055512581983, 
    22.412326583949493, 
    1.0700009713401946, 
    12.802606624682953, 
    1.5844431317624201, 
    17.858663504765701, 
    2.413086228250013, 
    18.072284100900823, 
    0.97435645572994289, 
    1.1937584627925446, 
    22.95050770575191, 
    2.2163087986751733, 
    1.6254904410790489, 
    18.908506154948626, 
    20.414523878147101, 
    17.775280190527926, 
    5.0269030684923175, 
    35.250747377072805, 
    2.2575665495885282, 
    16.943358930563058, 
    5.0174263232291567, 
    18.543111382565986, 
    20.547444888270885, 
    2.528806378939457, 
    13.607494317247669, 
    1.2212092817208624, 
    14.998464310379438, 
    0.67235032805935946, 
    14.356513349892861, 
    6.1142209685041946, 
    15.436394113889502, 
    1.0139483520166164, 
    11.011689125734515, 
    0.59159355040538331, 
    17.077291416246368, 
    24.37769869952178, 
    1.2748128896354189, 
    1.3203708947013248, 
    1.1986233207397794, 
    18.137899373200394, 
    18.093989943593751, 
    1.1470063165431417, 
    0.69126761647125601, 
    3.0680706245251987, 
    1.0904726637766164, 
    20.380967698206931, 
    24.744612423917566, 
    21.945177971561456, 
    1.332227196512676, 
    16.849386021339019, 
    1.0776735381059872, 
    22.673245243975703, 
    6.5332765164010231, 
    1.1831918563254522, 
    18.936062011098485, 
    20.292797898568342, 
    1.7832426303687712, 
    21.22352721539551, 
    20.358902705294483, 
    3.5640603286572428, 
    16.817224045890871, 
    1.0180096702188912
  ], 
  "mae": 10.78616806591166, 
  "pearsonr": [
    0.7490245743644075, 
    3.2086043727441743e-19
  ], 
  "variance": 0.7674918559872428
}