{
  "noise": 0.6506148950650216, 
  "log_likelihood": -1128.6391771644235, 
  "nlpd": -541.22129108728814, 
  "rmse": 16.748197842388521, 
  "mae": 14.143369536649566, 
  "pearsonr": [
    0.55025540024889585, 
    3.0217221748331945e-09
  ], 
  "variance": [
    0.026339508503323613, 
    7.057142249486666e-05, 
    0.00021407299148402942, 
    0.22956473753018564, 
    0.46878547007711169, 
    0.15008446659897093, 
    0.03771801997852027, 
    1.151091698940512e-05, 
    0.041638805109093222, 
    0.051503123542224707, 
    6.3909600034412145e-06, 
    0.072401541575765255, 
    5.4727522399122464e-06, 
    5.3509317403672974e-06, 
    1.3782626043035066e-05, 
    0.0016234256586983252, 
    2.355069323628582e-05, 
    5.863742752519401e-06, 
    2.0110193065579032e-05, 
    0.016662827598686432, 
    0.019404576750086937, 
    0.018391907270387396, 
    2.7803442376354899e-05, 
    5.4225019496291104e-06, 
    4.4678102725561484e-05, 
    3.5878391318862696e-06, 
    0.052451992119382659, 
    4.3628665966416805e-06, 
    0.052254464142224948, 
    0.4764859161824655, 
    0.28462534155425934, 
    9.8604451400627384e-06, 
    2.3496350326283895e-05, 
    0.21717064499422439, 
    0.18437647214499475, 
    0.066538587522760678, 
    0.0007142980390763713, 
    5.9331884001100114e-06, 
    0.10275683151632183, 
    8.2884054719503466e-05, 
    0.3658648301889218, 
    1.2551340168694395e-05, 
    0.11991012243008563, 
    0.00010648503143826996, 
    1.4704002000241957e-05, 
    7.1730905936638681e-06, 
    0.00028762283240799748, 
    1.02382109715817e-05, 
    0.096881430009266814, 
    4.9181844660604417e-06, 
    0.28311050697819007, 
    5.0445206243276217e-05, 
    5.7484625870521332e-06, 
    5.2206540642402881e-06, 
    5.7417177531074969e-06, 
    9.9031984061970544e-07, 
    0.0020691011843743559, 
    0.025809398178507682, 
    3.4744658229929914e-06, 
    0.20275697449572919, 
    0.040630336376886123, 
    0.27648743246537655, 
    8.1248090606801598e-06, 
    0.099287187974317279, 
    6.1620285465412655e-06, 
    6.8438187999935075e-06, 
    0.016255745080935375, 
    9.3056714441743895e-06, 
    0.061647467887921747, 
    0.067180013213733888, 
    0.17582204649541611, 
    0.10089660267063143, 
    0.13467360724838381, 
    0.0064277226190650209, 
    0.0021520058392318518, 
    5.6820990653053432e-06, 
    0.19304008839133049, 
    8.7130914001198312e-06, 
    2.8522496561232388e-05, 
    0.382724668286124, 
    0.057632332433228961, 
    0.04748526442549994, 
    0.00013794822494988873, 
    0.018130313441103205, 
    2.615347732132143e-05, 
    0.02386167106630048, 
    0.35352781443380438, 
    0.04707881370804453, 
    0.095883106598110113, 
    6.543732432535825e-06, 
    1.4004274328323682e-05, 
    0.19236904170358007, 
    7.2902973757559572e-06, 
    5.4973432085625484e-06, 
    0.006175103102237128, 
    0.080897748785600257, 
    5.8896429301900699e-06, 
    3.8025522648123425e-05, 
    7.324068441378379e-06, 
    5.5952713567057626e-06
  ]
}