{
  "warp_d": 0.15808882792797563, 
  "noise": 3.9062084205169625, 
  "log_likelihood": -3722.847806385549, 
  "nlpd": -4.1291297998313103, 
  "rmse": 15.199381697106194, 
  "lengthscale": [
    3.6908945755277456
  ], 
  "mae": 11.024756858179092, 
  "pearsonr": [
    0.61298478769574338, 
    1.2116670988077702e-11
  ], 
  "variance": 14.621951446444648, 
  "warp_psi": [
    [
      7.1682060179936621e-07, 
      0.19109555763356914, 
      0.94587283034722869
    ], 
    [
      1.8680415966265653e-09, 
      0.015914037012139847, 
      -0.66778412958758848
    ], 
    [
      6.9215295579839752e-07, 
      0.019990846179233992, 
      0.87716937762068603
    ]
  ]
}