{
  "RatQuad.variance": 1098.7467473951074, 
  "log_likelihood": -4816.6776932435605, 
  "nlpd": 4.1415891522220134, 
  "rmse": 14.283187325305189, 
  "Gaussian_noise.variance": 23.81190265994813, 
  "RatQuad.lengthscale": 0.7016788096000115, 
  "mae": 10.919025803181448, 
  "pearsonr": [
    0.65055770076878827, 
    2.1881897976744076e-16
  ], 
  "RatQuad.power": 0.1843891030063663
}