{
  "noise": 74.58968159308826, 
  "log_likelihood": -3719.4107402051945, 
  "nlpd": -3.9334159617308115, 
  "rmse": 12.042712677878912, 
  "weight_variance": [
    93.040974029322072
  ], 
  "bias_variance": 5.085942645381606, 
  "mae": 9.3383342616957847, 
  "pearsonr": [
    0.79782553132731737, 
    2.9112787725851271e-23
  ], 
  "variance": 523.1820309358064
}