{
  "noise": 0.05994205229306184, 
  "power": [
    0.72882140662360484
  ], 
  "nlpd": -798.86848025021982, 
  "rmse": 16.701898127351296, 
  "lengthscale": [
    1.3573522213856699
  ], 
  "mae": 11.792426254706259, 
  "pearsonr": [
    0.65385038237623205, 
    1.6381284289243508e-13
  ], 
  "variance": 1.1715061973977823, 
  "log_likelihood": -1014.5902478405465
}