{
  "noise": 0.09306974420282425, 
  "power": [
    1.0467789127850133
  ], 
  "nlpd": -100.16123201105536, 
  "rmse": 6.5608678260630686, 
  "lengthscale": [
    1.0272855660858342
  ], 
  "mae": 4.4103481316604292, 
  "pearsonr": [
    0.78953016789616282, 
    1.6818182036337323e-22
  ], 
  "variance": 0.9891323074663958, 
  "log_likelihood": -1176.4404868305492
}