{
  "noise": 80.09031080376259, 
  "log_likelihood": -3687.9043609258592, 
  "nlpd": -4.0302191263462381, 
  "rmse": 13.637944788886394, 
  "lengthscale": [
    2.3852999070356149
  ], 
  "mae": 9.7566583031615135, 
  "pearsonr": [
    0.7011996738116405, 
    4.5256109389019922e-16
  ], 
  "variance": 332.2119201977747
}