{
  "lengthscale": [
    2.1589103296371901
  ], 
  "noise": [
    30.698018875688337, 
    32.06106827653866, 
    31.696798111842185, 
    37.937222476886255, 
    35.87777385736227, 
    56.50336338913095
  ], 
  "kappa": [
    3.4496694954556615, 
    1.491783662242674, 
    19.18830274994293, 
    23.743651227812475, 
    5.640645231732823, 
    11.441095022466765
  ], 
  "log_likelihood": -21294.69099487066, 
  "joy": {
    "mae": 12.990386276545705, 
    "nlpd": 4.2375344153476879, 
    "pearsonr": [
      0.55100093391998273, 
      2.8485745565435549e-09
    ], 
    "rmse": 16.141786754324215
  }, 
  "W": [
    [
      1.80442576751859, 
      1.973767289962332
    ], 
    [
      1.597522155165922, 
      1.408058413106309
    ], 
    [
      -0.34765280535234111, 
      1.8933034112675238
    ], 
    [
      0.66841645558731577, 
      -3.702392159120766
    ], 
    [
      -2.604905254068147, 
      4.6796004539811111
    ], 
    [
      0.046448883743376676, 
      -0.83875883986636235
    ]
  ], 
  "sadness": {
    "mae": 12.915207562000955, 
    "nlpd": 4.2625782193001491, 
    "pearsonr": [
      0.72023765097082104, 
      3.0221061306163446e-17
    ], 
    "rmse": 16.471499311491243
  }, 
  "disgust": {
    "mae": 4.5804867123854134, 
    "nlpd": 3.3732707453901982, 
    "pearsonr": [
      0.79134505374196196, 
      1.153683220716567e-22
    ], 
    "rmse": 6.6556785887345553
  }, 
  "variance": 15.455102573881126, 
  "anger": {
    "mae": 7.1145081259295626, 
    "nlpd": 3.8315544934840875, 
    "pearsonr": [
      0.71788924242161445, 
      4.2706414087782129e-17
    ], 
    "rmse": 10.885291437016948
  }, 
  "surprise": {
    "mae": 8.6700601493858791, 
    "nlpd": 3.9209392763515143, 
    "pearsonr": [
      0.45627237668723947, 
      1.8338561203727438e-06
    ], 
    "rmse": 12.086573791947938
  }, 
  "fear": {
    "mae": 10.707764101521562, 
    "nlpd": 4.142915501253869, 
    "pearsonr": [
      0.70915246221066308, 
      1.5002005136265388e-16
    ], 
    "rmse": 14.585476027438439
  }
}