{
  "noise": 0.07571310759294411, 
  "log_likelihood": -923.8728067514269, 
  "nlpd": -1057.8717884723724, 
  "rmse": 14.997669683599041, 
  "weight_variance": [
    27.920824412276037, 
    11.009052620832406, 
    60.187699364657874, 
    3.5517527986324833, 
    1.9132962652808977e-14, 
    42.705807259768932, 
    0.048630001210170477, 
    1.5127093257015269, 
    3.1801056914364041e-10, 
    117.04951840301172, 
    1.3467465059833073, 
    19.545490741564873, 
    1.8998811988242272e-16, 
    2.6948535526126191e-07, 
    1.58495121911638e-05, 
    7.1146884673110769e-18, 
    26.486468254551433, 
    2.2558986965850764e-08, 
    4.2702799970993679, 
    1.5536197325634537e-09, 
    1.2935601735161404, 
    1.5507665182469142e-15, 
    8.224133069002188e-15, 
    5.7426397453745794, 
    41.028813517935923, 
    1.4367698160301028, 
    2.525791098501532e-18, 
    8.1310255395399661e-11, 
    5.8507603337216245e-10, 
    97.302221272587488, 
    62.129914903166615, 
    56.448730333646843, 
    39.362607675447428, 
    6.6367952446467254e-16, 
    2.262814480148242e-12, 
    8.2310634692126161, 
    3.0886722300044242e-13, 
    50.341707038907565, 
    4.3295128727028347, 
    1.6750380263248658e-05, 
    5.6380949771530293, 
    3.4942312982184099e-15, 
    19.620152851425324, 
    9.5183622335819329e-16, 
    80.124694742845321, 
    8.8381013040017249e-18, 
    75.983313164676076, 
    8.2918479551761228e-11, 
    8.5368046753977446e-12, 
    1.3351444264274125e-11, 
    46.893887472959378, 
    1.3953910269874e-15, 
    2.9361992097263503, 
    3.7776090751460624e-06, 
    25.463130161602539, 
    2.492582569214991e-15, 
    12.755534029452892, 
    12.195689021917834, 
    7.7050185832322431e-26, 
    6.4074241027526783e-18, 
    1.2454297869558902e-10, 
    23.25697664112591, 
    2.4775448452556585e-13, 
    1.5343323059540809e-09, 
    1.25845574831296e-16, 
    14.683083813612237, 
    4.3032348268405594, 
    1.0485957603069817e-10, 
    2.5505248418817197, 
    34.279875348331409, 
    7.7140647445290262e-14, 
    43.366041221600341, 
    1.4058353036350272e-14, 
    2.5678900857323972e-07, 
    16.257543069796711, 
    33.089336006069502, 
    7.6582343473338437, 
    3.8860951419341633e-17, 
    6.7548653709368722e-11, 
    1.6948843895977908e-09, 
    21.959995641413364, 
    43.199036403157201, 
    2.1045466662435492, 
    3.5833361248149061e-06, 
    1.0855726065740869, 
    1.6734807419007253e-07, 
    0.020576183680441132, 
    1.7035560558416406e-18, 
    4.0103045459095324e-11, 
    6.5419968182901801e-16, 
    15.061994556804899, 
    75.36752399622074, 
    15.656295166026181, 
    1.1404803598123217e-17, 
    19.568186858492659, 
    1.6301287351434707e-18, 
    34.970397573194305, 
    15.611410266142444, 
    0.00016149615443335379, 
    4.781786163167868
  ], 
  "bias_variance": 143.7745368458331, 
  "mae": 10.391300250872403, 
  "pearsonr": [
    0.7342173410855074, 
    3.5779466961493994e-18
  ], 
  "variance": 2.14029961467561
}