{
  "noise": 0.08578156473042693, 
  "power": [
    0.011944217295765497
  ], 
  "nlpd": -779.304530978956, 
  "rmse": 11.555008062118503, 
  "lengthscale": [
    0.60313238664662205, 
    0.72465998161627032, 
    0.47624424867601023, 
    3.0703279947465929, 
    11.822054076989767, 
    0.47388721408260126, 
    8.4252247360935026, 
    1.2175164024512724, 
    10.629162654811571, 
    0.34331883128574936, 
    0.64696207928477911, 
    6.3950381670044898, 
    15.864800693017152, 
    1.383985855427607, 
    14.392445153878954, 
    13.873670019918654, 
    0.9616250166228324, 
    11.785560583234973, 
    7.7254922231471683, 
    12.605352092284678, 
    0.47571495143217013, 
    12.33024766315763, 
    13.906458160291333, 
    1.558117701486506, 
    6.5429685527323498, 
    1.2486364947926616, 
    15.859124654203097, 
    1.225793828733553, 
    0.56219683344301896, 
    0.5766844648838364, 
    0.87045819122649726, 
    7.1030646967976985, 
    9.7427702438268096, 
    13.891719245717189, 
    12.428332378657657, 
    0.4975804572000776, 
    13.717567699997586, 
    0.73357671895061194, 
    2.5737083642627825, 
    1.1857467745132761, 
    0.62387147947304444, 
    13.512431994500236, 
    0.56606792121261329, 
    13.676807712837334, 
    0.56434937508331062, 
    11.893676656729747, 
    0.49466369298301749, 
    9.776322831379515, 
    14.708628264590587, 
    13.103450400591099, 
    0.8008613940708601, 
    8.1182675524018624, 
    9.3755602238186455, 
    12.642232967690045, 
    0.51915556569408705, 
    18.709105212217469, 
    1.0211952260547603, 
    14.265899310187315, 
    13.845918289748413, 
    11.197495997727968, 
    13.294511087197638, 
    0.85930720624910784, 
    10.851364078652567, 
    1.323951183184173, 
    13.267084048433434, 
    0.31491579675190973, 
    1.4197922245710211, 
    14.403262763344543, 
    1.382350574101018, 
    0.51422561697568581, 
    10.784736991669533, 
    0.37597934510420017, 
    13.742204493887746, 
    4.9601427089578038, 
    0.63324345247891745, 
    0.54204401407870328, 
    1.1807699325858731, 
    12.611200161038166, 
    7.1873058947208524, 
    10.164382180270936, 
    0.29909915930768677, 
    0.48751499353451822, 
    0.60378774897459608, 
    10.983098788826322, 
    15.30163753823946, 
    11.945744422582806, 
    0.98250718701043294, 
    12.398994641453083, 
    0.37534680163186562, 
    13.144971468358232, 
    3.4543681369484434, 
    0.41730539902267749, 
    8.8973503066493613, 
    10.891738685215211, 
    0.75875029278317285, 
    11.965661393390922, 
    12.373486657972636, 
    6.3281205330938617, 
    14.94578853773838, 
    0.71084374222252511
  ], 
  "mae": 7.711082520063286, 
  "pearsonr": [
    0.83603792619058659, 
    2.7149974799101993e-27
  ], 
  "variance": 28.98330655923502, 
  "log_likelihood": -930.6964546617824
}