{
  "mixed_noise.Gaussian_noise_3.variance": 40.02005624887543, 
  "mixed_noise.Gaussian_noise_4.variance": 36.41503453405104, 
  "mixed_noise.Gaussian_noise_2.variance": 42.5321730951077, 
  "mixed_noise.Gaussian_noise_0.variance": 38.15816534079637, 
  "mixed_noise.Gaussian_noise_5.variance": 62.76009491086045, 
  "joy": {
    "mae": 13.127547412833557, 
    "nlpd": 4.2483572987818032, 
    "pearsonr": [
      0.64946640917233212, 
      2.549201724590011e-16
    ], 
    "rmse": 16.477872761330239
  }, 
  "ICM.B.kappa": [
    1.6944767006907869e-05, 
    4.8571033334691815, 
    24.363065994394212, 
    36.934233970108721, 
    32.425991433339732, 
    15.253338280020831
  ], 
  "ICM.sum.Mat52.lengthscale": 1.6128984673233433, 
  "ICM.sum.Mat52.variance": 11.087370080255797, 
  "sadness": {
    "mae": 10.822989345465526, 
    "nlpd": 4.1155993359398808, 
    "pearsonr": [
      0.65631249852801921, 
      9.6791261424805091e-17
    ], 
    "rmse": 14.162291218293246
  }, 
  "mixed_noise.Gaussian_noise_1.variance": 20.90557102638073, 
  "disgust": {
    "mae": 6.568699807879276, 
    "nlpd": 3.7341436117135665, 
    "pearsonr": [
      0.53397954870016906, 
      1.4291290893890299e-10
    ], 
    "rmse": 9.9620354321503584
  }, 
  "ICM.B.W": [
    [
      3.8590917567322087
    ], 
    [
      2.7228447638856603
    ], 
    [
      1.7536056275043475
    ], 
    [
      -2.471024654496051
    ], 
    [
      2.6976303342481702
    ], 
    [
      -0.91880556748927245
    ]
  ], 
  "anger": {
    "mae": 7.3500186238985803, 
    "nlpd": 3.7382243688126566, 
    "pearsonr": [
      0.68110393658647284, 
      2.3305187986510336e-18
    ], 
    "rmse": 9.8490704307004915
  }, 
  "surprise": {
    "mae": 10.987661532929303, 
    "nlpd": 4.0974439106022249, 
    "pearsonr": [
      0.33382225390325282, 
      0.00014210113614305766
    ], 
    "rmse": 14.309536330748816
  }, 
  "fear": {
    "mae": 8.9882185538789887, 
    "nlpd": 4.0476020530483501, 
    "pearsonr": [
      0.74998648377202326, 
      7.9392077256052705e-24
    ], 
    "rmse": 13.571938758476305
  }, 
  "ICM.sum.bias.variance": 13.71284090965457, 
  "log_likelihood": -27052.85476790377
}