{
  "mixed_noise.Gaussian_noise_3.variance": 45.131709380670756, 
  "mixed_noise.Gaussian_noise_4.variance": 20.047988694481393, 
  "mixed_noise.Gaussian_noise_2.variance": 35.03643022364624, 
  "mixed_noise.Gaussian_noise_0.variance": 2.616423234379316, 
  "mixed_noise.Gaussian_noise_5.variance": 81.68827912802682, 
  "joy": {
    "mae": 12.232317977482621, 
    "nlpd": 4.3135230378130229, 
    "pearsonr": [
      0.32567603967309999, 
      0.35845874798044608
    ], 
    "rmse": 14.690090187284556
  }, 
  "ICM.B.kappa": [
    3.0230485907542727e-14, 
    3.6839780700921616, 
    20.917890586123708, 
    47.752294043432912, 
    18.263209202276386, 
    12.70542762904349
  ], 
  "ICM.sum.Mat52.lengthscale": 1.5632586209802797, 
  "ICM.sum.Mat52.variance": 17.852465476966717, 
  "sadness": {
    "mae": 11.979786280151441, 
    "nlpd": 4.1417540693335066, 
    "pearsonr": [
      0.88100223979952652, 
      0.00075810376235446362
    ], 
    "rmse": 13.325608133691846
  }, 
  "mixed_noise.Gaussian_noise_1.variance": 23.20591367567481, 
  "disgust": {
    "mae": 6.1805241829940609, 
    "nlpd": 3.6883491091335774, 
    "pearsonr": [
      0.81318896744314395, 
      0.0042243258288492342
    ], 
    "rmse": 7.3440685974735676
  }, 
  "ICM.B.W": [
    [
      4.2274351614164187
    ], 
    [
      3.4436973394921444
    ], 
    [
      2.6481211706847407
    ], 
    [
      -2.5010897239442409
    ], 
    [
      4.1601878428491421
    ], 
    [
      -0.30045972484854211
    ]
  ], 
  "anger": {
    "mae": 4.5770679703389314, 
    "nlpd": 3.6136630418644722, 
    "pearsonr": [
      0.96717324807060634, 
      4.8829046717065847e-06
    ], 
    "rmse": 5.0256530716730863
  }, 
  "surprise": {
    "mae": 12.471246098200451, 
    "nlpd": 4.2147151766256714, 
    "pearsonr": [
      0.47236045438792207, 
      0.16803803242597734
    ], 
    "rmse": 16.202864321604867
  }, 
  "fear": {
    "mae": 17.214760722389155, 
    "nlpd": 4.4281848086425377, 
    "pearsonr": [
      0.60860788018692147, 
      0.061870675631780413
    ], 
    "rmse": 19.849729506246391
  }, 
  "ICM.sum.bias.variance": 9.081974881601319, 
  "log_likelihood": -2241.9799048378154
}