{
  "warp_d": 0.1608252481913679, 
  "noise": 1.6303025712228223, 
  "log_likelihood": -3251.120397859283, 
  "nlpd": -3.8043322962237478, 
  "rmse": 10.365699691562796, 
  "lengthscale": [
    11.585319907717897
  ], 
  "mae": 6.6867587342697341, 
  "pearsonr": [
    0.59465246259402837, 
    6.8790722750411472e-11
  ], 
  "variance": 11.152047260549999, 
  "warp_psi": [
    [
      1.2819058040101938e-07, 
      3.1555317408319703, 
      0.90099085481733054
    ], 
    [
      3.9210738100534521e-08, 
      0.49432904600886884, 
      0.53064738721883942
    ], 
    [
      4.5066264831236771e-07, 
      0.042415605962320482, 
      1.4978780429224525
    ]
  ]
}