{
  "noise": 0.06912296471635224, 
  "log_likelihood": -1015.9539468086418, 
  "nlpd": -804.62186450288777, 
  "rmse": 16.882523400277528, 
  "lengthscale": [
    1.8552572830261824
  ], 
  "mae": 11.947855210613575, 
  "pearsonr": [
    0.64308363447419903, 
    5.4209296673655773e-13
  ], 
  "variance": 0.9193251372702964
}