{
  "noise": 0.10121675035410321, 
  "log_likelihood": -910.8964592655469, 
  "nlpd": -1050.1170566063834, 
  "rmse": 14.596534388688495, 
  "lengthscale": [
    2.8395663852559916, 
    1.3808243547703625, 
    1.0228463799982659, 
    5.1641684061884057, 
    3.1346789936982704, 
    1.9691527167702605, 
    7.5774965347236067, 
    11.715850433571346, 
    14.177436908686335, 
    1.521899842213484, 
    1.6077350153420655, 
    12.303019082186088, 
    14.208054583128423, 
    7.2443216979540734, 
    20.34129349937859, 
    20.454544488095276, 
    1.7108339784673445, 
    16.852410741521048, 
    15.406365061700363, 
    1.5051296045541602, 
    0.81824052363765465, 
    17.052757635542353, 
    20.769125702271005, 
    17.306143711132197, 
    17.502468244456569, 
    3.3574633735781192, 
    16.873704717474546, 
    1.8089945378974734, 
    2.8542082654547256, 
    0.82058394237252918, 
    1.4090741906142901, 
    18.985124729913821, 
    14.177540714308112, 
    19.413203546868473, 
    19.300767773654798, 
    1.2725362100794209, 
    11.007123665844452, 
    2.4437306664554979, 
    2.31146480857843, 
    16.635225780045889, 
    1.1634585265855382, 
    13.747344866862816, 
    1.9199451420271347, 
    16.501099912911698, 
    2.305802314085541, 
    15.96531766748428, 
    1.2780050824862264, 
    1.0599746050942875, 
    19.260231065266563, 
    1.879092356314368, 
    2.0272170373774907, 
    17.427576532510585, 
    17.533935959256965, 
    14.385807198900894, 
    3.9273252026128884, 
    28.854855128054965, 
    4.0483067086494549, 
    15.111287488465482, 
    11.135499002179611, 
    14.651951613559149, 
    16.484248627987167, 
    2.0407209322646742, 
    14.189881758385807, 
    1.8213204053227041, 
    13.980064121940966, 
    0.63394251558477643, 
    4.0230401281150252, 
    10.429982660609337, 
    15.169226826836827, 
    1.1875439193208965, 
    5.3934791678004101, 
    0.80672994266695053, 
    14.467437596137559, 
    19.285483405133345, 
    2.1046929184610597, 
    1.7188702683485628, 
    2.5751676831512333, 
    16.172469212349544, 
    14.594422475034065, 
    0.94887582478887322, 
    0.87620081585507059, 
    1.825899082884586, 
    1.5071299428989311, 
    15.648570150810842, 
    20.403763298885259, 
    19.245442005868828, 
    2.5893115538636287, 
    14.616019322510034, 
    1.1522424134255009, 
    18.644899826667611, 
    8.8916383360932354, 
    1.8490569638465935, 
    17.338611218518459, 
    18.139865522409902, 
    2.8986610140465343, 
    17.933634726136511, 
    16.696539139484315, 
    2.0044100754462524, 
    14.435656147283366, 
    1.1980195882958502
  ], 
  "mae": 10.787760250302668, 
  "pearsonr": [
    0.75688377108753591, 
    8.3234039549468737e-20
  ], 
  "variance": 0.9002785977873083
}