{
  "regularization": 100.0, 
  "rmse": 18.029118238244877, 
  "epsilon": 10.0, 
  "mae": 14.147249580666452, 
  "pearsonr": [
    0.54442447596979315, 
    5.2830777979576707e-11
  ], 
  "gamma": 0.10000000000000001
}