{
  "warp_d": 0.21085004615207542, 
  "noise": 2.3458900378486405, 
  "log_likelihood": -3269.3609157900655, 
  "nlpd": -3.6244984062791423, 
  "rmse": 8.8759083464243353, 
  "lengthscale": [
    6.7725372997401294
  ], 
  "mae": 5.965449561496281, 
  "pearsonr": [
    0.2583956553444231, 
    0.0094395632961060093
  ], 
  "variance": 15.11921569106874, 
  "warp_psi": [
    [
      1.614364252282349e-08, 
      1.4728233340265957, 
      1.5091747652091823
    ], 
    [
      3.1872536924844438e-07, 
      1.0084661208069923, 
      1.8638472806520836
    ], 
    [
      3.5224550173132738e-07, 
      1.8113111290899728, 
      2.4887878109435437
    ]
  ]
}