{
  "noise": 5.874947492806253, 
  "log_likelihood": -3118.579454955587, 
  "nlpd": -3.4702785896912598, 
  "rmse": 7.885566752670818, 
  "weight_variance": [
    5.5626846462681369e-309, 
    5.5626846462681369e-309, 
    5.5626846462681369e-309, 
    5.5626846462681369e-309, 
    5.5626846462681369e-309, 
    132.87242719315987, 
    5.5626846462681369e-309, 
    5.5626846462681369e-309, 
    3205.5835765113193, 
    1219.6232752156927, 
    5.5626846462681369e-309, 
    5.5626846462681369e-309, 
    149.15049333698212, 
    1.1402760928109507e-121, 
    5.5626846462681369e-309, 
    1205.4044733626654, 
    5.5626846462681369e-309, 
    3231.3393078110312, 
    90.955410686376595, 
    5.5626846462681369e-309, 
    323.49218229358155, 
    5.5626846462681369e-309, 
    5.5626846462681369e-309, 
    5.5626846462681369e-309, 
    5.5626846462681369e-309, 
    5.5626846462681369e-309, 
    57.333892277376648, 
    5708.3580953428864, 
    5.5626846462681369e-309, 
    24116.24807220119, 
    9697.6997984588888, 
    5.5626846462681369e-309, 
    5.5626846462681369e-309, 
    5.5626846462681369e-309, 
    5.5626846462681369e-309, 
    5.5626846462681369e-309, 
    5.5626846462681369e-309, 
    5.5626846462681369e-309, 
    1921.6821847103301, 
    5.5626846462681369e-309, 
    5.5626846462681369e-309, 
    5.5626846462681369e-309, 
    5.5626846462681369e-309, 
    5.5626846462681369e-309, 
    5.5626846462681369e-309, 
    429.91597368933378, 
    5.5626846462681369e-309, 
    5.5626846462681369e-309, 
    5.5626846462681369e-309, 
    5.5626846462681369e-309, 
    177.98865366940706, 
    5.5626846462681369e-309, 
    1184.0825601894844, 
    143.91742253365246, 
    1603.2121937052884, 
    5.5626846462681369e-309, 
    5.5626846462681369e-309, 
    5.5626846462681369e-309, 
    5.5626846462681369e-309, 
    5.5626846462681369e-309, 
    5.5626846462681369e-309, 
    5.5626846462681369e-309, 
    5.5626846462681369e-309, 
    5.5626846462681369e-309, 
    5.5626846462681369e-309, 
    5.5626846462681369e-309, 
    497.20905286195199, 
    310.51286485494296, 
    5.5626846462681369e-309, 
    1.6109957493100859e-307, 
    5.5626846462681369e-309, 
    12165.644410453633, 
    5.5626846462681369e-309, 
    917.09495824618307, 
    5.5626846462681369e-309, 
    5.5626846462681369e-309, 
    65582.800664870127, 
    826.06822179955543, 
    5.5626846462681369e-309, 
    5.5626846462681369e-309, 
    286.58025944949134, 
    646.64546318892155, 
    8.0821522704459503e-233, 
    5.5626846462681369e-309, 
    5.5626846462681369e-309, 
    471.02959704003547, 
    3057.645023736919, 
    6027.195782961554, 
    5.5626846462681369e-309, 
    5.5626846462681369e-309, 
    5.5626846462681369e-309, 
    5.5626846462681369e-309, 
    5.5626846462681369e-309, 
    5.5626846462681369e-309, 
    1636.6291848243836, 
    5.5626846462681369e-309, 
    3370.0235972869441, 
    5.5626846462681369e-309, 
    5.5626846462681369e-309, 
    5.5626846462681369e-309
  ], 
  "bias_variance": 5.562684646268137e-309, 
  "mae": 5.7514422956099001, 
  "pearsonr": [
    0.27358049728222, 
    0.0058842857311747496
  ], 
  "variance": 202.8510003443472
}