{
  "regularization": 100.0, 
  "rmse": 16.484199299789459, 
  "epsilon": 10.0, 
  "mae": 13.364383237429047, 
  "pearsonr": [
    0.57878164333723103, 
    2.8386021035308561e-10
  ], 
  "gamma": 0.10000000000000001
}