{
  "regularization": 100.0, 
  "rmse": 17.079486080830165, 
  "epsilon": 1.0, 
  "mae": 12.292921286827093, 
  "pearsonr": [
    0.62827701997851737, 
    2.6066277305493686e-12
  ], 
  "gamma": 0.10000000000000001
}