{
  "noise": 0.198822899156462, 
  "log_likelihood": -1132.1228981749637, 
  "nlpd": -650.56857451054282, 
  "rmse": 17.648466182019451, 
  "lengthscale": [
    1.5914274099734427
  ], 
  "mae": 14.23392112087552, 
  "pearsonr": [
    0.60895972208673699, 
    1.7910674212806304e-11
  ], 
  "variance": 0.9077497386988855
}