{
  "pearsonr": [
    0.43382445396307323, 
    4.3241280385473745e-07
  ], 
  "nlpd": 3.848651175576919, 
  "rmse": 10.878418854689906, 
  "Mat32.lengthscale": 2.308583457050914, 
  "Gaussian_noise.variance": 116.34930515092488, 
  "mae": 8.9907478595152952, 
  "Mat32.variance": 148.78147170498772, 
  "log_likelihood": -4553.115168468421
}