{
  "noise": 94.18023409968269, 
  "log_likelihood": -3558.2926962576585, 
  "nlpd": -3.9319879657679793, 
  "rmse": 12.287117202200237, 
  "lengthscale": [
    2.7555639849807547
  ], 
  "mae": 10.100851105515128, 
  "pearsonr": [
    0.59564311706114448, 
    6.2804152977340271e-11
  ], 
  "variance": 155.56499527317206
}