{
  "noise": [
    42.89219781685851, 
    31.417714082236557, 
    67.77670320488991, 
    59.23870499345529, 
    80.10670088140644, 
    98.46350130500299
  ], 
  "kappa": [
    3.088442779010843e-15, 
    8.796313384537894, 
    47.44350156830443, 
    62.17035918604944, 
    31.506598222524723, 
    24.50980199682764
  ], 
  "log_likelihood": -21362.577254026037, 
  "joy": {
    "mae": 11.46377965762731, 
    "nlpd": 4.1274182857665931, 
    "pearsonr": [
      0.70911644823823794, 
      1.5078459992107167e-16
    ], 
    "rmse": 14.486835219277657
  }, 
  "weight_variance": [
    54.538331060977384
  ], 
  "bias_variance": 39.48838644096915, 
  "W": [
    [
      3.7938925388859963, 
      -4.4705147141054749
    ], 
    [
      2.2904944301170391, 
      -2.8412640163072562
    ], 
    [
      4.7299855967863662, 
      0.58180089397573409
    ], 
    [
      -8.5002513970020583, 
      -1.6464628806408492
    ], 
    [
      8.344847964769464, 
      2.9606701957903336
    ], 
    [
      -2.0811374649088967, 
      -0.13936932663746787
    ]
  ], 
  "sadness": {
    "mae": 11.762501000466893, 
    "nlpd": 4.1512688379430935, 
    "pearsonr": [
      0.76373751085698383, 
      2.4594183333254575e-20
    ], 
    "rmse": 15.127851563673058
  }, 
  "disgust": {
    "mae": 5.2895303355415839, 
    "nlpd": 3.5471466254612838, 
    "pearsonr": [
      0.53269665748859574, 
      1.1643496841028023e-08
    ], 
    "rmse": 8.3455468344405137
  }, 
  "variance": 7.818751644856595, 
  "anger": {
    "mae": 6.8010042386019567, 
    "nlpd": 3.7485573491640198, 
    "pearsonr": [
      0.69674252279962234, 
      8.2718512943546917e-16
    ], 
    "rmse": 10.19445496162974
  }, 
  "surprise": {
    "mae": 8.1497191246070173, 
    "nlpd": 3.7767995616282102, 
    "pearsonr": [
      0.35204200219333293, 
      0.00032832743298753369
    ], 
    "rmse": 10.198259393932537
  }, 
  "fear": {
    "mae": 9.7683478921401772, 
    "nlpd": 4.0834373273819873, 
    "pearsonr": [
      0.75949334457853324, 
      5.2575807074876637e-20
    ], 
    "rmse": 14.195546913258422
  }
}