{
  "noise": 10.095151216908548, 
  "log_likelihood": -3419.2799022534246, 
  "nlpd": -3.7159890305305869, 
  "rmse": 9.3736567215964932, 
  "lengthscale": [
    1.5678835636318746
  ], 
  "mae": 6.6417223988396152, 
  "pearsonr": [
    0.61436450122852593, 
    1.0583992576654548e-11
  ], 
  "variance": 156.3254353437459
}