{
  "noise": 125.10002776068701, 
  "log_likelihood": -3582.92716956267, 
  "nlpd": -3.7686892044227069, 
  "rmse": 9.9317615639206505, 
  "lengthscale": [
    2.8233605670218438
  ], 
  "mae": 8.0098762695667158, 
  "pearsonr": [
    0.3992743147094297, 
    3.8709615033974716e-05
  ], 
  "variance": 161.95248358246425
}