{
  "warp_d": 0.3545109663667815, 
  "noise": 31.17702778036866, 
  "log_likelihood": -3812.2734232505777, 
  "nlpd": -4.2863756103778687, 
  "rmse": 17.511843254296998, 
  "mae": 13.227865822000892, 
  "pearsonr": [
    0.57872962480857026, 
    2.8514655254577436e-10
  ], 
  "variance": [
    3.0671867053556201, 
    0.00027125811171850795, 
    15.755572706352105, 
    4.9445959979436296, 
    0.00012745251224458251, 
    2.221541830360779, 
    2.7559636561255951, 
    0.36359724138847471, 
    0.00027123459750480971, 
    34.534302853810566, 
    3.2577520185418201, 
    0.00013302835562444394, 
    0.45075121239149996, 
    0.00095080199859289786, 
    0.00069251222213649079, 
    0.0024190190324720321, 
    3.8350578416452192, 
    0.00016514429098094397, 
    4.7498961355597693, 
    2.7513596978790322, 
    1.6250200670351191, 
    0.065474371670172588, 
    2.5548338131262849, 
    10.645226409879525, 
    7.3494958529872427, 
    0.0097061754501028934, 
    0.00013778272968432398, 
    16.667247253863547, 
    3.4726298632988755, 
    24.938765420863447, 
    0.00076561337159397537, 
    0.50398238113306293, 
    6.571309396968684, 
    2.5935511395727802, 
    0.0021583423551932218, 
    8.1464343586393113, 
    0.0004929441081347847, 
    9.4589490159308713, 
    4.3170546646783245, 
    0.00030855486204210578, 
    0.00018869634559425455, 
    0.0002352608862883105, 
    5.6949223309081978, 
    0.00015534009332389816, 
    6.7710896350758825, 
    0.0002109926848467607, 
    7.8982718405342682, 
    1.1268781599564792, 
    3.0951857555390667, 
    0.0005787532261578972, 
    0.00016392576832603039, 
    0.00093738054128533256, 
    0.0049898008938531668, 
    3.9827938827079663, 
    0.00060992885157809616, 
    6.8091547429475856, 
    18.050558967383783, 
    0.20118235963273717, 
    3.7306124778967926, 
    0.73356473125263466, 
    5.6273362457721587, 
    7.1306670861067394, 
    4.397458969276947, 
    1.5215890834344936, 
    3.2949638796044645, 
    8.7666847203900282, 
    11.037761618285757, 
    0.00010885966602693855, 
    0.00023466376753184491, 
    9.1733185447253192, 
    4.3418454451672899, 
    0.00018783082463073864, 
    0.005553518410443767, 
    0.0093747367461458602, 
    20.110338312320817, 
    0.95565006796608765, 
    0.00059943678445765797, 
    0.052640307530062325, 
    1.6403877712727089, 
    2.4529360142674088, 
    1.5057772452748206, 
    0.00016589811765058347, 
    7.2086811348564144, 
    3.5998925606131755, 
    5.7442797553523555, 
    0.031753262243613724, 
    0.00012987282087956848, 
    0.00011947428173728693, 
    0.00015149183936069143, 
    0.00041691311583271027, 
    0.0001338287565741974, 
    2.9156634554982932, 
    0.00015583687051227865, 
    0.00019753955481840147, 
    0.72917621411799804, 
    0.0019324958080893402, 
    0.07212504087639264, 
    4.6843605281664322, 
    0.0007436494756957652, 
    5.7867524066451708
  ], 
  "warp_psi": [
    [
      2.947373201009982e-28, 
      0.0037704521428776035, 
      -1.051775174753147
    ], 
    [
      2.2669200668716725e-28, 
      1.6701742727239899, 
      -2.5266190520398677
    ], 
    [
      1.9350279645792895e-29, 
      3.6315687905756056, 
      -6.2644847029320117
    ]
  ]
}