{
  "noise": 16.972659640116024, 
  "power": [
    0.57701874312167245
  ], 
  "nlpd": -4.075880827023461, 
  "rmse": 12.63394413239117, 
  "lengthscale": [
    16.651774958283458, 
    15.02647393139941, 
    11.721854854671578, 
    13.663057222236381, 
    17.664727648200568, 
    14.137144070960154, 
    0.32886700595384505, 
    44.793619235217747, 
    15.435244510730755, 
    0.23892842816684803, 
    23.930594220830521, 
    14.91481905023516, 
    16.624137981221562, 
    0.39393478569383045, 
    14.691228589845549, 
    0.23801558706593995, 
    1.1281452845864706, 
    14.064178207496603, 
    0.30672649562928189, 
    0.40884063493322775, 
    0.58346472288738138, 
    33.230002379746175, 
    18.580116471978695, 
    0.22581654531962939, 
    13.619959765987003, 
    15.677944014028197, 
    61.476333921725434, 
    20.413806722741192, 
    40.26521689343943, 
    0.66098133569038564, 
    0.5186551121756634, 
    10.947676525684445, 
    20.243162745385064, 
    11.988002988537875, 
    14.776492947788851, 
    15.813473929010577, 
    16.805285177577062, 
    20.685735045082104, 
    11.187644280289661, 
    36.119642747085379, 
    0.97503837311332275, 
    17.21363795357313, 
    27.340487519613095, 
    16.984209688471736, 
    5.8981285947251756, 
    74.715326525095961, 
    21.84201952101332, 
    18.815212881206602, 
    31.324100876054032, 
    6.5898427301705667, 
    51.459306013357129, 
    18.09366982701594, 
    1.0285548969118121, 
    11.901698527622017, 
    18.386181474384493, 
    20.065549515260095, 
    14.95192067844796, 
    16.185714033880476, 
    14.358992888757829, 
    21.507671795879617, 
    7.5179025700818833, 
    21.35049726713293, 
    16.685435834847102, 
    57.859449129506828, 
    22.864903781040184, 
    20.379668725746384, 
    0.37149563497915966, 
    16.144966583013879, 
    16.171237485976036, 
    38.620249098595522, 
    43.877631285151892, 
    9.699191876430854, 
    0.30773951202929611, 
    38.943416249540014, 
    1.0042021679922426, 
    17.292247653389911, 
    10.96065089747548, 
    21.43611528461614, 
    61.862761352104073, 
    0.63035730054463324, 
    21.645843701740656, 
    0.46890167252388859, 
    13.167598769492313, 
    13.22584484263178, 
    17.255537698989571, 
    42.910525128052839, 
    16.801656250806445, 
    19.105205583574161, 
    15.031645538341088, 
    0.85831478527816185, 
    19.98742809718707, 
    21.808277991109229, 
    21.751313787090627, 
    17.13031127379859, 
    0.69616059032628286, 
    9.4966802907005867, 
    14.439849447264246, 
    0.49283520651255636, 
    18.294880373036733, 
    41.6717425233741
  ], 
  "mae": 8.765071665224978, 
  "pearsonr": [
    0.49397973110002907, 
    1.7622474518633757e-07
  ], 
  "variance": 173.52823457903347, 
  "log_likelihood": -3322.313890518498
}