{
  "noise": 0.08868944382835396, 
  "log_likelihood": -1149.821193413296, 
  "nlpd": -127.13840234262314, 
  "rmse": 10.015704863230166, 
  "lengthscale": [
    1.3199606857093404
  ], 
  "mae": 6.1555978869258254, 
  "pearsonr": [
    0.51871931411845495, 
    3.2292938365199172e-08
  ], 
  "variance": 0.8638223790240022
}