{
  "noise": 281.3361552051319, 
  "log_likelihood": -3864.208521655813, 
  "nlpd": -4.3603427654347096, 
  "rmse": 18.790164739382202, 
  "mae": 13.657894675363206, 
  "pearsonr": [
    0.50188598384572969, 
    1.0395878824016277e-07
  ], 
  "variance": [
    0.00081842193439213447, 
    4.7598240317881521e-05, 
    1.7959272459385977e-05, 
    29.29782171776559, 
    16.175002840222721, 
    33.914965744554117, 
    17.929314207460525, 
    1.8690469877505591, 
    21.244162686375589, 
    6.923705906826047e-05, 
    2.9525061675032698e-05, 
    49.121393298927984, 
    46.896496114099634, 
    3.0003341099478565e-05, 
    2.833877490111251e-05, 
    7.0418833801223935, 
    2.0068900527587811e-05, 
    10.62962571483139, 
    30.720826034458707, 
    180.33256537114758, 
    31.437051256671339, 
    2.2656869521502409e-05, 
    158.71162410351138, 
    23.70985300201809, 
    7.0904351610381591, 
    6.9555000272440081e-06, 
    2.086429068265449e-05, 
    12.879598716875872, 
    3.2848949591003873e-24, 
    13.848844440527895, 
    75.958126512480973, 
    50.839638312445871, 
    3.8372833395465158e-05, 
    3.1387053502252009e-05, 
    344.47357809320943, 
    5.8240032355428488e-05, 
    1.8542930062803255e-05, 
    40.633475187162183, 
    1.6755228510980183e-05, 
    9.8386734896037407, 
    24.012648046950396, 
    28.852759559332785, 
    1.8878485163483167e-05, 
    2.5476444818820763e-05, 
    4.4906815755881495e-11, 
    110.91930730855731, 
    2.1259733059982766e-05, 
    88.683579821251428, 
    59.590353237369165, 
    68.269481780452239, 
    2.9602952036752055e-05, 
    55.912791148331067, 
    1.2279035829243057, 
    145.35692263904744, 
    8.133738215555098e-19, 
    2.2879903545064377e-38, 
    1.1243086326983701e-05, 
    3.3209263731523055e-06, 
    1.1134200785556259e-05, 
    96.716737118150874, 
    6.327963650894071e-09, 
    1.7055139178837612e-05, 
    1.9076746166584051e-05, 
    1.3608095867057215e-05, 
    185.4878962464802, 
    40.259929696996394, 
    1.516977356727781e-05, 
    0.0012101675854701715, 
    3.1995315605714388e-05, 
    1.4896852030713926e-05, 
    4.4607833023362606e-06, 
    2.101022909027604e-05, 
    4.5206639670330729e-05, 
    279.82233549372859, 
    79.23779845499817, 
    31.560219957170393, 
    50.391580508085177, 
    38.621283815026366, 
    1.2992506530672014e-05, 
    23.767659413191151, 
    219.15434936942313, 
    28.965046800390233, 
    3.2758262205580077e-05, 
    1.9917383781953709e-05, 
    1.7278049750593364e-05, 
    1.3892575893165292e-05, 
    2.3424652317086609e-05, 
    4.6371028915921899, 
    5.1324205815730854, 
    2.1726500322359438e-05, 
    6.7209906726113674e-20, 
    37.610481061446947, 
    59.301369966245296, 
    80.142307839688513, 
    21.726725625555723, 
    76.718602341360963, 
    7.442935170654714e-10, 
    27.5697599145373, 
    3.8235541901908745e-05, 
    59.778765470632564
  ]
}