{
  "noise": 0.13955298311469289, 
  "log_likelihood": -1020.0059389379046, 
  "nlpd": -318.39877577343327, 
  "rmse": 9.7598229190386103, 
  "lengthscale": [
    16.944059297082532, 
    21.545549996600588, 
    8.8836751392334641, 
    19.968654495225806, 
    21.995656833849431, 
    21.957387966337325, 
    1.505177179776521, 
    1.1162440776247906, 
    19.156971427523523, 
    0.68703151375445914, 
    13.916798395163294, 
    14.701410483298872, 
    16.532329669719289, 
    8.8594767259941136, 
    0.89602450646723886, 
    8.4141591434726823, 
    1.5888094833022985, 
    14.74774086349947, 
    0.5745893725081167, 
    2.0682703420527955, 
    0.64979675982139296, 
    11.41851109616038, 
    18.664190666854378, 
    16.1642264178898, 
    20.397243478654801, 
    22.046284474441467, 
    1.7018025086609296, 
    0.99424046437528935, 
    14.960914347119463, 
    1.0415686682024388, 
    3.9300652508027536, 
    0.68316728229647328, 
    14.397769290666643, 
    15.050292758659921, 
    18.950336720502854, 
    10.400584687483903, 
    14.187230445334347, 
    13.628039118852902, 
    14.597816104478598, 
    15.524307147890021, 
    0.86256985554599019, 
    17.124162939802364, 
    18.842728985356242, 
    16.928440954530895, 
    15.074322056751482, 
    1.2586469694661273, 
    22.023336411645591, 
    5.2517611592496207, 
    14.957435687056709, 
    18.920099356485739, 
    1.1551009636572407, 
    16.495080492827995, 
    1.88035747094017, 
    1.9165142992352497, 
    17.639803571663698, 
    2.5612960065511894, 
    17.390706916677971, 
    20.71618622663004, 
    21.376243517750058, 
    17.878846639547081, 
    0.75835375064843846, 
    20.63092214492325, 
    20.546719712265766, 
    14.973524338277192, 
    20.764889327663887, 
    0.6336109772888403, 
    1.0225628866838505, 
    0.880050199090194, 
    18.120960670159391, 
    7.4685081796834574, 
    1.4273401977346065, 
    16.609185688598686, 
    0.7653358878225337, 
    1.1523005267734452, 
    11.110641175856882, 
    8.9433047585452741, 
    0.78851924677474095, 
    11.930288956990521, 
    0.80915800797802551, 
    1.2569209750315269, 
    7.4939770998292277, 
    0.80166439739269801, 
    20.394618897047309, 
    12.970962887508339, 
    21.564967077688632, 
    0.90627522064396671, 
    19.108540328916167, 
    20.18195687121721, 
    13.672350748474189, 
    10.878501985290878, 
    16.408673534377595, 
    15.605243753102386, 
    14.886639161192194, 
    18.336677908837192, 
    1.1283132169288321, 
    12.070706361475224, 
    21.295237065784978, 
    0.45215982676516692, 
    6.9907677795549406, 
    0.84369443026105895
  ], 
  "mae": 6.5242570167404903, 
  "pearsonr": [
    0.72680457584696889, 
    1.1275041345133809e-17
  ], 
  "variance": 0.6773600752919282
}