{
  "warp_d": 0.09663641342249618, 
  "noise": 0.5973397942901406, 
  "power": [
    0.035238083125186656
  ], 
  "nlpd": -3.8869706199834364, 
  "rmse": 11.583583832008598, 
  "lengthscale": [
    0.47890229399678469
  ], 
  "mae": 8.7461258077379753, 
  "pearsonr": [
    0.57035446837167481, 
    5.8448751311863912e-10
  ], 
  "variance": 10.515886651655102, 
  "warp_psi": [
    [
      4.8524868673465636e-05, 
      4.2712034482870758, 
      9.9971085210324997
    ], 
    [
      1.3029424689369414e-08, 
      0.024130395991806528, 
      1.407844538369021
    ], 
    [
      4.8140189344162385, 
      8.5610969614177931e-05, 
      1.1308590548925321
    ]
  ], 
  "log_likelihood": -3557.520722842123
}