{
  "warp_d": 1.5558650959492208, 
  "noise": 569.9895476990353, 
  "log_likelihood": -3809.589279128334, 
  "nlpd": -4.3079437823804296, 
  "rmse": 17.564924100016079, 
  "lengthscale": [
    3.1059835750230502
  ], 
  "mae": 14.37465600215066, 
  "pearsonr": [
    0.43989296702787484, 
    4.6643072197945563e-06
  ], 
  "variance": 836.4012554781424, 
  "warp_psi": [
    [
      1.8082391683837167, 
      1765.0260745543924, 
      0.99997823890584814
    ], 
    [
      5.5626846462681369e-309, 
      2.6057449774575847e-31, 
      -684.46810928037507
    ], 
    [
      5.5626846462681369e-309, 
      50.701723279076802, 
      296.52478892648384
    ]
  ]
}