{
  "warp_d": 0.34186749450788634, 
  "noise": 8.138327348685756, 
  "log_likelihood": -3255.8944134724798, 
  "nlpd": -3.4220143381271417, 
  "rmse": 8.2851579147523235, 
  "lengthscale": [
    18.159718958997583, 
    24.708081808007446, 
    25.007798681577608, 
    22.059780703001437, 
    23.513639006191255, 
    16.54155187283126, 
    23.830583476404346, 
    23.58829866485695, 
    25.130054673140624, 
    11.550558125594979, 
    20.326413839884673, 
    23.971985759442866, 
    22.109653941338593, 
    21.654171019627583, 
    22.493751598880113, 
    20.457336700228897, 
    26.21961683261766, 
    23.325387184135757, 
    15.37247885630268, 
    24.98313042791769, 
    22.668550017626213, 
    22.150333187737434, 
    22.785931155131813, 
    25.862134438730443, 
    24.07164644018863, 
    26.7699805643236, 
    1.2274274180760021, 
    26.150702191844371, 
    27.416653973652053, 
    1.2536559231711826, 
    1.0035962584649116, 
    22.20727605433807, 
    17.417833705983224, 
    22.274128161595485, 
    22.244716961375762, 
    12.174638176191955, 
    27.013982795177128, 
    22.538782633590998, 
    24.723708293847981, 
    22.380746122986832, 
    23.459249538150665, 
    25.226102821321092, 
    26.233115573697738, 
    21.584998050335138, 
    22.393778748575546, 
    22.002104572044573, 
    25.112987991247255, 
    21.878904317530036, 
    25.448500524304961, 
    19.212113687269071, 
    23.093307863584755, 
    22.359622586773106, 
    18.056478420437855, 
    18.305271226022622, 
    17.9640837439661, 
    33.378403714008719, 
    19.658373473361046, 
    23.981546923123322, 
    14.865565873665634, 
    21.158534368000094, 
    24.644163091764483, 
    26.013767463580916, 
    22.526948605501914, 
    24.011968145147989, 
    23.876305786954948, 
    22.078333766812026, 
    2.6289312309166872, 
    25.46956363097085, 
    20.220194315917482, 
    21.326978089344959, 
    23.003903558982465, 
    17.976824539733204, 
    23.349363302040288, 
    16.033247723481242, 
    19.039295783452729, 
    21.599833485042375, 
    26.309384161498425, 
    19.190772500057292, 
    24.27697878429527, 
    20.402777393354096, 
    22.475345107627184, 
    10.031905902318723, 
    21.34581309783351, 
    23.169309302767058, 
    21.545858549739222, 
    18.157951513064738, 
    25.862664264671871, 
    20.75603747174517, 
    24.181347542062035, 
    22.704486737254122, 
    25.359351301776574, 
    21.447298211651226, 
    22.460885887801755, 
    23.991724051061869, 
    0.68989704269091701, 
    21.795079927764551, 
    2.6470035996733392, 
    24.966274737095873, 
    21.666082852223241, 
    21.448252216308781
  ], 
  "mae": 5.2393581491957999, 
  "pearsonr": [
    0.2861668448195035, 
    0.0038978900186063714
  ], 
  "variance": 92.25054960084972, 
  "warp_psi": [
    [
      6.2183266105120978e-08, 
      4.0436813523688269, 
      0.34228378084105876
    ], 
    [
      2.5172166507202647e-31, 
      1.9465410520054938, 
      2.5943403141305881
    ], 
    [
      2.5749387296082344e-100, 
      0.0070370056079922657, 
      4.1252093999739383
    ]
  ]
}