{
  "pearsonr": [
    0.68501645277646162, 
    1.251459122031473e-18
  ], 
  "nlpd": 4.2290952726322235, 
  "rmse": 16.210047222249635, 
  "Mat32.lengthscale": 2.162082584764528, 
  "Gaussian_noise.variance": 51.35109148755372, 
  "mae": 11.615226310402782, 
  "Mat32.variance": 529.9220702770804, 
  "log_likelihood": -4813.019808512723
}