{
  "noise": 0.03382809341996747, 
  "log_likelihood": -1064.9435428164027, 
  "nlpd": -791.37547196532614, 
  "rmse": 19.03120507431807, 
  "lengthscale": [
    1.1517682748556535, 
    0.93899045736717435, 
    6.3373190685335565, 
    9.4155824009859259, 
    1.7814333370757494, 
    0.94965617310946637, 
    0.86919036353197643, 
    18.250842171019514, 
    17.681366087442939, 
    1.7321194722993298, 
    16.310646777116222, 
    1.4094953019794616, 
    20.126948596696881, 
    21.151414763746796, 
    0.87486162576844628, 
    16.549192108971436, 
    1.3237969843688908, 
    0.71935093981249865, 
    27.657138915719099, 
    21.918579843212669, 
    1.0076540561408782, 
    14.346144508182938, 
    11.684180765269694, 
    1.0830591887099177, 
    0.82503508316750551, 
    1.8002393578756637, 
    16.58978939778304, 
    0.8981605290168776, 
    3.0019140706708933, 
    1.0242467188219719, 
    1.362850903467937, 
    21.993908140998375, 
    12.228954401579257, 
    2.3687327723229146, 
    1.1562123330280492, 
    16.966884475953531, 
    14.238756043688113, 
    15.981084034839295, 
    17.311101119461949, 
    1.5064360626477584, 
    9.5060784567625216, 
    0.82750662497627714, 
    2.3503630091538064, 
    1.2338898087685175, 
    13.271269622602061, 
    22.52505443082747, 
    10.930937474400872, 
    20.423408997003342, 
    0.97180133271954094, 
    20.717039763084738, 
    1.0584336359975659, 
    15.563915350927196, 
    12.030294220539174, 
    21.886261245267644, 
    14.177753241262318, 
    26.512339152234315, 
    6.485436076854568, 
    19.360381597401457, 
    21.204487216044676, 
    0.73294503980140147, 
    19.225380553837088, 
    0.98745381895246598, 
    21.881254728954474, 
    20.351027622675765, 
    21.413759833887664, 
    12.743547515172644, 
    18.560550622529732, 
    18.23241450531939, 
    14.442980558932595, 
    0.94074121496520124, 
    1.5460018908296431, 
    13.915373566767409, 
    22.475987151940821, 
    21.270197258877111, 
    22.997368277508041, 
    20.838158169003176, 
    1.010776762570877, 
    21.185462260566819, 
    16.71260517733651, 
    0.98513195462762293, 
    1.0446541881048106, 
    2.258703284248222, 
    1.979685658142466, 
    16.880512988582179, 
    12.533492059363235, 
    19.615953861007419, 
    1.3736118660937755, 
    1.6942573558306409, 
    1.00441139376341, 
    19.475752240349042, 
    3.0236345054388565, 
    0.93264559189642604, 
    14.602753085025027, 
    1.5276039628121973, 
    0.78596853397995914, 
    15.20350162879798, 
    0.9105711380824324, 
    21.307023363759409, 
    11.160357095186944, 
    17.579022407511843
  ], 
  "mae": 15.596446193442864, 
  "pearsonr": [
    0.53448532836894191, 
    1.0184247459508976e-08
  ], 
  "variance": 1.1698084055956581
}