{
  "log_likelihood": -4817.503264980151, 
  "nlpd": 4.3018152333359536, 
  "rmse": 17.212055931936455, 
  "rbf.lengthscale": 2.3699564497761756, 
  "Gaussian_noise.variance": 171.10544056958057, 
  "mae": 12.799698567368848, 
  "pearsonr": [
    0.72283235252183287, 
    1.7846726328436602e-21
  ], 
  "rbf.variance": 463.6882890723023
}