{
  "warp_d": 1.6483645259145554, 
  "noise": 88.07485159418053, 
  "log_likelihood": -3891.9608347971307, 
  "nlpd": -4.1141711789241713, 
  "rmse": 14.874622000859777, 
  "weight_variance": [
    1114.3482878796501
  ], 
  "bias_variance": 1103.7275678190342, 
  "mae": 11.76654069459536, 
  "pearsonr": [
    0.68975714334297855, 
    2.0827542294876177e-15
  ], 
  "variance": 2909.5727967757703, 
  "warp_psi": [
    [
      5.5626846462681369e-309, 
      9.3163166978586193e-75, 
      -300.60738890051039
    ], 
    [
      5.5626846462681369e-309, 
      136.01129849106346, 
      -113.64839445731091
    ], 
    [
      5.5626846462681369e-309, 
      5.5626846462681369e-309, 
      -56.783965917639968
    ]
  ]
}