{
  "mixed_noise.Gaussian_noise_3.variance": 2.2685466349032175e-24, 
  "mixed_noise.Gaussian_noise_4.variance": 22.9573332213389, 
  "mixed_noise.Gaussian_noise_2.variance": 41.48665303097499, 
  "mixed_noise.Gaussian_noise_0.variance": 2.777823778197409, 
  "mixed_noise.Gaussian_noise_5.variance": 69.55688503015188, 
  "joy": {
    "mae": 19.530035890511876, 
    "nlpd": 5170923071.8717546, 
    "pearsonr": [
      -0.14607971715588078, 
      0.68718271026453559
    ], 
    "rmse": 22.741094480269336
  }, 
  "ICM.B.kappa": [
    1.9129188543773137e-19, 
    2.9089381800775165, 
    18.28875000448004, 
    49.084536727059202, 
    18.920131951030598, 
    13.028274974965514
  ], 
  "ICM.sum.Mat52.lengthscale": 1.5931399954157912, 
  "ICM.sum.Mat52.variance": 18.077690330543764, 
  "sadness": {
    "mae": 6.3765039537147468, 
    "nlpd": 3.9148744501248212, 
    "pearsonr": [
      0.87193340929513996, 
      0.0010054668084322808
    ], 
    "rmse": 8.1831692272044378
  }, 
  "mixed_noise.Gaussian_noise_1.variance": 35.98188477286067, 
  "disgust": {
    "mae": 5.0744104477430039, 
    "nlpd": 3.559539650131498, 
    "pearsonr": [
      0.92651124721897149, 
      0.000116691268989172
    ], 
    "rmse": 6.0919453822592784
  }, 
  "ICM.B.W": [
    [
      4.133503742632807
    ], 
    [
      3.3518471002997456
    ], 
    [
      2.6226468998691552
    ], 
    [
      -2.3577539589360947
    ], 
    [
      4.1250949209230541
    ], 
    [
      -0.43625599767648238
    ]
  ], 
  "anger": {
    "mae": 5.7189167464625452, 
    "nlpd": 4.1480917818807246, 
    "pearsonr": [
      0.92993522458369959, 
      9.6824727420139565e-05
    ], 
    "rmse": 6.8685526218509629
  }, 
  "surprise": {
    "mae": 14.182140374102346, 
    "nlpd": 4.467450909852972, 
    "pearsonr": [
      0.41195863329674665, 
      0.23683262375351657
    ], 
    "rmse": 18.394154905024397
  }, 
  "fear": {
    "mae": 11.07312776431549, 
    "nlpd": 4.6045080609086364, 
    "pearsonr": [
      0.56139935890483605, 
      0.091287073716632014
    ], 
    "rmse": 19.051595244751184
  }, 
  "ICM.sum.bias.variance": 20.713951400953853, 
  "log_likelihood": -2237.20803810453
}