{
  "mixed_noise.Gaussian_noise_3.variance": 38.94450675178637, 
  "mixed_noise.Gaussian_noise_4.variance": 43.14269073292955, 
  "mixed_noise.Gaussian_noise_2.variance": 60.7456687072035, 
  "mixed_noise.Gaussian_noise_0.variance": 44.60041287686003, 
  "mixed_noise.Gaussian_noise_5.variance": 74.92302793258207, 
  "joy": {
    "mae": 12.83385127077184, 
    "nlpd": 4.2318336802159973, 
    "pearsonr": [
      0.67825091442469931, 
      3.6453593528224247e-18
    ], 
    "rmse": 16.090386691412725
  }, 
  "ICM.B.kappa": [
    7.406517543116998e-08, 
    4.9479937164216414, 
    21.11057361219158, 
    36.530682546088045, 
    31.126516303111032, 
    15.068048147179846
  ], 
  "ICM.sum.Mat52.lengthscale": 1.6404470741106927, 
  "ICM.sum.Mat52.variance": 10.892381182582394, 
  "sadness": {
    "mae": 12.894090066120096, 
    "nlpd": 4.3034917478459151, 
    "pearsonr": [
      0.72048680885259231, 
      2.7644992008864688e-21
    ], 
    "rmse": 17.26863374692045
  }, 
  "mixed_noise.Gaussian_noise_1.variance": 22.31235106989802, 
  "disgust": {
    "mae": 6.7809423509060505, 
    "nlpd": 3.8168568351085281, 
    "pearsonr": [
      0.56705439680890335, 
      5.4169076869553521e-12
    ], 
    "rmse": 10.639357620413261
  }, 
  "ICM.B.W": [
    [
      -3.7021733752843033
    ], 
    [
      -2.636517316187033
    ], 
    [
      -1.7379327771395499
    ], 
    [
      2.6596825650754718
    ], 
    [
      -2.773092059622055
    ], 
    [
      0.89765672777543148
    ]
  ], 
  "anger": {
    "mae": 7.9421107273937812, 
    "nlpd": 3.8891684584568162, 
    "pearsonr": [
      0.68577813266209153, 
      1.1075296331334195e-18
    ], 
    "rmse": 11.674566310879474
  }, 
  "surprise": {
    "mae": 9.6096335546365221, 
    "nlpd": 3.912699396119236, 
    "pearsonr": [
      0.3382842483909454, 
      0.00011407046605064115
    ], 
    "rmse": 11.932713495400002
  }, 
  "fear": {
    "mae": 10.25248884414623, 
    "nlpd": 4.1354887324089349, 
    "pearsonr": [
      0.74820165500224334, 
      1.1575121878884225e-23
    ], 
    "rmse": 14.901406092117599
  }, 
  "ICM.sum.bias.variance": 15.634677960410462, 
  "log_likelihood": -27049.655332073253
}