{
  "warp_d": 0.1664307217156542, 
  "noise": 1.714086909842885, 
  "log_likelihood": -3253.694652826166, 
  "nlpd": -3.7703768666175272, 
  "rmse": 10.132382964988238, 
  "lengthscale": [
    11.092435225636237
  ], 
  "mae": 6.7872835081429876, 
  "pearsonr": [
    0.49686210703155986, 
    1.4560436161691479e-07
  ], 
  "variance": 12.42817592578979, 
  "warp_psi": [
    [
      0.00038409051443662087, 
      1.8829698478393404, 
      1.975994041067644
    ], 
    [
      0.0001240416733098898, 
      2.0843309651499333, 
      0.42890886590427729
    ], 
    [
      5.6842134899921211e-06, 
      1.9626221680081444, 
      1.189171313398562
    ]
  ]
}