{
  "warp_d": 0.15423702853916066, 
  "noise": 4.480823128401361, 
  "log_likelihood": -3878.6488630815793, 
  "nlpd": -4.1699149534482114, 
  "rmse": 15.920636115615558, 
  "lengthscale": [
    3.1573901226081036
  ], 
  "mae": 12.640854387461696, 
  "pearsonr": [
    0.57239376153901145, 
    4.916793343855618e-10
  ], 
  "variance": 20.250508975479516, 
  "warp_psi": [
    [
      5.034171061883161e-07, 
      0.045758865980766755, 
      1.7098184515922448
    ], 
    [
      3.7319323226655216e-10, 
      0.017928710909836942, 
      0.26744936006784881
    ], 
    [
      3.1687290330056223e-07, 
      3.1587778052027886, 
      -1.4049384683070174
    ]
  ]
}