{
  "log_likelihood": -4810.928677701184, 
  "nlpd": 4.3007036378913277, 
  "rmse": 18.079677905436913, 
  "Mat52.variance": 442.29195232461484, 
  "Mat52.lengthscale": 2.4699887916657017, 
  "Gaussian_noise.variance": 138.6297746121186, 
  "mae": 13.352880414044915, 
  "pearsonr": [
    0.70223305342654874, 
    7.197727651907729e-20
  ]
}