{
  "noise": 0.347338257873494, 
  "log_likelihood": -1131.2481912742157, 
  "nlpd": -475.99798491892648, 
  "rmse": 12.515726862116171, 
  "lengthscale": [
    0.79735965389970009, 
    0.49860242745465994, 
    1.0312084206134009, 
    13.330342794747454, 
    0.52525349464843663, 
    20.844742962877973, 
    12.514247325757408, 
    0.91818374226237331, 
    0.61725056491235086, 
    0.74900299373430657, 
    21.306235527081949, 
    0.59655271880985716, 
    14.569642060859751, 
    18.219637108081308, 
    10.090377869905391, 
    14.41174939470138, 
    11.328344400351224, 
    14.523964320871379, 
    1.4614859832616622, 
    18.019131730523178, 
    7.329668612166075, 
    17.452532617878834, 
    10.332100944161553, 
    17.75740086479885, 
    11.233092389033176, 
    23.16885123233974, 
    0.55779213799418159, 
    10.486197056058661, 
    11.366330301925935, 
    0.85123834173195922, 
    0.67991083709858269, 
    1.0547836122947349, 
    14.233225796138878, 
    1.3420598078452666, 
    12.907284414737125, 
    13.683066634142968, 
    1.3701234473151327, 
    5.9326925877041843, 
    1.2651511109969755, 
    7.5240851554234141, 
    1.1621395115139239, 
    11.478276794080005, 
    24.578728106837648, 
    12.111069567370389, 
    0.53340580476118882, 
    18.749288874816273, 
    17.573995455130618, 
    12.567601149736303, 
    15.930162076464772, 
    22.198123397102467, 
    15.96545688452426, 
    18.257407174089241, 
    12.342309244783241, 
    14.815067232651243, 
    12.74609249564209, 
    31.741342877629538, 
    1.0508144876758916, 
    20.868552821119238, 
    17.150113496745956, 
    10.667239645655719, 
    18.655975232936008, 
    1.6065115633114329, 
    11.668503499614497, 
    0.79716653619102995, 
    4.8988921257723232, 
    11.829571187667874, 
    8.2388730856337791, 
    0.60098563342466849, 
    16.817407913019355, 
    9.4255596435498266, 
    1.6117692986356942, 
    0.42754113857208081, 
    0.81750661755349907, 
    1.6054997276966081, 
    13.493720587701903, 
    21.558689917568561, 
    1.9959788679252271, 
    8.8286699843011274, 
    18.702180699545902, 
    13.127599550501307, 
    10.22524347507713, 
    10.814646918702733, 
    8.2646557941461865, 
    18.444091990795247, 
    3.0496703129584306, 
    1.7702623407263451, 
    18.420736389009928, 
    17.073995714701056, 
    14.771726751277148, 
    5.9109040222464628, 
    0.87729226619104494, 
    10.77168177417512, 
    0.56095957110275951, 
    14.067977165947847, 
    7.7712751519956944, 
    1.7083845889525184, 
    0.79437034265717599, 
    1.291465099103041, 
    13.828541825389353, 
    0.86344915582142523
  ], 
  "mae": 10.144042584130384, 
  "pearsonr": [
    0.56601294200220964, 
    8.4129630168291626e-10
  ], 
  "variance": 0.5847162970654188
}