{
  "noise": 201.08629073902955, 
  "log_likelihood": -3731.5008009264047, 
  "nlpd": -4.225829277184963, 
  "rmse": 16.390865932227833, 
  "mae": 12.429504042592276, 
  "pearsonr": [
    0.680999160299947, 
    6.3942887485075022e-15
  ], 
  "variance": [
    16.628582425722715
  ]
}