{
  "noise": 55.971086562669534, 
  "log_likelihood": -3376.6747281849052, 
  "nlpd": -3.6231725835915847, 
  "rmse": 8.9648120130151927, 
  "lengthscale": [
    5.4558158259530334, 
    9.5784589414264438, 
    7.5252276076838323, 
    9.0802067865057534, 
    8.3016080027510331, 
    9.3094282138375917, 
    1.5143759094497988, 
    1.8615977504430636, 
    8.4620997034612451, 
    1.2869997244061415, 
    9.1389995821252761, 
    6.3810544986812685, 
    7.5035814678306911, 
    8.4851585521902759, 
    0.94746815705734067, 
    16.262082733692065, 
    1.6106882267279701, 
    8.0328931699386867, 
    0.7413794759075697, 
    1.278964919162231, 
    0.74374913503576834, 
    7.5252464703254525, 
    8.7670775905259397, 
    6.979532606801353, 
    9.811189090887833, 
    7.5423111623975982, 
    0.82765232819519774, 
    1.3431536499730494, 
    8.3234961782518511, 
    0.7710027961713839, 
    2.3921019567948605, 
    6.9107515814099436, 
    7.3247126000817113, 
    6.2181330378135096, 
    9.8475433398378467, 
    5.4444222275328267, 
    8.9145019801699199, 
    7.2733169783426961, 
    6.8024910939791932, 
    1.6978629543291317, 
    1.6690918414472233, 
    7.0972343599801357, 
    1.194740203519979, 
    10.035022310476034, 
    8.4100762709002499, 
    1.7160291169827095, 
    9.8374157327098128, 
    7.4630772723752745, 
    10.309008455503568, 
    8.0455959100905385, 
    7.89305160829963, 
    7.9853671333145355, 
    1.4498322990532029, 
    1.8773512018135809, 
    8.7816207891738909, 
    2.91820192027168, 
    9.4210452882345486, 
    10.226446916090168, 
    1.3930103320395997, 
    8.0429130498895756, 
    0.6438943324377957, 
    11.763190229349993, 
    8.6857820732313318, 
    1.949305388314412, 
    9.3685656594646787, 
    0.75127224422063299, 
    1.0342024027629786, 
    6.5576604384819772, 
    7.2051903045354573, 
    11.229760795229424, 
    8.7078067410008515, 
    7.9700627179294115, 
    7.8529752752972133, 
    1.1704507405694349, 
    9.4990243589741947, 
    8.1106590303809192, 
    7.8327399438813119, 
    0.95497174772398918, 
    1.0786920988758131, 
    0.93825137379519186, 
    6.1168308141285852, 
    0.51870302680111102, 
    5.2201507358332098, 
    8.5172517986987426, 
    10.59296402837283, 
    0.83322544995691961, 
    2.4547644800971606, 
    10.127769665689474, 
    1.691281978883008, 
    1.1037713720197027, 
    6.4581183450173354, 
    8.4977421125810118, 
    1.5310131557886923, 
    8.7941686049183421, 
    1.3110213875500509, 
    2.0465092912134959, 
    10.091715141487352, 
    0.53735253307214947, 
    3.9377184238350038, 
    1.6840400977005516
  ], 
  "mae": 6.4275330574974241, 
  "pearsonr": [
    0.63306577644758633, 
    1.5830752430228174e-12
  ], 
  "variance": 101.57100303655129
}