{
  "noise": 0.7574257529797757, 
  "log_likelihood": -1180.8904005913432, 
  "nlpd": -83.530668063031129, 
  "rmse": 8.6238098113204806, 
  "mae": 5.1715632367997344, 
  "pearsonr": [
    0.5559765065375718, 
    1.9141539885863842e-09
  ], 
  "variance": [
    2.0882617343918814e-06, 
    4.5914396402485072e-06, 
    0.012116020541137942, 
    1.5820072763961675e-06, 
    4.5570581841045127e-06, 
    0.016425308339542248, 
    2.5861137004908546e-06, 
    8.9489003211871958e-06, 
    1.2963054453151534e-06, 
    0.32789839666989995, 
    0.00017954482326841247, 
    1.5466235356760181e-06, 
    0.041062573629063431, 
    0.005668445408155089, 
    7.4014845344836416e-06, 
    3.2751056795066898e-05, 
    1.5025161342700024e-06, 
    1.7948509717668158e-06, 
    0.075363281032750071, 
    1.142796807222522e-06, 
    0.065451058378294777, 
    7.0383354925752866e-06, 
    0.0062459244744743399, 
    1.7138052316755558e-06, 
    2.3644912740707098e-06, 
    5.3976217271203307e-06, 
    9.8772674726643856e-06, 
    2.106669564267223e-06, 
    8.9890117296753418e-07, 
    0.28439220072120552, 
    0.35926632034387018, 
    0.013259361695169581, 
    0.12381210679723609, 
    0.11252878856035163, 
    1.6224854062560535e-06, 
    1.7357946477134128e-05, 
    3.7012264502976629e-06, 
    4.3974071828583591e-06, 
    1.9603375900583177e-06, 
    1.9204260157449743e-06, 
    1.4607489635618913e-06, 
    4.3523709108128659e-06, 
    9.6393961565299699e-07, 
    3.5122582681056492e-06, 
    1.4017474143815647e-06, 
    0.068244216195836177, 
    1.6204530341193186e-06, 
    2.516439261162675e-06, 
    7.8011333419039674e-06, 
    0.09985504078677368, 
    1.2676010247029742e-05, 
    0.0001795141257891997, 
    0.082087196621906999, 
    0.0017166661656274644, 
    0.043631257493561421, 
    0.026827735666166874, 
    1.279286927460797e-06, 
    1.3568654213460367e-05, 
    0.026452850556463667, 
    2.2118169820758388e-06, 
    1.7929935434945552e-06, 
    8.9974987331194734e-06, 
    0.031337121166939194, 
    0.061799011906540982, 
    1.1767972388401317e-05, 
    3.5962489445097957e-06, 
    0.19279709330605799, 
    1.0810632992710553e-06, 
    9.5602663445637996e-07, 
    0.019827911751952917, 
    1.8480599170575247e-06, 
    0.12687341361237489, 
    1.6871065293684151e-06, 
    0.057062314909594423, 
    5.8524578013225019e-06, 
    0.014902330912915556, 
    0.011186202525317003, 
    0.049831271705074447, 
    0.01600043840555879, 
    0.011053080902997984, 
    0.019034804765566928, 
    0.041341421077767282, 
    1.1140919952998721e-05, 
    1.7761076542997239e-06, 
    2.9384040878349053e-06, 
    0.043698050864682141, 
    1.4085440482365465e-06, 
    7.5188952601513795e-06, 
    4.4961122440777305e-06, 
    0.033906896124998066, 
    8.6991763483193236e-06, 
    0.021027315097361433, 
    1.441935040129445e-06, 
    1.3274379391148918e-06, 
    0.99547687775660276, 
    2.7340471160069014e-06, 
    0.26990826818816582, 
    3.6075223383001132e-06, 
    1.2188094122872103e-05, 
    1.7362543869239162e-05
  ]
}