{
  "mixed_noise.Gaussian_noise_3.variance": 45.932284358483365, 
  "mixed_noise.Gaussian_noise_4.variance": 46.08740664806504, 
  "mixed_noise.Gaussian_noise_2.variance": 57.984733540837205, 
  "mixed_noise.Gaussian_noise_0.variance": 37.32918697371029, 
  "mixed_noise.Gaussian_noise_5.variance": 64.41585738988901, 
  "joy": {
    "mae": 13.180451160366543, 
    "nlpd": 4.3118288682913537, 
    "pearsonr": [
      0.61863198286220311, 
      1.4945741406755908e-14
    ], 
    "rmse": 17.14095846218741
  }, 
  "ICM.B.kappa": [
    2.2116588418558383, 
    5.2449082365041759, 
    21.58333411701863, 
    39.159857167760649, 
    32.571620228050769, 
    14.69464355129627
  ], 
  "ICM.sum.Mat52.lengthscale": 1.634508391484248, 
  "ICM.sum.Mat52.variance": 10.20332754872703, 
  "sadness": {
    "mae": 12.944403879946428, 
    "nlpd": 4.3726831422503922, 
    "pearsonr": [
      0.70715397271943459, 
      3.0638880915424662e-20
    ], 
    "rmse": 17.967103184444834
  }, 
  "mixed_noise.Gaussian_noise_1.variance": 24.656114567114493, 
  "disgust": {
    "mae": 5.7353701257990162, 
    "nlpd": 3.6589127255727361, 
    "pearsonr": [
      0.37933901027391576, 
      1.2844488260138444e-05
    ], 
    "rmse": 9.1419830585238895
  }, 
  "ICM.B.W": [
    [
      3.7575019421918965
    ], 
    [
      2.8414290195091967
    ], 
    [
      1.7988103425104141
    ], 
    [
      -2.8437408407396974
    ], 
    [
      3.0085102717561143
    ], 
    [
      -0.98682688943939745
    ]
  ], 
  "anger": {
    "mae": 7.4291271806884049, 
    "nlpd": 3.8073117171611086, 
    "pearsonr": [
      0.5924526819007645, 
      3.3906783649099288e-13
    ], 
    "rmse": 10.664928727436026
  }, 
  "surprise": {
    "mae": 11.091092331311236, 
    "nlpd": 4.199043767612765, 
    "pearsonr": [
      0.58442023812624389, 
      8.3597137497353467e-13
    ], 
    "rmse": 15.204011345506698
  }, 
  "fear": {
    "mae": 10.907173076154278, 
    "nlpd": 4.2352609568178767, 
    "pearsonr": [
      0.77819215432107425, 
      1.300326240981431e-26
    ], 
    "rmse": 15.994748889518107
  }, 
  "ICM.sum.bias.variance": 15.44858828886563, 
  "log_likelihood": -27052.530866703983
}