{
  "regularization": 10.0, 
  "rmse": 15.616724485206015, 
  "intercept": 4.574490314290756, 
  "mae": 11.00541708954616, 
  "pearsonr": [
    0.69799022232143115, 
    6.9946137307177642e-16
  ], 
  "coefs": [
    -3.1747997366532728, 
    0.35850375744633123, 
    -4.7797804022219239, 
    -5.525221644870653, 
    -1.7327237244810796, 
    -0.01179925200866877, 
    -2.777286511269367, 
    -5.8179695469215185, 
    -0.62387897924856039, 
    9.2439169989495582, 
    3.3560101984945829, 
    1.6152171671121893, 
    3.7589315711305353, 
    0.638473484630664, 
    -2.122366899660062, 
    0.877806014168378, 
    -4.7166355882001083, 
    -1.9253165415903815, 
    -4.0284995572362217, 
    -0.17574171235727601, 
    4.1927716214402739, 
    1.888076167690222, 
    4.814467668769022, 
    -2.7779845784691117, 
    -3.8714532733128424, 
    5.7297383461757603, 
    1.9811715421749112, 
    4.4707833883972103, 
    -0.43397679389544286, 
    7.5557859782023371, 
    1.9095639297882727, 
    -0.34860175898658424, 
    2.8942674525460945, 
    0.74613392685032176, 
    -3.3005472582690016, 
    -6.3487362171673425, 
    0.26849181427091429, 
    -9.361557746762756, 
    2.8171915300207742, 
    2.6589051205409584, 
    -0.90534020801024606, 
    1.0416099673971715, 
    -3.8322488139853936, 
    -1.1958475449812729, 
    7.3328030154267019, 
    0.9127365455669264, 
    6.6539461741229342, 
    1.3362836509317102, 
    -1.3498735561879263, 
    1.3484394282795422, 
    -1.7473557213265736, 
    2.8526360145183913, 
    -1.1837903343848182, 
    3.0630151811962163, 
    -3.2132465706250737, 
    -2.7434861036111853, 
    4.0017998876378869, 
    -1.1304094018229454, 
    -1.6299161841959522, 
    2.0050480244645574, 
    2.4237335773848683, 
    4.628764671447799, 
    -0.10512590177138592, 
    -1.0158102877819903, 
    -0.51031345604191047, 
    4.7296149616075951, 
    -6.0278457016054112, 
    0.34943671486817701, 
    1.6102461948537261, 
    5.430378852255445, 
    -0.74982989791864785, 
    -4.9735943531613955, 
    0.18977576248482184, 
    5.0525286009944166, 
    3.5130239714697016, 
    -1.0227354232535177, 
    7.1602068336307338, 
    -1.4403251585485162, 
    -2.5673113715138363, 
    3.2641706097674645, 
    6.255051627511679, 
    -6.2747406240925239, 
    -5.8342702152567387, 
    0.88732852041653287, 
    0.62698110583059874, 
    2.226311127188132, 
    2.0601393399491164, 
    1.914208726016799, 
    -1.4475085999079365, 
    -1.1993993528798863, 
    -0.64438057129326887, 
    5.1602795666297734, 
    -2.0179021344644674, 
    -1.1560601203736112, 
    -2.7320243791740055, 
    1.7073623376243701, 
    0.98896843666899725, 
    -0.92601589715952559, 
    0.36703092720121505, 
    -5.2601012868560337
  ]
}