{
  "regularization": 1.0, 
  "rmse": 19.727057124728702, 
  "epsilon": 0.10000000000000001, 
  "mae": 15.114928527743231, 
  "pearsonr": [
    0.5445807707253334, 
    4.7127210228251293e-09
  ], 
  "gamma": 0.10000000000000001
}