{
  "noise": 0.6459909784035204, 
  "log_likelihood": -1125.0512418677058, 
  "nlpd": -693.55602423069149, 
  "rmse": 19.41033387289362, 
  "mae": 14.997195611325346, 
  "pearsonr": [
    0.5274352867993658, 
    1.7187058399653281e-08
  ], 
  "variance": [
    0.11684320423631957, 
    2.5643001429873272e-07, 
    5.1424304758274667e-07, 
    0.30543048406034745, 
    0.31334665250346727, 
    0.1528530522138318, 
    3.4506475913547323e-07, 
    1.2431906525308239e-06, 
    0.050627206348906391, 
    0.042974672488421392, 
    4.3977840061000057e-07, 
    0.068640974802466642, 
    3.0736105698417143e-07, 
    0.00015560055314222608, 
    0.028149957329595625, 
    1.0944392247472627e-05, 
    1.2410143780179405e-06, 
    2.2278327184380344e-07, 
    2.3706448667480058e-07, 
    0.038378468413200834, 
    0.010905679824154942, 
    7.5850270981376467e-07, 
    6.5427918255065051e-06, 
    1.5102707449606333e-07, 
    0.026233486429433437, 
    1.6503808052787839e-07, 
    0.0036998081873990596, 
    2.3143914901645128e-07, 
    0.032162843633796595, 
    0.47812386716658495, 
    0.28134192626284815, 
    0.017842392429382615, 
    4.4782131394902974e-07, 
    0.28520625065346245, 
    0.12344893140120611, 
    0.036426656695328602, 
    8.6580382564007723e-05, 
    1.5663890454874053e-07, 
    0.064971916369028118, 
    4.4169979525990026e-05, 
    0.38032090829654014, 
    5.7039308023642807e-05, 
    0.17914273433945438, 
    1.5460461420376894e-06, 
    1.9467425306340986e-05, 
    3.1667655481339234e-07, 
    0.029315444835413918, 
    4.9473901879250042e-07, 
    0.039155650225057306, 
    3.1857733405851166e-07, 
    0.14269763359841561, 
    1.2004672938893232e-05, 
    2.7794790942616833e-07, 
    2.2017788521008512e-07, 
    1.0894708359937241e-06, 
    7.4610109459585138e-08, 
    1.5826895080587101e-07, 
    0.074055033270022164, 
    1.4231989092652039e-07, 
    0.10976494565897929, 
    0.075120014239649618, 
    0.18646711438530802, 
    2.2449637182613894e-07, 
    0.025963196442178548, 
    9.4758199279203168e-05, 
    3.6127074228580225e-07, 
    0.0087794573100798412, 
    1.7106397762588868e-07, 
    0.033374460193306796, 
    0.078345190167322748, 
    0.18040395811948504, 
    0.055025222466634438, 
    0.20132213198136104, 
    7.5584414902203248e-07, 
    0.051372184700315265, 
    8.3255456637898818e-07, 
    0.20660749839610537, 
    4.4078626888019967e-07, 
    0.0085614013636047797, 
    0.62484756694634669, 
    0.046882041418478418, 
    0.043018378099467382, 
    2.1233284573554081e-05, 
    0.050176943386726673, 
    7.539562289742063e-07, 
    2.8747278574807013e-07, 
    0.40984404088032467, 
    0.018396874085889494, 
    0.14153239801384332, 
    6.8091765214413207e-07, 
    2.1108176501087057e-06, 
    0.14243980141036924, 
    1.8684421583072136e-07, 
    2.6352816774778668e-07, 
    0.025394028824658386, 
    0.10807913826175465, 
    2.2487181316719961e-07, 
    2.8865294430656152e-07, 
    2.5601600862660227e-07, 
    3.636136339085645e-07
  ]
}