{
  "warp_d": 0.02572340410023553, 
  "noise": 0.017346467462538154, 
  "power": [
    0.004705369287947671
  ], 
  "nlpd": -4.2893814805339145, 
  "rmse": 17.254173484450703, 
  "lengthscale": [
    0.53417238479282592, 
    0.46169025202551905, 
    2.0733157708070893, 
    0.39787201637489561, 
    0.41630850734631897, 
    0.59960567608749216, 
    0.20296443597701644, 
    2.5606808651284307, 
    0.38470562917792761, 
    0.3363097635794926, 
    2.7022552576354992, 
    0.61089367312812581, 
    3.0405667618498096, 
    3.3055118371317835, 
    1.0643895945095043, 
    1.7196710315309169, 
    0.39491854536068938, 
    0.28866623496520871, 
    3.7089396909675867, 
    3.0637548662548366, 
    1.8066399069127574, 
    0.28252103764639153, 
    0.22755701844754467, 
    3.2962731623605337, 
    2.8321866128827669, 
    2.3448952806810595, 
    2.0364618257508118, 
    2.2047079522218302, 
    0.467049302545397, 
    0.2204979954654249, 
    0.46804014418926099, 
    2.9965427499626922, 
    2.262831310765776, 
    0.36332117697614047, 
    0.52974595853519402, 
    0.84446717350360756, 
    1.4583131346514844, 
    3.1610076691379483, 
    0.55723718186170401, 
    0.97972754449818278, 
    0.36936433602215873, 
    0.24768428182698649, 
    0.70586508997978681, 
    2.0026559545266021, 
    1.9273590477541436, 
    3.5206731991635061, 
    1.1882895828127449, 
    2.8534797026485426, 
    0.73057755428896087, 
    2.9435877094126859, 
    0.21736761573076235, 
    0.46829246237329297, 
    3.1707633587811141, 
    3.6430898447612292, 
    2.969345788148865, 
    2.1778325979777748, 
    0.98875694846763995, 
    0.30338537883930744, 
    2.9193787458244325, 
    0.34489905036440666, 
    1.5451106160676671, 
    0.41656910170866446, 
    3.2415020926401783, 
    3.330579251423047, 
    3.2025777621571057, 
    2.855564195545953, 
    3.3226981195287744, 
    0.39331267202116449, 
    0.43031818161483859, 
    0.73708518305370341, 
    0.33255704692298926, 
    0.39786569186885806, 
    0.36692294286640814, 
    1.8807958313100903, 
    3.5227961311287643, 
    2.7516403053624288, 
    0.25472154843725625, 
    2.9887901249053006, 
    2.001191271178, 
    0.32264531745180569, 
    0.45462384672329753, 
    0.53272187930008408, 
    3.0367074332810029, 
    2.6451418898780683, 
    2.9718240012017705, 
    2.3197861676197662, 
    0.43795221990253586, 
    0.96856940254766499, 
    0.23314858838214014, 
    2.7084618716831832, 
    0.24994356973226844, 
    0.26782197301868005, 
    2.8505345983975352, 
    3.1836088769882407, 
    0.32649333476414044, 
    0.42422477466037872, 
    0.309301428270295, 
    3.477958192045226, 
    2.7485761545930072, 
    1.2161625015416802
  ], 
  "mae": 13.82875413495856, 
  "pearsonr": [
    0.47957512606410657, 
    4.4577362974604447e-07
  ], 
  "variance": 17.581497168655048, 
  "warp_psi": [
    [
      0.017219582878805276, 
      16.828907478679824, 
      0.99327484403655253
    ], 
    [
      1.9837508181632453e-13, 
      5.6796657650144616e-06, 
      -3.4865456132262542
    ], 
    [
      4.1127886660463954e-06, 
      2.7053797079227313, 
      0.020373691024617998
    ]
  ], 
  "log_likelihood": -3798.8530429103253
}