{
  "warp_d": 0.25142363451534244, 
  "noise": 1.805461124751811, 
  "log_likelihood": -3796.302549849156, 
  "nlpd": -4.1643100031422664, 
  "rmse": 16.240981785083203, 
  "lengthscale": [
    3.1743457654938747, 
    6.1499020485038711, 
    1.1758357978053975, 
    10.20393064821714, 
    14.092278369112734, 
    2.0002082989191714, 
    4.4558665303940073, 
    8.0431939148872598, 
    1.8888161920852746, 
    11.807735976121631, 
    1.4054941837526453, 
    7.3896353715594838, 
    7.538734156066413, 
    14.874569778580216, 
    7.0892158043680435, 
    6.3987675134215856, 
    13.062129948323582, 
    9.7661539013665024, 
    1.4289345166540519, 
    1.9285194763003755, 
    6.5256977345801701, 
    2.9957191582111333, 
    1.9464437653321327, 
    12.667952418006678, 
    15.041701901464977, 
    14.815048745974392, 
    1.5789090735937859, 
    13.006039941834983, 
    10.834707454954927, 
    8.7371455458777287, 
    2.3072481788760162, 
    14.260119909238806, 
    10.68318436429716, 
    12.76809215230154, 
    2.1680310444409301, 
    6.6130625659637339, 
    13.814540131680243, 
    10.252202495039354, 
    7.0313964261783317, 
    13.222375082989357, 
    16.01456779289294, 
    1.4381234608569136, 
    9.2209130627792195, 
    11.004055763721031, 
    1.5502255952594055, 
    3.4660424845463216, 
    1.2908863487233164, 
    4.5275504564859972, 
    1.184221578259038, 
    3.3682933313934598, 
    2.5094648758271942, 
    2.0311832703986856, 
    9.6130860991729659, 
    15.96647508368839, 
    10.115087859595352, 
    18.209641528680343, 
    6.5253726970335615, 
    15.179487498294032, 
    14.179330130635559, 
    1.7753375479633633, 
    8.8408764749059081, 
    9.2167416401088555, 
    13.72470588268191, 
    8.3160226202572911, 
    1.9589696442145232, 
    5.1391403632043016, 
    15.162083442695668, 
    11.298377238392931, 
    8.9876440077562414, 
    1.2949627687126384, 
    13.469454534417258, 
    6.3083961843705634, 
    12.88130183729306, 
    2.6341927316476066, 
    6.3627031812275403, 
    0.98007163989852653, 
    12.211788187234925, 
    5.7870574695816988, 
    13.78747885051027, 
    8.2489360629559947, 
    1.8362362303497135, 
    2.4029140975946701, 
    14.631824487116456, 
    13.60508270670379, 
    11.646193697509261, 
    1.1551753680401511, 
    1.5857925113507598, 
    1.1749883273438213, 
    8.3397022852463962, 
    13.111068152912257, 
    2.0435171663843188, 
    3.7710485288030164, 
    5.3436653618495011, 
    6.5163552349263005, 
    2.0657075193820713, 
    6.1213804796241895, 
    5.811604011360644, 
    11.21825459304428, 
    10.831763430141935, 
    1.0308803411131837
  ], 
  "mae": 12.635730578924473, 
  "pearsonr": [
    0.55278386319959927, 
    2.4722121028817214e-09
  ], 
  "variance": 54.49875063850687, 
  "warp_psi": [
    [
      7.8665932943512673e-23, 
      0.00064671536014388191, 
      -0.19978257254782564
    ], 
    [
      2.5503673215837957e-31, 
      1.0290448908561682, 
      -3.4274763274087396
    ], 
    [
      2.0736361226687579e-45, 
      0.020321280745296461, 
      7.0030978935770012
    ]
  ]
}