{
  "log_likelihood": -4840.650216127635, 
  "nlpd": 4.1270892830673471, 
  "rmse": 14.524474789059683, 
  "rbf.lengthscale": 2.418077209603804, 
  "Gaussian_noise.variance": 188.02935985867765, 
  "mae": 11.792206890834827, 
  "pearsonr": [
    0.73739767143474177, 
    1.062183503610841e-22
  ], 
  "rbf.variance": 458.248122534443
}