{
  "regularization": 10.0, 
  "rmse": 15.979366409511938, 
  "intercept": -0.49659028379922915, 
  "mae": 12.137855443336662, 
  "pearsonr": [
    0.6994217148196773, 
    5.7641456918329999e-16
  ], 
  "coefs": [
    -0.13090527844161648, 
    -0.015673549684216505, 
    -0.12596258442947178, 
    -0.21877199793939409, 
    -0.084745272237883473, 
    0.098797784423863111, 
    -0.16093667191622182, 
    -0.27611344394220433, 
    0.033522227819799362, 
    0.43758961784631617, 
    0.057556078825504703, 
    0.066875365516695859, 
    0.12291345108106645, 
    0.1019567527954517, 
    -0.073319409902140226, 
    0.045379084469098024, 
    -0.17705093353027421, 
    -0.058982088117182085, 
    -0.1671744883727746, 
    0.0045292352588337881, 
    0.15275284216821106, 
    0.011549423074438039, 
    0.19935078748100291, 
    -0.10891361423076323, 
    -0.13155972277164799, 
    0.32603947913629, 
    0.1147993668957641, 
    0.31870508544696446, 
    -0.033860299685438397, 
    0.35210717958389404, 
    0.10816388082682078, 
    -0.11270646021687812, 
    0.067948381140643582, 
    0.034972185843633305, 
    -0.18029267778371713, 
    -0.32590273393741587, 
    0.14622371121201744, 
    -0.46834000656519803, 
    0.095686530645385737, 
    0.12924291678984792, 
    -0.010296715261162, 
    0.0024790046924980224, 
    -0.13840436606188083, 
    -0.08024532719831845, 
    0.26703664688313772, 
    -0.0074886008878378698, 
    0.34833883415031841, 
    0.027372097361775961, 
    -0.044550965349013642, 
    0.10051830269676627, 
    -0.039836317023585019, 
    0.037816332441491081, 
    0.0027502873641143746, 
    0.15267094539348922, 
    -0.19717285784631805, 
    -0.10405372999770085, 
    0.24016475638440191, 
    0.010708870864767794, 
    -0.039618369962068092, 
    0.19157352993034402, 
    0.13897000711231255, 
    0.21706921969230081, 
    0.033757934941718595, 
    -0.090219715437181339, 
    -0.04149427365274095, 
    0.25831563931082863, 
    -0.3462781757308373, 
    0.051412634469502887, 
    0.084633791167187986, 
    0.26765003085689926, 
    -0.086471228620900176, 
    -0.26221697216884454, 
    0.084404846307248968, 
    0.21740901798275761, 
    0.19428186253874785, 
    -0.027559467595191425, 
    0.29118926828876768, 
    -0.075003034001019528, 
    -0.13279667684094471, 
    0.14917937029856221, 
    0.36471423889784343, 
    -0.31413195797741061, 
    -0.35820634895032244, 
    -0.027249017719546832, 
    0.083721023026621738, 
    0.10624355713968897, 
    0.099419959421370163, 
    0.039040980501190516, 
    -0.12393473052916185, 
    -0.01053612287353585, 
    -0.045570444144381266, 
    0.22113851210234114, 
    -0.054501272843234, 
    -0.10069957565213758, 
    -0.11329710911938343, 
    0.1077629300033196, 
    0.016154237772013059, 
    -0.057659644745672214, 
    -0.019232068419186319, 
    -0.25264468763132963
  ]
}