{
  "lengthscale": [
    0.53985677758110162
  ], 
  "noise": [
    29.29789687252774, 
    13.732312119881431, 
    29.645712329872477, 
    27.997244347750655, 
    28.54899417065616, 
    45.7843954401502
  ], 
  "kappa": [
    18.220303897661985, 
    15.058443188319389, 
    42.30242830202667, 
    43.52094915465953, 
    48.34521825877623, 
    29.415577075947606
  ], 
  "log_likelihood": -21326.257736442698, 
  "power": [
    0.02735416873507689
  ], 
  "joy": {
    "mae": 14.138105640061536, 
    "nlpd": 4.4141403656853377, 
    "pearsonr": [
      0.56471914598275985, 
      9.3679433962979297e-10
    ], 
    "rmse": 18.788794551986975
  }, 
  "W": [
    -2.661203635458183, 
    -1.6172717786934867, 
    -3.462631396455053, 
    6.484309699576454, 
    -5.694735834581195, 
    1.4772828883075455
  ], 
  "sadness": {
    "mae": 13.523557694767341, 
    "nlpd": 4.3439206617759458, 
    "pearsonr": [
      0.71063447807524627, 
      1.2162128892244288e-16
    ], 
    "rmse": 17.769642575963928
  }, 
  "disgust": {
    "mae": 6.3014211669584776, 
    "nlpd": 3.7707081061615266, 
    "pearsonr": [
      0.53677892302260577, 
      8.5676470076248228e-09
    ], 
    "rmse": 9.855676070171409
  }, 
  "variance": 58.08288771072237, 
  "anger": {
    "mae": 6.1049103371888691, 
    "nlpd": 3.5938003579718214, 
    "pearsonr": [
      0.71337878719110404, 
      8.2172520210776327e-17
    ], 
    "rmse": 8.4935150885097048
  }, 
  "surprise": {
    "mae": 9.0585185532213703, 
    "nlpd": 3.8928821076129667, 
    "pearsonr": [
      0.5434452423932028, 
      5.1459618508783976e-09
    ], 
    "rmse": 11.797574637253049
  }, 
  "fear": {
    "mae": 8.9726171110855937, 
    "nlpd": 4.0357074291095607, 
    "pearsonr": [
      0.72968902874676966, 
      7.2460231265150215e-18
    ], 
    "rmse": 13.446618355294135
  }
}