{
  "noise": 0.04618441680196126, 
  "log_likelihood": -1120.6748240919426, 
  "nlpd": -673.42404924007963, 
  "rmse": 16.427777238237695, 
  "lengthscale": [
    1.624515765356717
  ], 
  "mae": 12.574930188349697, 
  "pearsonr": [
    0.60452375187916363, 
    2.7379290650137525e-11
  ], 
  "variance": 1.070425488960702
}