{
  "log_likelihood": -4945.559668668456, 
  "nlpd": 4.2822161864279558, 
  "rmse": 17.42341699868706, 
  "Gaussian_noise.variance": 334.1249914604609, 
  "mae": 14.507365282766687, 
  "pearsonr": [
    0.59968951522415537, 
    1.4716457517620751e-13
  ], 
  "linear.variances": 31.1675174648576
}