{
  "noise": 0.5555610058554539, 
  "log_likelihood": -1061.5111975899022, 
  "nlpd": -801.53710873575187, 
  "rmse": 16.792878373014965, 
  "mae": 13.488851475800306, 
  "pearsonr": [
    0.69669910108025601, 
    8.3201456737667171e-16
  ], 
  "variance": [
    0.15871614629798284, 
    0.051378544579679608, 
    0.0089344392880061109, 
    0.1079580194650322, 
    0.040199971856301905, 
    0.013063966945933165, 
    1.5801077674745278e-05, 
    0.0098169328353379139, 
    0.23701813561630741, 
    1.4470504143690421e-05, 
    1.3643349030400745e-05, 
    0.13472070533646424, 
    0.00037950678134739395, 
    2.1426082414745121e-05, 
    5.3425874168849237e-05, 
    1.0950255231471478e-05, 
    2.7326189842677378e-05, 
    1.2168410633349057e-05, 
    0.045585762895333781, 
    0.21300584578556986, 
    2.698966815045277e-05, 
    1.8926184747647002e-05, 
    0.37047543206130085, 
    0.00018491837786292534, 
    1.3231127715261075e-05, 
    1.0466248934916503e-05, 
    1.3784342446984307e-05, 
    0.13865311820061155, 
    0.036492006017977863, 
    0.14994963599430772, 
    0.13080779950636817, 
    0.029545009415515279, 
    1.5281030548714252e-05, 
    0.00022428424867149753, 
    0.52267410253374025, 
    0.0018489625184225198, 
    2.1064697338229353e-05, 
    0.0062930662302487124, 
    3.7373239240831704e-05, 
    0.017249999560914404, 
    2.397290445041723e-05, 
    0.10669408393895327, 
    1.3357015415261875e-05, 
    1.2179528327965337e-05, 
    5.4346887074920143e-05, 
    0.21217297252425482, 
    7.7193811089163421e-06, 
    0.092567638401176044, 
    0.19174481443635186, 
    0.15809216341398841, 
    1.2273384391734904e-05, 
    0.094147063932564098, 
    1.5049488302085418e-05, 
    0.087806425920602962, 
    0.062578437917059193, 
    2.7218773774327192e-06, 
    1.0085184518930043e-05, 
    0.012100260411950971, 
    1.3926033844048049e-05, 
    0.26872045943979961, 
    0.0017361975581372698, 
    7.1887159419015704e-06, 
    1.3497376232573675e-05, 
    0.027769147962264568, 
    0.64857947489621748, 
    0.048533557293248028, 
    9.9251316123647112e-06, 
    1.0168554584778117e-05, 
    0.045312162501621865, 
    1.1300377496319213e-05, 
    5.1300140442193424e-05, 
    1.4832059065570797e-05, 
    1.587042244432994e-05, 
    0.62347877717476763, 
    0.15044714876391488, 
    0.077078359366443319, 
    0.051422980661977723, 
    6.0096016742250343e-05, 
    3.6472122188724571e-05, 
    0.028047052499566825, 
    0.21738009365806185, 
    0.10635477834634183, 
    9.7496026319175202e-06, 
    3.3558463526279276e-05, 
    8.3974707434238925e-06, 
    3.2789150965404329e-05, 
    6.3481755233692571e-05, 
    0.10351329895980226, 
    9.9640437739917612e-05, 
    1.0520563786532363e-05, 
    0.00021927747189684618, 
    0.0010713935757348798, 
    0.018488795080041785, 
    0.09686040901136421, 
    0.049585595083191165, 
    0.094260392962635969, 
    2.218029237037221e-05, 
    0.1636839909000658, 
    1.8352183050769888e-05, 
    0.2325009072330502
  ]
}