{
  "log_likelihood": -4661.315468910779, 
  "nlpd": 4.0255457157797432, 
  "rmse": 13.770723012929796, 
  "rbf.lengthscale": 2.257238163347682, 
  "Gaussian_noise.variance": 124.58164069950968, 
  "mae": 9.4014602095182127, 
  "pearsonr": [
    0.74284487429089396, 
    3.5224470703580961e-23
  ], 
  "rbf.variance": 337.7966981944058
}