{
  "noise": 109.16256368063635, 
  "log_likelihood": -3692.6544281800425, 
  "nlpd": -4.0452217965888382, 
  "rmse": 13.832062095106931, 
  "lengthscale": [
    2.2406232038008644
  ], 
  "mae": 9.8849662750042313, 
  "pearsonr": [
    0.69075442776945706, 
    1.8284148128211161e-15
  ], 
  "variance": 309.8851362438811
}