{
  "noise": 282.63521401951255, 
  "log_likelihood": -3869.7876398030303, 
  "nlpd": -4.2737091839525467, 
  "rmse": 17.424351010313341, 
  "mae": 13.954754480183967, 
  "pearsonr": [
    0.46889457526861272, 
    8.6354144950300245e-07
  ], 
  "variance": [
    62.588198565861425, 
    6.1521351767256762, 
    2.4607033172922678e-05, 
    122.19960599908578, 
    23.372744282695969, 
    25.169583309731912, 
    3.0681569494593593e-05, 
    2.6484645076665445, 
    122.86232490005325, 
    9.4808037350953416e-05, 
    3.2470571340781231e-05, 
    59.181714172265863, 
    18.715190631301219, 
    3.5894824465239466e-05, 
    4.4697649815282071e-05, 
    3.1315043583783608, 
    6.5669904918797979, 
    1.1658464231979724e-05, 
    29.527733694900874, 
    150.95570615769145, 
    2.2695356539937274e-07, 
    2.7344149350863004e-05, 
    253.0034594072068, 
    36.831475651581243, 
    4.5196325095244763e-05, 
    6.1287294570195097e-08, 
    1.3339497270016401e-05, 
    31.975106788239469, 
    1.8196304385396602, 
    8.6587208677059628, 
    93.21482870522162, 
    12.782024091984393, 
    3.3531945470875333, 
    2.6410894109828445e-05, 
    276.54715928668088, 
    7.8803239453653558e-05, 
    1.899281341331706e-05, 
    57.477527069651678, 
    5.9852328525194506e-06, 
    2.4822585252534651e-05, 
    9.508477048377987, 
    53.039014141166795, 
    2.4285451302436911e-05, 
    3.0762762531932102e-05, 
    2.1275142229313759e-06, 
    111.27976217193351, 
    9.6349454114962434, 
    68.276269727318564, 
    101.74217910690074, 
    139.98368464670233, 
    2.4963127433948842e-05, 
    63.290957635003195, 
    2.3933953516110931, 
    82.019551499208603, 
    17.070141674425646, 
    30.741060703343621, 
    6.5406355110991946e-23, 
    27.571446986985769, 
    1.7699245745373183e-05, 
    199.49393617246531, 
    2.3130870739046812e-09, 
    2.0257799232208626e-05, 
    1.9036511833751745e-06, 
    8.6450607033823075e-10, 
    219.89740926720259, 
    51.746684799976371, 
    2.7927435525304001e-05, 
    3.0736435882158199e-05, 
    18.676304260632961, 
    2.3153241377608747e-05, 
    2.1438411409747517e-05, 
    1.9079142831881008e-05, 
    2.9230374636473173e-05, 
    245.58887756332805, 
    23.095416326092746, 
    51.35746525922535, 
    48.804514736029986, 
    1.0203107212034913e-05, 
    7.605514470496744e-05, 
    5.1095292128245786e-19, 
    196.51173214664374, 
    99.069706815619114, 
    0.00055734719132355913, 
    3.4767041266133828e-05, 
    2.4560469646053576e-05, 
    22.564213280083639, 
    0.0001572537148346961, 
    33.885752327555601, 
    6.5353888851363298, 
    2.4965301948408475e-05, 
    2.9859709158730699e-09, 
    3.2815833909232849e-05, 
    27.574008880202495, 
    38.586576461005862, 
    2.1637373113440205e-05, 
    76.577674746762497, 
    1.8928544716278152e-18, 
    83.325749268018086, 
    3.6380781890399642e-05, 
    126.14206378982773
  ]
}