{
  "warp_d": 0.0942801881313703, 
  "noise": 0.5237038131521261, 
  "log_likelihood": -3640.6026279750204, 
  "nlpd": -4.0860276146859578, 
  "rmse": 14.451837993304663, 
  "lengthscale": [
    11.605265097822075, 
    7.734328370668492, 
    11.025922886433319, 
    12.849501634731972, 
    15.845778776282675, 
    9.4137060358501703, 
    11.27276875242586, 
    8.2586636535926452, 
    14.733868896537755, 
    1.3052355095067514, 
    14.935548423920675, 
    11.64661922847365, 
    16.01332302933287, 
    11.079863758116, 
    16.594038117075954, 
    16.858318818479692, 
    4.2849620126155701, 
    14.532748655398226, 
    11.180679998619556, 
    15.6001972620203, 
    1.0376820346212685, 
    11.005962141192901, 
    14.222948083965241, 
    10.373825792934591, 
    18.195416668032909, 
    5.8914509318339974, 
    16.565781088089494, 
    3.8765127260984689, 
    9.1138663260321344, 
    1.0155580010820209, 
    5.7661298018122498, 
    7.7773333034982119, 
    12.378604251424742, 
    16.561029966629434, 
    15.815405732814034, 
    1.978025387438253, 
    15.28942769277702, 
    1.5426255336932815, 
    5.4151721285614229, 
    9.5833638185659797, 
    7.488484963330496, 
    15.559841081127672, 
    7.0341712657622759, 
    16.351001436711499, 
    1.6337670570964447, 
    13.402009271248502, 
    1.8602459415118988, 
    12.479629212664728, 
    17.833416050682118, 
    11.812386488360927, 
    2.2275687039103382, 
    13.151925507955758, 
    13.064505807163899, 
    7.263573292497588, 
    2.1742655462729599, 
    22.138111006601616, 
    7.7822796535131173, 
    11.421526373037683, 
    19.232821168914722, 
    15.171460185898804, 
    15.937816274132018, 
    14.090100112716053, 
    10.781173770842338, 
    13.60548644827443, 
    16.4567744144023, 
    5.6818216898104632, 
    9.4742459889845172, 
    14.29907083615041, 
    11.36409588708344, 
    2.2863342053823703, 
    9.7119859787525513, 
    1.2572831761628074, 
    16.046809244644127, 
    13.737643520069955, 
    1.799193266195461, 
    11.242346629045292, 
    13.258776288203908, 
    16.256819682910454, 
    12.33462725702474, 
    1.8520769662444516, 
    1.1168818862380681, 
    1.6673645544220383, 
    2.8774319237500441, 
    5.5993541615396083, 
    18.059937544196451, 
    15.20626694756908, 
    2.572749921609423, 
    14.31932836033986, 
    4.754935301730745, 
    15.811468497635426, 
    2.0014525910031962, 
    1.4492192878925874, 
    1.8158822326114756, 
    15.378050763159537, 
    1.8616162720261551, 
    14.928862688716956, 
    11.949582288273273, 
    9.7518677219637055, 
    15.059796374723735, 
    2.4883632630723742
  ], 
  "mae": 10.208595480277834, 
  "pearsonr": [
    0.67068710219121497, 
    2.2815321646532864e-14
  ], 
  "variance": 5.9497871705244965, 
  "warp_psi": [
    [
      7.622497939666594e-11, 
      0.20364186504137427, 
      1.6915224527775858
    ], 
    [
      7.4602305930925888e-11, 
      0.018451526061373184, 
      -0.61065873893316336
    ], 
    [
      8.7559485423324917e-20, 
      0.0054542528393953221, 
      4.9290052406514899
    ]
  ]
}