{
  "regularization": 10.0, 
  "rmse": 12.305125813296019, 
  "intercept": 3.7488349986050835, 
  "mae": 8.8505058692778817, 
  "pearsonr": [
    0.58866065758141783, 
    5.2076868501783148e-13
  ], 
  "coefs": [
    -0.25834696957737346, 
    -2.0259123698260177, 
    -2.6783257383718313, 
    -0.32283241019085263, 
    -2.612593045529187, 
    2.3087245654062021, 
    -2.6499625200431707, 
    -0.60533510325835538, 
    2.4720111005419363, 
    5.4051405384335203, 
    0.62147728487747522, 
    -0.10364265500615231, 
    1.9322429743323408, 
    0.54762367233179621, 
    -2.7147192699853582, 
    4.7695936690024805, 
    -3.2617049977111177, 
    -0.5013354727246393, 
    -5.3276577133245926, 
    2.9986579100625255, 
    5.48129200774137, 
    -0.35955360023992372, 
    3.6469523058586772, 
    1.0630386788166528, 
    2.7963902483834326, 
    1.3375787832421513, 
    3.6180031199188654, 
    -0.16305807407085851, 
    2.3782496612213002, 
    4.3857294977575716, 
    3.3920039286150612, 
    1.3763127568847571, 
    3.0547465389249973, 
    -0.98321807789354632, 
    -1.3259620551489646, 
    -1.1584278964122863, 
    -1.5715559434300939, 
    -3.5930975915724703, 
    1.9414630396067738, 
    -0.1786478946296842, 
    -3.0849713508629004, 
    0.35108544861825508, 
    -3.9201885475304556, 
    0.61356486815946509, 
    0.69733979736705398, 
    -3.0457214760404066, 
    0.71761063656201429, 
    0.56364575170751352, 
    -1.862332918256091, 
    1.4521121753841233, 
    1.8733361140817035, 
    2.8403207468384872, 
    -1.5249114433172508, 
    4.0577664898210681, 
    0.75099455622429678, 
    1.4537170184009871, 
    2.3010887263772841, 
    -3.6501042534633532, 
    -1.8129180473283795, 
    -1.4179923484845256, 
    2.7602186512294069, 
    -2.1526932134576957, 
    1.5263317759583999, 
    -1.3609859363302192, 
    0.65981456757625412, 
    1.2977971500077359, 
    4.4291273880672275, 
    -1.782462094585231, 
    -1.1383332797171359, 
    1.6684453324184254, 
    0.48881446237690152, 
    -0.21860038659588979, 
    -2.5319955936582197, 
    3.3835966815737599, 
    -3.2692245107852038, 
    0.86853470359167351, 
    1.441595074996765, 
    3.7782190157490558, 
    -4.8909627129451358, 
    3.7254192186848272, 
    1.1632414820364207, 
    -1.6733870995922506, 
    -2.5072652572581382, 
    0.67176966037054331, 
    -1.0400390326838598, 
    -4.1993034638057232, 
    -0.51207990043425688, 
    0.099815202670338277, 
    3.7241902069749915, 
    -4.724738630292066, 
    -2.2916320713304001, 
    -3.17755369621102, 
    -1.8232019388915424, 
    -1.1467556682696374, 
    2.9221705551260087, 
    -0.38524023796497447, 
    1.160493965734841, 
    5.8141994452492138, 
    4.1913296904286224, 
    -1.4195313601392843
  ]
}