{
  "log_likelihood": -4394.023436325138, 
  "nlpd": 3.6801344888614032, 
  "rmse": 9.0567175286782895, 
  "Mat52.variance": 168.6807359370066, 
  "Mat52.lengthscale": 1.7316623429734743, 
  "Gaussian_noise.variance": 43.569897568132994, 
  "mae": 6.1773864863598895, 
  "pearsonr": [
    0.75620109059613727, 
    2.0829188379930792e-24
  ]
}