{
  "noise": 48.805975314052034, 
  "log_likelihood": -3423.6562899104306, 
  "nlpd": -3.612005692417914, 
  "rmse": 8.4247178083998033, 
  "lengthscale": [
    1.8816821013963596
  ], 
  "mae": 6.0046350493039373, 
  "pearsonr": [
    0.71864433312606013, 
    3.8226990863771889e-17
  ], 
  "variance": 120.2534371602953
}