{
  "RatQuad.variance": 1509.8383134425237, 
  "log_likelihood": -4852.955065998975, 
  "nlpd": 4.2296075148143979, 
  "rmse": 17.222606697067583, 
  "Gaussian_noise.variance": 24.482774276355038, 
  "RatQuad.lengthscale": 0.640156350321703, 
  "mae": 13.44266773611861, 
  "pearsonr": [
    0.66896054201078425, 
    1.5120036153909894e-17
  ], 
  "RatQuad.power": 0.12569011543007017
}