{
  "warp_d": 0.345463173484733, 
  "noise": 6.0126500281107305, 
  "log_likelihood": -3621.3404526444406, 
  "nlpd": -4.2993478065849162, 
  "rmse": 15.791031957655029, 
  "lengthscale": [
    2.0972940721870748, 
    4.8535328836722007, 
    6.201739572471082, 
    2.5766540033851331, 
    10.6073104705708, 
    1.9015112260208922, 
    8.4505722942999366, 
    6.5396477378496849, 
    12.907209212136168, 
    1.0967124162267976, 
    10.187640571413503, 
    11.638558180861489, 
    12.305057709782846, 
    9.3659197298834176, 
    12.88294090507028, 
    12.987010553443914, 
    5.4545452609648715, 
    12.422546042013048, 
    9.1654882117667071, 
    9.0240548637962501, 
    1.0594137383898752, 
    8.8765475127358275, 
    11.797070612412844, 
    12.344776018257397, 
    13.95119919136177, 
    9.7251818615642556, 
    11.580796040786614, 
    2.2790189123587612, 
    10.432285780414103, 
    1.2662464850507476, 
    12.536864828766531, 
    2.2254005814727722, 
    5.7137711737947807, 
    11.306155628949039, 
    9.7515136714474959, 
    2.5083406271003001, 
    12.684001502306446, 
    2.6170460124250665, 
    2.0237709948304161, 
    10.810830905262822, 
    3.3060281583130622, 
    10.757403367753676, 
    8.7319396553529813, 
    10.369254786517811, 
    1.7563793777984347, 
    8.3682642224029156, 
    1.5831022186704056, 
    12.920310356946649, 
    10.813235424434327, 
    10.598192301352595, 
    2.8705414437798309, 
    7.9928940356172893, 
    10.013059404309317, 
    11.255761442816532, 
    1.5001962536664832, 
    18.166475497107687, 
    1.5921057949166952, 
    11.197939954851568, 
    14.972576454261544, 
    10.632279015795685, 
    12.110816715275597, 
    9.2730385770595554, 
    10.298642278355002, 
    7.9513172818847089, 
    13.034983228649418, 
    0.97546221663344834, 
    7.5568589051117945, 
    12.757476537667896, 
    10.614615853742444, 
    2.290234237521048, 
    7.468898095932917, 
    1.1737025043702014, 
    8.5202748622528883, 
    13.410912970350063, 
    2.3694416419375264, 
    12.208619133516462, 
    8.8950017574657636, 
    10.715690121797458, 
    12.950991432225162, 
    1.6701344661887023, 
    1.4080764485168717, 
    8.6399370546407717, 
    2.8087786735335847, 
    8.6929517635079812, 
    14.889364127312598, 
    11.740453067469993, 
    1.9962084314824891, 
    12.992884149961995, 
    6.3385152400287303, 
    13.637855785281184, 
    6.627165673084102, 
    2.0244233438457657, 
    7.0825505235749553, 
    11.032972006596097, 
    2.2178196467716749, 
    9.7949273147650473, 
    5.7957522280307012, 
    8.5134590034860533, 
    12.753330823588721, 
    1.7328976375158531
  ], 
  "mae": 11.270238012302855, 
  "pearsonr": [
    0.65195864900302458, 
    2.0285140920660669e-13
  ], 
  "variance": 67.667556327226, 
  "warp_psi": [
    [
      8.3938433972685033e-40, 
      0.0014763049635743578, 
      1.8980127570786052
    ], 
    [
      1.3168986772082659e-33, 
      0.0014416177376456434, 
      -4.2559357857214923
    ], 
    [
      4.4078413798901327e-31, 
      1.6886792736122, 
      1.767398314535894
    ]
  ]
}