{
  "noise": 7.963264190697985, 
  "power": [
    0.60647100092277451
  ], 
  "nlpd": -3.4960003300532172, 
  "rmse": 8.2099218338668987, 
  "lengthscale": [
    9.3389939100041062, 
    0.58659665360534763, 
    8.1068029891912126, 
    0.26418327430093108, 
    9.2777658376935221, 
    15.855818329034738, 
    23.147503507361225, 
    8.7749433408916904, 
    27.552930830518282, 
    0.34229829341440676, 
    16.233922356103047, 
    7.074780649456156, 
    5.5307429639083221, 
    4.3458067821855693, 
    8.6545511264946242, 
    4.2615702213564104, 
    11.03286277807611, 
    20.230697844575083, 
    30.227700511733449, 
    14.521936241207401, 
    24.858778260618614, 
    6.6502354568532098, 
    9.3983842922041045, 
    15.452083144187849, 
    34.210790369717245, 
    17.577957987389759, 
    6.6852371986244519, 
    0.28859457328342858, 
    10.444835025416003, 
    0.18562305366725304, 
    0.23565276429662227, 
    19.62744902936581, 
    1.1938492994596654, 
    4.5546246524534988, 
    6.802051482759782, 
    15.273626734350275, 
    8.169242755480461, 
    17.780887839762414, 
    6.9253499235777261, 
    24.172265513633722, 
    26.401957040622516, 
    9.6578738589173607, 
    7.7751470675318561, 
    9.7750462813475263, 
    9.8232080729245634, 
    1.1635664951561742, 
    21.64808002355031, 
    0.38755229750903669, 
    14.312811732995486, 
    7.4050844280665604, 
    5.7131885218123051, 
    9.7522546173145557, 
    0.49419351853865079, 
    5.2984954349289959, 
    0.85931092100302819, 
    7.2618495508744818, 
    8.5250788252377312, 
    7.2136115535909555, 
    1.1294459338619631, 
    10.097118252892765, 
    11.351168878800239, 
    23.963212298941208, 
    8.5038480646644814, 
    0.79167262790383186, 
    12.005899621005753, 
    10.89723816155634, 
    1.2386023853389041, 
    30.845461576195518, 
    6.8665450378298809, 
    0.26106059750990612, 
    8.19435007278204, 
    0.20320830081699276, 
    5.6572084911889036, 
    22.951178856722812, 
    6.772911980129984, 
    6.4313674882859289, 
    7.894595824896057, 
    0.20774853081085148, 
    17.384846953012694, 
    9.1192042514926541, 
    0.65925772405091443, 
    0.60451330143415072, 
    9.6025431114249411, 
    8.8661488780888398, 
    7.5086986765145749, 
    16.76886869919613, 
    10.228515618496766, 
    0.43938280714320549, 
    21.486996786032716, 
    7.7348537684036929, 
    19.078090623526812, 
    8.7308045901875708, 
    26.087647588000777, 
    10.401852108873419, 
    0.36092817874980199, 
    7.7291486168681471, 
    0.3051450442154936, 
    11.346815832420535, 
    8.4915182622632361, 
    8.7158483854166526
  ], 
  "mae": 4.9883472743825381, 
  "pearsonr": [
    0.71565428603478587, 
    5.9158631354638599e-17
  ], 
  "variance": 109.2983550960734, 
  "log_likelihood": -3166.9614109335876
}