{
  "noise": 0.05758898852054901, 
  "log_likelihood": -967.8401060175374, 
  "nlpd": -739.53881605956349, 
  "rmse": 16.141710499512005, 
  "lengthscale": [
    4.4171929005156638, 
    10.797886852573711, 
    1.8573868641686577, 
    16.424509925854554, 
    3.1884078821746114, 
    1.5834699744858478, 
    0.79686830451920709, 
    15.22853232255879, 
    10.542956394587767, 
    13.900140545729279, 
    8.9211735985464422, 
    1.4877858412460789, 
    2.5114754301086122, 
    17.83659580696618, 
    12.226149094558597, 
    14.23202523230448, 
    15.328427300750439, 
    13.587887007041548, 
    1.15178640815332, 
    1.8135156788909483, 
    9.8563362992309642, 
    1.6397469446659614, 
    1.1138204163775356, 
    6.9290852156603453, 
    14.785266040694502, 
    17.114822370783308, 
    2.278230798132312, 
    9.1042770127981143, 
    11.805446778260135, 
    2.1683676996108545, 
    1.2827026090946685, 
    15.234692642097384, 
    7.902674228167351, 
    15.018178673057507, 
    1.7070864369249998, 
    5.4426460719604242, 
    14.551640823978495, 
    9.6262527576274977, 
    11.215651347622266, 
    13.034440093709648, 
    13.837017074610722, 
    4.7542702275497124, 
    12.780276492246269, 
    1.7108624026968857, 
    1.0710096442792658, 
    1.3808371402770119, 
    15.720073482521549, 
    1.9865470705426822, 
    0.83941300806840602, 
    2.5545709409433943, 
    15.124011595451796, 
    11.975797373570789, 
    11.911039475345152, 
    17.022908385382081, 
    0.70600922131131871, 
    19.468665848695874, 
    8.3993170051524721, 
    20.060019641432433, 
    17.566124239670263, 
    2.916362324908047, 
    3.2871222046912609, 
    7.2766865994831367, 
    15.820872946392521, 
    1.9425489506403104, 
    1.7915888683235974, 
    7.9895780733831527, 
    13.960166478361497, 
    15.149857709870545, 
    15.374982888232259, 
    11.835901115774069, 
    15.762318811626333, 
    8.0264334509821929, 
    11.104766837946196, 
    1.7139905517921923, 
    1.8819381586738015, 
    0.83842547341573748, 
    1.6967871079678118, 
    2.4949985598456283, 
    16.721777317434519, 
    2.7614428216127433, 
    1.9588494711027775, 
    6.5790885083311057, 
    17.354227819055428, 
    15.099355085859438, 
    8.3914098688345184, 
    0.89063204974530985, 
    1.106846402333455, 
    1.1076967172797132, 
    0.88745177243923923, 
    7.8694598320232849, 
    0.75620092799924832, 
    1.5659724761888343, 
    1.3087051777294669, 
    11.925944868125988, 
    1.5041326972479716, 
    8.4037367577975637, 
    1.1811925735355369, 
    11.347063341241309, 
    11.367925169548673, 
    1.1022435127224819
  ], 
  "mae": 11.333943552092943, 
  "pearsonr": [
    0.6483510516351787, 
    3.0367042714805199e-13
  ], 
  "variance": 1.004757186206776
}