{
  "noise": 0.12803333822146368, 
  "log_likelihood": -1131.8643839463673, 
  "nlpd": -705.96207641029264, 
  "rmse": 18.569376321680807, 
  "weight_variance": [
    5895368.8784269029
  ], 
  "bias_variance": 59820.40501928612, 
  "mae": 14.520815603358924, 
  "pearsonr": [
    0.58161887396314083, 
    2.2155419794559675e-10
  ], 
  "variance": 1.976345248894009
}