{
  "log_likelihood": -4537.916091137382, 
  "nlpd": 3.9939289162836906, 
  "rmse": 13.23579003233713, 
  "Mat52.variance": 125.22310342234051, 
  "Mat52.lengthscale": 2.3920008676347333, 
  "Gaussian_noise.variance": 130.40901307252403, 
  "mae": 10.451164274038625, 
  "pearsonr": [
    0.42860839354820734, 
    6.1427147263712055e-07
  ]
}