{
  "noise": 104.61381694821594, 
  "log_likelihood": -3577.456729925826, 
  "nlpd": -3.7623490165207358, 
  "rmse": 9.8571967616575868, 
  "lengthscale": [
    2.6737690769970697
  ], 
  "mae": 7.898855085254171, 
  "pearsonr": [
    0.40604791487635522, 
    2.7713776155952362e-05
  ], 
  "variance": 161.1878315925584
}