{
  "warp_d": 0.49796454114509336, 
  "noise": 43.81956202645383, 
  "log_likelihood": -3641.1738915798105, 
  "nlpd": -3.9217836543319953, 
  "rmse": 12.065933527619512, 
  "mae": 9.897248170417317, 
  "pearsonr": [
    0.5992450694364948, 
    4.4985912472268014e-11
  ], 
  "variance": [
    1.3563311563388578, 
    0.0047411542147868108, 
    17.096673031623407, 
    4.4461005725612681, 
    3.2260107775857403, 
    0.00099462848815831391, 
    0.0033588443651857303, 
    9.8530118673578038, 
    0.00053925514521102266, 
    0.00083450079435510422, 
    0.00061583677063580021, 
    0.011462166219338933, 
    0.00063287786705640086, 
    0.00037583694621406424, 
    8.8271769000388502, 
    0.00046594337823579568, 
    0.0002992697321823838, 
    0.0022106071438742656, 
    0.016336258911338226, 
    7.0833720048801068, 
    0.0003381757625839159, 
    3.2231756684703821, 
    4.6383275313796055, 
    3.183010731472534, 
    2.9478018293867345, 
    0.012875876651777855, 
    0.0023243337535616567, 
    0.00059710192586015661, 
    0.047814652241107272, 
    0.00070780888544625027, 
    0.00027639766923599941, 
    0.00033859182598078362, 
    0.0033442532614421571, 
    17.404532352743615, 
    2.1061603062641234, 
    0.0004867424523397417, 
    0.37558375195089644, 
    1.7326396585512451, 
    6.8756605369961266, 
    0.00061736777501416077, 
    0.0046239770285616535, 
    0.00062110439785371442, 
    0.00026842726067536943, 
    0.0011393538373240871, 
    10.981801169855926, 
    0.0026318052392156465, 
    0.000209815634878472, 
    0.00051680846918723984, 
    0.0018326209038315509, 
    0.00071906703677671274, 
    2.9810175784173949, 
    0.00075441802313672157, 
    12.938386381798786, 
    8.6661575706302685, 
    0.00056664690689072958, 
    14.459986724153923, 
    0.00027254959976887586, 
    0.25134707497970804, 
    0.00025321899265570908, 
    1.2626825491978837, 
    0.063521025242229329, 
    0.00047943042294207409, 
    0.0019176997514771235, 
    0.00029885994596337161, 
    0.0028081024669096345, 
    0.0041235016240524615, 
    3.2803033678900206, 
    17.109588386313515, 
    0.00061778250306968616, 
    0.0009968864645837881, 
    13.104067810740442, 
    0.0012378722324209194, 
    1.0008727437014064, 
    1.9421805410127355, 
    2.7441610530993032, 
    0.0073986683607399741, 
    0.0012112616603789869, 
    7.7566224766549992, 
    0.00063136322283094209, 
    0.0058843225044960465, 
    18.090199543207817, 
    0.00075527995400645996, 
    0.015287588180898983, 
    16.24777001143352, 
    0.042722774822464241, 
    12.07389430009518, 
    0.0040380624917346975, 
    0.00064091361805450125, 
    0.00036315924768436997, 
    1.2122186063566571, 
    0.013342380454626499, 
    0.00095937074613470705, 
    13.229236571343426, 
    0.017984426303385391, 
    0.00027011820228783868, 
    0.0014527675155071966, 
    10.317079793360202, 
    14.855713202235041, 
    0.01479853770075394, 
    6.560203793097501
  ], 
  "warp_psi": [
    [
      1.0470393236738885e-17, 
      0.0017185871833468769, 
      -0.38127768235463133
    ], 
    [
      2.4395865489662276e-16, 
      0.27181949889169787, 
      3.1269005033453396
    ], 
    [
      2.4588260625555012e-21, 
      0.00011230867671243457, 
      -1.4785726574647446
    ]
  ]
}