{
  "warp_d": 0.4394855411879494, 
  "noise": 57.238014228405554, 
  "log_likelihood": -3879.9719284153375, 
  "nlpd": -4.4649896141210812, 
  "rmse": 20.52464056836034, 
  "mae": 16.325380213019802, 
  "pearsonr": [
    0.43447288267305562, 
    6.2861002889102064e-06
  ], 
  "variance": [
    0.0066419343031243108, 
    0.00013143257575172474, 
    12.959278240427048, 
    24.607597595730677, 
    35.814419181575964, 
    34.384212878733656, 
    3.559444751173232e-05, 
    1.674741864468832e-05, 
    0.00013127414781461522, 
    5.8470181193914144, 
    3.0429764852139264e-05, 
    11.411595220420681, 
    5.3256360119248708e-06, 
    4.7616866935764419e-06, 
    0.0016719949509015847, 
    0.00010068602480859193, 
    7.7581044763938746e-06, 
    5.5403053437479239e-06, 
    2.9856979802574094e-06, 
    2.5219143692743001e-06, 
    1.4857145417886968e-05, 
    1.3671712464233438e-05, 
    7.8975117148495953e-06, 
    0.00049456639627178795, 
    6.4029105628162934e-06, 
    1.4321952101180724, 
    4.4871187157437763e-06, 
    4.5209122506206419e-05, 
    13.184004391835508, 
    22.392141385118091, 
    31.341140130356219, 
    13.426002809964199, 
    9.1422881591649841, 
    8.3786148743427731, 
    19.639909067844059, 
    2.0888207224118278, 
    0.42193887051649293, 
    0.0025545762051477914, 
    6.5501632071024796, 
    5.9956752063557582e-05, 
    41.281939042300927, 
    3.7416006002384457e-05, 
    4.0855491069191849, 
    1.3253108791656465e-05, 
    5.0863046298038398e-06, 
    1.3718261591205181e-05, 
    0.0055680393990034747, 
    0.00019718497224847906, 
    5.3990638291697137e-06, 
    4.4283273557239343e-06, 
    17.49186129306679, 
    3.0370420672247334, 
    1.0051797476169251e-05, 
    8.1771788133909293, 
    1.2722092697027926e-05, 
    3.4404443267250118, 
    2.033135584607221e-06, 
    14.462586453045473, 
    1.5616437569703683e-06, 
    18.838342230776092, 
    8.2222200781132022e-05, 
    6.466746423817173, 
    8.7158852881622661e-05, 
    12.302153908495535, 
    1.1477704226725434e-05, 
    1.3101248846718136e-05, 
    2.17097720357252e-05, 
    0.00410394399939962, 
    0.00040647560946738032, 
    2.6940500981099964e-05, 
    10.264645631837293, 
    4.7811665503089813, 
    0.54921482792542387, 
    0.028991147171157788, 
    1.8675793787544437e-05, 
    4.3332308883090024e-06, 
    38.920795228378509, 
    7.8535565129307455e-06, 
    0.0020207408965849704, 
    25.508459200498606, 
    31.232495447413207, 
    8.787180078241251, 
    0.00040782123064553609, 
    5.2821143106541096e-06, 
    4.3416844209963294e-06, 
    1.8966765053827828, 
    15.437475000831954, 
    4.0816078554814919, 
    8.4450252786630013, 
    0.00050899318782153915, 
    0.00019048859565415715, 
    0.019302431666033057, 
    4.1490856056415707e-06, 
    0.00011435465187538837, 
    0.1220727760731565, 
    1.2204842943190288, 
    7.2680434058454646e-06, 
    5.1918152971912853e-06, 
    1.2050733969436371e-05, 
    6.7499513530891822e-06
  ], 
  "warp_psi": [
    [
      9.0680747241577722e-77, 
      6.38516045395271e-08, 
      6.8925319661067759
    ], 
    [
      1.3856097192655096e-36, 
      2.2739271044897988e-07, 
      -9.5865780904460962
    ], 
    [
      3.8618707955574617e-36, 
      1.0322972926022475e-11, 
      10.547370546255642
    ]
  ]
}