{
  "RatQuad.variance": 211.36968456340298, 
  "log_likelihood": -4524.254128263755, 
  "nlpd": 3.9846308160987873, 
  "rmse": 13.123718116212787, 
  "Gaussian_noise.variance": 60.95241263536744, 
  "RatQuad.lengthscale": 0.5152948092216003, 
  "mae": 10.417028106904585, 
  "pearsonr": [
    0.44638431813646584, 
    1.8120021226694964e-07
  ], 
  "RatQuad.power": 0.3571237411189066
}