{
  "noise": 62.20447590004093, 
  "power": [
    0.27774257091709115
  ], 
  "nlpd": -3.7542947353964764, 
  "rmse": 9.8656015724657102, 
  "lengthscale": [
    0.7414789737608346
  ], 
  "mae": 7.9729564289907016, 
  "pearsonr": [
    0.39814417212362008, 
    4.0900388050136266e-05
  ], 
  "variance": 261.1607709095797, 
  "log_likelihood": -3569.545650536932
}