{
  "warp_d": 0.12122405991017733, 
  "noise": 9.883122954428751, 
  "log_likelihood": -859.2060514560058, 
  "nlpd": -0.87767491500042705, 
  "rmse": 59.0891753219476, 
  "lengthscale": [
    250.81686712265264, 
    262.71561795732271, 
    281.93466584073616, 
    250.62642664040524, 
    260.02159959983715, 
    379.46090308557422, 
    249.94970311632642, 
    271.20675552421073, 
    267.13279273460256, 
    263.29149964288007, 
    271.08789701321143, 
    221.83866994862402, 
    291.55387359586615, 
    227.32709177548278, 
    213.81762997016045, 
    276.57889720162927, 
    283.36832475100169, 
    267.70787930754648, 
    324.18986906395219, 
    279.46679884015452, 
    305.34139897541274, 
    238.62977800401075, 
    251.0196135947254, 
    280.55108444254626, 
    283.75557018876225, 
    280.04884189152051, 
    247.39918755985641, 
    260.45334318882459, 
    273.99558624954085, 
    128.82662051257665, 
    218.38153077807726, 
    289.43228883248344, 
    165.13623072073196, 
    248.3779682771389, 
    292.25505875905054, 
    247.1179732447776, 
    275.09374563074977, 
    246.24048285549526, 
    277.19338364025936, 
    196.95248698344949, 
    251.94721884757661, 
    261.58056867095507, 
    291.32596710457375, 
    230.34873775632437, 
    267.39721421449553, 
    262.95777013177053, 
    288.70415664551393, 
    202.84846873599469, 
    271.88790699587315, 
    217.95106577632257, 
    291.48029639431547, 
    208.73351277719092, 
    193.13139795014783, 
    266.62838926498438, 
    244.48557615253299, 
    518.33996707405197, 
    292.14452585413267, 
    325.01188464755273, 
    387.90319672993672, 
    203.66751865924516, 
    202.44751546368775, 
    322.45366471001074, 
    245.23120372848939, 
    352.4750996227674, 
    222.59175564060229, 
    204.77713455167532, 
    284.88424158842935, 
    270.57718112236375, 
    279.1032566352589, 
    340.9053503490465, 
    239.70200316324733, 
    217.17726980910817, 
    252.89889239675563, 
    281.74920259303565, 
    245.6864167319398, 
    264.10596781323824, 
    298.61431542656783, 
    221.68846866040505, 
    295.66275292845643, 
    228.80255562242513, 
    179.11652444202855, 
    228.98184204352162, 
    264.86070887494071, 
    188.24155099994761, 
    335.23461855836626, 
    239.50073153784376, 
    274.08137784683447, 
    233.07074496535381, 
    211.11623420678089, 
    287.63604601397395, 
    271.93076590589453, 
    180.31151110055359, 
    222.16828026474167, 
    259.55015286544364, 
    314.95194760970605, 
    274.81660710273616, 
    199.82853248127506, 
    291.66959885519651, 
    205.69979150224998, 
    232.47402990200948
  ], 
  "mae": 36.978902064604448, 
  "pearsonr": [
    -0.30778355669829144, 
    0.0018386573549245475
  ], 
  "variance": 1907.0891628411293, 
  "warp_psi": [
    [
      395.43761206545776, 
      3523.7557370791128, 
      0.00075976882826764508
    ], 
    [
      5.5626846462681369e-309, 
      4.3729454908859307, 
      -3.463749015328756
    ], 
    [
      5.5626846462681369e-309, 
      9.4214535366121872, 
      13.301509936431383
    ]
  ]
}