{
  "noise": 49.18558626376325, 
  "log_likelihood": -3680.621679606555, 
  "nlpd": -4.0730306944679135, 
  "rmse": 13.944023885954957, 
  "lengthscale": [
    2.4413279554407228
  ], 
  "mae": 9.4341497062767239, 
  "pearsonr": [
    0.76863000272199911, 
    1.0041542349172521e-20
  ], 
  "variance": 371.4652436736418
}