{
  "warp_d": 0.32125339312281, 
  "noise": 13.315815601955453, 
  "log_likelihood": -3527.0669436351063, 
  "nlpd": -4.1232496144160686, 
  "rmse": 14.272167797541453, 
  "lengthscale": [
    3.2906956560483049, 
    13.705587653745837, 
    9.009197900475824, 
    15.065543182795414, 
    1.3697773731741727, 
    16.260181283664497, 
    14.075194356095025, 
    6.8616523784143464, 
    16.719603083683317, 
    15.069595555877747, 
    14.414822112982757, 
    15.612314796129894, 
    17.281704088438612, 
    14.939957996420338, 
    1.1619610244421683, 
    15.857219168344912, 
    13.671495361098268, 
    16.650405418827933, 
    12.255464803558334, 
    19.033292632964923, 
    14.438034786825902, 
    10.50985709555929, 
    8.1271283359896085, 
    16.92508372923475, 
    16.312085261331003, 
    15.018644682422025, 
    16.224373861695668, 
    10.36497042903768, 
    18.144517180861023, 
    9.812691471918157, 
    16.019455338631825, 
    5.7675888517220857, 
    13.78398489493042, 
    7.3858947948966911, 
    16.321191414669052, 
    15.263664464902336, 
    8.0321038952962862, 
    17.075808901942601, 
    8.2730565562663667, 
    16.192476729980257, 
    2.4802622873038112, 
    14.452870175066636, 
    17.862745033264275, 
    13.731268241984546, 
    10.363917822566519, 
    17.063107383319288, 
    16.692580726936175, 
    14.814041974105166, 
    14.240584115194999, 
    17.172562990617205, 
    17.499588807351678, 
    14.431933752234793, 
    9.8877182002473987, 
    16.229986853296325, 
    12.789579419082205, 
    24.847682083502658, 
    13.401892769913097, 
    19.775540787849401, 
    17.604388038913783, 
    13.933515483244767, 
    14.580359809610677, 
    16.186940616963668, 
    4.1206281351175083, 
    13.500365814629268, 
    12.704596703221139, 
    13.997527158576027, 
    2.8728606152368359, 
    1.850597578288909, 
    18.907861120568949, 
    16.964387121337001, 
    4.7024503090393024, 
    13.479413574741733, 
    0.69125759408042176, 
    11.181608876951971, 
    12.515048299040885, 
    13.662293868726422, 
    17.410406490793118, 
    8.8432486730531128, 
    16.064781925547024, 
    12.843562995165044, 
    11.000023945214952, 
    11.280618556514247, 
    13.201493590547013, 
    12.830766585029837, 
    16.724046378761898, 
    9.8387123133918148, 
    12.573054158793507, 
    16.510786614667129, 
    15.007969597353744, 
    13.999832075625028, 
    13.064405441773115, 
    15.832368297191755, 
    0.89447760090370598, 
    15.186038051745831, 
    15.840063590170674, 
    17.222625234145518, 
    4.5563640387525419, 
    4.2860527849090824, 
    15.773435254541647, 
    12.044770867944562
  ], 
  "mae": 10.707885410861017, 
  "pearsonr": [
    0.569726101299731, 
    6.1632615961469983e-10
  ], 
  "variance": 40.0580122085399, 
  "warp_psi": [
    [
      2.690511698126113e-22, 
      2.9410628862785244, 
      2.8456715238867809
    ], 
    [
      1.8735583485246046e-23, 
      0.00080896984689934469, 
      4.1925901210424987
    ], 
    [
      1.1740857531323123e-19, 
      3.2506429202239482, 
      -3.7055666620752343
    ]
  ]
}