{
  "warp_d": 0.22681627090695455, 
  "noise": 4.169394443536212, 
  "log_likelihood": -3816.854682692376, 
  "nlpd": -4.4319049162434645, 
  "rmse": 19.410103451712001, 
  "lengthscale": [
    2.2781917109820773, 
    7.3453199054634704, 
    4.5954634803045851, 
    3.1344509535663168, 
    1.6178882491072246, 
    2.9904970769443477, 
    1.4207217909560728, 
    7.5641917996388592, 
    4.9837480073487193, 
    5.1311235288550723, 
    7.7129151412833776, 
    1.6637136755538782, 
    8.5417945925897918, 
    8.104231282269728, 
    5.4784597187304067, 
    1.0782328776546262, 
    4.2893901619816424, 
    0.98143249529176879, 
    10.864606087664345, 
    9.3133922314537898, 
    7.7606289856935735, 
    7.3757516321013759, 
    0.89667748364336519, 
    6.0440761234470353, 
    2.0824141638239162, 
    3.8229738916799665, 
    4.7821091629729064, 
    2.1960672160316448, 
    3.9708220065627144, 
    1.4638692338126325, 
    2.2031313564032833, 
    5.548201901705573, 
    7.8798033969111323, 
    2.3763537815792755, 
    5.873404496949731, 
    7.1421422415381954, 
    5.3883435149744683, 
    8.5053414258450442, 
    8.8540053737987723, 
    0.94364627130071932, 
    4.2126998049800832, 
    1.2033356376712494, 
    2.6228138529020866, 
    3.9961474923602358, 
    8.3422378929813696, 
    8.6367218863433948, 
    10.061441609327096, 
    8.7445540684445167, 
    1.1895347373513019, 
    7.6058242919480623, 
    1.7741102202811647, 
    4.9739180251577144, 
    4.6780042833892219, 
    10.709573347350162, 
    6.3410293668651541, 
    11.070385457367044, 
    9.1561040944550385, 
    3.7835592078494353, 
    10.039482077042463, 
    1.3189053068428063, 
    7.1890382374504131, 
    1.3955311218769164, 
    8.846565636445078, 
    9.6385839702580167, 
    8.0104685117381216, 
    6.0675863001217385, 
    9.2145843022866085, 
    1.0315728919648441, 
    6.1233871138938039, 
    2.7052097867251748, 
    2.2981096090879554, 
    1.7977717336812025, 
    7.4399295304302679, 
    6.9724180381082288, 
    9.0164329330336432, 
    7.8426981464788268, 
    1.4682768297735587, 
    8.3128970361701899, 
    7.5997628777735073, 
    2.2661784808917709, 
    2.3525935217409271, 
    5.3093720235679065, 
    6.5286073205620907, 
    6.5475073076237456, 
    6.9346973750454879, 
    7.1067409789663962, 
    2.8602676324758383, 
    2.5177718136473168, 
    0.8346581126602417, 
    8.3547724908427163, 
    2.5469142554564157, 
    0.87815800983961056, 
    8.1952343595400485, 
    9.3903383470227677, 
    1.1377966549821865, 
    3.6271671172663718, 
    1.6112739672834715, 
    9.0079697014370197, 
    5.9151335054105427, 
    5.8730026357459497
  ], 
  "mae": 15.592596992333334, 
  "pearsonr": [
    0.51801663604329984, 
    3.3951286732389006e-08
  ], 
  "variance": 32.559694182449896, 
  "warp_psi": [
    [
      3.6375756701537642e-15, 
      2.1249793134236246, 
      -0.76867382694175446
    ], 
    [
      1.9477528399043491e-13, 
      0.12969122804855371, 
      -0.77723963437686505
    ], 
    [
      2.2521420627680825e-16, 
      2.4268940168378091e-08, 
      0.33070632650252435
    ]
  ]
}