{
  "lengthscale": [
    0.52801283856475145
  ], 
  "noise": [
    29.56473416192575, 
    10.497058251123525, 
    28.187019048794077, 
    24.49879418287769, 
    30.971375082932944, 
    44.938583431106785
  ], 
  "kappa": [
    18.642236888612153, 
    17.699614572386764, 
    43.90208086260216, 
    45.31424944028992, 
    48.424677470498516, 
    33.499596570853626
  ], 
  "log_likelihood": -21367.569904051794, 
  "power": [
    0.021487803019686221
  ], 
  "joy": {
    "mae": 11.780999947352193, 
    "nlpd": 4.1644994380124514, 
    "pearsonr": [
      0.70008285324731212, 
      5.2693716428793269e-16
    ], 
    "rmse": 14.687501081052153
  }, 
  "W": [
    -2.564975190491735, 
    -1.7261398137767607, 
    -3.635802608347042, 
    6.911753537416816, 
    -5.8573492780662635, 
    1.620894732409892
  ], 
  "sadness": {
    "mae": 11.578144131684754, 
    "nlpd": 4.1678576393284343, 
    "pearsonr": [
      0.76583434397747419, 
      1.6798025265356708e-20
    ], 
    "rmse": 15.045289011132022
  }, 
  "disgust": {
    "mae": 5.121056301172235, 
    "nlpd": 3.5085840226780229, 
    "pearsonr": [
      0.60525468212140399, 
      2.5541617549407074e-11
    ], 
    "rmse": 7.8719148604142388
  }, 
  "variance": 69.47043768605162, 
  "anger": {
    "mae": 6.5681431407147191, 
    "nlpd": 3.735560153708132, 
    "pearsonr": [
      0.70874678836073113, 
      1.5885395399667336e-16
    ], 
    "rmse": 10.041068053300448
  }, 
  "surprise": {
    "mae": 8.0626897926646297, 
    "nlpd": 3.7616487108881849, 
    "pearsonr": [
      0.38779265045439537, 
      6.7101670462650168e-05
    ], 
    "rmse": 9.9978203455924035
  }, 
  "fear": {
    "mae": 9.3126966882843476, 
    "nlpd": 4.0812937012487502, 
    "pearsonr": [
      0.76944617758324463, 
      8.6292223319846949e-21
    ], 
    "rmse": 13.908891732995924
  }
}