{
  "noise": 39.87012390710649, 
  "log_likelihood": -3806.7596478664773, 
  "nlpd": -4.1087661712521903, 
  "rmse": 14.769341300045832, 
  "lengthscale": [
    0.90797253410623324, 
    16.567729260011379, 
    35.253847460562788, 
    16.355839992466105, 
    2.6691652215013115, 
    1.0319001873117792, 
    14.364592014513116, 
    8.3821356655247889, 
    1.138828728952326, 
    21.603224993549404, 
    15.688409375062568, 
    1.4443537654690788, 
    2.9402191987566679, 
    19.318463779776103, 
    3.7948386681725741, 
    18.241185679417992, 
    3.7885505317162598, 
    18.057765934775777, 
    1.2114366299085855, 
    0.8402403541100163, 
    5.2627632462135061, 
    19.20615503619338, 
    0.84681234036271946, 
    9.4994032997253335, 
    17.597078520209742, 
    18.718619864302685, 
    2.2893202073838586, 
    6.9851851561261604, 
    3.360545716974336, 
    1.627481293745271, 
    1.1429946449957957, 
    15.804136425628782, 
    8.44460951165917, 
    16.914644398810349, 
    1.320253605815729, 
    1.1806798305130108, 
    14.522022336319843, 
    12.465609549943013, 
    15.253582419538773, 
    2.532343471611386, 
    7.4526778468647334, 
    1.3941848483745671, 
    19.282215671279438, 
    3.6322222709431928, 
    1.0289738257366803, 
    1.0356605976003563, 
    21.504741391481897, 
    8.344836514530229, 
    0.72378390154550254, 
    1.2867889395867729, 
    15.749277590555584, 
    13.814224999651319, 
    8.1640049441913582, 
    13.747112603844164, 
    0.70970313185202449, 
    27.84479769671368, 
    14.493311429162031, 
    19.004011084445988, 
    21.271668176678823, 
    1.0957795061808413, 
    5.175229317628232, 
    14.904791483087562, 
    16.294227224317854, 
    1.2857103955336742, 
    1.0586635937660556, 
    11.206065520841335, 
    19.380346169142058, 
    15.26275388583152, 
    11.90256741364211, 
    13.363466019335354, 
    16.641275680095731, 
    4.059238387964748, 
    18.112161446801029, 
    1.2285106874170928, 
    2.585328021525287, 
    26.000785002593286, 
    12.384886346787717, 
    3.3727308388258259, 
    19.309303700711439, 
    3.609214399991874, 
    2.0763864478542167, 
    1.1651179716267783, 
    20.262075103475528, 
    18.601895622025619, 
    3.0886157264193428, 
    0.58378506530597518, 
    23.200083529968499, 
    0.76653119594426644, 
    0.72133958946893273, 
    1.9693515024611421, 
    0.57333735654036633, 
    2.3227898061223229, 
    40.667251637885535, 
    4.2752824143984567, 
    9.8007728092146262, 
    3.9568279022510775, 
    0.81112337766449905, 
    5.135459685649348, 
    18.24775989120657, 
    1.2852002357972125
  ], 
  "mae": 11.14589835578886, 
  "pearsonr": [
    0.61188144677306, 
    1.3494210909913572e-11
  ], 
  "variance": 387.3618103970054
}