{
  "log_likelihood": -4548.477769766314, 
  "nlpd": 3.9204690319758293, 
  "rmse": 11.9938112094137, 
  "Mat52.variance": 139.47836378647702, 
  "Mat52.lengthscale": 2.2824938288048706, 
  "Gaussian_noise.variance": 124.5281905750429, 
  "mae": 9.570729264165875, 
  "pearsonr": [
    0.3231982203989387, 
    0.00023660746491600202
  ]
}