{
  "warp_d": 0.2640824660847176, 
  "noise": 3.7057645424293493, 
  "log_likelihood": -3208.876401906518, 
  "nlpd": -3.6259288334399149, 
  "rmse": 8.8828830384597044, 
  "lengthscale": [
    28.671460146550707, 
    29.303433071837187, 
    38.233816903378084, 
    39.840676946479753, 
    28.810360012969362, 
    38.50881582150555, 
    27.566725585653565, 
    40.169812161580815, 
    38.650654683365133, 
    15.711064985611875, 
    40.114107390842243, 
    32.409188716239598, 
    33.176630230126307, 
    40.006497387537109, 
    45.059416907346105, 
    24.813815009985191, 
    37.356748048932999, 
    32.442542291820288, 
    39.538467427149904, 
    35.658781410898115, 
    45.661916452144595, 
    43.90846070277739, 
    38.480081534146485, 
    47.527626197852513, 
    36.217787940217981, 
    40.031076768823894, 
    1.0981526126381875, 
    15.87852699085038, 
    46.35548587141821, 
    1.227851331536939, 
    7.1095045924734146, 
    7.8099840227512711, 
    39.230821447162384, 
    40.323891662333402, 
    48.994010114936394, 
    2.5221147156842281, 
    43.810627870978678, 
    36.859785468417755, 
    24.724474827547919, 
    24.355291226477199, 
    48.077534230131789, 
    43.872739453167092, 
    33.948581381632401, 
    30.191992808185987, 
    36.977502364128704, 
    41.318413696994824, 
    32.512578349312641, 
    30.747838158539565, 
    46.665488493756975, 
    26.642282454331191, 
    32.104123679024021, 
    30.725439759834078, 
    20.148270360141293, 
    46.293516698768371, 
    14.068828731436472, 
    32.9691379403531, 
    6.8207927437944607, 
    42.551859644057714, 
    2.2878304002795891, 
    34.166726383303356, 
    30.7535682598952, 
    32.1790793586025, 
    23.823168375699751, 
    36.326463177735654, 
    40.308573381360262, 
    27.898421606895731, 
    2.2518578770474815, 
    40.867833944068686, 
    40.659458145026278, 
    39.821033113034801, 
    37.026964546536618, 
    21.238194885058881, 
    31.703516145271511, 
    23.584922421429116, 
    28.628287792528646, 
    30.672736747247082, 
    33.100693368179591, 
    17.452528546802267, 
    46.986850166963009, 
    33.278327183031926, 
    37.991909828255828, 
    27.914868061959115, 
    36.22822050848157, 
    40.2254848915656, 
    45.447411994911135, 
    38.572764479911712, 
    43.425449013818088, 
    29.535251103571252, 
    37.753661267405192, 
    33.121689124779913, 
    43.367199181303192, 
    39.635452814441429, 
    11.931966161650651, 
    35.06772029073192, 
    2.9892575825348304, 
    36.208856087491391, 
    26.607522022829873, 
    38.003750534395785, 
    45.44457314694246, 
    31.943964060779283
  ], 
  "mae": 5.600875762905015, 
  "pearsonr": [
    0.22275279230987127, 
    0.025907905605981503
  ], 
  "variance": 88.47895245922166, 
  "warp_psi": [
    [
      1.9182512258337166e-32, 
      0.051543227213599198, 
      7.6636440234878753
    ], 
    [
      1.2057023001223542e-29, 
      0.90109236386224645, 
      4.1768335928147202
    ], 
    [
      1.0027621339114642e-84, 
      2.002803514004051, 
      3.021140615470058
    ]
  ]
}