{
  "warp_d": 0.18891349360698442, 
  "noise": 0.7578992760571709, 
  "log_likelihood": -3832.9938794202526, 
  "nlpd": -4.1891560881167598, 
  "rmse": 16.008976748539254, 
  "lengthscale": [
    1.6138827873426111, 
    1.7925134905221456, 
    4.6252645378192989, 
    3.3935071132343024, 
    2.4373566068833417, 
    2.680709741948796, 
    1.6364972082360403, 
    5.2513059770046953, 
    2.1401045031091472, 
    2.706382699421372, 
    6.8484196044014265, 
    1.5102761812691914, 
    9.6272134818956925, 
    7.2851565270861256, 
    6.9793635118925375, 
    4.6207540561156089, 
    1.5289884072862565, 
    0.92062110322024959, 
    11.643701704152711, 
    9.1495808510546635, 
    8.000951959911049, 
    3.6559498794692726, 
    1.5649583197037447, 
    7.6332556868397674, 
    0.82477956551679321, 
    5.0251570670212686, 
    1.9040543965311596, 
    1.3860371164514582, 
    2.3535725460009074, 
    1.0602900288949915, 
    1.5978190727162302, 
    7.8547108985616374, 
    5.6039786695258957, 
    1.8374346173657958, 
    2.7973757470637177, 
    9.7867771041696088, 
    7.1192928364070003, 
    9.5287282401987365, 
    7.1627457566654753, 
    3.0027978131504778, 
    1.3044395516326313, 
    1.7726745874408418, 
    3.3238304013489586, 
    5.5051968586900717, 
    7.3296405667117801, 
    11.056337162045901, 
    7.3923804652185767, 
    10.54755348726653, 
    1.1882739439534116, 
    8.6089808823035892, 
    2.1811307429763502, 
    2.198192624132389, 
    5.8739685861768898, 
    11.33797362342878, 
    3.9033750085796393, 
    11.855506033539994, 
    4.4397509552114096, 
    6.3879388065046125, 
    11.935830805921277, 
    1.6117640115726701, 
    10.869206289925556, 
    1.2393664000807914, 
    7.2826279371835119, 
    11.505518219157565, 
    11.380423923222109, 
    6.5072997564571393, 
    8.0049373285840737, 
    1.0824018027861508, 
    3.9391153829891001, 
    1.5391655777678801, 
    1.8862399496097226, 
    5.1647127469015066, 
    10.634501103576095, 
    8.3766591348835853, 
    10.69266293570246, 
    7.2414872204287182, 
    1.7461742085352261, 
    5.87541875346193, 
    7.5331037467168196, 
    3.1364680961102436, 
    2.1941458202681425, 
    3.79699071745098, 
    9.5232110002643697, 
    3.5448655107988514, 
    7.1982180373016629, 
    10.090315766486674, 
    3.4346388091506799, 
    1.9874778914401712, 
    0.87131985482443342, 
    8.8519401126714623, 
    1.5822550169212231, 
    1.2440080063772494, 
    8.9173982105309211, 
    10.219220088937485, 
    1.6614411448213131, 
    7.306899952969637, 
    0.95662724426221002, 
    9.8912307612766206, 
    6.8344793632349852, 
    1.8187029338781231
  ], 
  "mae": 12.729003432536308, 
  "pearsonr": [
    0.63270879764945021, 
    1.6435230862296824e-12
  ], 
  "variance": 25.26891355660046, 
  "warp_psi": [
    [
      1.4800030874784822e-11, 
      0.020179522096579222, 
      6.2161391481769703
    ], 
    [
      1.2570552449570211e-14, 
      0.012199635845743835, 
      -3.5671011995698017
    ], 
    [
      9.8027787802235161e-17, 
      0.098368875991477506, 
      -0.065684927708319199
    ]
  ]
}