{
  "noise": 0.7478372697820451, 
  "log_likelihood": -1197.965670228487, 
  "nlpd": -388.6797875721457, 
  "rmse": 12.76445190339822, 
  "mae": 10.527348342791633, 
  "pearsonr": [
    0.53725563061532078, 
    8.2639730735120871e-09
  ], 
  "variance": [
    0.036802442400823906
  ]
}