{
  "warp_d": 0.36126675338340447, 
  "noise": 4.603365765872878, 
  "log_likelihood": -3183.7535248484055, 
  "nlpd": -3.6668822052748311, 
  "rmse": 8.9503264395467692, 
  "weight_variance": [
    0.0088154243655721165, 
    0.0010003661288951211, 
    8.8912214792871591e-05, 
    0.002883041620393198, 
    0.00087998025274455851, 
    2.0177725383158638, 
    0.033439063378822222, 
    0.0010680949352473018, 
    0.94841777276679884, 
    0.00071981813919967902, 
    0.26450603942793366, 
    0.00046903856737809542, 
    0.0035296161470477197, 
    0.078919153011643928, 
    0.003271244351131367, 
    6.3139591143287586, 
    0.0033560287066724905, 
    0.0022667025889478126, 
    0.95650302759062911, 
    0.0006791047187647833, 
    0.0011287031879074329, 
    0.00025785205179005411, 
    0.0010256408174316516, 
    0.00055313134860388231, 
    0.0016316203672005075, 
    0.00024489624119909551, 
    30.598713071336622, 
    0.0039554087660501145, 
    0.00034279000982917517, 
    28.475554007978584, 
    1.5393143301993852, 
    0.044481104636453966, 
    0.26142746884455198, 
    1.4312810611586393, 
    0.00051387333959820652, 
    5.4441093745264082, 
    0.00081425807926876104, 
    0.0026880039185046617, 
    0.001644788073842872, 
    0.0012832491382667734, 
    0.28567471553762602, 
    0.00012281583145209462, 
    0.00054296025032445896, 
    0.00095844314550669893, 
    0.0016734607970709176, 
    0.0064329618155694653, 
    0.00048208426634896282, 
    0.0090455758747759862, 
    0.00061005008214799034, 
    1.9607477264087356, 
    0.43271397924280358, 
    0.030965641866575053, 
    0.0024847841282011479, 
    1.2620116502427996e-05, 
    2.6555682537944869, 
    49.043602677352467, 
    0.0005858990941273052, 
    0.0029180640018667625, 
    29.426469663858022, 
    0.0018991740107271956, 
    0.0030305558933451512, 
    0.00029099779541824102, 
    0.00092511142936806004, 
    0.113285883065009, 
    0.0007923022774814645, 
    0.035380476400525128, 
    16.833692997863089, 
    0.19482243268698668, 
    0.00053609275953335174, 
    18.073336438547166, 
    0.0019614262036549567, 
    1.5758594294950419, 
    0.0010597272857079936, 
    2.7212437135632106, 
    0.028304731614044818, 
    0.00067330688297442874, 
    0.00049149363894726193, 
    7.270475399459368, 
    0.00021285786648307856, 
    4.2544867611660306, 
    0.47669209646572819, 
    9.0594041239088785, 
    0.0013620766627612849, 
    0.0010001636801169019, 
    0.15121718989351382, 
    2.4965737603276033, 
    0.00055828738200862241, 
    4.400284478313722, 
    0.00093264366876066309, 
    0.23070732906634092, 
    0.00073253561769738812, 
    0.00205555158191763, 
    0.066136062625649417, 
    0.0055693773173907087, 
    20.110577917287912, 
    0.00069121358830576748, 
    16.909020254303929, 
    0.0067325057987055415, 
    2.7037510154845035, 
    4.7433268697040879e-05
  ], 
  "bias_variance": 71.24801082748053, 
  "mae": 5.5856650920136817, 
  "pearsonr": [
    0.58296248832077779, 
    1.9685716629491469e-10
  ], 
  "variance": 86.11014120212089, 
  "warp_psi": [
    [
      2.4203811282299376e-29, 
      0.17283948931719548, 
      1.3311206701819516
    ], 
    [
      7.5379616110237938e-59, 
      4.5403277212411126, 
      0.66199544491379214
    ], 
    [
      2.5929151701364241e-40, 
      1.4566458509059244, 
      1.2815545087710933
    ]
  ]
}