{
  "noise": 106.22357452717344, 
  "log_likelihood": -3520.3493258841613, 
  "nlpd": -3.9838562032248346, 
  "rmse": 12.8454078657028, 
  "lengthscale": [
    1.4770753138610926, 
    11.38535070403795, 
    2.0031054409212126, 
    4.279812523225127, 
    0.9000650068180498, 
    21.869415508327922, 
    8.6302126869914186, 
    1.5036807030914789, 
    19.216461135478294, 
    18.498002593091794, 
    18.759828911258094, 
    31.451808706394353, 
    16.068428427957972, 
    18.434889190722764, 
    4.6806777897866017, 
    9.865636149449827, 
    14.681427404516869, 
    25.786263690385578, 
    14.368626933874141, 
    28.041765220066129, 
    15.320868743445098, 
    3.0639968871260006, 
    1.7985492377862007, 
    17.757025446690779, 
    19.606785729761331, 
    19.549162157016774, 
    20.029250497414992, 
    17.980322400926614, 
    26.341577204095721, 
    3.5456919892774232, 
    1.8051151580087574, 
    3.6731145767097586, 
    3.1060906104788386, 
    4.8524398060999161, 
    19.90986530019298, 
    18.247155558585856, 
    1.7375255960598177, 
    25.037229608699565, 
    1.9488108206956498, 
    29.453921995735122, 
    2.0125407150294237, 
    21.224029826906264, 
    17.517016404045059, 
    13.182155182761031, 
    1.7666785049593345, 
    18.213895287817696, 
    21.313099897118345, 
    17.281244206352543, 
    16.885333714825748, 
    21.649829220542681, 
    1.1560683628642587, 
    18.00049550577906, 
    11.070347079083509, 
    12.511329195527788, 
    20.139499193783404, 
    26.762506018121837, 
    2.6114757002492968, 
    17.201553268009434, 
    24.60174812828939, 
    14.001069488544898, 
    20.094409475489467, 
    17.035440442884841, 
    4.1204589079484153, 
    1.6266119830412724, 
    16.859201707924829, 
    13.405537422797741, 
    1.8908275776141505, 
    0.90762202708904804, 
    0.8584291402102564, 
    1.0487139079650725, 
    2.1677961814266968, 
    30.860362927449952, 
    1.5062473319835072, 
    26.474783415999976, 
    19.948530732731975, 
    6.0766366011976931, 
    19.911721285366642, 
    3.4312710226522332, 
    15.896857759615198, 
    12.202026691958684, 
    1.4030688996375191, 
    2.2157488125127065, 
    1.1124834403503834, 
    17.563695385890419, 
    21.641998920671369, 
    10.860810052912184, 
    13.139327052748538, 
    20.521409953705469, 
    16.677525338643694, 
    3.234352893498774, 
    1.7295397711254048, 
    10.619045164622158, 
    2.5918222664347499, 
    3.4651801235998061, 
    23.10919017595841, 
    18.831044509650763, 
    1.2458111694293952, 
    1.0065375710370699, 
    18.641501421510789, 
    2.1412211017912059
  ], 
  "mae": 10.31348188653247, 
  "pearsonr": [
    0.3535748065497642, 
    0.00030786725804859267
  ], 
  "variance": 197.9336200729421
}