{
  "noise": 303.8621872205584, 
  "log_likelihood": -3898.8206746609712, 
  "nlpd": -4.3070007702666588, 
  "rmse": 17.99132786905723, 
  "mae": 14.901965296706527, 
  "pearsonr": [
    0.48219463664005918, 
    3.7773319139067432e-07
  ], 
  "variance": [
    5.2266898782047635, 
    6.8133534614379262e-05, 
    1.7535839609765272e-05, 
    133.76882749308422, 
    229.19390504217606, 
    67.040411493834043, 
    8.5216124047061381, 
    1.9304386223995765e-05, 
    14.974539051205387, 
    41.458234618140594, 
    1.5386282567917742e-05, 
    45.742174306452597, 
    1.9280989775179675e-05, 
    3.3298782973146712e-05, 
    2.3936779715557049e-05, 
    3.608748980586308e-05, 
    3.430844207153989e-12, 
    2.0142462139981609e-05, 
    2.2101932800293344e-05, 
    28.241953603670169, 
    0.3214366870982312, 
    5.8032647097563164e-14, 
    6.3329567844529293e-08, 
    1.7448446488465327e-05, 
    26.088757002779953, 
    1.5984797540363413e-05, 
    52.81781917156848, 
    8.0842496192201703e-06, 
    4.770478351609997e-06, 
    340.42705143003531, 
    144.17537646294264, 
    1.5148392641948522e-05, 
    2.2314867352249725e-05, 
    151.64949214456701, 
    45.404269870095618, 
    34.201694141641006, 
    0.00016797928306957238, 
    1.6622424600639646e-05, 
    89.919873064168257, 
    3.0618956838004923e-08, 
    147.5788201988322, 
    1.9938345492319766e-05, 
    140.46309194265504, 
    43.677343987502667, 
    5.0977936878467858e-06, 
    2.0910619105860048e-05, 
    23.559464539867538, 
    1.0834033005264373e-05, 
    33.536701147492188, 
    1.7901029345264307e-05, 
    159.99442793862093, 
    9.9047900088316379e-06, 
    1.9140467665926241e-05, 
    8.8551271622499734e-13, 
    1.8825469126494067e-05, 
    5.2579516487573592, 
    39.120414348690751, 
    7.6065147946022809e-07, 
    7.4394909337785694e-10, 
    80.612496687784642, 
    51.113897261223975, 
    147.62125661496015, 
    1.9262540695459341e-06, 
    30.596533893631623, 
    3.6097606764556076e-05, 
    4.3141349353410478e-05, 
    5.1663500585647633, 
    3.1062964452059064e-06, 
    49.404378728279646, 
    19.836674834202235, 
    138.49691523685075, 
    9.6897202733355936, 
    77.883923686603495, 
    8.7394931096670428e-09, 
    35.41992843116526, 
    1.1055478917159597e-05, 
    17.276574375174082, 
    2.7123360852799557e-05, 
    2.2557643867315505e-09, 
    174.69118559600909, 
    10.646863081847595, 
    4.8422908834327032, 
    8.1637635348927198e-22, 
    93.860489714865878, 
    47.730470366579915, 
    66.982529170796113, 
    237.49495242976474, 
    4.7310345757884509, 
    36.696523397558892, 
    2.0888765002208174e-05, 
    5.9132298268478554e-06, 
    83.785846423891329, 
    2.2381760529224515e-05, 
    2.4821132817156797e-05, 
    3.8425611406624972e-17, 
    54.545497490581042, 
    2.2787708065668978e-05, 
    3.1482563662513983e-05, 
    3.422688718174893e-06, 
    1.8352256824773819e-05
  ]
}