{
  "lengthscale": [
    1.9577452062686407
  ], 
  "noise": [
    38.19511178289764, 
    24.49826091617829, 
    44.6028721547772, 
    47.35953449067744, 
    43.22014288189808, 
    51.39863624666411
  ], 
  "kappa": [
    6.160893523257663, 
    0.09335811608160671, 
    24.145516233094348, 
    30.04868387428339, 
    1.489761575741865, 
    16.37010958388585
  ], 
  "log_likelihood": -21339.487106151315, 
  "joy": {
    "mae": 14.308762266640192, 
    "nlpd": 4.4138082688695999, 
    "pearsonr": [
      0.56861438768157979, 
      6.7677865569641051e-10
    ], 
    "rmse": 18.671827181123717
  }, 
  "W": [
    [
      0.43328671085911646, 
      -2.6451667769353939
    ], 
    [
      -0.060278822322608748, 
      -3.034123230675549
    ], 
    [
      1.6648647091691888, 
      -1.0306957910206502
    ], 
    [
      -3.4375321576895748, 
      1.9094659240411289
    ], 
    [
      6.390168840546238, 
      -1.4084369662097345
    ], 
    [
      -0.69168179271071173, 
      0.52516896288958637
    ]
  ], 
  "sadness": {
    "mae": 10.652519715769778, 
    "nlpd": 4.1052983686679454, 
    "pearsonr": [
      0.80115612506819778, 
      1.4067797351145687e-23
    ], 
    "rmse": 14.006210504111502
  }, 
  "disgust": {
    "mae": 4.6386255638984366, 
    "nlpd": 3.3302855834162814, 
    "pearsonr": [
      0.49586106344323894, 
      1.5561417595336203e-07
    ], 
    "rmse": 6.1627180547412523
  }, 
  "variance": 11.70191992595156, 
  "anger": {
    "mae": 6.0886742953555348, 
    "nlpd": 3.6171992695364983, 
    "pearsonr": [
      0.67349603126379187, 
      1.6215962840040867e-14
    ], 
    "rmse": 8.66989869106499
  }, 
  "surprise": {
    "mae": 9.3225184820326419, 
    "nlpd": 3.9901748840233764, 
    "pearsonr": [
      0.68936408263572491, 
      2.1921439357102882e-15
    ], 
    "rmse": 12.801304005123907
  }, 
  "fear": {
    "mae": 10.936101547204844, 
    "nlpd": 4.1645706186010498, 
    "pearsonr": [
      0.74641817799698362, 
      4.9647926000745741e-19
    ], 
    "rmse": 14.951360150644415
  }
}