{
  "warp_d": 0.05592115318490491, 
  "noise": 0.016758042793671102, 
  "power": [
    0.0083334580541100534
  ], 
  "nlpd": -3.8948486988737439, 
  "rmse": 10.506748473533996, 
  "lengthscale": [
    2.3077771845415267, 
    0.63506731892514334, 
    2.0408733759630864, 
    0.19723461440871368, 
    2.4822569346790035, 
    0.93125285783631884, 
    0.15006253093847441, 
    2.4057695061011533, 
    0.48303647508746805, 
    0.22637756657634048, 
    1.7188647144258042, 
    2.2853500579540897, 
    0.75222692561737392, 
    2.0179288102483404, 
    1.1989683838854379, 
    0.085512498273082216, 
    1.6431282323100351, 
    1.5703517958384696, 
    1.5219300771003044, 
    1.0802322202179466, 
    0.97900423836242045, 
    1.4328150696159838, 
    2.2351208768812216, 
    1.8250745268713873, 
    2.129887886525565, 
    1.8120006929522372, 
    0.34836616456762071, 
    0.18228712015772006, 
    2.2455965472517523, 
    0.14864643426378546, 
    0.1681108638231015, 
    2.7781583418179205, 
    0.59519846644972796, 
    2.1071309599808017, 
    2.249977075501743, 
    0.67213310638261903, 
    0.96589899803971635, 
    0.527995379042977, 
    1.9625927833694876, 
    2.1574406184211914, 
    1.5250301900792609, 
    2.4799591628112938, 
    2.5554885079164813, 
    1.2409821256139117, 
    2.1836377479412072, 
    1.3287532790401408, 
    1.0706889232367365, 
    0.55853353371031578, 
    1.9474522329698063, 
    0.67765299556204361, 
    2.0896265661429259, 
    1.6208513294643974, 
    0.41571338882515518, 
    1.002017585425877, 
    0.18874166655063038, 
    3.4857043159164176, 
    1.752546396003329, 
    1.400811939882399, 
    3.0490215722392451, 
    2.3117212230118778, 
    1.9057567158395721, 
    2.6541525458378965, 
    2.5289547286514971, 
    1.0021216831304285, 
    2.0135340171157412, 
    0.95948275118076487, 
    0.51386630711978665, 
    1.9952079247750256, 
    2.3941956965077908, 
    2.3322318157508253, 
    1.7417233766693401, 
    0.13097405495975145, 
    1.9071600260734951, 
    0.78168784397770497, 
    0.61894268680528586, 
    1.9454656504357337, 
    0.086283377170076808, 
    0.62350014456579883, 
    2.0161136600832292, 
    0.38343979084461455, 
    0.67454600215336369, 
    2.113100204491976, 
    2.5334770593334479, 
    1.9461691823597025, 
    2.2842791911653895, 
    0.48441037168111944, 
    1.9108904894032048, 
    0.28662885068555488, 
    1.8852693565512006, 
    1.8430051064921682, 
    1.6595181296034891, 
    2.2448176546258449, 
    2.0748634239526762, 
    2.2645718436423126, 
    0.27680255421051542, 
    2.2036504626919391, 
    0.16603923142839647, 
    0.639803965789706, 
    2.5031703708180881, 
    2.0193660874630766
  ], 
  "mae": 6.4062532293453778, 
  "pearsonr": [
    0.54887337047761908, 
    3.3697259039444914e-09
  ], 
  "variance": 8.970490286231122, 
  "warp_psi": [
    [
      0.00011589176420526361, 
      0.48411941787222534, 
      0.37788705619652696
    ], 
    [
      3.132055567138917e-05, 
      1.8369257039592808, 
      1.926133523871846
    ], 
    [
      0.00010348576007795883, 
      3.3262178036786945, 
      1.928196956410462
    ]
  ], 
  "log_likelihood": -3117.190305299018
}