{
  "warp_d": 0.14004138777446373, 
  "noise": 3.1594085781810337, 
  "log_likelihood": -3859.5025873669165, 
  "nlpd": -4.3712818437332972, 
  "rmse": 18.473070431718785, 
  "lengthscale": [
    2.9601486277599083
  ], 
  "mae": 13.936820434392081, 
  "pearsonr": [
    0.53851430310720294, 
    7.5108745410032585e-09
  ], 
  "variance": 16.65536517236711, 
  "warp_psi": [
    [
      4.2145593187057277e-09, 
      0.51657961716010925, 
      -0.00041704361310413839
    ], 
    [
      6.0813293788092186e-13, 
      0.0059151193406545522, 
      1.9609077836108142
    ], 
    [
      9.1275486236285401e-07, 
      0.30377899500349559, 
      0.4766628557087057
    ]
  ]
}