{
  "warp_d": 1.669568885143042, 
  "noise": 577.2550489741934, 
  "log_likelihood": -3819.231050514247, 
  "nlpd": -4.1364053499211817, 
  "rmse": 18.358911228346152, 
  "lengthscale": [
    3.3691339336020607
  ], 
  "mae": 14.687008626803831, 
  "pearsonr": [
    0.49028486214796763, 
    2.2450095053022389e-07
  ], 
  "variance": 2381.2426706949063, 
  "warp_psi": [
    [
      5.5626846462681369e-309, 
      4.6763337869941645e-114, 
      -258.02006934849686
    ], 
    [
      5.5626846462681369e-309, 
      1.9030879336733917e-155, 
      2111.2667408922343
    ], 
    [
      0.99039907208872646, 
      2968.0455371543499, 
      0.9999961878387752
    ]
  ]
}