{
  "warp_d": 0.3033962190518799, 
  "noise": 13.26559468652181, 
  "log_likelihood": -3590.1080494853722, 
  "nlpd": -3.7927160884147999, 
  "rmse": 10.434385066883717, 
  "mae": 8.1172966484528963, 
  "pearsonr": [
    0.050737977568869899, 
    0.61614322768318619
  ], 
  "variance": [
    1.3994724641788148
  ], 
  "warp_psi": [
    [
      5.0899200569782251e-07, 
      0.39301702518494663, 
      2.0034580487198821
    ], 
    [
      7.2349780650453573e-08, 
      0.78180690227022587, 
      2.503133199631018
    ], 
    [
      9.6195386552179686e-08, 
      1.3899659103296851, 
      1.2836468303492605
    ]
  ]
}