{
  "noise": 0.3115959414542002, 
  "log_likelihood": -1085.8194015711367, 
  "nlpd": -182.50619039674527, 
  "rmse": 8.8161634636359008, 
  "weight_variance": [
    2527585.4726625173
  ], 
  "bias_variance": 601898.1910565643, 
  "mae": 6.4488008787980684, 
  "pearsonr": [
    0.68533455402478594, 
    3.6877816117019751e-15
  ], 
  "variance": 1.0229012302027551
}