{
  "regularization": 1.0, 
  "rmse": 12.89939594073577, 
  "epsilon": 0.10000000000000001, 
  "mae": 10.259108955849131, 
  "pearsonr": [
    0.52940258481131186, 
    1.4869735686834427e-08
  ], 
  "gamma": 0.10000000000000001
}