{
  "regularization": 10.0, 
  "rmse": 9.4763832759809468, 
  "intercept": -0.43480708558767722, 
  "mae": 5.5148494101311947, 
  "pearsonr": [
    0.5159528948876374, 
    3.9304996428796717e-08
  ], 
  "coefs": [
    -0.14679356508232422, 
    -0.046171241115240132, 
    -0.055127543974634249, 
    -0.048199742500468108, 
    0.037854987342734528, 
    0.19462053820516148, 
    -0.090506409639217841, 
    0.10477791882729809, 
    0.18368596290637551, 
    0.30188075718580287, 
    0.071432879103134103, 
    0.023287357736363749, 
    -0.22489996593491615, 
    0.19780719914365957, 
    -0.069491709928965487, 
    0.22635105109054432, 
    0.02786887713725297, 
    0.066365850468491194, 
    -0.11382734293360602, 
    0.025866753782937089, 
    0.051754373407848081, 
    0.035433799016702752, 
    0.051953295166997995, 
    0.0023213608869956113, 
    0.027182315074029136, 
    0.014498095598810164, 
    0.229443724802215, 
    0.038587081795343141, 
    -0.016898583206353256, 
    0.31597700278297691, 
    0.45908432167378316, 
    -0.15345936140971156, 
    0.23001236856535731, 
    -0.26742275210648003, 
    0.14059933425678076, 
    -0.1608230595537975, 
    -0.13497959701911438, 
    -0.16546990359317063, 
    -0.073064533702201701, 
    0.04664717228434908, 
    -0.11620844366037784, 
    0.03957830646814, 
    -0.018336300703031799, 
    -0.10288570200347316, 
    -0.039966058854421678, 
    -0.12711273015507876, 
    0.070405145251078674, 
    0.069944764419329258, 
    0.082925502823828295, 
    -0.24731318746765596, 
    -0.10482899115769766, 
    0.10468892811098583, 
    -0.28411612882393439, 
    0.28570428377149587, 
    -0.20253163699994506, 
    0.14960051326535678, 
    -0.028504309561610312, 
    -0.169349660722863, 
    0.17855684779388514, 
    0.031045707480065691, 
    0.020949177399476097, 
    -0.12425925144720282, 
    -0.13458860448999033, 
    -0.2168400845989891, 
    -0.14619679662121635, 
    -0.084587132557659123, 
    0.48372927519088366, 
    0.052414141053149226, 
    0.03990235068279941, 
    0.11925353161240847, 
    -0.0033928002179146825, 
    -0.1977579811044694, 
    0.07529861004317695, 
    0.33427776712361307, 
    -0.072580807140891546, 
    0.020971107571305332, 
    -0.014943254905981113, 
    0.088871986335701869, 
    -0.13467357415309997, 
    0.10972281583761323, 
    0.12440230919417467, 
    0.23025317135086384, 
    0.075080135757940578, 
    0.053281116238778015, 
    -0.22705478449714048, 
    -0.32954632402340595, 
    0.13148596020478787, 
    -0.092514783496863678, 
    0.087464838788502072, 
    -0.31375122094553626, 
    -0.028256431982143188, 
    -0.12312139746660448, 
    0.060943915145567136, 
    0.01160592716640513, 
    0.72552388932676337, 
    -0.095048009111742424, 
    -0.43071474147073979, 
    0.13596785342243303, 
    0.12425177579719346, 
    -0.089629926871077695
  ]
}