{
  "noise": 44.5563120494255, 
  "log_likelihood": -3785.28083911059, 
  "nlpd": -4.3171478444520259, 
  "rmse": 18.146269652047099, 
  "lengthscale": [
    13.083160297335985, 
    10.885364951305448, 
    7.7043397848726896, 
    24.115148179670406, 
    2.886587273847633, 
    52.888403022699592, 
    0.891811171979908, 
    23.22207743756163, 
    2.4765474805510839, 
    22.77255348776594, 
    26.412792569680416, 
    1.6496692532587887, 
    1.3539921187726818, 
    27.54106255961295, 
    2.4811197802010345, 
    24.675329227150225, 
    20.874043394847622, 
    27.639510826567548, 
    38.376097852276736, 
    1.0138261823270664, 
    8.4720669333183842, 
    8.4239760474880381, 
    0.98797661034483919, 
    21.256398900542873, 
    20.587346431674003, 
    25.444739812601714, 
    10.263212827490717, 
    2.2782086171720723, 
    6.6443464137823964, 
    1.2607394735854685, 
    1.6231483912499358, 
    20.424595054125597, 
    22.079776083987063, 
    25.851032643174523, 
    1.6879989167032337, 
    1.3440833981682045, 
    24.657280394784848, 
    17.973250463122756, 
    29.85367496942586, 
    15.599830426471533, 
    13.550364210858906, 
    19.198166553423842, 
    16.763922337319173, 
    44.059244486308089, 
    8.352694761871545, 
    1.0772434528721058, 
    29.898005559921305, 
    18.951326605356599, 
    0.82383410940548951, 
    2.5274227539899701, 
    23.840117192766655, 
    19.252505690558618, 
    39.818052306821144, 
    24.629424296053227, 
    0.6794024588491806, 
    48.275991606023091, 
    22.837736693188383, 
    28.839791572878877, 
    29.07803981359617, 
    1.9747717401435432, 
    2.2279263552753523, 
    22.813041588627843, 
    24.781195878930991, 
    1.1677181193275301, 
    1.6544950465681971, 
    22.691474619464788, 
    23.793816986445282, 
    9.3747988696853231, 
    26.431927117045113, 
    20.093862704616779, 
    24.595241439750534, 
    1.1685880845628667, 
    25.593602046810599, 
    1.8567941421375935, 
    10.678736042225111, 
    0.86112510675265053, 
    12.205947454042089, 
    18.248901870577811, 
    22.786337265135288, 
    14.75124689502201, 
    2.4572066469929745, 
    3.0654977101624521, 
    50.88602076203258, 
    22.891909573782822, 
    1.3957847751933274, 
    0.98321368361940109, 
    7.3563698783848679, 
    0.88641519451924322, 
    0.99050072551782553, 
    4.4754158467553768, 
    0.55287370499934885, 
    2.8090956237328308, 
    10.316122914416752, 
    4.8547906013874762, 
    24.715781189574788, 
    1.7305517702383759, 
    1.1424786508202147, 
    59.587289838905271, 
    26.953761255075751, 
    1.0033019507970167
  ], 
  "mae": 14.327019735547815, 
  "pearsonr": [
    0.6473988106940487, 
    3.3749179269148173e-13
  ], 
  "variance": 511.49401689051496
}