{
  "warp_d": 0.32461043347689295, 
  "noise": 31.24822564506084, 
  "log_likelihood": -3885.0597208218696, 
  "nlpd": -4.3946493010060905, 
  "rmse": 19.393799018777138, 
  "mae": 14.862549482555515, 
  "pearsonr": [
    0.5163099679034393, 
    3.832438512665642e-08
  ], 
  "variance": [
    0.62434683491577025, 
    0.000877987567679508, 
    3.6275984753626451, 
    15.973896512972081, 
    16.952498431257339, 
    15.685480058127217, 
    0.00052179809218554486, 
    0.0014140068656922466, 
    1.0744925139312809, 
    0.0068582308027001207, 
    0.00066678480635350666, 
    9.7779696158961471, 
    0.00095177535702176954, 
    0.00055142427475422058, 
    2.2939164536027308, 
    0.048115389181888693, 
    0.0011996996934430446, 
    0.00052565271587312601, 
    0.0004320070774996658, 
    0.0002589481553248817, 
    0.19682852707262793, 
    0.0008634356458470389, 
    0.53670089306366608, 
    0.39764880139477282, 
    0.00057394582372891675, 
    0.0042598320345254154, 
    0.0016483882359096804, 
    0.00035806046063803666, 
    9.0866730974630308, 
    12.644579733402908, 
    11.635397185264909, 
    6.8864781324252258, 
    2.2411616881484449, 
    4.9139081687105861, 
    11.315644210040556, 
    3.0756262915225423, 
    0.20740807293082225, 
    0.0021273049208669309, 
    1.9061716091477052, 
    0.83653465015986161, 
    19.633311404512682, 
    0.14891273732193525, 
    3.0302973964420956, 
    0.00048052734455321643, 
    0.00077369024597158701, 
    0.00080781107873896562, 
    0.73594279609105406, 
    0.0010574269092231928, 
    0.00055115218896482627, 
    0.0014038027910849645, 
    4.9530553613973991, 
    3.7442873539926524, 
    0.00096300717306586426, 
    2.1795726429590796, 
    0.003167241238409356, 
    2.8338732183012207, 
    0.70103695919342646, 
    10.007148508462508, 
    0.00098861149869098252, 
    11.962868641740005, 
    0.013225920280988112, 
    3.0058390522264595, 
    0.029987966173436534, 
    4.1232808092191213, 
    0.00050373602923907022, 
    0.0011866841665825584, 
    0.9415524639599403, 
    0.00074695129611348642, 
    0.0017415708149663032, 
    1.5893259292347304, 
    0.75285446901110809, 
    8.6655982576623671, 
    4.0470847844152633, 
    0.98647386981532881, 
    0.0014676744345784422, 
    0.00094936980228499271, 
    20.523344296269137, 
    0.00074793685293181886, 
    0.43719458594736366, 
    18.234332503730627, 
    14.471820535872519, 
    8.9075121674874875, 
    0.022220964907793059, 
    0.00050692461451395628, 
    0.0007256049086666335, 
    0.018548827922429033, 
    10.997103810338755, 
    2.8812028043732636, 
    5.7293642398013249, 
    0.0043604340367724998, 
    0.00058616743469269738, 
    4.4702657742225007, 
    0.00045443926185428793, 
    0.00098436695560645787, 
    0.72645014063412916, 
    2.9261447650886998, 
    0.00044501291823989899, 
    0.00050731051022969906, 
    0.0011269111232240601, 
    0.00069686809396455327
  ], 
  "warp_psi": [
    [
      2.5697579747609346e-13, 
      0.00075560444387806863, 
      -2.6141443011086096
    ], 
    [
      4.7538584375671858e-21, 
      3.3914359021074145, 
      -0.012583142271043617
    ], 
    [
      8.6335500209512489e-19, 
      1.3065115664943934, 
      0.15309303002981942
    ]
  ]
}