{
  "noise": 8.094684766934655, 
  "power": [
    0.83482129236441871
  ], 
  "nlpd": -3.5258078651500928, 
  "rmse": 8.1554834140398409, 
  "lengthscale": [
    0.91968894631950959
  ], 
  "mae": 5.1397905973244056, 
  "pearsonr": [
    0.73135687403065386, 
    5.5968598838619609e-18
  ], 
  "variance": 100.98282607401478, 
  "log_likelihood": -3227.6923358246386
}