{
  "warp_d": 0.11862226707676134, 
  "noise": 2.032837600937512, 
  "log_likelihood": -3577.69582377184, 
  "nlpd": -3.9764419125726373, 
  "rmse": 12.890864941722317, 
  "lengthscale": [
    9.0430222843396741
  ], 
  "mae": 10.60125511169422, 
  "pearsonr": [
    0.52337458254677849, 
    2.3108475414986048e-08
  ], 
  "variance": 10.109168765138167, 
  "warp_psi": [
    [
      2.1284584013680178e-06, 
      0.82555818755902599, 
      0.11824005086039503
    ], 
    [
      1.0830994144255146e-08, 
      0.65336001285764378, 
      -0.51577203047970055
    ], 
    [
      4.3109840637841103e-08, 
      0.04557040925264378, 
      0.36131379633423
    ]
  ]
}