{
  "noise": 67.61348466817518, 
  "log_likelihood": -3426.019758680878, 
  "nlpd": -3.6277223097990312, 
  "rmse": 8.6123957223486389, 
  "lengthscale": [
    1.9012376151214341
  ], 
  "mae": 6.2321006162540051, 
  "pearsonr": [
    0.70154793787887271, 
    4.31527280512145e-16
  ], 
  "variance": 102.76242480744123
}