{
  "noise": 0.06320917625357911, 
  "log_likelihood": -1051.1614694431155, 
  "nlpd": -188.63189664882765, 
  "rmse": 11.21785290798319, 
  "lengthscale": [
    11.453490426986141, 
    0.68642905582300118, 
    11.7525651497682, 
    0.45178288012759987, 
    10.45656153272502, 
    11.203039969148225, 
    0.85833029941022998, 
    11.927614825109051, 
    9.7024936987351342, 
    1.0662428296504023, 
    11.603863445575479, 
    9.1707009894528131, 
    14.902001129335749, 
    14.008840067925812, 
    11.945558947416222, 
    0.30778880640215567, 
    12.838341848710479, 
    7.1618205791469221, 
    10.007650865989245, 
    12.796220931106697, 
    0.90607865868059156, 
    15.127616503844097, 
    12.659362220901221, 
    9.522989407084502, 
    4.8586131301737332, 
    10.047677815655771, 
    3.5946653949193736, 
    0.63637007666452738, 
    13.014550132146807, 
    0.37757985299619068, 
    0.51074924403181643, 
    0.66323427081201991, 
    8.9957763515913971, 
    7.4219935838776516, 
    15.461985176484378, 
    0.67742828863109017, 
    7.7356754638983585, 
    0.91812430402895628, 
    8.2982685882939133, 
    6.6183356364789692, 
    11.545182349949693, 
    12.581656764433422, 
    5.4782852401787574, 
    7.26740613822159, 
    8.7417483510656844, 
    7.9943452739664194, 
    11.818937384034342, 
    1.1195496552053075, 
    13.968666541007373, 
    0.71922738555393628, 
    12.615625028367097, 
    8.6167663246867843, 
    0.37851834217695407, 
    9.4002987148702832, 
    0.78668567989523719, 
    10.754494135158081, 
    8.7110361136613559, 
    9.4762430562978484, 
    11.587449461327784, 
    11.46721079802527, 
    0.88516007573333189, 
    5.8745337649441547, 
    8.0335178041857578, 
    8.6607097648102034, 
    9.7516632383537427, 
    1.048056667424111, 
    11.059976246131031, 
    7.2917059707202707, 
    11.261388681316157, 
    8.6058197759226189, 
    11.103927143216378, 
    0.42798623459773594, 
    0.50165034966925792, 
    7.4241617796004888, 
    9.3057846736680077, 
    14.006761861965284, 
    0.22982503101278259, 
    6.4080723108272082, 
    12.198298465592776, 
    5.4516544813907384, 
    10.448407810105969, 
    5.6252119873655868, 
    12.088799760574526, 
    8.1320974236987933, 
    11.405147976470079, 
    1.5600187954256324, 
    7.4347896461133338, 
    3.7989312818398657, 
    7.7330303119828043, 
    8.8950652763277223, 
    7.2151010540998373, 
    10.719626057976738, 
    9.5259280885609385, 
    9.4460906305509535, 
    0.72935365888568238, 
    11.887947324742946, 
    0.51797998825872049, 
    0.79498635565465592, 
    15.327625217682575, 
    0.78090040870646527
  ], 
  "mae": 7.0892886871626288, 
  "pearsonr": [
    0.32611651821965881, 
    0.00092904456416130488
  ], 
  "variance": 0.7710190942798268
}