{
  "warp_d": 0.14749963734328644, 
  "noise": 4.207523106454387, 
  "log_likelihood": -3873.412686694042, 
  "nlpd": -4.2320009088598605, 
  "rmse": 16.940320111107283, 
  "lengthscale": [
    3.2176338279561123
  ], 
  "mae": 14.088123807008428, 
  "pearsonr": [
    0.69868467225503439, 
    6.3688513779359122e-16
  ], 
  "variance": 17.49055903998556, 
  "warp_psi": [
    [
      2.4433013493196931e-07, 
      1.1759036176384972, 
      1.85847404805793
    ], 
    [
      9.4666257408868628e-08, 
      1.2916770587923672, 
      3.3808646458047407
    ], 
    [
      9.8484954242542514e-08, 
      0.049301119153199444, 
      0.22221924218701636
    ]
  ]
}