{
  "noise": 0.0412253093505797, 
  "power": [
    0.6174668586813562
  ], 
  "nlpd": -666.07467605712066, 
  "rmse": 16.164975654615972, 
  "lengthscale": [
    1.0681448683959918
  ], 
  "mae": 12.382434698803641, 
  "pearsonr": [
    0.61993161334432911, 
    6.0916406822113392e-12
  ], 
  "variance": 1.3871067545173583, 
  "log_likelihood": -1118.626453552989
}