{
  "warp_d": 0.18572654946853803, 
  "noise": 1.3275298122922996, 
  "log_likelihood": -3794.942347273028, 
  "nlpd": -4.2935894044240861, 
  "rmse": 17.196787772083216, 
  "lengthscale": [
    1.8367165005535417, 
    5.9774241948178908, 
    1.6992699249667365, 
    11.912075327903091, 
    8.6366626024044955, 
    3.9738192493092965, 
    6.569092692529245, 
    12.17747464723149, 
    7.1439755539736325, 
    11.97239459491707, 
    1.0167164219177827, 
    9.7926962550608962, 
    10.762458274461196, 
    15.48215932310007, 
    2.0047283145226298, 
    4.1324902781982695, 
    14.464474549002139, 
    8.5611331253641598, 
    1.7420529106150755, 
    1.6081215531275972, 
    8.5267416541342449, 
    4.2217432011012423, 
    1.875966308720733, 
    11.754348974407705, 
    14.084034900751879, 
    15.869355410110018, 
    1.1069246386936009, 
    12.744034153847858, 
    3.398756613110598, 
    2.5851439966004399, 
    2.6150586526137229, 
    11.219546613139368, 
    9.6394813766735812, 
    13.585352783775157, 
    1.4345410593751438, 
    3.6776128676925479, 
    11.688315068982698, 
    13.431693427357809, 
    11.587787436208247, 
    11.379882906995874, 
    15.798080309477399, 
    1.092843531891976, 
    9.4319494608408636, 
    8.5201311187155593, 
    8.6633259282991038, 
    2.3728771176637702, 
    1.2078006016235037, 
    2.6333780412618926, 
    0.96458968187398275, 
    1.5900883021372962, 
    8.8773778124134495, 
    1.6060520874164861, 
    10.702833668881905, 
    16.689758616369772, 
    8.6249882641761584, 
    14.060345697121184, 
    1.5614516845908324, 
    16.008926081424836, 
    13.91865369108832, 
    7.9956996500844468, 
    12.58178343098413, 
    1.4977853303106043, 
    13.476911457577087, 
    10.444790837136566, 
    1.5349036096958548, 
    9.125065069017591, 
    11.228381461663277, 
    1.1583371477458035, 
    12.722227695796903, 
    0.89675211373137009, 
    11.034396322121539, 
    1.6613904763928022, 
    11.009559430493765, 
    3.1817441820636714, 
    3.4018067833962076, 
    1.27209696614622, 
    11.779632739045139, 
    8.0590702529479827, 
    13.615205609066676, 
    11.085776369208292, 
    1.4176209707590592, 
    3.2108283674111675, 
    13.42070006405361, 
    11.558831666554482, 
    5.1844236753003399, 
    1.7779186284143647, 
    9.0142632961269289, 
    1.1939635974958023, 
    6.075206712858769, 
    11.964677715177572, 
    1.2003692950863292, 
    7.7569284439001116, 
    8.3916823650288297, 
    7.8346465107077234, 
    2.4643038006890672, 
    5.6078403254799083, 
    4.0614205991103889, 
    11.217207977973814, 
    10.658983726810639, 
    3.6425530712938263
  ], 
  "mae": 13.088479310329383, 
  "pearsonr": [
    0.7609984820872745, 
    4.0230518985516187e-20
  ], 
  "variance": 31.08651966212534, 
  "warp_psi": [
    [
      6.2593043260674814e-18, 
      0.095520171126791592, 
      4.7503987412323605
    ], 
    [
      2.4324474145714189e-12, 
      0.2731750354001895, 
      0.19660995216343516
    ], 
    [
      1.3074700522440569e-11, 
      3.6803561969451262, 
      3.9290850269447324
    ]
  ]
}