{
  "noise": 0.07707585420503016, 
  "log_likelihood": -1093.4451332726983, 
  "nlpd": -150.28525174291545, 
  "rmse": 9.6853284764658483, 
  "weight_variance": [
    5.5626846462681369e-309, 
    5.5626846462681369e-309, 
    5.5626846462681369e-309, 
    102624.4820121044, 
    5.5626846462681369e-309, 
    5.5626846462681369e-309, 
    5.5626846462681369e-309, 
    5.5626846462681369e-309, 
    5.5626846462681369e-309, 
    70304.419817614704, 
    5.5626846462681369e-309, 
    5.5626846462681369e-309, 
    5.5626846462681369e-309, 
    5.5626846462681369e-309, 
    5.5626846462681369e-309, 
    294370.21901431034, 
    5.5626846462681369e-309, 
    22110.262747146695, 
    37321.539476994112, 
    5.5626846462681369e-309, 
    5.5626846462681369e-309, 
    5.5626846462681369e-309, 
    5.5626846462681369e-309, 
    5.5626846462681369e-309, 
    58707.221757766616, 
    5.5626846462681369e-309, 
    290541.85311701725, 
    228000.33439069719, 
    5.5626846462681369e-309, 
    546441.61168626801, 
    445459.52666597191, 
    187207.77651972277, 
    5.5626846462681369e-309, 
    5.5626846462681369e-309, 
    5.5626846462681369e-309, 
    174302.20018006914, 
    5.5626846462681369e-309, 
    186289.68097509362, 
    5.5626846462681369e-309, 
    5.5626846462681369e-309, 
    5.5626846462681369e-309, 
    5.5626846462681369e-309, 
    5.5626846462681369e-309, 
    5.5626846462681369e-309, 
    31768.065141875006, 
    5.5626846462681369e-309, 
    5.5626846462681369e-309, 
    5.5626846462681369e-309, 
    5.5626846462681369e-309, 
    151093.26182270024, 
    5.5626846462681369e-309, 
    5.5626846462681369e-309, 
    264800.81882891036, 
    5.5626846462681369e-309, 
    94456.592720829372, 
    5.5626846462681369e-309, 
    5.5626846462681369e-309, 
    5.5626846462681369e-309, 
    121126.08965104587, 
    5.5626846462681369e-309, 
    5.5626846462681369e-309, 
    1805.5771898945725, 
    5.5626846462681369e-309, 
    5.5626846462681369e-309, 
    5.5626846462681369e-309, 
    22855.600987625567, 
    16257.934310207116, 
    18879.17390142152, 
    43102.67857135534, 
    6471.7688525609574, 
    5.5626846462681369e-309, 
    140545.40217518556, 
    89322.891094145118, 
    137597.31289005556, 
    5.5626846462681369e-309, 
    5.5626846462681369e-309, 
    112269.64367530291, 
    5.5626846462681369e-309, 
    5.5626846462681369e-309, 
    92218.653559406666, 
    5.5626846462681369e-309, 
    71269.640593866774, 
    5.5626846462681369e-309, 
    5.5626846462681369e-309, 
    5.5626846462681369e-309, 
    87263.025897655127, 
    5.5626846462681369e-309, 
    245121.06072931772, 
    5.5626846462681369e-309, 
    45315.562836420373, 
    5.5626846462681369e-309, 
    5.5626846462681369e-309, 
    132284.78260008729, 
    5.5626846462681369e-309, 
    788351.06888380158, 
    5.5626846462681369e-309, 
    294075.86255978147, 
    5.5626846462681369e-309, 
    5.5626846462681369e-309, 
    71149.566295189972
  ], 
  "bias_variance": 114557.51545585282, 
  "mae": 6.3314335476502706, 
  "pearsonr": [
    0.5545246860372165, 
    2.1510352286105009e-09
  ], 
  "variance": 2.423153136829751
}