{
  "warp_d": 1.9112283944715474, 
  "noise": 64.30846654436576, 
  "log_likelihood": -3212.835499512748, 
  "nlpd": -3.3294574847059044, 
  "rmse": 6.2911322116376827, 
  "weight_variance": [
    2.7659373002146132e-36, 
    1.5613939299134762e-36, 
    3.3774343516662798e-72, 
    1.6153005486403221e-39, 
    2.8831805618831263e-59, 
    14.325260414001081, 
    4.2722846395648472e-44, 
    6.8578468028034842e-62, 
    2.3642884552079882e-43, 
    34.791944865333051, 
    7.2961727749681665e-31, 
    6.036066367760548e-56, 
    12.977817162995319, 
    1.2309160638531926, 
    1.4369781525569529e-47, 
    41.515430158445668, 
    3.252866240124092e-49, 
    1.8913631368802926e-36, 
    61.777602845670387, 
    2.6726560682536322e-39, 
    12.320493509816473, 
    1.2500127412216611e-50, 
    5.9906934605483312e-27, 
    7.3569781703014873e-54, 
    4.9730913365342108e-28, 
    1.4772414438040473e-68, 
    477.38400944942009, 
    1.1744566846535186e-14, 
    5.1955155868773847e-64, 
    488.95973448592162, 
    48.092227903868284, 
    54.659228233517489, 
    34.79316041439413, 
    1.5629794680724728e-39, 
    1.9022651840133556e-63, 
    41.49941110595951, 
    2.541181878873267e-59, 
    12.645245930976404, 
    1.2847353649853001e-45, 
    1.2049654849773706e-51, 
    0.36348865604477176, 
    3.6895821797334102e-65, 
    1.2551947745604051e-64, 
    1.080688070697631e-41, 
    2.4499951602179818e-44, 
    14.412153894779117, 
    2.6894104159560592e-55, 
    1.6183675634092829e-24, 
    2.6953125125606891e-56, 
    112.72343233344544, 
    41.297868820891921, 
    6.8409897890749628e-27, 
    5.0001736779641298e-11, 
    2.446500276055222e-07, 
    166.0529005774128, 
    868.67735569439321, 
    8.8097706625233073e-23, 
    1.8101610022057187e-58, 
    538.18532602266475, 
    5.7430520467160021e-56, 
    1.4032894954660618e-45, 
    6.0286311858236592e-38, 
    8.3555481994391606e-56, 
    29.015930145855584, 
    2.5027290820742299e-48, 
    1.9745905196900422e-19, 
    171.94708369709753, 
    5.8394745804020423e-25, 
    3.4083948320650175e-35, 
    301.13366661643374, 
    1.6439470545735383e-51, 
    268.61071037417702, 
    3.1940969176315509e-38, 
    86.852932824917403, 
    5.9749224396004309e-11, 
    5.6995379482268659e-47, 
    1.1820202982348649e-49, 
    276.59028356355452, 
    2.7311199806691692e-78, 
    151.02381264690166, 
    7.3544833882321677e-67, 
    4.7564002833702857e-30, 
    2.4342998193583708e-53, 
    1.0027140710400762e-48, 
    135.03273385755207, 
    7.2552289604271993e-49, 
    6.7418232012668757e-57, 
    368.29298141585332, 
    9.1309251909839434e-56, 
    7.1949917091182636e-48, 
    1.5422562446530484e-56, 
    2.1458278583649244e-53, 
    41.036912507990195, 
    2.5364352316582468e-55, 
    458.52277078369588, 
    4.4028877902938285e-59, 
    396.59583880837346, 
    1.3225148771693721e-50, 
    19.137794130135092, 
    1.1878061888975256e-59
  ], 
  "bias_variance": 1659.1787460204405, 
  "mae": 4.4426783119666791, 
  "pearsonr": [
    0.4923233756217536, 
    1.9649779908257243e-07
  ], 
  "variance": 2375.944382459375, 
  "warp_psi": [
    [
      5.5626846462681369e-309, 
      13.629835568697233, 
      -2.6250864392684896
    ], 
    [
      5.5626846462681369e-309, 
      7.8920609720036191e-16, 
      -56.223700457584137
    ], 
    [
      5.5626846462681369e-309, 
      24.420132434751135, 
      -32.04273771108717
    ]
  ]
}