{
  "noise": 0.045366434900600626, 
  "power": [
    0.017647736921112333
  ], 
  "nlpd": -125.60532236170283, 
  "rmse": 7.6688110449325038, 
  "lengthscale": [
    8.0079209744944233, 
    0.90131664712730664, 
    7.4526459713951647, 
    0.20522319973901371, 
    8.818972798099713, 
    1.3092510592230198, 
    0.24674815315440241, 
    7.9492009751675212, 
    3.6184313475831895, 
    0.37812564419719735, 
    1.5328879486557929, 
    4.9139557394297304, 
    4.5150219844894277, 
    2.0973980414256177, 
    7.3036486732106738, 
    0.11272893610644784, 
    7.7051828775881699, 
    9.0543007958762693, 
    0.85970772271457019, 
    6.6393456084978615, 
    1.1949300914470715, 
    6.4899192766544234, 
    6.9191939474284148, 
    5.7843973521124221, 
    12.070621505470278, 
    7.4914581566687497, 
    0.58464131764138128, 
    0.19389207143018361, 
    7.7718055166837212, 
    0.18093062357487297, 
    0.20663612500263834, 
    14.160380446837765, 
    5.9722895093943924, 
    5.5758378756225175, 
    6.8019640548908189, 
    7.7502466339249008, 
    5.0395847972090868, 
    7.1984406934010101, 
    10.094070202296686, 
    10.573818730046254, 
    5.4209183031736874, 
    8.4905505907390157, 
    10.707442301217609, 
    6.6098058539319151, 
    8.8187350794461317, 
    0.67684045375537127, 
    3.3902179517236157, 
    0.25873341971346353, 
    6.593464923440024, 
    0.98270731959406943, 
    10.174350803536466, 
    4.6799535775462227, 
    0.41578149685480276, 
    1.0960927503149807, 
    0.33086559815253697, 
    16.508027418819879, 
    6.3476672561268161, 
    8.0344108175439271, 
    12.765875322508855, 
    8.158448812658893, 
    10.605823538255043, 
    13.232630838757483, 
    10.89579850165677, 
    0.7595934733017764, 
    8.9307290835799318, 
    6.2028558831439637, 
    0.4535843704394551, 
    10.418512016718225, 
    8.5475334349361276, 
    7.7564573510622985, 
    7.1041146207981241, 
    0.27459936392401157, 
    2.2687531029663504, 
    0.66203614601086835, 
    3.6798114901663954, 
    6.9285490024429128, 
    0.10072640081614501, 
    5.7449605940016344, 
    7.3964318099451694, 
    0.55854014089412207, 
    0.89239709952409896, 
    4.5459701934666947, 
    8.5277932683774385, 
    4.123657810647134, 
    6.56535932918288, 
    0.6675970331096992, 
    4.3804533499358316, 
    0.36762185550934284, 
    8.0945156050535374, 
    4.2911088369283084, 
    7.2756469996150903, 
    7.2992089390613151, 
    10.796427394718375, 
    9.4613966262777218, 
    0.30526668630126685, 
    6.6305637546313996, 
    0.19066921515719359, 
    0.4225891080068096, 
    8.2729977051611048, 
    7.9141357974283473
  ], 
  "mae": 5.1509375838206983, 
  "pearsonr": [
    0.63428722989694264, 
    1.3920586077515049e-12
  ], 
  "variance": 19.228277710991378, 
  "log_likelihood": -1067.360409495573
}