{
  "noise": 0.2997775945585607, 
  "power": [
    0.03193399765766506
  ], 
  "nlpd": -406.60119863976183, 
  "rmse": 12.358293171237822, 
  "lengthscale": [
    0.50150385390173935, 
    6.6899256024221438, 
    0.69784633050168476, 
    10.619671699208906, 
    0.57718041467504821, 
    12.871939200567489, 
    3.4501901206600363, 
    0.37328283672715762, 
    12.950026556427034, 
    12.919931479479018, 
    10.010764644990376, 
    0.17798130079951829, 
    11.731979745603178, 
    9.6442007362742075, 
    0.44615612249497438, 
    12.856039474795454, 
    15.500774347115504, 
    2.5606471167682185, 
    12.76736085104762, 
    10.881562320438389, 
    13.005766030125708, 
    14.618741337730285, 
    0.93613795377200804, 
    15.518307107331289, 
    0.4800016627945648, 
    3.0859594799717676, 
    1.0605868158533207, 
    12.344497191312611, 
    11.448309218309175, 
    0.82044635415717404, 
    13.17380152409083, 
    0.61813563273033745, 
    0.43733561059017223, 
    0.89569923932249107, 
    13.441598016112563, 
    11.478523719867308, 
    0.43137501310786275, 
    0.51257463423295735, 
    0.53086099647835572, 
    8.5730602412225885, 
    0.83136983478963122, 
    12.948508664132223, 
    7.6107844967989191, 
    0.67892080345302819, 
    0.19097471839376351, 
    12.378367975186681, 
    13.235723395915237, 
    15.405047335352895, 
    11.446546655184404, 
    12.676355174799093, 
    9.3424529676368717, 
    10.457351674964693, 
    1.7574625514513502, 
    12.556596897548259, 
    11.998145681255767, 
    14.665484935813625, 
    5.1310305741239404, 
    7.6159919094509849, 
    14.304220101746692, 
    11.140309409593184, 
    11.650935931780003, 
    0.53455027450658588, 
    0.87644473671433709, 
    0.67315477754113962, 
    2.0802536485447178, 
    11.55718292271691, 
    4.8711379139214754, 
    0.36439633567262031, 
    13.207089654441436, 
    14.742483444529086, 
    0.68847416822230822, 
    0.27008636903605338, 
    1.0315605399608558, 
    2.9697037126342321, 
    3.8310696451593063, 
    7.6917989522563497, 
    3.1674327042862376, 
    1.7200088900352493, 
    13.483760249682337, 
    12.605178948939372, 
    5.944900651744323, 
    0.98473611864646227, 
    14.466843016531225, 
    1.100050125025682, 
    16.936775500568039, 
    2.5675371570419125, 
    1.6363783166905694, 
    11.658060756294855, 
    8.6962025546093091, 
    8.4228760450937994, 
    0.54532077665441436, 
    4.4081409739234809, 
    0.33874987784072946, 
    2.2237938438042706, 
    7.3037821770691176, 
    14.760102676982115, 
    0.33502892060766598, 
    0.41820272808352565, 
    12.39714512522635, 
    1.5355841806584964
  ], 
  "mae": 9.3499964418360495, 
  "pearsonr": [
    0.48971064785823543, 
    2.3304985657810501e-07
  ], 
  "variance": 10.256058195210043, 
  "log_likelihood": -1122.538386101707
}