{
  "log_likelihood": -4632.364525523558, 
  "nlpd": 4.2616401788314846, 
  "rmse": 16.571778336483096, 
  "rbf.lengthscale": 2.1187602516738337, 
  "Gaussian_noise.variance": 105.94528039429944, 
  "mae": 11.591505232129906, 
  "pearsonr": [
    0.65913513717733341, 
    6.4454561796530548e-17
  ], 
  "rbf.variance": 324.66430361607655
}