{
  "noise": 107.02110471139972, 
  "log_likelihood": -3702.433188651427, 
  "nlpd": -3.93922695837851, 
  "rmse": 12.253508881915648, 
  "lengthscale": [
    2.1927223592186267
  ], 
  "mae": 9.0110583268239424, 
  "pearsonr": [
    0.76717528649548739, 
    1.3136066276487312e-20
  ], 
  "variance": 317.7136275932676
}