{
  "noise": 29.992422862515568, 
  "power": [
    0.51694243161046427
  ], 
  "nlpd": -3.6026502735842962, 
  "rmse": 8.3780476358632221, 
  "lengthscale": [
    0.92913586020377825
  ], 
  "mae": 5.9486594932833405, 
  "pearsonr": [
    0.72442483753522591, 
    1.6169975482300388e-17
  ], 
  "variance": 174.40593787748054, 
  "log_likelihood": -3422.3734118174675
}