{
  "noise": 24.387259075802096, 
  "log_likelihood": -3212.0136903205976, 
  "nlpd": -3.8061407488604488, 
  "rmse": 10.173606938293206, 
  "lengthscale": [
    1.3855968064847788
  ], 
  "mae": 6.126213368777579, 
  "pearsonr": [
    0.48582256448683475, 
    2.9962104856985255e-07
  ], 
  "variance": 68.3503223685821
}