{
  "noise": 0.2899458527786978, 
  "power": [
    1.3260666969370398
  ], 
  "nlpd": -424.22367860046876, 
  "rmse": 12.629135953201615, 
  "lengthscale": [
    1.3552541934581033
  ], 
  "mae": 9.8480781229931793, 
  "pearsonr": [
    0.53998253029525012, 
    6.7153324180156738e-09
  ], 
  "variance": 0.7032848294741401, 
  "log_likelihood": -1164.58516809823
}