{
  "warp_d": 0.3497372933493408, 
  "noise": 6.645822158150836, 
  "log_likelihood": -3205.338808704769, 
  "nlpd": -3.7769976866502759, 
  "rmse": 10.051102870939435, 
  "lengthscale": [
    25.861491280928146, 
    26.115026282471387, 
    30.431773260285041, 
    20.089892193561216, 
    12.864551882677302, 
    29.176373882820975, 
    14.9550978069826, 
    29.215852577790564, 
    32.235437121693565, 
    7.421959405092335, 
    26.108266040025864, 
    25.732978153643842, 
    26.429969655497249, 
    28.171284918938255, 
    28.834014107099705, 
    14.22379439064512, 
    35.068620145549914, 
    23.826214293117268, 
    30.479089197145377, 
    24.763628967790179, 
    34.631902213931127, 
    26.620101195237186, 
    31.433375367042441, 
    34.528753976041195, 
    25.228168233672672, 
    35.622451384888279, 
    1.2513476396090011, 
    21.665812255822555, 
    36.558165217300505, 
    1.0492735325410378, 
    3.4635018769637633, 
    1.4648080765733267, 
    26.050868759464286, 
    31.575571040423942, 
    32.105271191760039, 
    10.670687862865901, 
    33.381823109828964, 
    25.501678373882108, 
    26.503658999868609, 
    12.00400392641448, 
    35.234303879555746, 
    35.942510821507469, 
    30.529685950352199, 
    21.814196944357146, 
    33.176828795643573, 
    29.980158491016596, 
    28.886893660455421, 
    23.119115394702686, 
    32.356720678913625, 
    22.771866619762449, 
    20.992823040470238, 
    20.258230519479756, 
    20.919523689876232, 
    32.192330214377044, 
    12.637565790719121, 
    31.61349254943941, 
    12.464141927501746, 
    28.552247348479831, 
    17.491106032487821, 
    31.778537002844846, 
    28.374069537843493, 
    18.347683930353817, 
    28.859634609584518, 
    33.286926580535543, 
    36.246753241134222, 
    21.029248343134725, 
    18.356615809921518, 
    31.835613232901377, 
    27.919591073369748, 
    29.897152568038276, 
    27.727741164875052, 
    15.906305594663316, 
    27.461547969515728, 
    19.006671497045605, 
    22.747843715351134, 
    32.038484344712408, 
    20.184917505685693, 
    10.582894007092975, 
    34.515329925497603, 
    25.246597682052268, 
    24.249352366679606, 
    17.605841518054991, 
    33.299449611516266, 
    30.907428084689538, 
    33.897202474535135, 
    29.873649226382973, 
    33.319626617222539, 
    13.128864344411932, 
    29.790064314497222, 
    26.355251287909169, 
    25.87614536236914, 
    35.951801039124277, 
    21.307430961789574, 
    27.865041598317536, 
    2.8136749255524123, 
    30.738995887819392, 
    1.7453230862631846, 
    32.935149373645217, 
    28.115459601689874, 
    24.194265789895219
  ], 
  "mae": 6.6959895104137681, 
  "pearsonr": [
    0.6227636726446848, 
    4.5799174230065814e-12
  ], 
  "variance": 101.86121474967555, 
  "warp_psi": [
    [
      6.6843169333935382e-33, 
      2.7123450080134246, 
      11.805343234938901
    ], 
    [
      1.9454698933521251e-64, 
      1.6653058985120897, 
      1.2653766568977804
    ], 
    [
      2.6576290858037246e-70, 
      4.0726446444840315e-07, 
      2.1313217975577947
    ]
  ]
}