{
  "warp_d": 0.4535342779665173, 
  "noise": 11.708119187946428, 
  "log_likelihood": -3377.238287504003, 
  "nlpd": -3.9722972219111865, 
  "rmse": 11.697967838852176, 
  "lengthscale": [
    15.381656856664057, 
    17.09988694532634, 
    11.823101689136125, 
    18.726065835582077, 
    15.413353400673843, 
    16.449810821253493, 
    2.1952729049227746, 
    9.7412684283275865, 
    18.101429065615775, 
    4.1923327985617878, 
    17.307434646714686, 
    19.247480672817396, 
    2.108032940271233, 
    12.488337201989655, 
    1.9075337681100208, 
    13.639492009363609, 
    17.088031474409057, 
    16.756656527199198, 
    1.7586276022742728, 
    8.4285004355255317, 
    2.3299092612800449, 
    14.985797882824958, 
    14.906516970713453, 
    13.761862689531839, 
    16.212797137988062, 
    19.834114694232944, 
    5.4738263304619368, 
    13.284902803353496, 
    18.312542897533444, 
    2.3533083682887903, 
    14.725019924066117, 
    9.1523180175817878, 
    13.278409118431707, 
    15.823824197170886, 
    16.624954212843868, 
    11.404191318273906, 
    16.191724819620283, 
    14.698212720357994, 
    13.409441589053175, 
    17.5524130737527, 
    14.258608123420283, 
    15.359321164645987, 
    14.284487854825931, 
    16.323226778630712, 
    16.337693227708666, 
    14.469420876649846, 
    17.90181202611377, 
    2.4392281760563757, 
    14.864764232227627, 
    16.130030713694733, 
    12.249053566478969, 
    12.386586192779232, 
    7.0657895087134994, 
    13.579988813828839, 
    14.132469967175011, 
    24.20288011231936, 
    4.3075408984393793, 
    15.897055687729573, 
    17.948594947289926, 
    16.019371080203644, 
    1.1207194605808133, 
    20.923300820862707, 
    17.308460359202567, 
    13.310925390017962, 
    18.172927319679577, 
    13.71835892485451, 
    3.0740106720706635, 
    13.062673880502892, 
    18.849864044681201, 
    3.3868243239738529, 
    16.575541796294736, 
    15.36945973552649, 
    15.592826992741728, 
    6.3377262187568277, 
    14.269914422246254, 
    14.346113596323066, 
    13.548440190020152, 
    13.850844550720256, 
    14.814245488020799, 
    2.3238125551692126, 
    13.569777511389093, 
    1.1494411456220452, 
    15.216619363375354, 
    14.763281587562652, 
    19.009882268123036, 
    8.4481451281227891, 
    16.68240567724763, 
    17.527134850741419, 
    16.477362178500648, 
    4.3364101189805604, 
    3.4275516043851875, 
    14.618662428501565, 
    16.030302950463533, 
    16.557703969309792, 
    6.2215130624702963, 
    9.6734608998733034, 
    16.540437478296269, 
    1.7560022505465533, 
    12.73115112054362, 
    8.8820558502667826
  ], 
  "mae": 7.5157389004727406, 
  "pearsonr": [
    0.63320940014395388, 
    1.5593657312054817e-12
  ], 
  "variance": 99.21553267667603, 
  "warp_psi": [
    [
      9.9477335098472514e-55, 
      5.6525994115505864e-56, 
      -5.9947297778294963
    ], 
    [
      8.8023586112896931e-12, 
      1.9813826386377484, 
      3.1821318954105893
    ], 
    [
      1.0143375738802955e-23, 
      3.1050552241015521, 
      -0.31596770000073515
    ]
  ]
}