{
  "warp_d": 0.06424634776638426, 
  "noise": 0.457605530094903, 
  "log_likelihood": -3463.5267297392784, 
  "nlpd": -3.7885342694111328, 
  "rmse": 10.695709763377014, 
  "lengthscale": [
    20.537385684980784
  ], 
  "mae": 7.603741363522615, 
  "pearsonr": [
    0.6434120808647027, 
    5.2302631190904633e-13
  ], 
  "variance": 14.136055642161592, 
  "warp_psi": [
    [
      3.5127773717952921e-09, 
      0.2578109358874614, 
      1.0928596256116001
    ], 
    [
      5.5004031334662427e-08, 
      1.2056888277264119, 
      0.50660086733665233
    ], 
    [
      7.4301624314846784e-06, 
      2.1404079277306924, 
      -0.59256549146480442
    ]
  ]
}