{
  "noise": 149.62200040690763, 
  "log_likelihood": -3572.8759461976733, 
  "nlpd": -4.0069329864508356, 
  "rmse": 13.274081349907654, 
  "mae": 10.213194821089502, 
  "pearsonr": [
    0.34653189957994096, 
    0.00041266736019412125
  ], 
  "variance": [
    76.171419893515463, 
    10.124749069357545, 
    0.21204964178432728, 
    0.00023814931759161186, 
    34.794303179634788, 
    7.4887620200442822, 
    6.9633856816574768, 
    35.837735897160094, 
    8.7327546546357108e-05, 
    3.4629459389658863, 
    37.30295013477155, 
    0.00011391363444707043, 
    7.0786841145692699e-05, 
    0.00035854547803098864, 
    56.054067279766691, 
    0.37081399116641611, 
    7.3281937359843992e-05, 
    7.0271349083475673e-05, 
    5.874330765891747e-05, 
    5.5978897678750181, 
    3.9245069137685569, 
    0.0001011379851860191, 
    0.00026092469959925011, 
    5.7414374546458602e-05, 
    0.00011387161461559123, 
    6.5561216035952356e-05, 
    7.3972860365916629e-05, 
    4.1725262430558434, 
    6.8873265402496735e-05, 
    43.835473511258151, 
    5.9751426756819266e-05, 
    3.4901921002805172, 
    20.758596083033428, 
    18.926650363524498, 
    7.570315444706846e-05, 
    7.3171273785038268e-05, 
    10.004162127358246, 
    8.9316376859719453e-05, 
    13.269353382107735, 
    7.6125447445192599e-05, 
    43.410041396800786, 
    8.1633477912238222e-05, 
    14.093814772128887, 
    3.00646657523297e-06, 
    11.701725676030984, 
    0.00010520427931972079, 
    8.0541576531157816e-05, 
    0.45009843908284763, 
    3.5276087458611136, 
    7.9484345930484792e-05, 
    7.4835762990315728e-05, 
    0.00010647714156509812, 
    6.4066395413119528, 
    4.2255801654164253, 
    5.8856638892293928e-05, 
    9.3297180498578829, 
    34.18028038451164, 
    6.667248432968572e-05, 
    30.604963329715321, 
    0.00015122254703070308, 
    0.00060841834958294408, 
    7.8088720427247333e-05, 
    31.972751679124197, 
    0.00011193157102960015, 
    0.00010519447264724812, 
    0.00010395381835401513, 
    43.119404006448377, 
    83.442122732390729, 
    1.8589286605188673, 
    19.989932972457613, 
    144.09798066718872, 
    3.8423265614863249e-05, 
    0.00086900217040907586, 
    30.860685431907704, 
    9.1170229294456959, 
    1.7518205911292659, 
    8.6127103709619597, 
    36.083429315514344, 
    7.2900226728074178e-05, 
    4.2763937906125866, 
    0.35253978861995716, 
    38.03185347048678, 
    9.6595050070336338e-05, 
    0.00040171694588858094, 
    7.9217719916693703, 
    0.00092536909835456288, 
    34.978636390547763, 
    9.617896833328938e-05, 
    0.00018630213959554918, 
    19.283377572308048, 
    6.3700673605652746e-05, 
    8.3571164940407581e-05, 
    78.232668514630291, 
    9.4071024503900483e-05, 
    6.66994394384469e-05, 
    5.3117565517360493e-05, 
    34.411016920530329, 
    16.09240542278318, 
    10.424131342594013, 
    0.00013093014510682637
  ]
}