{
  "noise": 294.64443770396474, 
  "log_likelihood": -3885.0517249101113, 
  "nlpd": -4.4508696609356306, 
  "rmse": 20.256930477126968, 
  "mae": 15.748728476812493, 
  "pearsonr": [
    0.47066659661427135, 
    7.7501280375774536e-07
  ], 
  "variance": [
    98.010162555462742, 
    2.7371112327579725e-05, 
    2.4425897003388858e-05, 
    153.97655398693036, 
    135.87188028612326, 
    71.683109718510394, 
    6.24414084742102e-06, 
    2.445877188632517e-05, 
    22.156027780431348, 
    44.471774406631788, 
    2.2477728423979902e-05, 
    28.433666662853206, 
    1.9610050210511049e-05, 
    13.955672305563139, 
    11.198426726145136, 
    5.4928461179146216e-05, 
    1.5459887470225965e-05, 
    2.5058373729913864e-05, 
    2.0625457441646475e-05, 
    60.342707471895537, 
    6.8840641162881164, 
    6.3623639644807821e-05, 
    6.1737193596903667e-05, 
    6.4762794367019774e-06, 
    65.263211666717439, 
    2.1317140151372735e-05, 
    10.280391081598964, 
    1.6401985207767193e-05, 
    1.4927635640090323e-05, 
    318.20366401759406, 
    111.82044515929451, 
    13.143125170048194, 
    2.9042352667699315e-05, 
    189.03662348573863, 
    34.616987327005283, 
    9.2743432651475253, 
    8.3259264668709306e-06, 
    3.2001709035614497e-05, 
    36.908668589948277, 
    5.3670128312656933e-05, 
    122.0734512143861, 
    0.00040363158397194366, 
    153.41108593621004, 
    15.478838823331717, 
    14.360503880543895, 
    2.7241806029539654e-05, 
    21.176387594931914, 
    3.269942150544467e-05, 
    15.279307727894775, 
    2.8391524679579331e-05, 
    95.667410706449346, 
    4.6621451883555582e-11, 
    1.9729321327495465e-05, 
    3.2843464952508159e-11, 
    3.975997903101727e-05, 
    26.12643590924062, 
    2.1239938926738745e-05, 
    4.3408784842390729, 
    5.0709285203174213e-07, 
    52.544182909411759, 
    63.326620415440537, 
    58.601487450856446, 
    2.3038489234925662e-05, 
    4.6680756980895102e-05, 
    35.435875034968916, 
    5.0076152340816278e-05, 
    5.2747559711254306, 
    3.7387403508175481e-05, 
    48.300807958000796, 
    15.439307997957361, 
    123.97927518506617, 
    3.7081272095568509e-10, 
    81.898590517347913, 
    2.2438262087762996e-05, 
    89.94603948428815, 
    1.5029373453403614, 
    26.797943186217069, 
    3.5079884058451879e-05, 
    29.998222259478769, 
    277.1791033679462, 
    1.1985874367869994e-05, 
    2.4226527994200229e-05, 
    1.0796931839982711, 
    79.746007193528101, 
    10.438561864973481, 
    20.608872486820925, 
    223.18938897036247, 
    1.879156467535451e-08, 
    89.903597757208559, 
    2.8167301963383832e-05, 
    4.6731751174536483e-05, 
    28.966750102211968, 
    2.4174502539270965e-05, 
    5.3251373227668872e-05, 
    7.1501722618190922, 
    60.70539670606, 
    2.5230997615963784e-05, 
    3.8900318761565649e-05, 
    2.664686919585525e-05, 
    3.8695573039959256e-05
  ]
}