{
  "noise": 0.39609423962538426, 
  "log_likelihood": -1168.8766256011704, 
  "nlpd": -417.00187799065168, 
  "rmse": 12.486830865143334, 
  "lengthscale": [
    1.4151389479484731
  ], 
  "mae": 9.6235740304992277, 
  "pearsonr": [
    0.55809252426626788, 
    1.6131999600615658e-09
  ], 
  "variance": 0.5313195366890064
}