{
  "noise": 0.15184279882834573, 
  "log_likelihood": -911.9113049721379, 
  "nlpd": -1062.0946923534786, 
  "rmse": 14.631372705799489, 
  "lengthscale": [
    1.2997179292282299, 
    2.0765872948184914, 
    1.0875201324526274, 
    3.6102154197042893, 
    15.251753984908683, 
    1.3476522934324962, 
    8.5836040420866535, 
    3.5229674447916506, 
    18.098219114032528, 
    1.0404941039786022, 
    2.357831582869808, 
    1.735895673129513, 
    22.70154828656543, 
    6.2618354735695219, 
    18.627098019112029, 
    22.612300786271526, 
    2.0619503385848792, 
    20.919507792427218, 
    11.636779654172837, 
    15.544479872780348, 
    5.0839923849796387, 
    18.686553849163669, 
    18.831483702083808, 
    5.7193274340500881, 
    2.0603780487233418, 
    5.8019610733263853, 
    22.598735573960273, 
    13.351753534702613, 
    1.5778112894212766, 
    1.3977893230265597, 
    3.3287355176003466, 
    5.7674759460453142, 
    1.0710606974503061, 
    17.986834976476562, 
    18.574944915123353, 
    2.1501962570136461, 
    17.275274038284259, 
    2.4895291535564721, 
    9.794109671884291, 
    9.9564635601706541, 
    1.5269501472428786, 
    18.78431665265477, 
    1.3697893597352033, 
    16.47467403777981, 
    1.122492993601699, 
    14.20830588830386, 
    1.2739940510592724, 
    13.131299240374986, 
    19.076384942567373, 
    12.651668131279601, 
    1.4431391789072245, 
    16.135620609543452, 
    3.8975334375930846, 
    2.0396897833293601, 
    1.5857557156757456, 
    33.120047122871469, 
    12.645572986427663, 
    12.824256815566642, 
    20.646948074977615, 
    18.648775243669387, 
    15.317104723171083, 
    1.8115153336371217, 
    10.715465875888366, 
    9.9691715912683545, 
    19.202879648461337, 
    1.5865973049305677, 
    4.1291970629279948, 
    19.166674941629317, 
    5.2966638308974998, 
    1.8043736664126464, 
    9.2951476299239904, 
    1.043787197980349, 
    15.591768805296859, 
    17.146968137999842, 
    1.70690581030296, 
    1.5304684661323213, 
    1.9727972073989875, 
    16.163492237414026, 
    17.136685045209902, 
    7.9558263811685705, 
    0.79406420886763041, 
    1.5091809309774458, 
    11.09360779191783, 
    10.985381704750022, 
    22.251237818142215, 
    17.533123361375367, 
    4.6876803109053586, 
    19.831217212795533, 
    15.261277602396973, 
    21.096155512090061, 
    8.0644263668243763, 
    0.78026890337157062, 
    1.8458820472219541, 
    20.996382377864052, 
    2.0025527531686058, 
    16.892459159641131, 
    8.1216389283075596, 
    2.7134616175406547, 
    13.714781094190734, 
    2.7041810204811121
  ], 
  "mae": 10.382118721239294, 
  "pearsonr": [
    0.74588559995122206, 
    5.4244607424352611e-19
  ], 
  "variance": 0.9224880081690621
}