{
  "warp_d": 0.2684055106206127, 
  "noise": 18.760319603962362, 
  "log_likelihood": -3832.2891598530173, 
  "nlpd": -4.0955022621674972, 
  "rmse": 14.274901343082723, 
  "mae": 11.649564914030364, 
  "pearsonr": [
    0.64343411763940772, 
    5.2177051963464917e-13
  ], 
  "variance": [
    0.96601812567997947, 
    0.0017239568076638787, 
    9.3022202622140959, 
    0.11154596116441359, 
    0.00026285911592253421, 
    1.0362285981689408, 
    0.056969556463797269, 
    2.4292398056960827, 
    0.00032937275004779143, 
    18.649309566784229, 
    1.135015954951667, 
    0.00041635313229943064, 
    0.0085656892064218653, 
    0.00066402329289240165, 
    0.0032062826883806055, 
    0.0017953037112575423, 
    1.0463589583042021, 
    0.0012506992115932224, 
    2.0416163110143306, 
    1.0244257864399307, 
    2.0025156644689739, 
    0.001201212801482164, 
    0.11025750520142427, 
    5.6796053193486333, 
    5.9070750389123017, 
    0.40552153001253977, 
    0.014510286853005348, 
    9.7417351704413875, 
    2.6045756138059337, 
    25.668468855969504, 
    0.66521701840871739, 
    1.0593278049059958, 
    5.3523140501401993, 
    1.1995935472079304, 
    0.47727669253217703, 
    5.1046465291291252, 
    0.00031079745758521427, 
    1.3904012297965194, 
    0.24068700857716452, 
    0.00061585082984130725, 
    0.00033536892120377071, 
    0.00059308808120110256, 
    3.3857321288328213, 
    0.00097003490229170678, 
    0.64679369177230484, 
    0.00040010974322251874, 
    7.8761190550743043, 
    0.00096475911479003103, 
    0.16612221423212381, 
    0.00037081410772040244, 
    0.00048540952920857097, 
    0.27786557048665383, 
    0.0032867949403609514, 
    0.042842400984129954, 
    0.38303841670686006, 
    3.4135217395274782, 
    11.696426468069543, 
    1.0724442714158668, 
    1.7802830341177616, 
    0.032224410378737613, 
    3.2140170702078446, 
    3.3060953757281233, 
    0.15652669713319795, 
    1.537998638672099, 
    3.454493554180738, 
    6.9147631134829908, 
    2.4300302702020673, 
    0.0003036971731704564, 
    0.00043119428505509523, 
    3.6297788745797082, 
    3.9524188588744678, 
    0.00034428887222407887, 
    0.0004022379027661058, 
    0.065835522425974236, 
    15.970036943735725, 
    0.017709448910431483, 
    0.00044160823952981446, 
    0.0014304695733924828, 
    1.171801460721994, 
    0.9776564177314323, 
    0.33554644279729529, 
    2.3426344148002025, 
    7.8150559629137684, 
    5.0240950157823479, 
    5.1776907675361779, 
    3.3761077760727889, 
    0.0011124696969925388, 
    0.00026953209290070011, 
    0.00078855389370823773, 
    0.00033343128772064568, 
    0.0010117406574890349, 
    0.55663722994067355, 
    0.0009624965002904592, 
    1.5432105658360784, 
    0.0081870102578835372, 
    2.5499143204783969, 
    0.0060143377082064438, 
    0.7845545486521599, 
    0.004027532239201337, 
    1.944533671822452
  ], 
  "warp_psi": [
    [
      1.0388316080330002e-15, 
      0.13369507286468968, 
      -3.585374971814439
    ], 
    [
      2.3054826302179925e-14, 
      1.3782043418347181, 
      3.3310554439496052
    ], 
    [
      4.8938075890465717e-09, 
      8.7795851499560911, 
      3.7615495679496629
    ]
  ]
}