{
  "warp_d": 0.25198472356076945, 
  "noise": 1.5646217845709396, 
  "log_likelihood": -3813.5390686233222, 
  "nlpd": -4.4812630315312383, 
  "rmse": 19.719122007216484, 
  "lengthscale": [
    3.5401578129632205, 
    0.84652489643357354, 
    4.7989182164950481, 
    3.681674275178787, 
    2.3753344118519322, 
    1.653993930323113, 
    1.1233151314250225, 
    9.9438501471118865, 
    5.0259837164432151, 
    3.5158115703174557, 
    4.8795843558698433, 
    4.1245629259575525, 
    11.07223364579936, 
    10.11425639240181, 
    0.50666299430145034, 
    5.9825345661293943, 
    1.5133823460764921, 
    5.4694672902539843, 
    12.443981613192886, 
    10.134556529295372, 
    6.5750529082704823, 
    1.0244627798692878, 
    1.3411529851619139, 
    9.7441857617715382, 
    10.625716880762754, 
    9.9016166978002271, 
    7.6547766932460322, 
    8.4373441768830304, 
    6.1546222597433209, 
    1.6690652813224203, 
    3.3191878336292011, 
    6.3778830044324231, 
    2.111346271135782, 
    2.1980333378963337, 
    1.424908979057852, 
    9.8961685037805278, 
    4.5336127152604435, 
    9.7685672221538393, 
    8.6883899583506707, 
    7.6844951534579167, 
    6.9324979050427888, 
    3.0314281243525545, 
    3.5376909739389464, 
    4.8755645186716139, 
    9.3422094014003925, 
    11.71711766151958, 
    11.937687290631477, 
    7.9267740336550565, 
    9.8276864381386453, 
    10.479750740272774, 
    1.0851933516796639, 
    7.3469828802720016, 
    7.2757123078345662, 
    12.191714955884098, 
    6.7102870947608988, 
    12.04048933383428, 
    9.8186383735093745, 
    6.3485946743886634, 
    13.613307516726241, 
    0.81521168246845499, 
    10.146645934298686, 
    2.799730172221516, 
    11.337446072150119, 
    11.618102878363809, 
    11.000938347265123, 
    9.8331066937932796, 
    9.4639292011092948, 
    4.3082523351809137, 
    3.4452329029897943, 
    8.5019065849059263, 
    1.5723269025892823, 
    1.4386783582925642, 
    10.22083424151527, 
    9.8923930360894889, 
    9.7464785884807608, 
    8.0417007123675948, 
    2.5320158057989, 
    10.706213342020101, 
    8.1538105451978495, 
    1.1064991024984818, 
    1.8325134906498657, 
    6.5099785437090381, 
    9.259844358045294, 
    6.651457619142124, 
    10.31495126622783, 
    10.508198468422282, 
    4.11934212805083, 
    8.212214786860196, 
    1.2357573725017557, 
    11.318246530573502, 
    1.1863557732124439, 
    1.1236959475209232, 
    9.3282180155331726, 
    11.930060194921429, 
    1.4067910972870343, 
    7.6756424432227055, 
    1.6377439488370533, 
    10.840314213246776, 
    8.0815595878278916, 
    1.1075640204031993
  ], 
  "mae": 15.228790429314717, 
  "pearsonr": [
    0.51312960452688883, 
    4.794719577833418e-08
  ], 
  "variance": 48.4151688451405, 
  "warp_psi": [
    [
      1.285832202503889e-19, 
      0.075644626907288223, 
      1.8313974360973015
    ], 
    [
      1.1769624243438896e-21, 
      0.015815683419155551, 
      1.9865022238258376
    ], 
    [
      5.2343797980254049e-17, 
      0.0044247480164413492, 
      9.5866046036498247
    ]
  ]
}