{
  "warp_d": 0.022569091768361926, 
  "noise": 0.1806619999670988, 
  "log_likelihood": 2514.1428437145087, 
  "nlpd": 2.5724219538839246, 
  "rmse": 1708.2494986994668, 
  "lengthscale": [
    268.27890768461475, 
    203.26166497270373, 
    195.44030043242086, 
    212.11117580755061, 
    257.98617723133344, 
    338.04964665517332, 
    209.34529718498203, 
    232.11438447058387, 
    253.43097454877386, 
    236.56763750912901, 
    202.09940550573268, 
    209.76219187042594, 
    262.31249475044262, 
    241.62030651659649, 
    191.80397825856735, 
    216.06500191600989, 
    259.74435097671318, 
    256.11195441511705, 
    285.40953432911681, 
    268.46463261113371, 
    230.05489290958849, 
    230.85645327847931, 
    212.5614268419767, 
    260.3179130182703, 
    243.95630880876266, 
    212.07880946891962, 
    246.37299618550409, 
    226.46217668963118, 
    275.31694808896282, 
    164.80543468983899, 
    209.00979880596714, 
    247.03965734342276, 
    196.42659666942646, 
    253.88744314700043, 
    214.34955652391662, 
    196.26582755110357, 
    230.21152693109312, 
    246.49886743589764, 
    290.45705544984082, 
    199.52934603315518, 
    230.0874325616015, 
    246.63737406436968, 
    287.74211601826681, 
    255.98634022704229, 
    276.32955186472287, 
    224.13026639455543, 
    236.6095408411785, 
    209.20898286993659, 
    235.87243395934445, 
    227.21533072022694, 
    241.50889616425198, 
    230.1044732356809, 
    207.21759904889882, 
    270.45520271968275, 
    198.34804028565591, 
    343.05794695975328, 
    281.91171135894359, 
    242.28855090141568, 
    330.34108751230298, 
    179.75105412400313, 
    171.77457981896936, 
    250.78904530194239, 
    218.29267436285502, 
    265.56277887172899, 
    233.55746274160686, 
    195.3629515805014, 
    303.1824703658703, 
    233.94125411017194, 
    298.85518389886062, 
    295.51177227546111, 
    186.5884427768641, 
    190.58873488139801, 
    214.14899691077454, 
    188.31680166036088, 
    223.3125327688328, 
    252.95197741108709, 
    259.05484509942386, 
    177.7815087576495, 
    252.7699333274812, 
    180.65809466165447, 
    231.2557286067377, 
    201.62278173025388, 
    261.15577564884489, 
    222.67176396052568, 
    310.02693618679143, 
    175.56430803872689, 
    248.47634065788876, 
    244.99210011624766, 
    188.02723351706075, 
    214.97996266066357, 
    243.48560414411182, 
    204.40684842722229, 
    121.42756960665949, 
    252.5722443136317, 
    298.01745160131708, 
    219.00382568748964, 
    235.77678090735742, 
    259.31580086424606, 
    235.72526774017177, 
    204.31725113381617
  ], 
  "mae": 1346.1963867993275, 
  "pearsonr": [
    -0.37074700129861488, 
    0.00014639330217954645
  ], 
  "variance": 2001.2565145331464, 
  "warp_psi": [
    [
      8.8685497155336501e-252, 
      284.7518459236494, 
      -955.92365356982373
    ], 
    [
      5.5626846462681369e-309, 
      1.9941202173233243e-23, 
      -98.827268834067283
    ], 
    [
      926.53403271152945, 
      5656.1710913192992, 
      0.00069520589778590493
    ]
  ]
}