{
  "noise": 147.53796720866504, 
  "power": [
    1.4675960460280999
  ], 
  "nlpd": -4.2312818081966963, 
  "rmse": 16.613297441025928, 
  "lengthscale": [
    34.372987100211034, 
    104.33807406446883, 
    125.27216519652808, 
    24.819767982820906, 
    1.8052104691659865, 
    1.2919711418348372, 
    131.30391656305608, 
    31.794709373343039, 
    1.4314284527146037, 
    3.2310207688581141, 
    64.826725018024845, 
    140.84338303671515, 
    68.650379879451478, 
    74.336198675456089, 
    122.46379069756239, 
    4.5516201766295836, 
    117.54002280442765, 
    1.3666277109788556, 
    99.70544979951363, 
    44.113286515077128, 
    208.01125175607598, 
    77.509783828286331, 
    34.769990315007639, 
    25.571834084464346, 
    57.087784044263039, 
    35.537794335060298, 
    75.763452387459878, 
    133.23242973261108, 
    21.388842702420501, 
    1.791997211515838, 
    1.0380022015522941, 
    49.218545143883304, 
    52.93214607413357, 
    1.5723882425192768, 
    2.4425117134921557, 
    60.96927197973028, 
    179.21892737361188, 
    23.613561998511635, 
    131.50819207510554, 
    210.79594785212669, 
    1.1687708710576667, 
    67.641089065483584, 
    39.90335260815214, 
    41.144758912940489, 
    86.171092923769123, 
    52.208433078013748, 
    29.132463348299595, 
    32.934075629667753, 
    48.151050325120856, 
    28.04684068470042, 
    1.5819432668555229, 
    2.3711463346687918, 
    0.6949563113064956, 
    25.967904691700522, 
    109.85338337196677, 
    25.389612886831213, 
    161.76283683992494, 
    86.593725253722837, 
    26.302082131809804, 
    1.1443885084505638, 
    17.06044913348061, 
    193.26417161189048, 
    2.1878538992871608, 
    38.751935071686887, 
    196.73049835078956, 
    62.394991644173999, 
    158.64730272300093, 
    0.57453547938111127, 
    37.673679880200687, 
    0.82274023263224094, 
    1.1391085096250293, 
    0.9943634378767644, 
    46.553634258559754, 
    6.5042569241258557, 
    40.78467887232302, 
    31.696233427172054, 
    2.406295427937184, 
    32.424942951967097, 
    192.55014890778517, 
    18.852015669844231, 
    1.9290187553353684, 
    119.55764662378472, 
    1.3585824192935756, 
    159.02236926779361, 
    32.825977320451933, 
    23.027959419125136, 
    146.40589401548726, 
    26.040614893338411, 
    0.49771408147898821, 
    25.051665828438487, 
    39.904088416032756, 
    0.78420337331136136, 
    57.868763783039846, 
    23.613916029249232, 
    1.0769509587441555, 
    2.5883249934079275, 
    174.38596265055742, 
    42.111276782435773, 
    48.248916705668286, 
    4.2710341829953435
  ], 
  "mae": 12.817904315329617, 
  "pearsonr": [
    0.60050281652125326, 
    3.9999067821824303e-11
  ], 
  "variance": 431.2308052322395, 
  "log_likelihood": -3851.6164467449166
}