{
  "noise": 0.2829954244920076, 
  "log_likelihood": -1084.9906149918643, 
  "nlpd": -131.53892514797141, 
  "rmse": 8.8724559551175499, 
  "weight_variance": [
    1926393.3859484186
  ], 
  "bias_variance": 321782.9540117541, 
  "mae": 6.5170714917111932, 
  "pearsonr": [
    0.65208140278332805, 
    2.0006642938521747e-13
  ], 
  "variance": 1.1259979112859324
}