{
  "regularization": 10.0, 
  "rmse": 18.783484165873688, 
  "intercept": 24.868323654610478, 
  "mae": 14.915470126701685, 
  "pearsonr": [
    0.54311895547806976, 
    5.9940502694428859e-11
  ], 
  "coefs": [
    4.8825081312689305, 
    -2.0495432238411144, 
    -2.5771042874522472, 
    5.6066873297527522, 
    15.28584201027321, 
    -6.0902642780134588, 
    5.8544735640664225, 
    -2.708470699750114, 
    -5.7646216291703434, 
    -3.6370260843457225, 
    1.5722248647569825, 
    -4.4326316786395195, 
    -1.8486681867067443, 
    2.0320536252815438, 
    -4.1792371866126059, 
    -2.8204886214177907, 
    3.6849153677409832, 
    0.69825842668598948, 
    0.46406485327289626, 
    1.3996671935080796, 
    -1.1988787512791388, 
    -2.784144439288998, 
    -2.9140489710022086, 
    -1.293758705150863, 
    3.2313313621755744, 
    0.49634669421578737, 
    -2.7074998104536077, 
    0.57731073259053811, 
    3.5943860437991284, 
    -8.6704260805907065, 
    -9.2163658002714577, 
    -5.6367733149896182, 
    1.3337365957965679, 
    7.033239918428567, 
    11.365800491895296, 
    -6.6760304240537618, 
    0.20501558326164593, 
    0.16451144887326802, 
    -8.9160503902359789, 
    -2.2725116092849365, 
    7.9690091744817666, 
    -3.5915104895144596, 
    6.105993118458553, 
    -0.77321531424798862, 
    3.3590237278858499, 
    -1.0284249733814435, 
    -4.9019411609700834, 
    -2.0977382409643539, 
    0.28385442950051032, 
    -1.5936380579557241, 
    -6.8445916230507562, 
    -7.5096223181070298, 
    3.4387730145556681, 
    -0.92269311574232116, 
    1.469095977821294, 
    -0.26702678161974591, 
    -0.99169989193634811, 
    4.7229824888751644, 
    -0.50106395611562382, 
    -8.4791895345486417, 
    -2.7816950359400412, 
    3.5350713476050384, 
    -1.3982972560795002, 
    -4.6608369616907321, 
    -1.4233190055153506, 
    -0.90577809913550844, 
    -2.8821207048405579, 
    -2.7074276452611965, 
    3.5963935067679254, 
    -5.6194867772523533, 
    7.5375026900876936, 
    4.3819066015153902, 
    -5.1285061725902601, 
    -3.6240646932090499, 
    -1.4334932076937665, 
    2.5146360893455064, 
    -5.4960863286040311, 
    -0.80306993245400982, 
    4.0939292405092003, 
    -8.4094984893279108, 
    -8.0287639154463175, 
    3.8837636566288638, 
    4.7001637623298729, 
    5.1984496157671902, 
    -4.0519166454845212, 
    3.1383348975856999, 
    7.5268338097683944, 
    -2.8587656835290884, 
    -7.7943771910119741, 
    0.63292873709078046, 
    -0.9887556551752158, 
    -2.9080374141840348, 
    -1.1475339031162424, 
    -2.6438013775474172, 
    -6.3175833214925881, 
    -1.2731511385278069, 
    0.098068119408107043, 
    -1.6200361332903359, 
    -0.79475648842457569, 
    2.5219247878179445
  ]
}