{
  "noise": 0.06997871915290135, 
  "log_likelihood": -1076.8150214069444, 
  "nlpd": -89.864924649297848, 
  "rmse": 6.8244143974366924, 
  "lengthscale": [
    13.893702386818482, 
    1.9249514309917022, 
    11.890598261980125, 
    0.59862210597995535, 
    12.100918561836817, 
    13.116007297554898, 
    0.580979225148754, 
    12.988605196542736, 
    6.4079096130487292, 
    0.83838052119297668, 
    11.696123396583932, 
    12.684573896649372, 
    11.015799072268607, 
    12.219810244283238, 
    14.131148286186717, 
    0.37431340295261561, 
    16.154765860628682, 
    6.4673699564174676, 
    15.583727762642264, 
    11.904539177255119, 
    10.07674654700164, 
    17.228227752314734, 
    11.179273512511395, 
    14.575100368260109, 
    9.8592305901802408, 
    12.583877240103117, 
    7.8160474705632277, 
    0.57131084594525416, 
    16.267945580084181, 
    0.46987840085320309, 
    0.58833248596615795, 
    5.6762709784689331, 
    1.1087172426283964, 
    16.990442443701834, 
    18.959577845379844, 
    8.9839904285268162, 
    6.1259054538475439, 
    3.1803732005293024, 
    6.9045505298060217, 
    10.205725752984259, 
    14.436046755047494, 
    16.508500458909555, 
    15.786095224595329, 
    7.5804171577277524, 
    9.1446205340793938, 
    10.243326572920484, 
    12.503868745627935, 
    0.8845322974349733, 
    14.799194240614508, 
    1.4121255200563645, 
    12.138658074849882, 
    11.664955609976859, 
    1.0902461517895592, 
    14.008374480783658, 
    0.95256735402984982, 
    12.218228447994051, 
    14.8996697031628, 
    12.922668393149889, 
    8.2928502666585775, 
    15.369067118706274, 
    6.2457208136862832, 
    16.404163850868539, 
    14.915338045038396, 
    1.9122236392764764, 
    14.223413973613612, 
    2.5607185119745774, 
    6.0108903192251439, 
    12.02207400050168, 
    16.837644194834812, 
    1.674432672443668, 
    11.51386810286307, 
    0.51393741272376181, 
    1.2062296453638901, 
    0.92866184716540867, 
    10.337095238796785, 
    16.554477241513226, 
    0.32281019797502075, 
    3.9036519555040772, 
    14.927372861343557, 
    9.3322985789679382, 
    1.5024188467134594, 
    7.0113914037395606, 
    13.791328481718601, 
    4.9758241436128401, 
    12.65124413564571, 
    5.388357923453805, 
    11.61738382470635, 
    1.1843754749794584, 
    10.681186544962276, 
    12.994022418700467, 
    3.4585232868662823, 
    13.630419015427092, 
    8.2088078984725854, 
    11.621860134931381, 
    0.89333895534634078, 
    15.073619543371052, 
    0.60487974032830727, 
    1.0820927002085337, 
    15.503408965181707, 
    6.3233355668539781
  ], 
  "mae": 4.6199707293855745, 
  "pearsonr": [
    0.66262515464107341, 
    5.9567806638846959e-14
  ], 
  "variance": 0.9592051920178484
}