{
  "noise": 34.45696736556924, 
  "log_likelihood": -3642.9861115878407, 
  "nlpd": -4.1502856277903222, 
  "rmse": 15.297873443747838, 
  "weight_variance": [
    37.789610457106406, 
    8.1534483360434034e-06, 
    3.1657198772696102e-06, 
    7.1090809130813435, 
    1.8166213113793912e-06, 
    1.454347465504521, 
    31.254417206405154, 
    0.95168880811346468, 
    7.4039094732689887e-21, 
    8.9845096650894689, 
    8.0162456486092862e-09, 
    3.1037884688139895e-12, 
    0.96573131206036078, 
    1.9396726295428595e-08, 
    1.7256564957503745e-06, 
    2.0752588922908654e-06, 
    54.427282972722679, 
    7.2788667011804327, 
    34.228404791021674, 
    80.252199493170721, 
    2.9738575691843725e-18, 
    1.0975003434710974e-06, 
    2.2847417216032171, 
    8.5680733272722301e-07, 
    3.6262437694420536e-05, 
    6.8894834268396696, 
    1.7912493468605835e-06, 
    20.228708265449185, 
    8.7219652115295936e-06, 
    8.0463706702818705, 
    101.61688527393727, 
    5.5014601738240527, 
    3.2860786036370923e-08, 
    9.8925175097026781, 
    1.3973969615930122e-05, 
    21.395734356985006, 
    1.6046704979972895e-12, 
    9.11721631486291, 
    129.0101403598986, 
    77.500184964948957, 
    1.519919003525372, 
    1.364030438267784e-06, 
    65.103365379912077, 
    3.3146242402836817e-14, 
    111.45784370436105, 
    2.7409903546993164e-06, 
    62.214105955165017, 
    1.3690627978248246e-12, 
    1.1595066061424829e-06, 
    5.5573629282001519e-06, 
    5.8008020190411737e-06, 
    109.80245632715329, 
    3.2499397377545021e-07, 
    2.2310885584001091e-05, 
    3.7443107472258648, 
    2.2836603066509747e-29, 
    0.84700424891594817, 
    1.9956989038819224e-06, 
    8.5032819461817765e-08, 
    3.3161053901042012e-05, 
    49.364009896087651, 
    3.2860023461529151, 
    3.4706495557775709e-06, 
    1.4423134669722026e-26, 
    8.4967431400142921, 
    199.58626467346116, 
    12.939861684755176, 
    2.1647327698747078e-08, 
    2.4463289886264309e-08, 
    11.826143658615472, 
    95.743654428716425, 
    40.987337016825428, 
    6.0721592308535769e-06, 
    1.6402220517451608e-15, 
    6.4927801715584171e-09, 
    1.1154961673514237e-06, 
    13.25050218032707, 
    3.1437101047613728e-05, 
    0.12243483211324434, 
    6.3405267888139013e-08, 
    22.169994418956765, 
    20.22279205956006, 
    47.881229960083822, 
    6.9170604527951878e-12, 
    6.9710519445121206e-06, 
    3.7203290980446561e-16, 
    45.751141716884966, 
    4.0920501802622646e-06, 
    2.7783131681612926e-16, 
    1.9774550278526587e-06, 
    3.1254102047013068e-06, 
    115.64835313560876, 
    3.3113137763848447e-06, 
    1.5815694962034838e-07, 
    6.3582643476542058e-10, 
    8.7745832423520586e-18, 
    0.04575722219869803, 
    27.704960755805942, 
    77.498177325805443, 
    17.339511514772553
  ], 
  "bias_variance": 6.664411758068193e-11, 
  "mae": 11.086845291466851, 
  "pearsonr": [
    0.60816453615855182, 
    1.9335760851081043e-11
  ], 
  "variance": 624.9395170540813
}