{
  "warp_d": 0.04245250920552915, 
  "noise": 0.7692594142193441, 
  "log_likelihood": 856.4792885349316, 
  "nlpd": 2.1164615087760579, 
  "rmse": 456.93189876483257, 
  "lengthscale": [
    132.99999388247716, 
    127.24921997144529, 
    119.62967913613838, 
    109.19819016062198, 
    127.85983401676098, 
    178.22762778162493, 
    115.11575639754656, 
    112.33123153103575, 
    136.22940224516231, 
    115.52792300756984, 
    110.4971253493618, 
    113.19384650850014, 
    137.78881306353964, 
    100.80452024330945, 
    77.256642036654597, 
    97.818492789252161, 
    106.05471490181549, 
    118.04415298420558, 
    119.02131089200991, 
    104.54713074250793, 
    107.16162786044904, 
    93.9735120653461, 
    118.12357829468185, 
    104.7505373998081, 
    130.81834365129973, 
    118.43151756273036, 
    115.12229191179063, 
    121.1630836192686, 
    122.17386668738398, 
    84.994552365623065, 
    87.009568535959659, 
    121.5365387736052, 
    88.366618736086764, 
    112.3491563228133, 
    119.33852798603141, 
    127.14512800744254, 
    117.24829986544724, 
    109.7298333516522, 
    129.4011030630094, 
    76.814300764516972, 
    99.019790824126758, 
    117.83879302924318, 
    133.72733693651304, 
    118.37504965607843, 
    129.64300532693494, 
    94.760725608467709, 
    123.01757626065995, 
    106.0702054216856, 
    108.52924106314731, 
    118.42504402323844, 
    111.67529059757024, 
    100.8671483388754, 
    89.303297987047131, 
    146.06065768456673, 
    118.34711936089235, 
    212.66290642752972, 
    151.92666499034351, 
    140.92124799812416, 
    190.70869922680311, 
    85.103895805578503, 
    72.114364107540197, 
    136.97945708859606, 
    133.92179586390418, 
    128.8936242323968, 
    98.99551679072492, 
    93.983317540708597, 
    131.04592805075973, 
    114.0527971476648, 
    136.59081088792351, 
    147.08463913352455, 
    99.701221006972588, 
    106.82834784314042, 
    105.0161944754753, 
    109.12189280803065, 
    105.1848208717943, 
    112.73265624284899, 
    116.0993907644575, 
    87.129836982403617, 
    110.89941944880026, 
    76.872236870427159, 
    102.26069806287745, 
    100.35357599238522, 
    138.54922326931325, 
    106.03121888355774, 
    153.00291417367094, 
    87.84384659961826, 
    136.89449680222924, 
    134.90773237152285, 
    97.248525416001655, 
    121.0062868333294, 
    127.74874769650181, 
    89.746620677974079, 
    87.552007900890473, 
    132.20453434372709, 
    149.08011941189761, 
    106.84756941190821, 
    115.22184329416076, 
    89.429400697554584, 
    107.52140669108131, 
    97.479612740266717
  ], 
  "mae": 350.25163737450652, 
  "pearsonr": [
    -0.38490311259475424, 
    7.6821795010190074e-05
  ], 
  "variance": 792.6394621996174, 
  "warp_psi": [
    [
      5.5626846462681369e-309, 
      1.1679914607705803e-229, 
      -447.9271258148969
    ], 
    [
      2.4667699094504573e-153, 
      1.8337700986222321e-62, 
      -32.179092722043762
    ], 
    [
      610.15076136035555, 
      2267.9447747885533, 
      0.001490906370249409
    ]
  ]
}