{
  "warp_d": 0.6429506029493811, 
  "noise": 22.451607618850336, 
  "log_likelihood": -3195.997335746927, 
  "nlpd": -3.7562087462269904, 
  "rmse": 10.002971111830963, 
  "lengthscale": [
    22.30579389407189, 
    23.621182641380273, 
    26.794698037313385, 
    18.221265840899392, 
    15.986633017501282, 
    25.483596624894211, 
    10.940413898465447, 
    25.854760328924691, 
    26.374480019452328, 
    7.2217983730233355, 
    21.619318552527616, 
    24.049168207342152, 
    22.419145728889749, 
    23.269751523736197, 
    21.539751833015252, 
    11.366059362936774, 
    28.034984417101946, 
    19.469736192884902, 
    23.108380673767186, 
    22.973711175435504, 
    26.336405281590341, 
    20.109139048629707, 
    25.094831561664886, 
    27.812376444130898, 
    23.13204680780111, 
    29.102575145854896, 
    1.5705568556210159, 
    18.458316226607163, 
    29.745898887009275, 
    0.95839648208909223, 
    2.1674647779581901, 
    11.037873103105902, 
    19.204822014049757, 
    25.765701148114719, 
    24.388289123428944, 
    14.667751942424415, 
    26.173807116555206, 
    21.419573641439953, 
    24.04486745629384, 
    14.111754702988689, 
    27.15862693256582, 
    28.671295514650765, 
    26.035871737664987, 
    17.648830736086421, 
    26.638395366910359, 
    25.403437997485188, 
    25.298062929578776, 
    20.083522652288941, 
    26.909533770158603, 
    18.495027317651136, 
    18.650438247247443, 
    20.548259001787372, 
    15.683442940907634, 
    24.201028538012174, 
    10.996691647345481, 
    32.245858979856507, 
    13.582446050099563, 
    23.457116046319648, 
    18.235949238131663, 
    25.732389692494973, 
    24.728798236492178, 
    21.144840792689408, 
    24.08644392225542, 
    25.813525182737553, 
    28.181870178712003, 
    17.449981989328837, 
    2.990080801127506, 
    25.331009191692601, 
    21.384694784103267, 
    22.441895657931095, 
    23.541679789383107, 
    12.699032108000281, 
    24.769008769197853, 
    15.810027446180989, 
    19.721523108123336, 
    25.774751907320141, 
    18.751841757878559, 
    9.7445464319281161, 
    27.759185903287737, 
    18.357928553541868, 
    21.099049700926919, 
    3.7428274154772141, 
    27.828943036293293, 
    24.235592284507145, 
    25.92905373909484, 
    25.061905465210817, 
    27.615988477433522, 
    4.5838081816313885, 
    24.273323202957187, 
    22.020624722203944, 
    23.699903554459713, 
    27.133199250008648, 
    20.219175740917098, 
    23.924890447676741, 
    3.1210796096996409, 
    26.262459991028376, 
    1.5112423511570692, 
    27.568239223437747, 
    23.327058835937272, 
    20.675692900022579
  ], 
  "mae": 6.5594783990263963, 
  "pearsonr": [
    0.63837039986518718, 
    9.0192298728877578e-13
  ], 
  "variance": 132.15580381686888, 
  "warp_psi": [
    [
      4.2363406783095451e-38, 
      0.52788789498361133, 
      1.9955896791205032
    ], 
    [
      7.1696061580938844e-67, 
      0.00056151542097891021, 
      -1.4262810861196569
    ], 
    [
      1.8349428280259126e-41, 
      4.4343567889150695, 
      0.60862752157872257
    ]
  ]
}