{
  "noise": 0.3195130809779872, 
  "log_likelihood": -1156.864124482752, 
  "nlpd": -357.04123583784923, 
  "rmse": 12.237070798744394, 
  "lengthscale": [
    1.5816695196132027
  ], 
  "mae": 9.6158720730402667, 
  "pearsonr": [
    0.39629915070604055, 
    4.4727443169732825e-05
  ], 
  "variance": 0.641173261230696
}