{
  "noise": 7.37987533697594, 
  "log_likelihood": -3199.642402257023, 
  "nlpd": -3.8247644271096766, 
  "rmse": 10.502555504586747, 
  "lengthscale": [
    1.2925167423867479
  ], 
  "mae": 6.169403513173183, 
  "pearsonr": [
    0.61372843124261722, 
    1.1265803301233521e-11
  ], 
  "variance": 82.42656116984928
}