{
  "log_likelihood": -4224.280551424809, 
  "nlpd": 3.7201140874746885, 
  "rmse": 9.6890377368992393, 
  "Mat52.variance": 101.53275100897982, 
  "Mat52.lengthscale": 2.0081403581243698, 
  "Gaussian_noise.variance": 53.738601284861815, 
  "mae": 6.3003940957642737, 
  "pearsonr": [
    0.63562242705878824, 
    1.6782427885921477e-15
  ]
}