{
  "noise": 69.63633082116695, 
  "log_likelihood": -3849.326786728292, 
  "nlpd": -4.0794644386287455, 
  "rmse": 14.01454633918228, 
  "lengthscale": [
    2.0571000864586613
  ], 
  "mae": 10.703004946570353, 
  "pearsonr": [
    0.80186040461398878, 
    1.2041180189786598e-23
  ], 
  "variance": 490.76052658997907
}