{
  "warp_d": 1.6737231267238775, 
  "noise": 61.665571688192166, 
  "log_likelihood": -3882.5766864050042, 
  "nlpd": -4.2083513595316511, 
  "rmse": 16.005346535647664, 
  "weight_variance": [
    1718.7871970268125
  ], 
  "bias_variance": 1345.3052151894415, 
  "mae": 12.291253163598732, 
  "pearsonr": [
    0.63269667976514232, 
    1.645613647963033e-12
  ], 
  "variance": 3076.374432925112, 
  "warp_psi": [
    [
      4.8991343094148402e-99, 
      5.5626846462681369e-309, 
      31.530586594815809
    ], 
    [
      5.5626846462681369e-309, 
      97.143268312255188, 
      -87.643314227360293
    ], 
    [
      5.5626846462681369e-309, 
      1.4195501242712069e-262, 
      -233.20973143671551
    ]
  ]
}