{
  "noise": 0.7043862314953924, 
  "log_likelihood": -1154.673837181941, 
  "nlpd": -342.36934502054459, 
  "rmse": 12.85506422583701, 
  "mae": 9.5747257498171834, 
  "pearsonr": [
    0.41476970950232528, 
    1.7830061529327254e-05
  ], 
  "variance": [
    0.26934511542574535, 
    0.033237598049289045, 
    0.076933155812751119, 
    0.018252541572575446, 
    0.17518340704999658, 
    1.6126669248187746e-05, 
    0.0020096089545871979, 
    0.18289070554051456, 
    2.3170417841164263e-05, 
    3.5078804023812527e-05, 
    0.066399437501950126, 
    1.465867033367886e-05, 
    2.2832450843264168e-05, 
    3.5482696678178455e-05, 
    0.37173931734635812, 
    1.8905168639002783e-05, 
    1.290648608331848e-05, 
    3.3264978732989726e-05, 
    2.2586294495928661e-05, 
    9.7964366704245771e-06, 
    1.6744395427332799e-05, 
    7.4103094659168353e-05, 
    0.14333193308773515, 
    1.1460497770080126e-05, 
    5.4073422294083534e-05, 
    1.1722423542533304e-05, 
    4.3754643513716389e-05, 
    0.0011952357984625816, 
    1.3950315030620179e-05, 
    0.0010865419948460275, 
    4.4383829302998952e-05, 
    2.9489546115580609e-05, 
    0.13520553155048098, 
    0.25461034022091839, 
    2.1537791414417752e-05, 
    2.7117280886955979e-05, 
    0.076533922415446959, 
    1.1178672632044508e-05, 
    0.085306092374937123, 
    4.8587995340405685e-05, 
    0.089322894543071185, 
    1.9718230992029991e-05, 
    1.2125601138773733e-05, 
    0.0017732809405487473, 
    0.13025644783033624, 
    2.7013279815850365e-05, 
    1.1198913216026471e-05, 
    0.00011839540234684601, 
    2.8883485538520195e-05, 
    1.6270460244071392e-05, 
    6.077350510574666e-05, 
    3.5967092923013031e-05, 
    0.025879919968046873, 
    1.3855064500182222e-05, 
    1.8972871139028058e-05, 
    2.9899196357492558e-06, 
    0.050853111026413531, 
    2.2901754233471024e-05, 
    0.088005150523440739, 
    0.0011959518837902647, 
    5.7765114042460825e-05, 
    0.0001180554333221243, 
    0.25239502323538887, 
    1.2301342229573249e-05, 
    4.7803123413522277e-05, 
    2.2616483160879159e-05, 
    0.17881807361354829, 
    0.30252991815071711, 
    4.4719962053190296e-05, 
    0.025687545594660736, 
    0.40230352009452569, 
    1.7011136750057259e-05, 
    2.1929315779266125e-05, 
    2.8414787632327973e-05, 
    4.1458213211121855e-05, 
    0.027574169362767617, 
    0.0001172936674001641, 
    0.24758548638146927, 
    1.9191837488530524e-05, 
    6.972475558851569e-05, 
    0.17255077937287375, 
    0.12583182469130053, 
    5.0720999657187502e-05, 
    0.00023509133791382367, 
    2.6710132718214203e-05, 
    0.12732214879645876, 
    0.054618840415340451, 
    7.608677686167551e-05, 
    5.2324271086797835e-05, 
    0.027027073036452357, 
    0.023946313493272899, 
    2.7160255147159264e-05, 
    0.25307935835941531, 
    6.8358542105428742e-05, 
    9.2550998032886806e-06, 
    1.8935638935929512e-05, 
    0.22166795835020647, 
    0.12918459693275811, 
    3.7996988940443615e-05, 
    0.00023032825395960443
  ]
}