{
  "log_likelihood": -4554.589327676794, 
  "nlpd": 3.9275575057030405, 
  "rmse": 12.093791864111465, 
  "rbf.lengthscale": 2.8092113607788365, 
  "Gaussian_noise.variance": 158.53962686009018, 
  "mae": 9.4888889208877636, 
  "pearsonr": [
    0.54525576411011056, 
    4.8735889872680945e-11
  ], 
  "rbf.variance": 118.29890478954873
}