{
  "noise": 0.4948752463991024, 
  "log_likelihood": -1004.9761557520485, 
  "nlpd": -483.41762455301063, 
  "rmse": 12.53321102893544, 
  "mae": 9.7046940577154341, 
  "pearsonr": [
    0.70858158349210754, 
    1.62594245464428e-16
  ], 
  "variance": [
    8.303947625001668e-05, 
    4.5865079531186714e-06, 
    0.088013635277427144, 
    0.070706019891380492, 
    7.1187681831383296e-06, 
    2.3313335029892864e-06, 
    0.017528179769747503, 
    0.073325929629890749, 
    2.9008500803388346e-06, 
    0.34355369885929837, 
    2.8863657514445984e-05, 
    4.1273343662119927e-06, 
    0.024233335626718686, 
    0.031418446287114501, 
    8.1793162397259148e-06, 
    6.4915208973216967e-06, 
    0.071047236266960426, 
    0.013777312812500404, 
    0.08680840805552878, 
    2.8887727614776444e-06, 
    0.014682472966149097, 
    8.1433990497326209e-06, 
    0.029370955500848814, 
    0.061359811496171271, 
    0.04717901795631408, 
    0.13747520539011118, 
    5.1271564238750765e-05, 
    0.1737552434001205, 
    1.0896158950226337e-05, 
    0.3110463339124776, 
    0.0007991929908850628, 
    0.010299947156351456, 
    0.0025477036830240155, 
    4.1398496396529581e-06, 
    0.054886053918275349, 
    0.098590077990478489, 
    1.3619241542602296e-05, 
    0.17336380587079508, 
    0.03719619842687398, 
    0.037145805963225753, 
    1.0884247437275602e-05, 
    7.3316099141319783e-06, 
    0.030497838235483143, 
    4.1700875361646384e-06, 
    0.075833960381950546, 
    4.1941751590438642e-06, 
    0.18257095100486748, 
    5.2288854389944657e-06, 
    6.6073221461262851e-05, 
    2.2920972119988065e-05, 
    1.1413746893674621e-05, 
    0.035579718706143418, 
    5.3164557398713296e-06, 
    5.3009209394740379e-06, 
    0.022161454006271994, 
    4.558400942010685e-06, 
    0.11866873735293479, 
    3.0737659067804891e-06, 
    8.8077157097302551e-05, 
    0.00011257305957533137, 
    0.018441317439987649, 
    0.061618984621023255, 
    5.195144629019749e-06, 
    0.0038710939703467157, 
    0.00039983423639597089, 
    0.1470054347271309, 
    0.13270374034770174, 
    4.2030109057755826e-06, 
    3.0022904022511874e-06, 
    0.10269350713235156, 
    0.013957633338718927, 
    0.0045790195196605031, 
    4.4888323137619569e-06, 
    0.084037021012302426, 
    0.14728947779066504, 
    0.0072629116282034046, 
    0.059433253648627178, 
    1.3151470000039605e-05, 
    1.0418343276539614e-05, 
    0.06171406760308433, 
    0.11013596068211254, 
    0.12914945905734554, 
    0.22078673946625899, 
    2.8435190082033682e-05, 
    0.012339017388352348, 
    0.022349010067614014, 
    5.0482984911618275e-06, 
    1.0359217186710264e-05, 
    4.708899533462025e-06, 
    3.4304268929804029e-06, 
    8.2302480212361249e-06, 
    0.052926592167671517, 
    1.2011398008512794e-05, 
    0.00039055735260600655, 
    0.051954215190491385, 
    0.040444407316020337, 
    1.5343601357545129e-05, 
    1.5207058232185198e-05, 
    0.00015796324291502298, 
    0.067605227650530023
  ]
}