{
  "noise": 0.1475948175427748, 
  "power": [
    0.49548500994201472
  ], 
  "nlpd": -259.63428317256273, 
  "rmse": 10.843233854836202, 
  "lengthscale": [
    0.91051258686809511
  ], 
  "mae": 7.4534068995577512, 
  "pearsonr": [
    0.69303269904871467, 
    1.3551892417821155e-15
  ], 
  "variance": 0.9893582535085679, 
  "log_likelihood": -1071.530825538176
}