{
  "noise": 11.028438209349728, 
  "log_likelihood": -3248.154947946117, 
  "nlpd": -3.3496897134218826, 
  "rmse": 6.6270742966032179, 
  "lengthscale": [
    1.3212144538735133
  ], 
  "mae": 4.3574208504990857, 
  "pearsonr": [
    0.77984360783591644, 
    1.1830419143581626e-21
  ], 
  "variance": 89.03218182628454
}