{
  "log_likelihood": -4218.918325970726, 
  "nlpd": 3.6993705239531378, 
  "rmse": 9.8685446457408688, 
  "Mat52.variance": 135.01869789533296, 
  "Mat52.lengthscale": 1.3664388445212576, 
  "Gaussian_noise.variance": 8.877165960757418, 
  "mae": 6.3520969034413177, 
  "pearsonr": [
    0.53054271486324001, 
    1.9682313159861919e-10
  ]
}