{
  "noise": 10.087641634573131, 
  "log_likelihood": -3162.393846950107, 
  "nlpd": -3.4287834631206953, 
  "rmse": 7.2445558602454554, 
  "lengthscale": [
    11.377117563767333, 
    1.0713578328038282, 
    6.4915518426993053, 
    0.69943773452823088, 
    12.013000536640245, 
    3.0890643228725709, 
    0.42558959623878911, 
    10.73380249871078, 
    1.1166501741764363, 
    0.70547963003987468, 
    1.8077385320966293, 
    11.806246340071327, 
    1.1686603643515359, 
    9.9179816845101847, 
    11.820211691233464, 
    0.26951018753616135, 
    9.6190634087516891, 
    8.4885877714243581, 
    8.4456176878113958, 
    7.5839611139835075, 
    9.2000600677236299, 
    10.110017710097107, 
    9.7966654368388664, 
    8.8503178725423464, 
    21.615498756947019, 
    14.256188537396225, 
    1.1460458212053766, 
    0.60647968591578816, 
    12.852884227252796, 
    0.49266688649271961, 
    0.51903758775451014, 
    14.055809597957978, 
    6.8322795459257488, 
    10.788983227658838, 
    10.134822665640428, 
    8.0524108720608698, 
    3.6925640538975326, 
    6.6768712216981818, 
    4.9871310655169241, 
    16.71880103920244, 
    7.8271828182604324, 
    11.200412151298073, 
    11.417336016862718, 
    8.750730808048381, 
    9.9179481715767519, 
    1.5736684401831269, 
    11.393649976018487, 
    0.85189421519213737, 
    9.9351231706542915, 
    1.8047305166114787, 
    2.5813166096528519, 
    8.4855257077829442, 
    2.774230618701238, 
    7.0260793181201953, 
    0.68909659861257322, 
    19.238049810175408, 
    10.139362964545182, 
    6.2129482963024403, 
    10.864512371988392, 
    11.514748048183238, 
    23.261360159871, 
    13.22953607454161, 
    12.433396554080563, 
    4.3164435077577048, 
    13.618481161573415, 
    7.5880155527044737, 
    1.6913715211109359, 
    26.374528749146915, 
    12.423596819904292, 
    7.1490440398277002, 
    28.996836818888873, 
    0.4667902538847577, 
    7.8831151743380037, 
    1.2485096477005702, 
    2.7652230478818542, 
    7.6135996895385984, 
    0.2316750198482295, 
    1.371173028101303, 
    6.5541736138457063, 
    7.8903039119525209, 
    1.1654017785960027, 
    0.68882872539636175, 
    4.2488187924361629, 
    8.3388402898341436, 
    9.4252878164747287, 
    1.0116858012806724, 
    7.7695747195401887, 
    0.99597828611265382, 
    10.617235191245786, 
    10.250766013016305, 
    8.526990047571287, 
    10.847560781637524, 
    26.89722034780452, 
    12.077333912234886, 
    0.94702794414252844, 
    6.2994344851399164, 
    0.7498376525539765, 
    0.81275950554855114, 
    11.260378824424974, 
    10.460996088065713
  ], 
  "mae": 5.4686950302590116, 
  "pearsonr": [
    0.23932349811429629, 
    0.016480106256829323
  ], 
  "variance": 97.47898312734547
}