{
  "noise": 147.4893893345767, 
  "log_likelihood": -3846.607218381911, 
  "nlpd": -4.2134911780862119, 
  "rmse": 16.131983031875009, 
  "lengthscale": [
    2.2210292732156924
  ], 
  "mae": 11.917565766188225, 
  "pearsonr": [
    0.81213079020501244, 
    1.1576874319459058e-24
  ], 
  "variance": 449.8680038811241
}