{
  "noise": 10.156035557038237, 
  "log_likelihood": -3231.147580723799, 
  "nlpd": -3.5123502309522934, 
  "rmse": 7.984249256670906, 
  "lengthscale": [
    1.3638371799992841
  ], 
  "mae": 4.9514498533416802, 
  "pearsonr": [
    0.7368704956845995, 
    2.350482999683759e-18
  ], 
  "variance": 88.78803749901495
}