{
  "log_likelihood": -4234.283802376342, 
  "nlpd": 3.58421181449246, 
  "rmse": 9.1669373513104837, 
  "Mat52.variance": 137.26164876038035, 
  "Mat52.lengthscale": 1.3809561808919262, 
  "Gaussian_noise.variance": 9.636615988844808, 
  "mae": 5.6786685132897308, 
  "pearsonr": [
    0.36232197165332686, 
    3.2933304532559588e-05
  ]
}