{
  "warp_d": 0.1531665270732847, 
  "noise": 2.579851480577977, 
  "log_likelihood": -3569.0190964939493, 
  "nlpd": -3.9313181606718839, 
  "rmse": 12.349915232144081, 
  "lengthscale": [
    4.8107309014605244
  ], 
  "mae": 8.982814721195556, 
  "pearsonr": [
    0.42219884369461175, 
    1.2126959728978986e-05
  ], 
  "variance": 6.7575404317043075, 
  "warp_psi": [
    [
      1.6531147870892283e-07, 
      0.22453051987717704, 
      0.092851761363868898
    ], 
    [
      7.1570602475866112e-08, 
      0.19492433154972261, 
      0.80898690502777826
    ], 
    [
      4.2498492610158277e-07, 
      4.8239005454835118, 
      -0.058882170520766802
    ]
  ]
}