{
  "warp_d": 0.9567651217669979, 
  "noise": 73.57116441120057, 
  "log_likelihood": -3801.7860445487577, 
  "nlpd": -4.4408192323288711, 
  "rmse": 19.042294163853946, 
  "weight_variance": [
    7.5024836253363852e-09, 
    8.1009247019907399e-12, 
    1.1943078001862379e-07, 
    0.006228674785465454, 
    29.621787151658864, 
    30.21962842334543, 
    4.3953666831342876e-06, 
    2.0520080256744071e-08, 
    35.572153720287673, 
    4.3336053976216812e-10, 
    1.0648148675678954e-09, 
    33.332452096399237, 
    30.634631994907817, 
    4.8046245074858342e-16, 
    0.00045291848080772986, 
    3.8827002611540326e-17, 
    1.9354084134753331e-13, 
    2.7088050265372179e-09, 
    6.8765723358868778, 
    60.534127568403989, 
    6.0917730557431566, 
    1.8088595906999783e-07, 
    68.603174969457513, 
    1.9917914211052502e-11, 
    2.9424187788870829e-12, 
    6.1235104315176624e-16, 
    7.4083412224059459e-08, 
    18.636725779216199, 
    1.3896685142606626e-09, 
    24.260585549183737, 
    55.765341695852349, 
    2.8852467394360598e-13, 
    1.784991717912326e-06, 
    1.5753202854228529e-08, 
    97.532395201421394, 
    20.508009043949894, 
    1.1973962931226933e-11, 
    1.4812215302509327e-12, 
    1.7228052876728815e-10, 
    5.3723340282510489e-13, 
    0.12181533615706537, 
    3.1044004987815641, 
    3.6009278654724845e-16, 
    6.2291315690716598e-12, 
    12.643838319386557, 
    22.791320507553465, 
    1.6343548983478392e-14, 
    11.4035719175469, 
    99.36369232984967, 
    20.852681097074715, 
    3.1293871641279974e-10, 
    0.87573945459923253, 
    3.3161149580283544e-10, 
    1.5979759842506307e-10, 
    6.7428984373750637e-08, 
    5.6458864074312026e-13, 
    3.114572151251348e-05, 
    8.2352235535225139e-20, 
    2.933843307360627e-08, 
    47.054671508254742, 
    5.742986042559, 
    0.000685272881398889, 
    2.1576098680323793e-09, 
    1.1219410615532023e-09, 
    141.73905084692365, 
    0.043044429305881537, 
    5.9684493012307819e-18, 
    8.5812509953177312e-11, 
    6.3045396294095832e-13, 
    4.7206325597179662e-07, 
    2.4795249975624717e-09, 
    0.0048053721932145308, 
    6.6751495770882982e-10, 
    99.674363217128786, 
    38.07147321115513, 
    19.365205810686152, 
    1.9412997343750956e-10, 
    0.00026429018980625207, 
    1.2179063173969518e-10, 
    0.18090745903015423, 
    12.693366338387916, 
    85.504935189761738, 
    3.5493412101148967e-10, 
    1.9012893054511601e-12, 
    56.140718005189228, 
    1.8241290403930246e-07, 
    1.9522942826427321e-06, 
    34.122809140359244, 
    7.900869963613813e-06, 
    2.2271667220610539e-05, 
    87.445156268875408, 
    0.0002705361556332747, 
    9.0510251769669257, 
    32.782851636914408, 
    8.5086826295706776e-16, 
    41.074469100996666, 
    2.1452381982390221, 
    8.9462273835234054, 
    5.8804096017539502e-05, 
    124.32268300048945
  ], 
  "bias_variance": 224.04468934715675, 
  "mae": 13.526452281508996, 
  "pearsonr": [
    0.50430292449217173, 
    8.823287439378788e-08
  ], 
  "variance": 1163.7267073264964, 
  "warp_psi": [
    [
      5.5626846462681369e-309, 
      15.786527359356759, 
      -49.788455621985499
    ], 
    [
      5.5626846462681369e-309, 
      3.8005992740174196e-110, 
      8.5193389556989203
    ], 
    [
      5.5626846462681369e-309, 
      8.2538129300277449e-13, 
      -14.934070477889948
    ]
  ]
}