{
  "noise": 18.43208908424339, 
  "log_likelihood": -3619.5863636412773, 
  "nlpd": -4.4001884110343452, 
  "rmse": 16.662665213899686, 
  "weight_variance": [
    46.865129244540121, 
    4.7486502872872389, 
    3.6057807645809593e-07, 
    17.584061300349077, 
    3.0374833834685013, 
    4.0394546059219433e-06, 
    0.2235256308243059, 
    1.1048456224141481, 
    0.023047000798126972, 
    20.945945864375354, 
    2.3276222404692255e-07, 
    1.2074852717766629e-08, 
    3.6875604286127106, 
    4.2378033826846276e-07, 
    7.8798159134126744e-06, 
    3.5135538829011852e-07, 
    4.6387697251615094, 
    0.00083491719288084944, 
    39.280139046590691, 
    3.2406501303067581e-07, 
    5.9313935827212408e-15, 
    2.9164226299926942e-07, 
    0.00032324966821974425, 
    3.918744896722422e-07, 
    3.3579866481513876e-08, 
    2.2378434627423882, 
    1.26733615555765e-06, 
    75.389774829487536, 
    3.0681548364155294e-07, 
    3.107368829488121, 
    0.00079358219353779216, 
    47.926409930094941, 
    287.84350234263127, 
    6.5538152955800309e-07, 
    5.4886278981696673e-07, 
    38.730520947025475, 
    2.7687007594968982e-09, 
    14.233414785596221, 
    80.835039610474539, 
    22.771762583783907, 
    8.196546115409243e-05, 
    8.508547889007058e-07, 
    48.687769169408533, 
    0.051644244848921848, 
    54.02151342068202, 
    7.6231681092601547e-07, 
    65.353807372014529, 
    6.3705405381181069e-11, 
    2.9145358181755392e-07, 
    1.1542072173584185e-06, 
    5.8574646927550834e-07, 
    76.266356271848423, 
    1.3395294455122662e-14, 
    6.9609397860118837e-06, 
    7.9402213452163819, 
    4.8188794596482847, 
    2.1364013138857529e-06, 
    1.9611183644000465e-07, 
    4.8581230647726383e-09, 
    5.9555273816004851e-27, 
    41.677546221017217, 
    0.00037476845571977858, 
    3.9319204095944999e-08, 
    16.15615088722156, 
    1.3657654972828897e-05, 
    2.8323710016848536e-06, 
    12.545316743662417, 
    2.5759297041628877e-16, 
    2.827268837346697, 
    4.0979659955546586, 
    2.0095917383075712e-07, 
    35.460156609211268, 
    5.4962336225235265e-07, 
    3.196934806134033, 
    2.5951329162885775e-07, 
    1.5804380451690097e-07, 
    7.4470901501449212e-05, 
    9.778640221398421e-07, 
    2.4516303323489309e-07, 
    7.7769905841367333e-09, 
    11.269934155488851, 
    1.0421453199144579, 
    34.609083081705364, 
    2.4882354719452027e-12, 
    1.1908275536541644e-06, 
    11.038994097424652, 
    41.263592733750237, 
    6.3458825802269974e-07, 
    1.4823219547672357e-12, 
    3.1297612739594445e-06, 
    1.6540897985276473, 
    194.87444998106005, 
    5.2570448042343722e-07, 
    4.4368847022466229e-07, 
    1.1252054708821837e-05, 
    2.3771948240039284e-14, 
    70.530257740815685, 
    18.120153188223927, 
    46.219723258644891, 
    65.976411545547464
  ], 
  "bias_variance": 5.25800574858552e-05, 
  "mae": 12.482622048214875, 
  "pearsonr": [
    0.6049009108089346, 
    2.6415700743100864e-11
  ], 
  "variance": 737.5500235144249
}