{
  "log_likelihood": -4218.172930935143, 
  "nlpd": 3.8281463866560279, 
  "rmse": 10.799223337035473, 
  "rbf.lengthscale": 1.8142198163224525, 
  "Gaussian_noise.variance": 60.99589786413394, 
  "mae": 6.8413356747371097, 
  "pearsonr": [
    0.54781389850190887, 
    3.7968311781853248e-11
  ], 
  "rbf.variance": 87.20285664432112
}