{
  "noise": 0.07548072629889466, 
  "log_likelihood": -1105.3082701512953, 
  "nlpd": -115.91267450178506, 
  "rmse": 8.0271480594776463, 
  "lengthscale": [
    14.073932625381708, 
    6.5062993789492092, 
    10.092552067115488, 
    0.51289490726207454, 
    20.011689343371337, 
    8.2230065977872062, 
    1.9316354003539296, 
    13.099563028582399, 
    5.184558309184025, 
    0.57423071999343611, 
    1.629280744811904, 
    13.983051960031883, 
    9.9652081564030048, 
    6.045634729928751, 
    13.212619232823815, 
    0.79663406660945746, 
    14.264382821326157, 
    3.8803238926250749, 
    11.168820088363418, 
    3.3804134806881785, 
    9.3862354201397267, 
    15.486532612358953, 
    14.644868267906048, 
    9.4674057618790233, 
    11.084576191860256, 
    11.54456651484886, 
    11.180944632118745, 
    0.61614948506941103, 
    15.74926081717909, 
    0.36030249569493311, 
    0.47268099516024281, 
    8.7410136458614218, 
    9.1789606341492256, 
    16.425758519867639, 
    13.103741226600862, 
    1.0403995609094761, 
    7.5727334639595938, 
    0.81620119796426949, 
    1.1871084765690489, 
    5.8373641723705001, 
    10.686408752982176, 
    14.851348093288456, 
    14.759925447308923, 
    13.674577639237365, 
    12.510252035729941, 
    9.3486954726375124, 
    10.186664578138346, 
    0.68327244491215777, 
    12.695327664416045, 
    1.9142196762897643, 
    7.8651952824964244, 
    11.841365835441188, 
    3.2210465077623835, 
    12.208084349326178, 
    1.4042108733680623, 
    9.6063085504240018, 
    14.153567779897237, 
    12.327759784454466, 
    4.7444976508703727, 
    12.71340556443992, 
    7.3151580587976692, 
    11.615420498012384, 
    16.012349025741077, 
    1.2435015080332743, 
    14.803061782843882, 
    4.6720842604977211, 
    2.2142476682178107, 
    9.3871888061693838, 
    10.698611131550098, 
    0.6219216172893004, 
    12.619140972852147, 
    0.43897221077927939, 
    6.6212084726126701, 
    1.2624139500815965, 
    1.348621531416615, 
    14.200062925365396, 
    0.93833626744877363, 
    0.43119498442323545, 
    11.869271889030596, 
    9.4173255355999235, 
    1.3513395180979015, 
    1.1010118575539956, 
    16.066925379649408, 
    10.303007809707779, 
    15.800908561443505, 
    5.6036127352981824, 
    11.295372118428798, 
    1.1285258136835492, 
    9.9188317933286303, 
    14.784478732909085, 
    7.829986427150045, 
    17.61402191427683, 
    2.7515924082073209, 
    14.81302065393206, 
    0.88244446044664326, 
    13.766848749695342, 
    0.66603764946446042, 
    3.4191696836063588, 
    12.926788073864584, 
    3.5856667750488174
  ], 
  "mae": 4.7750267429568334, 
  "pearsonr": [
    0.73131031507790945, 
    5.6375011377844423e-18
  ], 
  "variance": 0.9684357614093015
}