{
  "regularization": 10.0, 
  "rmse": 12.619791368876308, 
  "intercept": 18.106789869923652, 
  "mae": 9.3331319992936166, 
  "pearsonr": [
    0.44329755560844547, 
    3.8569022328796521e-06
  ], 
  "coefs": [
    5.426476013124538, 
    2.3557909035568794, 
    -3.0599018393762853, 
    2.5700108758267448, 
    -3.4708435751838591, 
    0.56499873958018032, 
    2.4782360059974042, 
    4.6160034011282676, 
    0.43001090748192555, 
    -0.59334436512785593, 
    -2.4859642970146809, 
    -0.97005335642968427, 
    0.44981895394980725, 
    1.3452006386043267, 
    4.9608026356769699, 
    0.24935503020474989, 
    -0.61798446078934177, 
    1.5862486561720721, 
    1.7622454958711569, 
    -0.37622467225792255, 
    -0.23588292839752995, 
    1.4954086494298484, 
    -4.050980430963687, 
    -0.26288651088768011, 
    -1.0036116637566614, 
    -0.36506070281612069, 
    0.90216672716484292, 
    -2.2343387032727513, 
    0.17513321485032374, 
    -2.2209829772617078, 
    1.5568561833364203, 
    1.0756647274463293, 
    -3.3514658629230336, 
    -5.0788532451992534, 
    0.76849324833872468, 
    -1.3120100509474188, 
    -3.1304625905241132, 
    -0.13311810890881751, 
    3.0977848579866545, 
    -0.12571158362504073, 
    -3.3799015649005422, 
    1.0377318485923335, 
    0.68040826392889175, 
    -1.3225597072969988, 
    -4.3545905045196269, 
    0.81882256932922914, 
    0.31075723297365027, 
    2.1899197950836151, 
    1.5469307806328405, 
    -0.79946192268146221, 
    2.0658290189617481, 
    -0.46453255521833065, 
    2.5211455711385042, 
    0.85666009234537932, 
    -0.66126436333023664, 
    -0.053778506669813333, 
    -2.936452509236136, 
    -1.0488872016242619, 
    2.7212308232974487, 
    -2.7740908136340776, 
    -0.96300085178830142, 
    1.1770260678578637, 
    5.5636408601885057, 
    -0.049077635045485742, 
    1.4600375560770402, 
    -0.77318122609864537, 
    4.6208135551070386, 
    -5.9233195034134631, 
    1.3753175143787306, 
    -1.368424742073894, 
    6.9278073948183652, 
    -0.26992373542499265, 
    0.55855262265342942, 
    1.0146439891073982, 
    -0.97388994126302619, 
    2.4745486922819868, 
    1.5797377892344908, 
    -4.1839439864613235, 
    0.37077474224722468, 
    -1.8911169529156595, 
    -5.0692481433355105, 
    -3.1800774599181123, 
    -1.5442803646805576, 
    -1.9676303293199235, 
    -0.38564464744758914, 
    4.0214673200618041, 
    3.2808598668678326, 
    1.6377942732345629, 
    -0.77485088716040629, 
    1.5976862751955208, 
    2.2207725644182594, 
    0.52504169361912267, 
    5.4811889582278024, 
    -1.1433791405193026, 
    0.0014203677723691852, 
    -0.34553904297779392, 
    -5.1469471865547565, 
    -4.406203436989701, 
    0.89146020543547833, 
    -1.9221679873372222
  ]
}