{
  "regularization": 10.0, 
  "rmse": 12.179979496988109, 
  "epsilon": 10.0, 
  "mae": 8.918855648326149, 
  "pearsonr": [
    0.50332480208687835, 
    9.4302550473851131e-08
  ], 
  "gamma": 0.10000000000000001
}