{
  "regularization": 100.0, 
  "rmse": 15.561418756482128, 
  "epsilon": 1.0, 
  "mae": 12.024096454550095, 
  "pearsonr": [
    0.6673433168099997, 
    3.4092549757734705e-14
  ], 
  "gamma": 0.10000000000000001
}