{
  "noise": 12.23318662051737, 
  "power": [
    0.69312877567138353
  ], 
  "nlpd": -4.3144938106462067, 
  "rmse": 17.178991466097546, 
  "lengthscale": [
    1.2330755459034646
  ], 
  "mae": 12.633273761631854, 
  "pearsonr": [
    0.60349296206252601, 
    3.0188708867921098e-11
  ], 
  "variance": 585.6302047683547, 
  "log_likelihood": -3817.8249104884317
}