{
  "warp_d": 0.18461847577680737, 
  "noise": 1.1385994271589357, 
  "log_likelihood": -3622.427104039577, 
  "nlpd": -4.2806730009282346, 
  "rmse": 15.559497923984317, 
  "weight_variance": [
    4.8040157451838956, 
    0.32058331541255303, 
    14.392234432680905, 
    0.0012070325284720203, 
    0.00030257055536819886, 
    18.62588291910976, 
    12.264256006452458, 
    3.2896705849278662, 
    0.0021846832481073968, 
    28.859854664860347, 
    0.024864736901982369, 
    3.8050215357974153, 
    0.00019411212695736978, 
    0.679848391383165, 
    0.000335003809297057, 
    8.7648089088509083e-05, 
    7.0261028318040175, 
    0.030304614295096819, 
    0.061036753218165402, 
    0.00533961621057478, 
    0.71486603718947139, 
    0.00075341285838802956, 
    0.058385880593684991, 
    0.040228155663093491, 
    0.00024643271043864741, 
    1.9314579198717856, 
    0.00012288415050064558, 
    5.6815934085913193, 
    6.7451695392798277, 
    19.144536414841429, 
    9.9970971093103724, 
    8.6036834771253279, 
    0.013551222034068637, 
    0.00095585373056682611, 
    0.0020085671674736237, 
    18.602229319991682, 
    6.5547419088633779e-05, 
    4.5620475917523917, 
    0.81500978493022203, 
    0.0038810638847470184, 
    14.888500115710984, 
    0.00013251860867968576, 
    0.36183818780536231, 
    7.9400012468684036e-05, 
    24.003616859811498, 
    0.013562455691461379, 
    15.325362864738697, 
    0.00032384205445088713, 
    0.0011247917058965205, 
    0.00012599552038873143, 
    4.0053125409759724, 
    0.0038502863595337739, 
    0.013484441994348862, 
    0.0042967701175741294, 
    9.1529809837226654, 
    3.509003264398399, 
    7.2619015100637441, 
    7.3496628762796048, 
    4.3632248192013082e-05, 
    0.20728760928301398, 
    0.00024948858503828482, 
    0.55883061242158871, 
    0.00025489988424941159, 
    0.079719465230695438, 
    0.00066692200220179075, 
    24.165899157830051, 
    1.7732132399585676, 
    0.053126596731255672, 
    4.0060103034596644, 
    8.4462311373554027, 
    0.0038357520429621954, 
    20.621634626229469, 
    1.7001385609773916, 
    2.489224284543964, 
    12.437917882481084, 
    0.0012520064883042633, 
    2.724908504076387, 
    0.0020612527386328324, 
    0.33360142719005115, 
    0.02465160937555453, 
    18.1672702462016, 
    16.322155208183236, 
    6.8185228766611656, 
    0.00046703568451144951, 
    0.75462176435387518, 
    0.0076802599556869515, 
    5.9396433442758614, 
    4.4064352730513889e-05, 
    5.8873166047963954, 
    0.00026780760932351277, 
    9.2108678453962689, 
    12.802781964067787, 
    0.051003772118243272, 
    0.0010931880377467377, 
    7.4860056122386895, 
    0.00072208984944355291, 
    0.0003781182777708573, 
    0.20647667950685866, 
    0.0015028916846068605, 
    10.027820908097478
  ], 
  "bias_variance": 48.557820987934235, 
  "mae": 11.960207652461008, 
  "pearsonr": [
    0.70962176394054188, 
    1.4039453428176687e-16
  ], 
  "variance": 39.942526232582466, 
  "warp_psi": [
    [
      3.7719316551817447e-28, 
      0.00092901737762089568, 
      -1.1710724914375308
    ], 
    [
      1.6223871337267677e-17, 
      0.11321022311792375, 
      -0.40763070595004952
    ], 
    [
      9.0785379930257483e-18, 
      2.6435702210692962, 
      1.5248447006879813
    ]
  ]
}