{
  "regularization": 10.0, 
  "rmse": 18.614202200896028, 
  "intercept": 23.599414842360645, 
  "mae": 15.029856696970716, 
  "pearsonr": [
    0.52243739298003244, 
    4.1285378853273256e-10
  ], 
  "coefs": [
    2.9772333295665869, 
    -2.0559493288462365, 
    -1.6572909003206573, 
    6.1150699837370093, 
    13.897337888360328, 
    -8.2734965601312638, 
    4.8773399512976674, 
    -4.9001019085096322, 
    -5.3086875527837503, 
    -4.5153406649969519, 
    2.6576411243498894, 
    -3.2149118641929912, 
    -1.4018474781649588, 
    -0.4036411655505201, 
    -3.7698039121176068, 
    -2.4837789641196406, 
    3.9414466104182462, 
    -0.9198331260806808, 
    0.688555304305146, 
    2.0021942657802141, 
    -1.6569374153146552, 
    -4.5027303955915814, 
    -3.0393513729350539, 
    -1.3996568293028122, 
    4.4408335895547388, 
    1.5574278817868357, 
    -1.4922557956178351, 
    -0.46033389987767559, 
    3.2988435371507889, 
    -9.2252791263339162, 
    -9.9491186476541138, 
    -6.4626573227872601, 
    2.2697597009492059, 
    6.0445099140240846, 
    10.567120562196752, 
    -6.9064849285968046, 
    -1.1355677096925521, 
    0.72251563687949227, 
    -9.0056217278357824, 
    -3.758137575979664, 
    6.0512413918832282, 
    -3.094931463894655, 
    7.2856763962105511, 
    -0.16145817287930292, 
    4.057365362358806, 
    -0.091043853169535852, 
    -3.4740619973702955, 
    -3.6137282858894277, 
    1.0873215718968345, 
    -2.4231987119427201, 
    -7.1427288323823319, 
    -7.5102148799067647, 
    2.7592433386957635, 
    -1.3591350194196186, 
    0.035531531272702699, 
    0.42314649811842386, 
    -1.6841382956448296, 
    5.3523132422739668, 
    1.9614637143403608, 
    -5.6603239948432984, 
    -2.211036209673253, 
    3.0341183113496974, 
    -0.70733639525664271, 
    -5.0220042810534133, 
    -4.5551715025098494, 
    -1.5142574470875712, 
    -1.5287617716602622, 
    -4.6376299058752499, 
    3.3421621746000234, 
    -4.8262161719947452, 
    8.0388832781121238, 
    5.2543633920190418, 
    -5.2082726765311076, 
    -4.6391433125452481, 
    -0.40568944407079571, 
    3.6402633498868227, 
    -6.4893698404553559, 
    -2.2963656197446518, 
    3.4130343092283097, 
    -8.1554576921594286, 
    -9.9881010010125593, 
    5.5281301961745459, 
    3.5403698368596266, 
    5.8524635833079239, 
    -2.5600513358445776, 
    2.5782450958629628, 
    7.2698420422320371, 
    -1.523999478056381, 
    -6.7783111809213024, 
    2.174856100336787, 
    -1.8833439515356574, 
    -5.1427240909338758, 
    -0.71504040763465693, 
    -2.1548352069310952, 
    -7.1099259588022061, 
    -2.5268559711483118, 
    1.3795249946023505, 
    -1.5491412619538416, 
    1.8051849603794592, 
    2.0135460366102933
  ]
}