{
  "noise": 0.5435292321184232, 
  "log_likelihood": -1078.9403136486358, 
  "nlpd": -454.76735804599485, 
  "rmse": 16.759071187861533, 
  "mae": 13.272082555816162, 
  "pearsonr": [
    0.50503721637963805, 
    8.392290682949192e-08
  ], 
  "variance": [
    0.057722358865968389
  ]
}