{
  "noise": 0.06767099870875445, 
  "log_likelihood": -1029.2035858878821, 
  "nlpd": -779.7456627920734, 
  "rmse": 16.60296438964005, 
  "weight_variance": [
    320991.75130548154
  ], 
  "bias_variance": 26323.52820736639, 
  "mae": 11.883736976172578, 
  "pearsonr": [
    0.65826636154990725, 
    9.8870763318219882e-14
  ], 
  "variance": 1.7241030485788915
}