{
  "noise": 0.08116173825169283, 
  "log_likelihood": -901.1048678217318, 
  "nlpd": -679.82909401830989, 
  "rmse": 14.150493479474225, 
  "lengthscale": [
    1.8136108384779117, 
    2.4786085653621255, 
    7.4918626828934931, 
    2.8608597093070918, 
    18.278562823717291, 
    1.1335069342144024, 
    2.0624043958370768, 
    11.521334953335835, 
    14.84672368509173, 
    1.4657442349594227, 
    16.224907445246927, 
    14.684091124970516, 
    17.867016741076323, 
    7.5082655810366994, 
    19.945688988346991, 
    20.004966308930278, 
    1.7172469408571025, 
    10.643868506118844, 
    6.0980987111175278, 
    11.450702718968552, 
    1.1229023556107116, 
    16.150568689681915, 
    19.11977363705725, 
    13.699447216608043, 
    15.299822323333043, 
    4.0625367665816459, 
    21.464451859990394, 
    2.2675126258207947, 
    2.1020290002802247, 
    0.7797084562510127, 
    3.3152990128187887, 
    7.7237157521452886, 
    10.377799136637345, 
    10.844996271671086, 
    19.646445988909289, 
    1.664333282359322, 
    17.816719191159265, 
    1.8796026594226078, 
    2.1873532317901883, 
    8.6915949532265966, 
    1.3843838051487234, 
    14.968094042267214, 
    1.4898901698327316, 
    15.908660839386522, 
    1.1551803020902023, 
    16.464107910908442, 
    1.532836200124982, 
    16.486859245679575, 
    18.15437787438297, 
    16.70791479125139, 
    12.156546457084687, 
    11.074930479831373, 
    14.258386134552385, 
    16.514741441595447, 
    1.8386199984413221, 
    30.251654894881799, 
    3.1072726081742221, 
    16.962478271790637, 
    18.865216469315079, 
    12.995411147205012, 
    13.385688892211839, 
    15.866832859842431, 
    16.733275757872416, 
    10.916780835774507, 
    16.492896325713502, 
    0.86350357602528727, 
    6.2098934273471418, 
    15.200498035966341, 
    10.06267307797965, 
    1.5706550839730018, 
    1.250769959696401, 
    0.87489121226873667, 
    16.050117134705143, 
    4.3316974186886394, 
    3.0548833192269673, 
    1.673599759478813, 
    3.9148746678680664, 
    13.481804844248193, 
    16.976034467150466, 
    1.2183534033801888, 
    0.96050107109829486, 
    1.3228471068173797, 
    1.8464663951789355, 
    15.320742937438743, 
    22.638894077961773, 
    18.962791809607729, 
    3.9422092345357691, 
    18.952903031010674, 
    0.98800256525224206, 
    21.335078615382244, 
    5.866849096104473, 
    1.080121106447367, 
    9.2708236307785139, 
    16.929679503752798, 
    2.8063443511200981, 
    14.947944066221496, 
    11.690195137056076, 
    2.3180580203712795, 
    14.474244991996065, 
    1.7107040812600796
  ], 
  "mae": 10.486972267791014, 
  "pearsonr": [
    0.67510609907806629, 
    1.3311117872635901e-14
  ], 
  "variance": 0.9658513982518582
}