{
  "noise": 23.139681567192365, 
  "log_likelihood": -3815.1567697533574, 
  "nlpd": -4.3305015053542517, 
  "rmse": 18.089251752700598, 
  "weight_variance": [
    1.5167052076709113e-05, 
    1.0027578813954841e-09, 
    3.0440005346744364e-08, 
    28.776571926071426, 
    20.369398098621801, 
    10.799332823511937, 
    86.714030735920815, 
    3.9042245310765485e-08, 
    2.4922597503924055e-10, 
    28.837077312223418, 
    5.7115633446188798e-08, 
    5.5534379297673286, 
    5.6050111157893726e-08, 
    1.0273828045373743e-08, 
    4.2502489497148726e-13, 
    4.2251552550738628e-08, 
    18.208494968313506, 
    2.6618167271953014e-09, 
    9.499027639270307e-09, 
    3.9568323117992211e-21, 
    8.551049273488081, 
    351.93435684852437, 
    2.4257792543437552e-11, 
    2.2832902531308736e-09, 
    4.3170584271399947e-09, 
    1.178625303072888e-08, 
    3.4292484512375707e-24, 
    1.8442842021775147e-08, 
    3.7938358208146807, 
    30.963558453075741, 
    12.434202562722703, 
    5.2583025537261628e-09, 
    6.1925416019483949e-28, 
    11.643751239491166, 
    4.6889819929996595, 
    3.7108537080565629, 
    3.4913340127695606e-16, 
    2.9860446492116905e-08, 
    6.4136488744257703, 
    1.8442466988812242e-10, 
    34.207338868099349, 
    5.2614340162431878e-12, 
    24.523285864938135, 
    7.4124427977719782e-11, 
    2.2856943010918554e-16, 
    4.5363267688871921e-08, 
    2.3341110275251129, 
    2.1121153480878448e-08, 
    43.996640863680611, 
    6.1856165014059722e-10, 
    322.02492791088088, 
    8.6183179827202014, 
    3.6536849757978845e-11, 
    1.4235158227260151e-10, 
    1.0260867980234843e-08, 
    2.2706413836264435e-13, 
    8.0939449690899785, 
    12.331317870915944, 
    3.4690601054976352e-11, 
    375.87829506112115, 
    4.8777776336167236, 
    3.4342159615608354, 
    3.3293944232183505e-08, 
    8.3501008118823506e-07, 
    3.8285037276372031e-08, 
    7.4414872754005801e-08, 
    5.6806798982461203e-08, 
    9.8471360934640444e-10, 
    7.4703771701528234, 
    165.61343430514569, 
    15.604565764331653, 
    142.47801113787884, 
    22.696603502636911, 
    2.2226362596715755e-08, 
    6.0991833583006736e-14, 
    9.4524229004039073e-09, 
    290.63049549476364, 
    1.368194297014315e-08, 
    2.684594101868132e-08, 
    60.580883217316668, 
    166.9452851787905, 
    68.660495737384238, 
    2.9925451582603667e-08, 
    7.2281749770343023e-21, 
    3.2220475911279267e-11, 
    1.0162343258485364e-08, 
    50.947123237013933, 
    3.2543507146479304e-27, 
    95.800345403228889, 
    7.246600768364013e-09, 
    158.09836825264784, 
    39.782635085159292, 
    3.398264138309423e-08, 
    1.5878847505210767e-08, 
    95.490435130586562, 
    3.9688267584696404, 
    2.35637040415438e-08, 
    2.311662967131618e-20, 
    9.897824600904045e-10, 
    3.9978907393012154e-08
  ], 
  "bias_variance": 43.05342791320341, 
  "mae": 15.013187783050627, 
  "pearsonr": [
    0.42535979925184814, 
    1.02640548911994e-05
  ], 
  "variance": 1267.3704187283904
}