{
  "regularization": 10.0, 
  "rmse": 11.616744411116516, 
  "intercept": 2.4453089927424001, 
  "mae": 7.2996924336223525, 
  "pearsonr": [
    0.57466640612951825, 
    4.0493824241595972e-10
  ], 
  "coefs": [
    0.1333456146849652, 
    -0.62751862377350076, 
    -3.2489374032203306, 
    -0.29955630905011155, 
    -3.6004753332123931, 
    1.8230110723616784, 
    -3.5012419386411366, 
    -1.5824640614913534, 
    0.56345055180996895, 
    4.7816635774755696, 
    -0.46268609066054589, 
    0.4545841375709338, 
    -0.40372158529225732, 
    -1.1059987144542067, 
    -3.3173904951377313, 
    2.8321782852642938, 
    -2.4515408954070348, 
    -1.0413807047875907, 
    -6.5167592701687722, 
    3.0756963033046532, 
    3.9049434271624115, 
    -1.6892773754241592, 
    3.1952824169949769, 
    0.49704854840337737, 
    2.7188954862330843, 
    2.4001511307063277, 
    3.4962265396479748, 
    0.12236016067353089, 
    2.4201548099461347, 
    3.5684543904346042, 
    3.7457915887435553, 
    1.1608816948307825, 
    3.3555060460112731, 
    -2.0979484873685199, 
    -0.86678930706034707, 
    -1.7508466617075216, 
    0.1186268614617441, 
    -2.7304444827867282, 
    2.7729506241421813, 
    -0.23715606766750971, 
    -3.3127298304513002, 
    -0.025379142835473302, 
    -1.5779641082176217, 
    1.356769324915039, 
    0.46043687580241455, 
    -2.949845990273058, 
    -0.42663494108944661, 
    -0.75934248679564931, 
    -0.12051341337290404, 
    2.0407023416262833, 
    2.2619160121140323, 
    1.6826326277617505, 
    -3.1551867854828561, 
    4.6286710378241196, 
    0.46514430644962218, 
    2.2562270734892182, 
    2.3676264227636628, 
    -1.596576703066436, 
    0.20243590877491555, 
    -0.59755983888451703, 
    0.93018999713050088, 
    -3.0682019702553895, 
    0.0079405462756330925, 
    -0.74321427593385281, 
    0.012773877580764287, 
    1.8474490721172485, 
    4.0220586488221439, 
    0.3319709803961951, 
    -1.6553791306475598, 
    1.5432389645382103, 
    1.268305523570243, 
    -0.015680393668144069, 
    -2.2123315272367097, 
    3.1075192220048087, 
    -2.2526024878735571, 
    -1.0532427643450626, 
    1.5157529901945772, 
    1.3472065185743822, 
    -4.3299672220039698, 
    2.6993075171707099, 
    1.9276564964181087, 
    -1.9588585389702848, 
    -3.5523994634496483, 
    0.76404171948468369, 
    -0.78481413524236454, 
    -3.2731434005413962, 
    -0.8798294676341939, 
    1.860677760913326, 
    2.2312794078972962, 
    -3.9269055629279999, 
    -2.1361555710438398, 
    -1.5924336354410324, 
    -2.3989501926169901, 
    -0.86681093874165605, 
    3.8168378389137945, 
    -0.11176589765448994, 
    -0.47682073233758859, 
    5.9517767086995503, 
    3.6624389907604624, 
    -1.3288016510106933
  ]
}