{
  "noise": 107.0254391828047, 
  "log_likelihood": -3423.4866184618913, 
  "nlpd": -3.8787068004807308, 
  "rmse": 11.577453037158042, 
  "mae": 8.1975909982124335, 
  "pearsonr": [
    0.63737881101877014, 
    1.0027697460228516e-12
  ], 
  "variance": [
    4.7041595966939362e-06, 
    6.3929229159946797e-06, 
    18.40446828432707, 
    4.1285263603792169e-06, 
    7.9428105612748956, 
    0.29696871930984625, 
    19.983353667440454, 
    3.5224256862981772e-05, 
    7.1916573809598434e-06, 
    24.046871826458691, 
    4.5262900013796213e-06, 
    0.00031226190225982895, 
    4.2769188088441294e-06, 
    4.8078063704024855e-06, 
    5.2788517115203506, 
    35.884312879925439, 
    3.4676129320660798, 
    4.5149943413159726e-06, 
    59.750511160470921, 
    14.664478946221555, 
    24.430826967619861, 
    2.1329285369689324e-05, 
    4.1204199486109627e-06, 
    7.8355415440129263e-06, 
    5.0545502584418243, 
    5.408130462226592e-06, 
    16.015950953134311, 
    1.3744437361226765e-05, 
    5.9114655256194073, 
    58.437771418081098, 
    38.208297769088347, 
    4.3155130010085729, 
    6.4788891450283721, 
    0.67740668708291718, 
    6.7423691591069375e-06, 
    10.037226941358226, 
    4.2893499780424274e-06, 
    2.8884942054514635, 
    6.3465626062164961, 
    4.4486683720678383e-06, 
    18.705272976872138, 
    2.3490838207602432e-05, 
    12.137180490127834, 
    5.7048901294432738e-06, 
    5.0382086559320065e-06, 
    12.006091372572239, 
    6.3965876502018918e-06, 
    6.4599739418985218e-06, 
    4.314062723271216e-06, 
    0.4271762923151366, 
    1.2031413917874868e-05, 
    8.9674005775850656, 
    40.947236251596223, 
    42.198374174666043, 
    4.6224842071838597e-06, 
    0.0042770861429374356, 
    0.29335423179979603, 
    8.1455478298292071e-06, 
    2.5957868519034238e-06, 
    8.8315892466479724, 
    5.1815877987689882, 
    12.384174503884177, 
    4.9422934081460258e-06, 
    1.2064992471053435, 
    6.8343864177158719e-06, 
    6.3980920193811425e-06, 
    19.516156069582678, 
    3.7538900257610306e-06, 
    5.3484185192626076e-06, 
    3.8710269270058042, 
    4.4858592686437719e-06, 
    4.3755755634086752e-06, 
    1.4468090666097264, 
    8.9585240591458124, 
    4.4735244102374025, 
    4.0408386325640594e-06, 
    1.543236395437747e-05, 
    5.9782691767279257e-06, 
    25.12555062127867, 
    30.873525116021952, 
    6.4552655964410706, 
    25.428475339168727, 
    4.4679630512080521, 
    9.8250724153516007, 
    5.354214793905563e-06, 
    6.4873455290570217, 
    4.0830757345053553e-06, 
    6.4283059564284165e-06, 
    13.221121364297113, 
    31.971442728817056, 
    5.5009697293818958, 
    2.2612517117888342e-05, 
    17.623056247985733, 
    6.2939419430697593e-06, 
    26.748436792513065, 
    6.1783574277112932e-06, 
    6.2358093129294988e-06, 
    63.945861644075293, 
    1.6560072748225854, 
    2.0722284583580486e-05
  ]
}