{
  "warp_d": 0.10017217856149757, 
  "noise": 0.2456434754929769, 
  "power": [
    0.10542255926283781
  ], 
  "nlpd": -4.3570324203925521, 
  "rmse": 16.105592163597208, 
  "lengthscale": [
    0.79807100903134665, 
    2.1094311976742812, 
    1.2280963003228134, 
    2.7032553396173817, 
    3.9092223896002567, 
    0.40012185427162861, 
    1.0120703051108786, 
    1.3322956936744383, 
    0.66174441732005751, 
    0.35334899818466992, 
    3.3758587222730196, 
    2.0254805669440175, 
    4.9848375022209188, 
    2.76833717499481, 
    4.3545628254333986, 
    4.7746248787988428, 
    1.0995184125546933, 
    3.2324658880319235, 
    3.6104476854024372, 
    4.0329476922579657, 
    1.4311253720665211, 
    4.8273900421747236, 
    4.0142034080245974, 
    2.1928190977918178, 
    4.3634302434718197, 
    1.2459514404447272, 
    5.1397598719775788, 
    1.0747732184751662, 
    2.03430994373596, 
    1.3243088749351262, 
    0.72442293784977907, 
    0.72577092669479137, 
    3.6358977056310433, 
    4.4736949446466863, 
    4.9260689430889082, 
    0.92136432612441155, 
    3.9529936983253045, 
    1.0526309727794609, 
    0.85428897521320046, 
    1.0161016602464752, 
    0.46654792493084751, 
    4.1831890898711901, 
    1.2580607370415886, 
    4.4254052819413747, 
    0.51431355873004925, 
    1.5614447537864824, 
    0.60238498661927964, 
    3.8814477200630302, 
    4.7012987246326396, 
    3.585557846558352, 
    1.7954949576272787, 
    4.2722933328296584, 
    3.9909710893338395, 
    3.8054866445128668, 
    0.67813010153255315, 
    6.2941899450974521, 
    1.5724223917606275, 
    2.2697753974483859, 
    4.8172463020186411, 
    1.7161248283364574, 
    3.7895883379826873, 
    3.4735604507678777, 
    3.025290164145249, 
    3.3409809438959255, 
    2.6089793973023152, 
    0.30737559027265732, 
    1.1453369932345423, 
    4.590868229786758, 
    1.6944205465124926, 
    0.66528241492949081, 
    0.44742290515660882, 
    0.39864753659940194, 
    1.5504557451717413, 
    1.3779410316149117, 
    1.5296371127040458, 
    3.0518061913810808, 
    2.0918922235365143, 
    2.5395512046241504, 
    3.0002018762861451, 
    4.2178988532296504, 
    0.28245178602078791, 
    0.47862026914389177, 
    0.64092010348905504, 
    3.832189589332903, 
    4.690749237463983, 
    4.3977103962641708, 
    1.6797021385254176, 
    3.9695295872662575, 
    0.48416780290162953, 
    4.5797408413106817, 
    2.9542306905766411, 
    0.44420365401320239, 
    2.9528700811106354, 
    4.0207381839623464, 
    0.59391511013930631, 
    3.9720037361777529, 
    3.4857553570147286, 
    1.1152356651375661, 
    2.5567130252263319, 
    0.61041335376615102
  ], 
  "mae": 12.280711354014946, 
  "pearsonr": [
    0.68372180127044835, 
    4.5306775812560679e-15
  ], 
  "variance": 15.232929216066307, 
  "warp_psi": [
    [
      4.062066307237693e-06, 
      0.25099446694637328, 
      0.10095755505190644
    ], 
    [
      6.2306037879531393e-07, 
      0.13291216103755515, 
      -0.13329042590909873
    ], 
    [
      5.4175559094536817e-07, 
      0.21292770424712679, 
      0.49953420764414946
    ]
  ], 
  "log_likelihood": -3603.694686737933
}