{
  "regularization": 10.0, 
  "rmse": 18.906871953349608, 
  "intercept": 12.104600797936302, 
  "mae": 14.744063830806315, 
  "pearsonr": [
    0.65096863384039061, 
    2.0655793457731731e-16
  ], 
  "coefs": [
    -4.2939850481590707, 
    3.619908628952329, 
    -0.31043896318778752, 
    -6.4125787766323876, 
    -2.9781174267129771, 
    4.7450317320585498, 
    1.8453978064360432, 
    1.7576173900922551, 
    4.1565264343321777, 
    2.8142296415000927, 
    -0.054883238546162234, 
    6.6486183272669059, 
    5.8530938148269538, 
    -0.70592212430334278, 
    2.3067078816912772, 
    0.87472189568509284, 
    0.18435333783390531, 
    3.3693873752609038, 
    -5.7180153774292437, 
    7.5645650922588885, 
    3.9140883916114193, 
    0.20312902836294058, 
    9.8571501860998154, 
    2.1512740860429873, 
    0.86806170289041451, 
    0.19726322826336851, 
    -1.246321806127801, 
    5.0154245168705893, 
    5.0505258945566833, 
    2.7160190051365705, 
    7.5471733372511416, 
    3.963118662503998, 
    -0.33035820363655688, 
    -0.88536611906951501, 
    -11.734808085230686, 
    0.39312918064620084, 
    -2.4860122194572547, 
    -4.5751799641609976, 
    2.9997115409717177, 
    2.3749425260667976, 
    -3.3168115247893724, 
    2.1787133585482201, 
    -4.8420791003657975, 
    -1.2567120563738907, 
    4.1082418832461327, 
    7.5124391519730462, 
    -0.4452537718152092, 
    5.4533783812667371, 
    -9.5521782384501837, 
    4.3644278659975129, 
    1.5149517270115271, 
    -5.1991565199679943, 
    -1.5707954168700602, 
    4.8779807715307628, 
    0.64447510252758922, 
    0.64776348867161126, 
    -1.819894880421016, 
    -3.0111050058597009, 
    -2.1113307964087555, 
    7.026972205602469, 
    4.9692871431290859, 
    -1.5757676627531461, 
    1.6142013750511701, 
    -2.555062460160443, 
    -9.060482966358494, 
    4.8761119964670723, 
    2.1154868004445664, 
    -2.1999160044132373, 
    -3.2652933767773553, 
    0.36286456315161647, 
    -3.415422746336465, 
    -3.2489396938260806, 
    -1.4681637682093991, 
    9.4792373287694858, 
    6.7558356855915616, 
    -2.3100238161379356, 
    4.1286898763941053, 
    6.7723846952479043, 
    -2.0403365148412744, 
    4.2497961484091418, 
    7.6905351564052431, 
    7.146029513235467, 
    4.533087872646913, 
    1.2192308518374873, 
    1.9448103995308215, 
    -3.2008812426504072, 
    -4.9099063937741638, 
    -6.5705269913255071, 
    -5.9263033209640685, 
    0.8295105987742506, 
    4.2608865348595062, 
    2.750423932084443, 
    3.5745658841076131, 
    6.5933761847181724, 
    -1.0843971969892316, 
    7.1272365077708564, 
    4.82183920058295, 
    4.9072865982736191, 
    2.9091291938903923, 
    -6.1761246315111462
  ]
}