{
  "warp_d": 0.3221253216106775, 
  "noise": 25.493258062517075, 
  "log_likelihood": -3806.367052653528, 
  "nlpd": -4.3687206631380153, 
  "rmse": 18.713937711439023, 
  "mae": 14.82698756205766, 
  "pearsonr": [
    0.55866656458522468, 
    1.5397319310728821e-09
  ], 
  "variance": [
    0.83410692441301881, 
    0.00060596132350859916, 
    6.1820431310971742, 
    0.0044752567879530018, 
    0.0021003084031316938, 
    0.012646270567307414, 
    1.7108910145714951, 
    4.2148382626319734, 
    0.00043949228393625476, 
    21.280837973200192, 
    1.6734842624007067, 
    0.00032829611301085193, 
    2.1233341840384141, 
    0.00056996720296900467, 
    0.00068613592411109867, 
    0.00046786418728454737, 
    1.9580451195824622, 
    0.0005927816820500188, 
    1.4087119403371275, 
    2.2561018928955243, 
    6.4829953809813352, 
    2.7636080841795305, 
    0.0037416609721087971, 
    8.2832858758673442, 
    3.6257565183934437, 
    0.058395626555598573, 
    0.0011665452934796665, 
    14.527853321598775, 
    3.6147252863150738, 
    14.564031025738956, 
    0.0012388462905874261, 
    0.0015094556592011111, 
    7.1142282240852293, 
    1.467918350362214, 
    0.024336726330123286, 
    9.0762166552223071, 
    0.0014212521595897548, 
    4.6685433005726535, 
    1.3481457547168658, 
    0.00067460219163843576, 
    0.00087640337896430947, 
    0.0009763830593839004, 
    6.130802121315492, 
    0.0022243876313526164, 
    0.014885261295762009, 
    0.00045649140895949691, 
    7.5472990205470127, 
    0.0028558659678585858, 
    1.0149588908842548, 
    0.0036676576669777512, 
    0.0059966639085963858, 
    0.7586725678065207, 
    0.0012497931784388936, 
    0.014948233390191017, 
    0.0014710053588858091, 
    8.6892273443454453, 
    11.725645468307006, 
    1.2814725966913014, 
    2.8216935307044086, 
    0.0044170978530628001, 
    4.7985782907041514, 
    4.1345990961800476, 
    1.0530047225767203, 
    0.88789619436110956, 
    0.67255873924132403, 
    1.6738158780999681, 
    9.5977454476283626, 
    0.00042460104838376871, 
    0.0003270928345212574, 
    7.1114253211011098, 
    2.533818986927844, 
    0.00035484254918350408, 
    0.00051451797041301246, 
    0.78719478437461732, 
    19.172234830340912, 
    0.06759939163394485, 
    0.00060915711022254445, 
    0.0017319299381471727, 
    3.4993981206027289, 
    1.7973102881987491, 
    0.005813043238076061, 
    0.00061076885592599439, 
    10.567439814874836, 
    7.509989438462541, 
    4.574837160425802, 
    1.8656860642036577, 
    0.00032246058741982394, 
    0.00049346342257241898, 
    0.00034807453337587084, 
    0.0004856631063090236, 
    0.00029773861647907214, 
    4.4323069825879449, 
    0.00034196631424044071, 
    1.9377140670147439, 
    0.0011712973356124135, 
    5.3711064661315833, 
    3.6323870783672221, 
    2.6328700457415422, 
    0.0016152699096477158, 
    3.744504275072468
  ], 
  "warp_psi": [
    [
      3.9425468232716078e-32, 
      0.0017726690624581588, 
      6.4904630837663797
    ], 
    [
      1.4666478795671972e-32, 
      3.1451572457525394, 
      27.499097114369867
    ], 
    [
      9.8546261431731981e-35, 
      8.9946344767465718e-06, 
      4.1893908497553216
    ]
  ]
}