{
  "warp_d": 0.2010978313811338, 
  "noise": 3.533683589596033, 
  "log_likelihood": -3463.262301827758, 
  "nlpd": -3.6068372575559833, 
  "rmse": 8.7550634759052457, 
  "lengthscale": [
    5.2979441803783898
  ], 
  "mae": 6.5044619415368654, 
  "pearsonr": [
    0.66101761445485541, 
    7.1877504269975112e-14
  ], 
  "variance": 16.4557185995573, 
  "warp_psi": [
    [
      3.7430268301800178e-07, 
      5.5439797656358474, 
      0.74174483460707585
    ], 
    [
      3.6006428914593314e-07, 
      0.29914537336266084, 
      0.87694461035479843
    ], 
    [
      8.5450557349300886e-08, 
      0.86414882636241119, 
      -0.61604161134331037
    ]
  ]
}