{
  "warp_d": 0.3902245454520234, 
  "noise": 10.052760344626753, 
  "log_likelihood": -3401.826563985618, 
  "nlpd": -3.5984993170907944, 
  "rmse": 8.9421387154940657, 
  "lengthscale": [
    23.530397551159094, 
    23.974608851624939, 
    16.049580250524595, 
    23.977333872414249, 
    21.763041950498295, 
    17.652227759661915, 
    2.0386970668462014, 
    2.4094455700791535, 
    24.247294750055023, 
    4.1599551940070434, 
    20.217362740946459, 
    26.776358106627768, 
    12.427070216908746, 
    19.616816995699228, 
    1.7530640150840879, 
    6.2875481868920122, 
    23.406864456690823, 
    19.930870660567226, 
    1.851316772470661, 
    12.254635183194198, 
    2.2714592370559799, 
    23.442411018630938, 
    21.884682149957683, 
    14.587400835983006, 
    19.74571492059912, 
    27.413017182150647, 
    4.772833330194409, 
    21.696380258890045, 
    27.885407218062763, 
    12.137302142238163, 
    18.231188355579913, 
    1.917531461322225, 
    21.419255847324422, 
    20.635642940536105, 
    21.80052762379005, 
    17.223166425257947, 
    20.272502588305084, 
    21.215818005474443, 
    18.626201206029105, 
    23.614183324636357, 
    11.484060226889802, 
    22.636620264463843, 
    21.248093005237195, 
    21.103477133349621, 
    22.792224587359367, 
    21.185192024978175, 
    23.60288468761301, 
    16.322149509644404, 
    23.88646600575839, 
    22.475278730668787, 
    14.314780862239751, 
    11.798543801313988, 
    6.5753448852070902, 
    19.725890653746376, 
    22.50021907568463, 
    34.323126106460258, 
    17.96128066951195, 
    23.207103771199328, 
    23.389207246444993, 
    24.182054721224489, 
    2.5659647783235835, 
    29.26988585270815, 
    22.76286234257703, 
    18.341317516525702, 
    26.527095468197825, 
    11.235052180500462, 
    3.461518715573622, 
    17.39474408373966, 
    24.270294985260964, 
    13.528875446239114, 
    20.825258217168081, 
    21.9852274590022, 
    19.936262708905158, 
    20.377455866837799, 
    17.207781420378716, 
    17.799640453951028, 
    20.521741548648933, 
    9.118401550763549, 
    14.985550661510587, 
    3.4359160597049949, 
    19.799358651022786, 
    1.5178111967506374, 
    19.495874826744981, 
    16.779302956620249, 
    29.147333911320732, 
    11.722209950363348, 
    26.181060334952232, 
    23.531125617089867, 
    12.941962994662051, 
    3.8485846868878735, 
    19.227126262831842, 
    19.151214872349975, 
    18.894588828336516, 
    26.182596191014596, 
    4.2388430493887377, 
    19.088401267420764, 
    23.619653941424694, 
    1.7444888831141618, 
    20.908872318760615, 
    19.285321946632472
  ], 
  "mae": 6.7851400023372141, 
  "pearsonr": [
    0.66606363467393748, 
    3.9703098617287535e-14
  ], 
  "variance": 97.15273502400142, 
  "warp_psi": [
    [
      1.7448095325123632e-28, 
      0.027201651625648946, 
      3.586111087960997
    ], 
    [
      1.5581525098446161e-71, 
      0.27302143045338023, 
      4.2141331069444696
    ], 
    [
      1.0194288849290441e-23, 
      0.021459826467734533, 
      -1.7372523236574196
    ]
  ]
}