{
  "warp_d": 0.35225828831876194, 
  "noise": 13.870519472856545, 
  "log_likelihood": -3530.75006058332, 
  "nlpd": -3.9404656236605349, 
  "rmse": 12.218195376863729, 
  "lengthscale": [
    2.252617571386283, 
    13.733847065140759, 
    6.9845953535854024, 
    14.411210644320573, 
    1.7645723795441026, 
    19.710090162449735, 
    14.832647799218275, 
    2.2905647789395802, 
    16.017469571054249, 
    12.051819386079391, 
    15.413029289965344, 
    11.161051855163835, 
    17.026457874698359, 
    12.971581400432777, 
    4.5225078496151054, 
    15.111472904607224, 
    12.772519370723549, 
    15.746122877768844, 
    16.97435672269695, 
    16.89362157995123, 
    15.388493544500781, 
    11.627290241897013, 
    4.3454141340719961, 
    15.888124831796297, 
    14.363402862401086, 
    13.824835071038295, 
    15.465457690241678, 
    14.315612723352022, 
    17.089623704881181, 
    6.4207100265363151, 
    16.815090277362955, 
    9.017778433674879, 
    10.370871104161642, 
    6.9051258466641077, 
    15.919340950546976, 
    14.833890522265932, 
    7.7567767268090968, 
    16.917016308364786, 
    2.0393098085240275, 
    13.529743557220842, 
    7.947094623778117, 
    14.163878953752345, 
    17.822669647406062, 
    11.84672189178039, 
    2.9880306526469305, 
    15.947108411193673, 
    15.116562933230764, 
    13.377407121568794, 
    14.777772759736919, 
    18.258266589041398, 
    15.006769138939596, 
    14.779546665505626, 
    11.689053891597977, 
    18.153021666956192, 
    13.119674492303284, 
    28.023002975969977, 
    13.884288208786455, 
    18.705503265082811, 
    20.523019945888141, 
    13.63167771921389, 
    16.325676077077663, 
    14.177457839142649, 
    5.2767152895025884, 
    10.87181910227547, 
    10.793866062454109, 
    12.785570483178127, 
    8.1836142673186014, 
    1.7849992782284618, 
    19.449337036443318, 
    13.563296110076545, 
    3.5789527902609914, 
    11.963588687658623, 
    1.3429265119159668, 
    15.690039502659644, 
    11.979191170725151, 
    13.360157569299865, 
    17.372405455957072, 
    8.0989739669998979, 
    17.942013442489195, 
    13.424389527949915, 
    8.9314940201095396, 
    9.6758901729873088, 
    12.337916817329543, 
    12.762998264195751, 
    15.731561439258153, 
    12.001929573481549, 
    13.32121850320809, 
    17.600466001908327, 
    14.709847324280476, 
    14.941988482816441, 
    9.9127500794331205, 
    13.124021753694278, 
    2.1546024600357399, 
    13.241034615294812, 
    17.54137793188643, 
    16.07624735524923, 
    4.4397144958196062, 
    3.450151158913743, 
    15.569323911001506, 
    12.868681204571812
  ], 
  "mae": 9.2090936286666008, 
  "pearsonr": [
    0.49503803238423433, 
    1.6433129790550134e-07
  ], 
  "variance": 49.76730724048244, 
  "warp_psi": [
    [
      8.014548317124289e-29, 
      0.93128051658243172, 
      -3.2693329852926718
    ], 
    [
      1.5838050313160326e-24, 
      0.00010117464250338264, 
      0.11420316098238992
    ], 
    [
      1.1405065447341997e-36, 
      1.6353980963677315, 
      10.908814391368395
    ]
  ]
}