{
  "lengthscale": [
    0.50928621218795533
  ], 
  "noise": [
    28.451488645746963, 
    12.45595012968332, 
    29.23271800052114, 
    18.859629785052697, 
    32.054350859745995, 
    40.80145664281839
  ], 
  "kappa": [
    20.95421098379692, 
    18.220565236609442, 
    51.11918428793294, 
    47.85929692699418, 
    54.22852026989111, 
    34.46968131322119
  ], 
  "log_likelihood": -21346.751084037478, 
  "power": [
    0.018534741144741077
  ], 
  "joy": {
    "mae": 11.662313556302571, 
    "nlpd": 4.1341594594087709, 
    "pearsonr": [
      0.67635831470538066, 
      1.1406885341597844e-14
    ], 
    "rmse": 13.830955310781007
  }, 
  "W": [
    2.454169461356064, 
    1.492184146027959, 
    3.671261728664906, 
    -7.594112909999989, 
    6.1330600372018305, 
    -1.4394772215483052
  ], 
  "sadness": {
    "mae": 11.809981365763001, 
    "nlpd": 4.2359774177111538, 
    "pearsonr": [
      0.81989472888971582, 
      1.788257064831434e-25
    ], 
    "rmse": 16.136710456218601
  }, 
  "disgust": {
    "mae": 6.2263206921646894, 
    "nlpd": 3.8176102460336203, 
    "pearsonr": [
      0.63690589099728212, 
      1.05462169889863e-12
    ], 
    "rmse": 10.120484672634802
  }, 
  "variance": 71.53313726504179, 
  "anger": {
    "mae": 7.9790745870522928, 
    "nlpd": 3.8684583520391578, 
    "pearsonr": [
      0.62380858470560996, 
      4.1194189777513393e-12
    ], 
    "rmse": 11.283043028908954
  }, 
  "surprise": {
    "mae": 10.026465137722477, 
    "nlpd": 3.9302508187680703, 
    "pearsonr": [
      0.59987733322061121, 
      4.2408545973471665e-11
    ], 
    "rmse": 12.19945882739307
  }, 
  "fear": {
    "mae": 8.8051780304072498, 
    "nlpd": 3.9523357387890048, 
    "pearsonr": [
      0.77416747651769136, 
      3.5465068431337925e-21
    ], 
    "rmse": 12.11196981415929
  }
}