{
  "warp_d": 0.7286593470596776, 
  "noise": 19.486103671796013, 
  "log_likelihood": -3863.1676640013116, 
  "nlpd": -4.1316351390273356, 
  "rmse": 15.705507405419908, 
  "weight_variance": [
    383.85724812981027
  ], 
  "bias_variance": 382.40479389186015, 
  "mae": 12.122526277733082, 
  "pearsonr": [
    0.74588341461955154, 
    5.4264295443026094e-19
  ], 
  "variance": 531.7234987831209, 
  "warp_psi": [
    [
      5.5626846462681369e-309, 
      3.869375471471909e-14, 
      100.87179456564118
    ], 
    [
      5.5626846462681369e-309, 
      6.336279701112697, 
      -33.62539192427267
    ], 
    [
      5.5626846462681369e-309, 
      0.078082495227687093, 
      -193.83254174002971
    ]
  ]
}