{
  "regularization": 10.0, 
  "rmse": 12.945768225151035, 
  "epsilon": 10.0, 
  "mae": 10.247180647840677, 
  "pearsonr": [
    0.46775730877135457, 
    9.253205837966387e-07
  ], 
  "gamma": 0.10000000000000001
}