{
  "noise": 0.13980006004459095, 
  "log_likelihood": -997.932829046674, 
  "nlpd": -663.36545881640825, 
  "rmse": 12.474341051551924, 
  "weight_variance": [
    431.63391536226447
  ], 
  "bias_variance": 26845.009038655102, 
  "mae": 8.1030014893035904, 
  "pearsonr": [
    0.80947673204842097, 
    2.149357711682997e-24
  ], 
  "variance": 2.9233822664925655
}