{
  "warp_d": 0.1352529428297722, 
  "noise": 1.576192065023092, 
  "log_likelihood": -3844.697683228674, 
  "nlpd": -4.2607864523506551, 
  "rmse": 16.704478227729705, 
  "lengthscale": [
    2.6373777857884582
  ], 
  "mae": 12.021812442456687, 
  "pearsonr": [
    0.65316615696651914, 
    1.7701078530726238e-13
  ], 
  "variance": 12.258127170461215, 
  "warp_psi": [
    [
      1.1709822151556509e-07, 
      0.9945737113408688, 
      -0.38098398957741181
    ], 
    [
      4.0378119470726941e-07, 
      1.6927458936348156, 
      0.74373469061011521
    ], 
    [
      1.347142278459867e-07, 
      0.61917755118302609, 
      6.71748683806178
    ]
  ]
}