{
  "noise": 5.669658944138585, 
  "log_likelihood": -3133.096850019864, 
  "nlpd": -3.2816353720415776, 
  "rmse": 6.33672334135791, 
  "weight_variance": [
    5.5626846462681369e-309, 
    5.5626846462681369e-309, 
    5.5626846462681369e-309, 
    5.5626846462681369e-309, 
    5.5626846462681369e-309, 
    203.23219082760386, 
    5.5626846462681369e-309, 
    5.5626846462681369e-309, 
    5.5626846462681369e-309, 
    2670.9353011697194, 
    342.54348390070027, 
    5.5626846462681369e-309, 
    203.4735383222316, 
    9.0114844085752416e-259, 
    5.5626846462681369e-309, 
    683.75807713155382, 
    5.5626846462681369e-309, 
    23356.773587015934, 
    5.5626846462681369e-309, 
    5.5626846462681369e-309, 
    881.92559586434334, 
    5.5626846462681369e-309, 
    5.5626846462681369e-309, 
    5.5626846462681369e-309, 
    5.5626846462681369e-309, 
    5.5626846462681369e-309, 
    5.5626846462681369e-309, 
    7119.6994055127834, 
    5.5626846462681369e-309, 
    32454.572776370191, 
    10682.864283618095, 
    5.5626846462681369e-309, 
    5.5626846462681369e-309, 
    5.5626846462681369e-309, 
    5.5626846462681369e-309, 
    1310.78080048591, 
    5.5626846462681369e-309, 
    27784.212416731509, 
    5977.1669672215494, 
    5.5626846462681369e-309, 
    5.5626846462681369e-309, 
    5.5626846462681369e-309, 
    5.5626846462681369e-309, 
    933.06497588877687, 
    5.5626846462681369e-309, 
    1097.9320277661245, 
    5.5626846462681369e-309, 
    5.5626846462681369e-309, 
    5.5626846462681369e-309, 
    283.85800894093103, 
    431.61088163958863, 
    5.5626846462681369e-309, 
    5.5626846462681369e-309, 
    2.5204283237697843e-194, 
    2624.0998947801322, 
    5.5626846462681369e-309, 
    5.5626846462681369e-309, 
    5.5626846462681369e-309, 
    5.5626846462681369e-309, 
    5.5626846462681369e-309, 
    5.5626846462681369e-309, 
    5.5626846462681369e-309, 
    5.5626846462681369e-309, 
    1189.8929705642802, 
    5.5626846462681369e-309, 
    5.5626846462681369e-309, 
    533.59704612535995, 
    5.5626846462681369e-309, 
    5.5626846462681369e-309, 
    253.13010165723293, 
    5.5626846462681369e-309, 
    14381.870412078188, 
    5.5626846462681369e-309, 
    5.5626846462681369e-309, 
    5.5626846462681369e-309, 
    5.5626846462681369e-309, 
    79862.79009508653, 
    1663.0216177557352, 
    5.5626846462681369e-309, 
    5.5626846462681369e-309, 
    477.81446391042232, 
    9793.8605708485047, 
    5.5626846462681369e-309, 
    5.5626846462681369e-309, 
    5.5626846462681369e-309, 
    1283.111157226577, 
    13408.104434371235, 
    5273.2962880481773, 
    5.5626846462681369e-309, 
    5.5626846462681369e-309, 
    5.5626846462681369e-309, 
    5.5626846462681369e-309, 
    5356.5075206001275, 
    5.5626846462681369e-309, 
    5116.4834767413377, 
    5.5626846462681369e-309, 
    9304.4009457226857, 
    5.5626846462681369e-309, 
    301.58000919593019, 
    5.5626846462681369e-309
  ], 
  "bias_variance": 5.562684646268137e-309, 
  "mae": 4.7223966609905146, 
  "pearsonr": [
    0.46529612097036549, 
    1.0736596745311155e-06
  ], 
  "variance": 193.24541620820213
}