{
  "noise": 0.09972961882508964, 
  "log_likelihood": -1094.4686582097636, 
  "nlpd": -64.321020032567702, 
  "rmse": 7.0971957683091915, 
  "weight_variance": [
    5.5626846462681369e-309, 
    5.5626846462681369e-309, 
    5.5626846462681369e-309, 
    5.5626846462681369e-309, 
    5.5626846462681369e-309, 
    5.5626846462681369e-309, 
    503568.03174922219, 
    5.5626846462681369e-309, 
    83745.236936624278, 
    171385.29718325788, 
    5.5626846462681369e-309, 
    5.5626846462681369e-309, 
    5.5626846462681369e-309, 
    5.5626846462681369e-309, 
    5.5626846462681369e-309, 
    1304339.5990514294, 
    5.5626846462681369e-309, 
    16201.021830866091, 
    262869.27136744314, 
    5.5626846462681369e-309, 
    5.5626846462681369e-309, 
    5.5626846462681369e-309, 
    5.5626846462681369e-309, 
    5.5626846462681369e-309, 
    5.5626846462681369e-309, 
    5.5626846462681369e-309, 
    1210383.3057305329, 
    980868.65548507066, 
    5.5626846462681369e-309, 
    2206003.7788527245, 
    1888996.9855856888, 
    573991.71483144397, 
    5.5626846462681369e-309, 
    5.5626846462681369e-309, 
    5.5626846462681369e-309, 
    279879.65587453754, 
    5.5626846462681369e-309, 
    692745.02815954294, 
    416715.60549438966, 
    5.5626846462681369e-309, 
    5.5626846462681369e-309, 
    5.5626846462681369e-309, 
    5.5626846462681369e-309, 
    5.5626846462681369e-309, 
    61202.433917641945, 
    5.5626846462681369e-309, 
    5.5626846462681369e-309, 
    5.5626846462681369e-309, 
    5.5626846462681369e-309, 
    5.5626846462681369e-309, 
    251733.64982113871, 
    5.5626846462681369e-309, 
    506037.56926963263, 
    5.5626846462681369e-309, 
    491007.6560273894, 
    121787.18762663538, 
    5.5626846462681369e-309, 
    5.5626846462681369e-309, 
    557910.55225415528, 
    5.5626846462681369e-309, 
    5.5626846462681369e-309, 
    90474.36331726861, 
    5.5626846462681369e-309, 
    5.5626846462681369e-309, 
    5.5626846462681369e-309, 
    5.5626846462681369e-309, 
    194273.29770142309, 
    277984.12211286224, 
    61250.876626344696, 
    202838.00874075189, 
    5.5626846462681369e-309, 
    882873.16788712295, 
    5.5626846462681369e-309, 
    1233706.4086851378, 
    128876.67644020842, 
    5.5626846462681369e-309, 
    584711.1147185961, 
    456948.90252207866, 
    5.5626846462681369e-309, 
    5.5626846462681369e-309, 
    5.5626846462681369e-309, 
    556892.94031097041, 
    5.5626846462681369e-309, 
    5.5626846462681369e-309, 
    5.5626846462681369e-309, 
    146080.19777439497, 
    5.5626846462681369e-309, 
    1101816.2189957527, 
    5.5626846462681369e-309, 
    5.5626846462681369e-309, 
    5.5626846462681369e-309, 
    5.5626846462681369e-309, 
    291198.85514564044, 
    5.5626846462681369e-309, 
    4041729.4783676779, 
    5.5626846462681369e-309, 
    1300438.9355962253, 
    5.5626846462681369e-309, 
    5.5626846462681369e-309, 
    41188.058587679538
  ], 
  "bias_variance": 534279.0922272389, 
  "mae": 5.1821769226557857, 
  "pearsonr": [
    0.29694228701082337, 
    0.0026992127528683548
  ], 
  "variance": 2.4729110128041643
}