{
  "regularization": 100.0, 
  "rmse": 17.056580976945817, 
  "intercept": 16.128122362249147, 
  "mae": 12.403950278024931, 
  "pearsonr": [
    0.34752546896540182, 
    7.1596042644868875e-05
  ], 
  "coefs": [
    2.2667521329769662, 
    1.3260248670147829, 
    -0.90315551632193269, 
    0.36290905700004494, 
    -0.95406463204980607, 
    0.11704319243644173, 
    0.52998520869047838, 
    1.3649794308876777, 
    0.63448659614878289, 
    -0.16922789295296675, 
    -0.66267036257323009, 
    0.34986753932925424, 
    0.10483584462509707, 
    0.16504799121242014, 
    1.1079523113492089, 
    -0.065022037096799976, 
    0.2932471276455188, 
    0.83414322480138114, 
    1.3962757367387593, 
    0.20096753321777963, 
    -1.4384094859870207, 
    0.10748283194039229, 
    -1.4613074056958497, 
    0.80044609934024835, 
    -0.8126001894750885, 
    0.97355948953131688, 
    0.22644555644456124, 
    -1.9340966016063912, 
    -0.093210096557462707, 
    -0.14288041902186333, 
    1.0972432413592272, 
    1.1918599189250652, 
    -1.4716576442516096, 
    -0.79972327622183192, 
    0.69270560455926322, 
    0.27825762087051231, 
    -0.98677778291559393, 
    0.17738980106064869, 
    0.3436220907042718, 
    -0.16499881762712659, 
    -0.95112500661478805, 
    0.39187769572405662, 
    -0.65693080850773977, 
    -0.61784063008551282, 
    -0.87204900033064692, 
    1.0579989522178461, 
    -0.74474365065285664, 
    0.6109236725133399, 
    0.153678354320327, 
    -0.50071157834512492, 
    0.27428458733217836, 
    -0.15333636769924261, 
    0.28355126802708058, 
    0.2028431167360828, 
    0.086182321622155014, 
    0.51530284066634302, 
    -1.8181604297590548, 
    -0.58929020759291495, 
    0.54161358963153727, 
    -0.35795241459702426, 
    0.4561948650901248, 
    1.4585240798205128, 
    1.4615323900880266, 
    0.52067618123907922, 
    0.28757750753262235, 
    0.42438312621513602, 
    1.3285383621979392, 
    -2.1549196777300521, 
    0.84960976810907918, 
    -0.30662789142460711, 
    2.1173512415461051, 
    0.46678679327536698, 
    1.1936926816483919, 
    1.565847152593705, 
    -0.37772196955276721, 
    0.068671268516861422, 
    1.0446608033691425, 
    -1.7343324959607942, 
    -0.12760573025177699, 
    -1.3431964107037178, 
    -1.2266360076842462, 
    -0.85355839690136226, 
    0.02324388718219144, 
    -0.45178983547483625, 
    -1.4247755053741136, 
    0.77520933419580784, 
    2.0484735902232409, 
    0.15700267637988483, 
    -1.2473377212437011, 
    0.69899116474219813, 
    1.5631419989954152, 
    0.21969860344261222, 
    2.1138767143957939, 
    -0.52365654348870272, 
    0.22660676471998037, 
    -0.6853592582182263, 
    -1.549843534249933, 
    -2.5693098680291282, 
    0.37342557177649638, 
    -0.85901762427824513
  ]
}