{
  "noise": 59.79020780667574, 
  "log_likelihood": -3845.1219416844415, 
  "nlpd": -4.2614363774008694, 
  "rmse": 16.60228863173699, 
  "lengthscale": [
    32.965884885760971, 
    1.36517459423197, 
    16.073728461333303, 
    1.8143763548348129, 
    1.2888206585918975, 
    1.2013191062883612, 
    15.813669835311156, 
    24.012106548001174, 
    1.9662799803232378, 
    0.85007902039205563, 
    22.725129179545021, 
    9.5713454523991484, 
    25.693480594891117, 
    28.622949811276222, 
    5.2241469502075129, 
    25.16164845276732, 
    5.5610498424782735, 
    0.88904549853257042, 
    26.75231151439829, 
    29.341940914998482, 
    59.923431235531211, 
    7.5780264248230607, 
    11.866575636762651, 
    27.434848876312792, 
    26.86412724706803, 
    27.260098891439814, 
    26.287696305041802, 
    22.339558266179743, 
    2.0233208928591369, 
    1.0650780892872942, 
    1.3829070524876046, 
    25.370701164951413, 
    3.0434581593048087, 
    1.2380674322042664, 
    9.7178879031472452, 
    1.1975681979649977, 
    57.605026041393501, 
    22.666484272733761, 
    2.1795652212914787, 
    12.531736811704489, 
    0.7658226182778155, 
    21.147797452349195, 
    3.8328845430416396, 
    23.313035022024781, 
    19.862378793442748, 
    29.758235651548624, 
    5.6954146518759954, 
    21.965938646540909, 
    29.713969639462377, 
    27.630125922473425, 
    31.833957438612615, 
    0.85884551592237401, 
    28.595192269678726, 
    27.470372578533205, 
    29.850790721853986, 
    21.084962525199963, 
    10.956744279791762, 
    4.3027069280808288, 
    30.530093384721084, 
    1.8275909507472585, 
    7.5750170856259338, 
    0.88932627666149511, 
    22.879330417691918, 
    18.523235588030772, 
    50.020017222136133, 
    27.391652945188994, 
    65.586461337276603, 
    0.61933988388105532, 
    8.8518750078958206, 
    20.368414265239903, 
    0.913195373930206, 
    15.665586222498721, 
    2.4057405915667838, 
    5.9924160028763618, 
    26.165230842355726, 
    23.501486078716539, 
    0.86425954698152996, 
    24.038329319071583, 
    48.479268174648183, 
    0.75317182449397402, 
    1.2465381830704625, 
    36.149782382177371, 
    20.82166560758056, 
    33.532317026283238, 
    26.369562723149265, 
    16.582192512501155, 
    1.2172680459336744, 
    21.352370030577816, 
    0.63830459390183669, 
    27.583824465681555, 
    23.844184912763648, 
    0.83274923330273454, 
    29.173344748296337, 
    26.238367387803041, 
    0.98715866845938527, 
    1.2552207436336522, 
    19.050009464801317, 
    28.869795350690186, 
    19.866334232252317, 
    18.951790720813236
  ], 
  "mae": 13.126264595001505, 
  "pearsonr": [
    0.53175931810101584, 
    1.248602619938161e-08
  ], 
  "variance": 491.6183966650841
}