{
  "noise": 0.6705360558058523, 
  "log_likelihood": -1164.6243109159777, 
  "nlpd": -503.99026669821802, 
  "rmse": 16.509013146071524, 
  "mae": 13.920690002289211, 
  "pearsonr": [
    0.56545312936499781, 
    8.8141057423082795e-10
  ], 
  "variance": [
    0.054850416870242912
  ]
}