{
  "noise": 33.93193812235209, 
  "log_likelihood": -3844.5896356686612, 
  "nlpd": -4.1684652248662566, 
  "rmse": 15.244079295380967, 
  "weight_variance": [
    5310456.857782362
  ], 
  "bias_variance": 114089050.3924433, 
  "mae": 11.300450309582841, 
  "pearsonr": [
    0.67703492393496123, 
    1.049065341057499e-14
  ], 
  "variance": 1373.1755677111519
}