{
  "warp_d": 0.27569235772307027, 
  "noise": 68.21155969238909, 
  "log_likelihood": -7458945.733468921, 
  "nlpd": -7984.1492944867459, 
  "rmse": 188.28537136412245, 
  "lengthscale": [
    243.92620370387129, 
    330.87854991273349, 
    182.61667115993103, 
    326.97992339252363, 
    301.11850011414742, 
    390.68658062649342, 
    310.88921133573143, 
    274.64786428340136, 
    363.38306706851188, 
    291.88388476872467, 
    199.3411390223753, 
    279.43236693292312, 
    315.39671226370984, 
    303.59971866859905, 
    245.46236437093438, 
    195.28915311342436, 
    361.17436969831988, 
    250.68524232815696, 
    299.09037756639066, 
    321.46776019253309, 
    314.68599220277861, 
    277.89734721738859, 
    257.45406340729409, 
    358.17290633156631, 
    286.19907136677136, 
    357.18874415581104, 
    251.0178756862488, 
    307.17693473079521, 
    404.68170369995738, 
    269.72477741755438, 
    360.58594233775671, 
    352.09453997462867, 
    246.52522341353904, 
    240.08235069318636, 
    203.52171595581757, 
    253.27354184684111, 
    309.03696706042587, 
    325.37836796607712, 
    311.65962069220285, 
    265.65382279730238, 
    296.75456808655525, 
    247.19729098364962, 
    382.91978261678918, 
    243.58196196124376, 
    308.39753083978843, 
    287.740478121661, 
    244.75588140952357, 
    283.71189768467013, 
    289.37854491569334, 
    304.69910546754591, 
    264.40826793915932, 
    247.15371467400308, 
    281.65961374478889, 
    300.13215895580413, 
    316.176465369244, 
    698.96306048197721, 
    276.44067030076172, 
    284.11053897657808, 
    496.21256156172188, 
    213.35585063416784, 
    296.3584159459885, 
    358.03742266518901, 
    307.65040161041736, 
    344.459746093033, 
    328.62747176762133, 
    253.77273094618624, 
    301.59573361109608, 
    334.05131946231762, 
    344.04768606400978, 
    235.81137585206469, 
    235.36638465453791, 
    306.45503716685556, 
    307.91722899075074, 
    395.52776643328809, 
    240.32944963909293, 
    327.47779426587647, 
    338.95079595175832, 
    291.04532593483191, 
    330.83051514827685, 
    214.80469259345878, 
    245.82009692636458, 
    249.2130198974387, 
    314.72014288683272, 
    302.01014249821111, 
    361.71694749983283, 
    287.00873634171114, 
    281.14308202831853, 
    375.92295136501622, 
    281.04574243969142, 
    330.25265423695407, 
    300.99727688549143, 
    256.6809337940939, 
    321.77277206480125, 
    320.37794536503912, 
    335.41630242221481, 
    300.49538737579968, 
    315.34771071472727, 
    347.0276699425317, 
    348.50924135216007, 
    305.04518085605503
  ], 
  "mae": 150.00357668898903, 
  "pearsonr": [
    -0.10259441058140144, 
    0.30975863114362856
  ], 
  "variance": 2177.177683725851, 
  "warp_psi": [
    [
      1109.7430055110588, 
      5927.0269253601273, 
      -1.5318900816732468
    ], 
    [
      5.5626846462681369e-309, 
      5.5626846462681369e-309, 
      -781.23170662439099
    ], 
    [
      5.5626846462681369e-309, 
      2.3217983693031684e-101, 
      -535.95957815180896
    ]
  ]
}