{
  "noise": 32.878642310736176, 
  "log_likelihood": -3868.2744561978407, 
  "nlpd": -4.2966888563816097, 
  "rmse": 18.126714063718797, 
  "weight_variance": [
    5385310.2801773027
  ], 
  "bias_variance": 413833007.8463097, 
  "mae": 14.357587267340371, 
  "pearsonr": [
    0.59804307771171161, 
    5.0307709756113772e-11
  ], 
  "variance": 2294.1020947267275
}