{
  "noise": 0.2292782985292901, 
  "power": [
    1.9263731179544445
  ], 
  "nlpd": -492.95650458121696, 
  "rmse": 12.217600715817296, 
  "lengthscale": [
    1.5967328149247473, 
    6.4033353634042642, 
    0.87798400106393781, 
    15.74585158532194, 
    0.69256695188954187, 
    13.718010434708852, 
    4.9100954829060477, 
    1.3713075256102143, 
    8.9396753768395776, 
    13.781007808444857, 
    10.854791402607896, 
    0.64219658661773327, 
    8.8111093477754672, 
    10.073396318891993, 
    2.6693811887981997, 
    13.552236766923553, 
    15.708435143028366, 
    7.3247940313543021, 
    12.981070446795156, 
    8.8600865037777705, 
    10.798552870059115, 
    12.495262994173071, 
    12.124617350764856, 
    13.584405868608176, 
    6.8640501631955892, 
    9.4599778600294346, 
    0.98293062018390698, 
    16.558806371674098, 
    12.236181040025386, 
    1.0660509550532213, 
    21.039502718958367, 
    16.786207877523807, 
    4.8148460840587255, 
    2.4847688151797631, 
    14.179347195778938, 
    12.757204828105985, 
    4.6795724001423418, 
    15.620747421783127, 
    1.6968662822481482, 
    21.121117999787824, 
    1.0667743370275566, 
    14.312887296091864, 
    8.8985103209635401, 
    13.016765220552012, 
    0.42625913035555713, 
    12.030193047780662, 
    11.884700187111967, 
    18.196454710880616, 
    9.3594536392348413, 
    12.036742792869127, 
    14.069440055223913, 
    13.055174687723607, 
    4.216235022074402, 
    8.6436062173161226, 
    13.806199452051832, 
    10.092838598243855, 
    3.8076032757723937, 
    3.4929741312681299, 
    9.7966633433135275, 
    3.4764555841933822, 
    9.9873380438230157, 
    2.0780401223987877, 
    13.628083691107195, 
    16.71779101634532, 
    12.779718212440308, 
    7.6024065910737235, 
    2.1763675997309235, 
    0.8682709588813815, 
    14.192813353487134, 
    25.969531891767435, 
    0.79901025616194454, 
    0.66109118305903936, 
    0.28322295009953125, 
    1.5344531154846424, 
    0.76780801085843686, 
    5.7119189982228296, 
    2.7781956209312728, 
    8.4871283572977472, 
    12.123876441146992, 
    13.096080900959228, 
    10.28635804879557, 
    2.7953885945807508, 
    16.394075848414509, 
    9.1980139740337847, 
    8.552049426748237, 
    9.0503578176746782, 
    1.2019235390538072, 
    13.620872092567739, 
    1.3221124898597516, 
    11.543265550306188, 
    1.4624571512256754, 
    0.8171237342660117, 
    0.61795072077939894, 
    11.151857842991294, 
    12.791552554010751, 
    15.259008610597954, 
    1.0346025845867697, 
    1.6433831926664375, 
    11.23520467413255, 
    0.78625558948459329
  ], 
  "mae": 9.5668823495647697, 
  "pearsonr": [
    0.60190108778672979, 
    3.5080113780032084e-11
  ], 
  "variance": 0.7851280422338007, 
  "log_likelihood": -1123.9193491287824
}