{
  "noise": 0.7047496640799807, 
  "log_likelihood": -1157.505845212912, 
  "nlpd": -319.90732047539672, 
  "rmse": 12.2181729177221, 
  "mae": 8.9666880312872568, 
  "pearsonr": [
    0.43287559269394582, 
    6.8572484218999238e-06
  ], 
  "variance": [
    0.32296601476552367, 
    0.0031229784684652, 
    0.1077068704526148, 
    0.0002533171491452429, 
    0.11213401991343926, 
    2.9520868970627468e-05, 
    0.00056170442960468299, 
    0.12383752289014463, 
    2.3469408064317246e-05, 
    2.3959044251156486e-05, 
    0.066918257114117405, 
    1.7192711340796434e-05, 
    1.1626172806154968e-05, 
    0.00099451283365813116, 
    0.36062150047270575, 
    2.7109590178859153e-05, 
    9.7809959023094294e-06, 
    0.0011293651998774863, 
    0.00011340444441965979, 
    7.924322146733623e-06, 
    9.2352612882286886e-05, 
    0.00026567616112918092, 
    0.056902264434504413, 
    1.1011809516167509e-05, 
    0.0014781468979767395, 
    8.84146109094495e-06, 
    1.2518105801535087e-05, 
    0.00011053494025715346, 
    1.0188828654090239e-05, 
    0.065192082192152903, 
    8.7257033096950807e-05, 
    1.4970146432991923e-05, 
    0.12219207720724462, 
    0.30711959556455593, 
    1.4119780256636568e-05, 
    4.2150632687113584e-05, 
    0.07725915685587445, 
    8.8934837300962328e-06, 
    0.027730050949138139, 
    1.3872880801998256e-05, 
    0.11780376262964282, 
    1.9952240699786903e-05, 
    8.403510333117698e-06, 
    0.00030024204825215367, 
    0.13803360471165788, 
    1.6669911680473911e-05, 
    7.4693301511769456e-06, 
    0.06250006436832431, 
    9.3991894212860254e-06, 
    1.265843941732846e-05, 
    0.022212862892776887, 
    2.8004252140234908e-05, 
    0.10097259613704299, 
    1.3081259950494462e-05, 
    2.291299196858429e-05, 
    2.5764015795655295e-06, 
    0.10776660794488145, 
    1.7583964215620058e-05, 
    0.043920643587349276, 
    0.04637058391502339, 
    0.034465908467877317, 
    0.039008306315841894, 
    0.073838054826732044, 
    1.11609536846893e-05, 
    2.739139416736151e-05, 
    1.7814382378253582e-05, 
    0.16960702007647049, 
    0.27269667835009254, 
    8.4315698383574622e-06, 
    1.2930778942839041e-05, 
    0.55756587699029625, 
    2.5685069470010567e-05, 
    2.5378009745065577e-05, 
    0.081298933219920572, 
    1.8651902337961666e-05, 
    0.017429527403977966, 
    7.9268281348824366e-05, 
    0.12949585615920955, 
    1.2477279823685032e-05, 
    0.020607092032829791, 
    0.069149436403958695, 
    0.12103839222495812, 
    7.1102094571514029e-05, 
    1.6885372705395167e-05, 
    0.00033438715555762652, 
    0.067550039389642977, 
    0.085970650371869337, 
    1.9451071662302195e-05, 
    1.6705440887969311e-05, 
    0.038757378082753507, 
    0.043862001474101867, 
    7.0239347692713477e-05, 
    0.24128809128181383, 
    1.0925823757697373e-05, 
    8.2388817208253292e-06, 
    0.0085694166486336154, 
    0.20461063894686951, 
    0.16587853637279978, 
    1.9400183190695446e-05, 
    0.040170405001766954
  ]
}