{
  "pearsonr": [
    0.42501977628336896, 
    7.7943773697904768e-07
  ], 
  "nlpd": 4.1591992445953583, 
  "rmse": 15.166517618873964, 
  "Gaussian_noise.variance": 121.12721585091285, 
  "mlp.variance": 220.66295765310352, 
  "mlp.weight_variance": 6779766.80965943, 
  "mae": 11.147955182359389, 
  "log_likelihood": -4518.168858908079, 
  "mlp.bias_variance": 83786453.88061771
}