{
  "noise": 0.29100901713448335, 
  "power": [
    1.4386605146752374
  ], 
  "nlpd": -434.59134908467547, 
  "rmse": 12.255801559378456, 
  "lengthscale": [
    1.4111712146400106
  ], 
  "mae": 9.913734208927556, 
  "pearsonr": [
    0.60783113011842949, 
    1.9965243491498235e-11
  ], 
  "variance": 0.7060980407339156, 
  "log_likelihood": -1170.2000243050143
}