{
  "noise": 0.06457395098895147, 
  "log_likelihood": -892.1817314327468, 
  "nlpd": -1252.7850188437917, 
  "rmse": 16.215786207234434, 
  "lengthscale": [
    1.77994022664607, 
    13.13288644079274, 
    7.5371773735043677, 
    22.704879181812078, 
    21.315079535791476, 
    0.95495250498040263, 
    1.9188777980238938, 
    4.1197837758212312, 
    1.4749645751280367, 
    0.79663192127750027, 
    18.509624453441138, 
    18.014256655350298, 
    29.207336771487231, 
    15.067945706486039, 
    26.275221483708037, 
    28.045113287421401, 
    2.0845338555662978, 
    22.32057751126565, 
    20.42787793934831, 
    19.743257650631563, 
    11.168659716774872, 
    24.941737868612215, 
    16.154902135399702, 
    21.709317238401752, 
    28.040103034547339, 
    2.812782585001198, 
    29.979304153514505, 
    2.2694180098914365, 
    3.2485962032255791, 
    2.0497743448704528, 
    1.4012600839649125, 
    1.5796590751254846, 
    18.180018402024054, 
    22.582184092533385, 
    28.174716503553078, 
    1.5246080886214541, 
    23.548401612380555, 
    2.4235823504569098, 
    1.7494500716534009, 
    4.4410712326026225, 
    1.1829132006126017, 
    23.003430306839874, 
    1.5918716618225961, 
    26.505537059250607, 
    1.089993424597373, 
    3.4894545388196216, 
    1.3690551405184939, 
    20.715032667778079, 
    27.669253274522891, 
    12.684121231451734, 
    2.6301480966352311, 
    25.180322041418037, 
    21.672443074047219, 
    23.219276284725634, 
    1.5613029669795759, 
    36.384093473811056, 
    3.2246465663285453, 
    17.837271295246108, 
    27.04632294615373, 
    17.672558058702574, 
    22.327322207976842, 
    12.485563527828418, 
    16.484471026361309, 
    22.811768065955739, 
    19.88658890177739, 
    0.73118370208360417, 
    2.7145789895035684, 
    23.999871775002443, 
    2.2648848232150982, 
    1.7279572475976206, 
    1.0927295985208663, 
    0.92277781285202032, 
    11.036816540040428, 
    15.084271808967751, 
    2.9366491595349666, 
    17.896042668165649, 
    6.5654798558626188, 
    11.999516029583347, 
    22.799384583450266, 
    14.838492851862476, 
    0.7175322315487902, 
    1.2094841877643285, 
    1.4496528724995639, 
    22.114344157086862, 
    22.815390008549393, 
    24.300208739647346, 
    5.4065729742748596, 
    24.497764296969173, 
    1.0782187581838558, 
    26.148805246712922, 
    16.341534207624552, 
    0.9742163599812601, 
    15.584416909022991, 
    24.419447733031209, 
    1.5776848036037803, 
    21.506200957548639, 
    17.28458745793575, 
    2.3868247800225317, 
    5.9396936009399592, 
    1.3636570887555344
  ], 
  "mae": 12.29314086367582, 
  "pearsonr": [
    0.67928722638397809, 
    7.9260105534106885e-15
  ], 
  "variance": 0.9187919528005839
}