{
  "pearsonr": [
    0.7842751279182536, 
    2.8790805224672007e-27
  ], 
  "nlpd": 4.0056790778308153, 
  "rmse": 13.001553718824338, 
  "Mat32.lengthscale": 2.6249118397860065, 
  "Gaussian_noise.variance": 82.59377229803461, 
  "mae": 9.6195801982715317, 
  "Mat32.variance": 378.98311363279333, 
  "log_likelihood": -4655.010676352849
}