{
  "noise": 60.546583363283176, 
  "log_likelihood": -3698.7467400733913, 
  "nlpd": -3.8999102701130983, 
  "rmse": 11.481537888801791, 
  "lengthscale": [
    2.5111155984885203
  ], 
  "mae": 8.9532409370090367, 
  "pearsonr": [
    0.81727738651268023, 
    3.3898365597859706e-25
  ], 
  "variance": 376.5482847602
}