{
  "noise": 0.20907454462768424, 
  "log_likelihood": -1039.3357676903972, 
  "nlpd": -936.49924807974958, 
  "rmse": 16.440497322577183, 
  "lengthscale": [
    1.7837296781874892
  ], 
  "mae": 13.138687576781123, 
  "pearsonr": [
    0.72106929710233614, 
    2.6715187491066465e-17
  ], 
  "variance": 0.7669069088182514
}