{
  "noise": 0.15616297729094197, 
  "log_likelihood": -965.1638243748976, 
  "nlpd": -612.38367610316118, 
  "rmse": 13.526482548530197, 
  "lengthscale": [
    2.0924727970522397
  ], 
  "mae": 9.6491689925224371, 
  "pearsonr": [
    0.70740635453935641, 
    1.917798484055101e-16
  ], 
  "variance": 0.7214680058679311
}