{
  "noise": 0.2235164463711902, 
  "log_likelihood": -1125.8824475229717, 
  "nlpd": -689.07677587007538, 
  "rmse": 19.173751449665577, 
  "lengthscale": [
    1.6328360316816224
  ], 
  "mae": 15.133759610565651, 
  "pearsonr": [
    0.54328133360621478, 
    5.2115645204156231e-09
  ], 
  "variance": 0.8665726960998154
}