{
  "warp_d": 0.38850052987280714, 
  "noise": 20.6081651471931, 
  "log_likelihood": -3566.410747914494, 
  "nlpd": -4.0207141249502003, 
  "rmse": 13.408296156124747, 
  "mae": 10.498601535098306, 
  "pearsonr": [
    0.1938243818073441, 
    0.053329745858377998
  ], 
  "variance": [
    2.2058313467545925
  ], 
  "warp_psi": [
    [
      4.3369141796501836e-07, 
      2.236320728776529, 
      2.8148549495050776
    ], 
    [
      5.0460036829296823e-07, 
      1.6923910093921117, 
      1.4024900093012793
    ], 
    [
      1.6472554533639649e-07, 
      3.6354152082257074, 
      1.0085945168455352
    ]
  ]
}