{
  "noise": 0.10620338695757772, 
  "log_likelihood": -1049.5164746231162, 
  "nlpd": -1078.2634881292927, 
  "rmse": 15.952464672090102, 
  "lengthscale": [
    1.9006287562154633
  ], 
  "mae": 11.707928941390128, 
  "pearsonr": [
    0.82295159474004909, 
    8.3615999023189727e-26
  ], 
  "variance": 0.9457378478626616
}