{
  "noise": 25.37529558013282, 
  "log_likelihood": -3171.9451124851676, 
  "nlpd": -3.6548428615728095, 
  "rmse": 8.6886222933103134, 
  "lengthscale": [
    16.166242650349844, 
    20.221020668712452, 
    16.446723523830773, 
    13.84312056903107, 
    13.65127562187485, 
    4.5380905624127328, 
    19.019451579033603, 
    16.297795824799877, 
    5.1067298810391639, 
    18.195007186224892, 
    12.232427454538616, 
    17.76212842282742, 
    16.544246152443787, 
    15.578876150475311, 
    17.181183996359522, 
    33.869072109319951, 
    13.766071780958484, 
    7.1732011386000334, 
    3.9184509690500229, 
    17.460568891911052, 
    8.3823212054800482, 
    17.167025988118301, 
    15.818106042124397, 
    18.12627839819649, 
    16.002968120774952, 
    18.316966283119751, 
    0.66424836981935598, 
    6.3046284396127925, 
    15.899319619721792, 
    0.52085775828460712, 
    2.2535874555965201, 
    4.4993972777121707, 
    14.848003739581038, 
    3.0320778411062763, 
    15.598279814286581, 
    1.1124543611873752, 
    26.645223355637789, 
    16.443783992760885, 
    9.1577739249243528, 
    21.743542817106043, 
    9.7357319578690653, 
    15.323184086080879, 
    17.346912415805306, 
    14.782481620636945, 
    0.80805230941449258, 
    12.98821344584675, 
    17.545185728794792, 
    20.368895368534357, 
    11.634750785429947, 
    4.2596896927833061, 
    10.047501307919728, 
    14.04470177219344, 
    11.472945526274833, 
    11.985590795279814, 
    3.5432445538909976, 
    1.0205705564780176, 
    17.038944347971746, 
    9.8104149372220864, 
    0.97903729265810391, 
    17.287660207151557, 
    19.430213467199341, 
    18.940335150132594, 
    14.717267582443339, 
    1.8443855312163289, 
    18.410498200406568, 
    14.28754777314923, 
    1.3934729648776343, 
    25.140046698712943, 
    14.119050336051291, 
    1.048203504320341, 
    15.73781895630964, 
    14.842974280978135, 
    17.654411602210114, 
    2.3953694378072452, 
    7.7406513729084478, 
    17.911163806819928, 
    23.441101062197351, 
    1.1239142781104607, 
    12.459693133339346, 
    1.8264706065382592, 
    2.3630487300387379, 
    1.7609919427228335, 
    16.593775447938043, 
    15.532268033973308, 
    14.428455025559012, 
    1.1401175983302838, 
    14.50476659932959, 
    8.7360140380633968, 
    3.239324630518523, 
    16.064579575283737, 
    20.391947673892407, 
    16.472738540736074, 
    19.736982307493275, 
    16.271112274324331, 
    1.297268750727341, 
    16.066189657029728, 
    1.0340014468142136, 
    15.59516957211425, 
    10.792881855005003, 
    16.044000829595888
  ], 
  "mae": 5.2723601170192351, 
  "pearsonr": [
    0.61339100430827587, 
    1.1644489502637412e-11
  ], 
  "variance": 132.55278318487066
}