{
  "warp_d": 0.28688683896375045, 
  "noise": 5.403328115190924, 
  "log_likelihood": -3382.5688953437666, 
  "nlpd": -3.8408519099498846, 
  "rmse": 10.763997221300631, 
  "lengthscale": [
    17.806551458278051, 
    21.700844285242866, 
    12.451788519811645, 
    18.713744622752539, 
    20.447111277135125, 
    20.938472244912219, 
    2.2412529731731334, 
    9.2131170856572044, 
    21.682979460989184, 
    2.3951288612424593, 
    20.022754033341396, 
    19.51823325350944, 
    11.99141038432753, 
    15.327978122476503, 
    6.7781453831440528, 
    3.1304976073598563, 
    14.75485082974347, 
    19.181431176706205, 
    2.1946889787083674, 
    9.1089512941606969, 
    1.9911259196894739, 
    17.940956455079483, 
    19.9979268336064, 
    1.8943548783592528, 
    17.357172192329276, 
    22.24135915312009, 
    7.9326933389011849, 
    10.365375417973999, 
    21.883993065856789, 
    5.3711981986917534, 
    9.6117472914595314, 
    1.9763173910151095, 
    19.373575426187411, 
    18.540574820192852, 
    21.323524218544492, 
    10.930647412812261, 
    20.421294378953135, 
    19.125601836547236, 
    13.55586145776153, 
    20.799774923886236, 
    14.621107264368618, 
    15.814107026713113, 
    15.40468114573827, 
    17.622122875550783, 
    20.948868583138601, 
    18.074134195336665, 
    20.110242746993872, 
    12.75740323291641, 
    21.406071393058593, 
    14.905397127522164, 
    16.488617712444167, 
    12.990598081903036, 
    5.7763248530176163, 
    16.143979121340767, 
    20.296943490343633, 
    27.260529680463542, 
    14.11459086835022, 
    16.58816377817837, 
    13.714356479822968, 
    18.745260103346045, 
    1.7778968586149588, 
    24.395777437577586, 
    19.425690551665753, 
    13.94281373439753, 
    21.484813674496401, 
    14.833171497299531, 
    9.0009273907205447, 
    13.711088389122393, 
    19.367884544768909, 
    9.1799598106793159, 
    18.002310679115745, 
    16.558807138638553, 
    17.999293650359888, 
    11.431535220387566, 
    15.974729159144465, 
    14.85157681148679, 
    16.733764423138183, 
    15.082600010812403, 
    10.60894248299569, 
    7.6739574735767215, 
    16.093397189931583, 
    1.9487243142637418, 
    21.000087959573094, 
    18.932222446174638, 
    22.385615968193513, 
    13.381919953045978, 
    21.679456512934223, 
    16.958342018169155, 
    11.314328441117587, 
    4.9374704657923916, 
    14.869109880324304, 
    15.517249726528629, 
    10.813070507923946, 
    20.184581189847897, 
    6.620885011072807, 
    13.902696970820173, 
    18.965969121577697, 
    2.6984151213126379, 
    11.445864865630597, 
    15.131428546539299
  ], 
  "mae": 7.5758413901749657, 
  "pearsonr": [
    0.69955751995644744, 
    5.6589710911412559e-16
  ], 
  "variance": 50.75596249597692, 
  "warp_psi": [
    [
      3.3678397152445775e-13, 
      2.807089954854316, 
      -1.9283649893496393
    ], 
    [
      1.9827160287834377e-38, 
      0.28885889566318251, 
      -7.7798424781711395
    ], 
    [
      6.8520311714641156e-15, 
      4.6325943114694166, 
      -2.9018427986612689
    ]
  ]
}