{
  "noise": 0.7578061641942138, 
  "log_likelihood": -1205.1318381034093, 
  "nlpd": -43.846353186232655, 
  "rmse": 6.6267066462185085, 
  "mae": 5.4566059290559599, 
  "pearsonr": [
    0.38014499148791669, 
    9.5729036472529632e-05
  ], 
  "variance": [
    0.038954343075153504
  ]
}