{
  "noise": 37.0884563089803, 
  "log_likelihood": -3871.497653243135, 
  "nlpd": -4.2520770809287356, 
  "rmse": 17.160171986554065, 
  "weight_variance": [
    2684271.5108505366
  ], 
  "bias_variance": 193533616.93841714, 
  "mae": 13.848703682975588, 
  "pearsonr": [
    0.4851312602212326, 
    3.1320862453423979e-07
  ], 
  "variance": 2210.4437646336632
}