{
  "pearsonr": [
    0.62426873999713262, 
    7.3428739252574694e-15
  ], 
  "nlpd": 4.2199886308695493, 
  "rmse": 16.473653318954348, 
  "Gaussian_noise.variance": 25.245493574906327, 
  "mlp.variance": 2183.040718497065, 
  "mlp.weight_variance": 1629145.8216807588, 
  "mae": 13.104759074716171, 
  "log_likelihood": -4861.746239058661, 
  "mlp.bias_variance": 77778525.63753237
}