{
  "noise": 56.59830340622837, 
  "log_likelihood": -3347.1858148917504, 
  "nlpd": -3.9313373971622356, 
  "rmse": 11.381846611156069, 
  "lengthscale": [
    11.104327798238963, 
    12.621619861184016, 
    8.0940823470349752, 
    7.3256467735803144, 
    6.5675836592274406, 
    9.5735466705450616, 
    0.69448129903035394, 
    1.1979522084397007, 
    13.339820761158842, 
    0.99037738242166173, 
    9.7626470970920955, 
    3.9434089191929593, 
    9.2407972396853388, 
    10.060345713194234, 
    1.0276442664545091, 
    1.2535294438108386, 
    1.2764436337981957, 
    12.627105519974554, 
    0.62778007956403636, 
    10.43571064969783, 
    0.68180361578191695, 
    9.6278584209819833, 
    4.5863001901093714, 
    8.7214046433838686, 
    5.3290819156525187, 
    11.132595698730745, 
    3.6197413364850557, 
    1.6026307232765653, 
    12.952795063086453, 
    1.2821964360333862, 
    2.1277786008613684, 
    1.0120581683652095, 
    7.0691310701335714, 
    10.547955402305041, 
    12.740203311014389, 
    11.248508501138216, 
    3.1215740429550163, 
    11.222897496201261, 
    7.3975560246287015, 
    4.872672038689112, 
    4.2677352320629298, 
    10.155988787556261, 
    10.714540607527972, 
    12.664299131201309, 
    11.810824194358721, 
    8.9091099360434338, 
    14.320548857031302, 
    1.5742994710697098, 
    18.777235903711748, 
    2.6022043310285992, 
    11.152728513919021, 
    10.439897012193452, 
    0.80247903525441522, 
    2.1447106000159391, 
    11.376947822626075, 
    3.8576845698659104, 
    10.7403304889688, 
    12.592445842482457, 
    2.3177382627171128, 
    12.368949330801275, 
    3.5194825530579177, 
    14.918930590617856, 
    12.211501620728967, 
    2.7746098374251935, 
    15.752390219423718, 
    4.2328976828527853, 
    0.9660953931285885, 
    9.7462004096602861, 
    11.48362190717827, 
    10.727848506478802, 
    2.2013160101378899, 
    11.108667619293147, 
    13.819615305395306, 
    1.8709247458796323, 
    16.639196027468813, 
    7.4669639136968113, 
    6.8764311812960752, 
    0.59096807408158425, 
    2.3777574429566366, 
    1.2586105467496691, 
    7.7794942868880366, 
    0.70083019113908718, 
    9.5370478990270158, 
    10.898324345415487, 
    11.765753375031666, 
    11.32539294322771, 
    10.634844573530353, 
    12.216001601008195, 
    2.2784336479532779, 
    2.1521348081166982, 
    13.006519222150374, 
    12.572096327426857, 
    2.5821472530988965, 
    13.472503023182012, 
    1.423298788681937, 
    6.8628962214720186, 
    11.905624217045981, 
    0.58435466275041237, 
    1.1619662712704104, 
    1.4357344830136129
  ], 
  "mae": 7.7515351471281653, 
  "pearsonr": [
    0.66658675577003623, 
    3.7309213914900649e-14
  ], 
  "variance": 117.25296177689361
}