{
  "noise": 302.17773917660344, 
  "log_likelihood": -3918.758348271006, 
  "nlpd": -4.4364955050065342, 
  "rmse": 20.277837408877311, 
  "mae": 15.595433530892617, 
  "pearsonr": [
    0.44731154805165357, 
    3.0744300877495951e-06
  ], 
  "variance": [
    27.864665557697325
  ]
}