{
  "log_likelihood": -4933.06483730767, 
  "nlpd": 4.3884328490894227, 
  "rmse": 19.417844619518561, 
  "Gaussian_noise.variance": 326.0704152900844, 
  "mae": 14.809297979247997, 
  "pearsonr": [
    0.58005000434163523, 
    1.3518918029559483e-12
  ], 
  "linear.variances": 31.385758128850565
}