{
  "warp_d": 0.2430308550516715, 
  "noise": 18.39262050828404, 
  "log_likelihood": -3910.208011502952, 
  "nlpd": -4.3668697241631618, 
  "rmse": 19.001913740018502, 
  "mae": 14.152219666050506, 
  "pearsonr": [
    0.52460145496039534, 
    2.1139944614707839e-08
  ], 
  "variance": [
    2.8170675503252722, 
    0.00064837726346159271, 
    3.9259716669715732, 
    1.2670594313641643, 
    3.164478573823637, 
    0.7555991549800849, 
    0.0006457170668724727, 
    0.0059278825938035217, 
    7.0714523766271471, 
    0.0026436363012833784, 
    0.0027092928196451177, 
    1.2460541887170744, 
    0.023163289211767066, 
    0.00074058143358520575, 
    0.0011291656773547067, 
    0.002219466564466639, 
    0.00066384876475278039, 
    0.0033160506686627533, 
    3.0306109081997845, 
    1.7509012906252253, 
    0.0091638370425408833, 
    0.0018696029819447102, 
    11.177059944200026, 
    0.00051313479154614313, 
    0.0007511368964029946, 
    0.00047017309435047334, 
    0.00079150424586148455, 
    5.6687909122370108, 
    2.9926189064803714, 
    8.2767595841041004, 
    6.4125390481101201, 
    0.00080635692816599983, 
    0.00091000490950435991, 
    2.6724587194256948, 
    8.3904848445526845, 
    0.00075034145896360287, 
    0.89090056778029447, 
    0.00094270664066513224, 
    0.0061102777328877044, 
    0.00083908965717267772, 
    0.0010245037919340907, 
    0.0039321032764212237, 
    0.0061283223292146177, 
    2.1883672032946602, 
    0.0026635863200936039, 
    2.7976527363429953, 
    0.00039191726252295312, 
    0.0013307065573035781, 
    20.748093873383656, 
    4.7657917379264179, 
    0.0053298743571826871, 
    4.5208015931568006, 
    0.00068679729939142458, 
    0.00076375963373113542, 
    0.92605626638956096, 
    0.85903896964442295, 
    1.2760832104773894, 
    0.0012849942013713296, 
    0.5650509867724719, 
    8.7306603117467887, 
    2.9826827495016235, 
    0.00050338411586920069, 
    0.06597711145014229, 
    0.0019171771901014326, 
    24.017282565475249, 
    5.7860562063026073, 
    0.001425217466756128, 
    0.00090147249784981807, 
    2.9845428012588995, 
    0.0041089558893200135, 
    1.5630893308096736, 
    0.0011376894768984334, 
    0.00096777445898988377, 
    6.500893064411108, 
    12.412439022169625, 
    3.8196908882700842, 
    0.00060179136960726402, 
    0.0076395762372799365, 
    0.025943072351996013, 
    1.4067201039985164, 
    0.0018538275301636614, 
    17.107256935570955, 
    0.012888977771576987, 
    4.1241712894928719, 
    1.6700439183235316, 
    0.00073272895859364715, 
    2.9964508080737553, 
    4.1867679361457304, 
    0.0035831066059777276, 
    0.008678951814666323, 
    2.1130348087562187, 
    0.80017201331524346, 
    0.0022901150795325343, 
    0.021439418058931462, 
    0.00084308252994127759, 
    3.4801035628976629, 
    0.0016207924379004694, 
    0.81798232711952623, 
    0.0018232499019627047, 
    6.8273496100839948
  ], 
  "warp_psi": [
    [
      1.6473878504666046e-21, 
      2.5729371297859918, 
      21.651775761746592
    ], 
    [
      3.463273888158938e-18, 
      12.043324348093424, 
      -5.2998582577680295
    ], 
    [
      3.2634910806368121e-21, 
      0.0054528189870919983, 
      1.4956154774772703
    ]
  ]
}