{
  "noise": 0.39502323968574427, 
  "log_likelihood": -1129.036179425152, 
  "nlpd": -356.62515452925351, 
  "rmse": 12.544371725231873, 
  "weight_variance": [
    722444.77522332687, 
    5.5626846462681369e-309, 
    408177.64512352739, 
    5.5626846462681369e-309, 
    366268.85944498586, 
    5.5626846462681369e-309, 
    5.5626846462681369e-309, 
    308791.89871961804, 
    5.5626846462681369e-309, 
    5.5626846462681369e-309, 
    5.5626846462681369e-309, 
    5.5626846462681369e-309, 
    5.5626846462681369e-309, 
    5.5626846462681369e-309, 
    473080.48219736543, 
    5.5626846462681369e-309, 
    5.5626846462681369e-309, 
    349085.6676222994, 
    5.5626846462681369e-309, 
    5.5626846462681369e-309, 
    283927.60350796999, 
    5.5626846462681369e-309, 
    230858.29910753426, 
    5.5626846462681369e-309, 
    5.5626846462681369e-309, 
    5.5626846462681369e-309, 
    5.5626846462681369e-309, 
    5.5626846462681369e-309, 
    5.5626846462681369e-309, 
    144509.26337500277, 
    5.5626846462681369e-309, 
    5.5626846462681369e-309, 
    109862.88843962127, 
    598096.17620999168, 
    5.5626846462681369e-309, 
    5.5626846462681369e-309, 
    617750.97529782378, 
    5.5626846462681369e-309, 
    408537.88592553826, 
    5.5626846462681369e-309, 
    440279.94132693793, 
    5.5626846462681369e-309, 
    5.5626846462681369e-309, 
    5.5626846462681369e-309, 
    299309.44726395304, 
    5.5626846462681369e-309, 
    5.5626846462681369e-309, 
    397060.35148011742, 
    5.5626846462681369e-309, 
    5.5626846462681369e-309, 
    16821.906213323375, 
    5.5626846462681369e-309, 
    52474.399000480073, 
    5.5626846462681369e-309, 
    5.5626846462681369e-309, 
    5.5626846462681369e-309, 
    441683.89580340544, 
    5.5626846462681369e-309, 
    654995.70127997792, 
    41296.385074932412, 
    5.5626846462681369e-309, 
    5.5626846462681369e-309, 
    283261.69339869695, 
    137974.6095932179, 
    5.5626846462681369e-309, 
    5.5626846462681369e-309, 
    582078.68296474242, 
    1670047.4260804493, 
    5.5626846462681369e-309, 
    43058.304756963807, 
    1137929.6977081469, 
    5.5626846462681369e-309, 
    590408.04525322968, 
    270225.60137611651, 
    5.5626846462681369e-309, 
    5.5626846462681369e-309, 
    5.5626846462681369e-309, 
    96869.175029188104, 
    5.5626846462681369e-309, 
    5.5626846462681369e-309, 
    720126.6693187817, 
    108032.24516668882, 
    181368.63947398332, 
    5.5626846462681369e-309, 
    5.5626846462681369e-309, 
    5.5626846462681369e-309, 
    5.5626846462681369e-309, 
    5.5626846462681369e-309, 
    5.5626846462681369e-309, 
    5.5626846462681369e-309, 
    535391.00978396251, 
    5.5626846462681369e-309, 
    1040291.6576578369, 
    5.5626846462681369e-309, 
    5.5626846462681369e-309, 
    36352.150379296785, 
    662812.63918518415, 
    674271.21206777822, 
    5.5626846462681369e-309, 
    190329.29457617839
  ], 
  "bias_variance": 5.562684646268137e-309, 
  "mae": 9.2176396343307641, 
  "pearsonr": [
    0.40988604714532212, 
    2.2859174168486016e-05
  ], 
  "variance": 1.1163534394713552
}