{
  "pearsonr": [
    0.30633473863827421, 
    0.00051192681784166213
  ], 
  "nlpd": 4.1051911384283217, 
  "rmse": 14.51057163876521, 
  "Mat32.lengthscale": 1.8967184850119327, 
  "Gaussian_noise.variance": 83.47088753219556, 
  "mae": 11.053477225201428, 
  "Mat32.variance": 163.1685078340823, 
  "log_likelihood": -4521.967866733119
}