{
  "log_likelihood": -4863.623740606082, 
  "nlpd": 4.4462010097444544, 
  "rmse": 20.273148975053495, 
  "Gaussian_noise.variance": 288.0706771351657, 
  "mae": 15.492463717588835, 
  "pearsonr": [
    0.5957673277100316, 
    2.319450901890868e-13
  ], 
  "linear.variances": 28.082598696913504
}