{
  "noise": [
    107.47044904357608, 
    79.45424865796329, 
    212.55047330478624, 
    314.8027292320202, 
    296.56506867340767, 
    150.70106335479977
  ], 
  "kappa": [
    6.154176606901917, 
    0.00032478253559843856, 
    35.43360668259143, 
    67.12426023637573, 
    56.853628919456625, 
    37.55834917085947
  ], 
  "log_likelihood": -21885.96067894998, 
  "joy": {
    "mae": 14.619689076943871, 
    "nlpd": 4.2862529128847076, 
    "pearsonr": [
      0.5007443933136515, 
      1.1228318738244443e-07
    ], 
    "rmse": 17.544436865672882
  }, 
  "W": [
    [
      -0.1894356283221586, 
      4.8206272439367304
    ], 
    [
      1.6212020861654859, 
      3.6066626226605929
    ], 
    [
      -4.3535085293285878, 
      3.1790082834317221
    ], 
    [
      4.3991134385567801, 
      -5.0894445750894359
    ], 
    [
      -4.2150011654582622, 
      5.2185769431800226
    ], 
    [
      2.3142053149954722, 
      -0.42368960561961716
    ]
  ], 
  "sadness": {
    "mae": 12.902816248011408, 
    "nlpd": 4.2794774088901955, 
    "pearsonr": [
      0.60603383630264251, 
      2.3713695922650117e-11
    ], 
    "rmse": 17.457167450704283
  }, 
  "disgust": {
    "mae": 5.3644427377632908, 
    "nlpd": 3.3965217048935687, 
    "pearsonr": [
      0.39476323737207963, 
      4.8165689565640269e-05
    ], 
    "rmse": 6.6414612694071558
  }, 
  "variance": [
    0.26162635703200054
  ], 
  "anger": {
    "mae": 7.7270035235412147, 
    "nlpd": 3.8229502644442888, 
    "pearsonr": [
      0.61016413575711681, 
      1.5943184324962445e-11
    ], 
    "rmse": 11.051968971558166
  }, 
  "surprise": {
    "mae": 10.901625712825821, 
    "nlpd": 4.0232672859284326, 
    "pearsonr": [
      0.43563704799064767, 
      5.8983895560981982e-06
    ], 
    "rmse": 13.474638510572673
  }, 
  "fear": {
    "mae": 12.009636606770833, 
    "nlpd": 4.1809414662861197, 
    "pearsonr": [
      0.71170362681408728, 
      1.0444914366348715e-16
    ], 
    "rmse": 15.795548534613966
  }
}