{
  "pearsonr": [
    0.67032680339820716, 
    1.2305274410078683e-17
  ], 
  "nlpd": 3.9002147959147839, 
  "rmse": 11.866975827496519, 
  "Gaussian_noise.variance": 64.37699776104058, 
  "mlp.variance": 240.86271637319894, 
  "mlp.weight_variance": 424243.71316064405, 
  "mae": 8.2052616147040691, 
  "log_likelihood": -4379.2575202456, 
  "mlp.bias_variance": 102245.3766922588
}