{
  "warp_d": 0.2899699855441465, 
  "noise": 14.251950385588147, 
  "log_likelihood": -3665.922569112589, 
  "nlpd": -3.9750755183083264, 
  "rmse": 12.909958737151712, 
  "mae": 9.8231369922748488, 
  "pearsonr": [
    0.38863739732588892, 
    6.4484325293661488e-05
  ], 
  "variance": [
    1.6362688083601464
  ], 
  "warp_psi": [
    [
      3.4717061839391921e-10, 
      0.010167394607934867, 
      4.2861475058870662
    ], 
    [
      1.2163544627943876e-06, 
      0.43365517135542436, 
      -0.21716514865867151
    ], 
    [
      9.0129149745328367e-07, 
      0.40093440264111269, 
      0.18320839384049142
    ]
  ]
}