{
  "warp_d": 0.34294367492569205, 
  "noise": 14.29912016327384, 
  "log_likelihood": -3539.973996418376, 
  "nlpd": -3.9071150223516593, 
  "rmse": 12.015109995187617, 
  "lengthscale": [
    2.4348414184000999, 
    15.310105373063038, 
    5.7125610699619909, 
    17.213708289882316, 
    0.99167956632309262, 
    23.688692307912223, 
    21.418766273282195, 
    3.594180302895313, 
    15.809042065835648, 
    15.700340691456868, 
    21.774582112332645, 
    13.149120000273131, 
    21.991325033615482, 
    18.008397831008107, 
    7.2180022407586248, 
    19.006833490756204, 
    12.595895123762586, 
    18.68143425512644, 
    14.9471686581158, 
    20.445660063696039, 
    22.038579682006723, 
    15.688034180137688, 
    11.104146408849203, 
    20.676487889793968, 
    19.798772061582682, 
    20.224077340607334, 
    13.908690562598576, 
    14.687875456614993, 
    20.444997552158402, 
    10.110801541325943, 
    18.810911838733592, 
    13.995065516440985, 
    11.060240576151644, 
    14.82362120275751, 
    18.837539276806051, 
    18.781853183931414, 
    8.7507867002141282, 
    20.581669006678336, 
    8.5882051231300842, 
    20.281294874948792, 
    2.5326357522311462, 
    19.094893195828529, 
    23.512137841828281, 
    17.103613584868956, 
    4.1290164442023167, 
    22.115605455565749, 
    21.447273824240742, 
    17.812446630787175, 
    22.709473817052142, 
    24.31739997671956, 
    19.925697170986044, 
    20.058028822268042, 
    9.2025935655150786, 
    21.863933838322026, 
    18.049820370597661, 
    34.785785920505575, 
    12.193919346390324, 
    24.169482401356543, 
    24.94028193249946, 
    16.515763451956417, 
    22.94653366712366, 
    12.06678619636468, 
    9.7305245959422439, 
    14.481022649118344, 
    13.636350659961474, 
    16.702606429211592, 
    5.9910027504184233, 
    2.1525201254418116, 
    24.810487393498654, 
    20.101602931832762, 
    5.7885801493924989, 
    15.260240670446905, 
    1.3750197629368455, 
    13.895649217973798, 
    17.59765921069582, 
    14.791589455339937, 
    19.002479162155179, 
    14.047311216931583, 
    20.856309302231541, 
    16.661924092970668, 
    16.381478228100914, 
    15.312821789832219, 
    19.013066073567952, 
    19.312050487428024, 
    17.099010587722358, 
    16.714756328407326, 
    19.415420250235396, 
    22.287439096176673, 
    19.233520825646938, 
    11.974556165700463, 
    5.7985123469893844, 
    18.482298848582747, 
    1.6046253805233375, 
    20.532102142598568, 
    21.137588935638654, 
    19.895290226582627, 
    3.3558423040177088, 
    2.425118359453863, 
    20.151904677458731, 
    13.195948220334142
  ], 
  "mae": 9.753858756553683, 
  "pearsonr": [
    0.61225815019088325, 
    1.3007732683079178e-11
  ], 
  "variance": 77.09094785095027, 
  "warp_psi": [
    [
      1.5865898960506952e-30, 
      0.15421538352661479, 
      -0.2241267847409695
    ], 
    [
      1.7578137574613693e-39, 
      1.2923103535731379, 
      -0.10701368364430378
    ], 
    [
      3.8857860034004776e-49, 
      0.030706072022524716, 
      -0.39002666183057838
    ]
  ]
}