{
  "warp_d": 0.1509328015087961, 
  "noise": 2.8549377344501785, 
  "log_likelihood": -3559.815665113835, 
  "nlpd": -4.0851385821288968, 
  "rmse": 13.87846634619439, 
  "lengthscale": [
    5.3131712390706962
  ], 
  "mae": 10.02494347614042, 
  "pearsonr": [
    0.65019323585785438, 
    2.4729756797943721e-13
  ], 
  "variance": 6.3086654789527685, 
  "warp_psi": [
    [
      2.2538572716981472e-07, 
      0.2079953961507281, 
      2.7342054456921416
    ], 
    [
      9.5927740492532593e-08, 
      0.40602726437697556, 
      -0.19816849825397778
    ], 
    [
      1.4741824584658425e-07, 
      1.7488744580497504, 
      0.97911959837264062
    ]
  ]
}