{
  "warp_d": 0.3719764776057527, 
  "noise": 14.202642423952376, 
  "log_likelihood": -3528.836980919638, 
  "nlpd": -3.9175415037975734, 
  "rmse": 11.967615158665421, 
  "lengthscale": [
    2.5076250038342791, 
    15.228160533635279, 
    4.9130876621976691, 
    8.661500640952692, 
    1.6791495122713584, 
    20.423352522048432, 
    21.255702546159394, 
    1.7451386323426861, 
    15.624603030630414, 
    3.0562042596406442, 
    20.999447807602664, 
    14.683483039597839, 
    22.419617109911382, 
    17.619436552523645, 
    4.0648615553729881, 
    17.353834008852733, 
    18.025856117250928, 
    18.574986451218606, 
    16.015016897897326, 
    23.473945511992355, 
    10.107191968796119, 
    13.371642965969823, 
    8.3033982341453996, 
    19.857434538683037, 
    20.19843695317909, 
    20.839510700543528, 
    21.798777641732965, 
    21.102394967908833, 
    20.367517528396057, 
    3.6554972327552462, 
    12.046622456002563, 
    10.23898134546023, 
    7.0859497102123781, 
    12.718062454680901, 
    21.562604309219939, 
    18.611289147273776, 
    4.0493289097017486, 
    21.274253418493878, 
    2.0793784659678622, 
    19.830794935659739, 
    3.3632931935445765, 
    18.64636426058663, 
    23.806730946769331, 
    15.772800772217563, 
    2.7683285247112179, 
    21.463775361571653, 
    19.432541817317727, 
    13.639429034410425, 
    19.941722013576953, 
    24.175702397674129, 
    18.392921862472384, 
    18.709295686818969, 
    15.92651926370316, 
    20.884405531823248, 
    13.460418732075389, 
    30.98535743060647, 
    3.8146628031414762, 
    23.463753024078702, 
    16.490047908768577, 
    19.63684417038187, 
    23.591803927292958, 
    18.913103464057361, 
    5.040428845299413, 
    16.629816813365689, 
    6.2584644879780793, 
    17.410755738565182, 
    4.2274865479592814, 
    1.8095667538314262, 
    23.161797289265927, 
    16.374445969760341, 
    3.8192765726486599, 
    12.796059221120952, 
    1.0771844835911679, 
    11.158446409072599, 
    18.973638347160637, 
    21.860464241107604, 
    23.582321552742961, 
    7.0688764573118457, 
    20.221130899171342, 
    14.952522865350666, 
    10.298269608757549, 
    5.4940553230629821, 
    17.941031779582559, 
    19.478833699727879, 
    21.878232114504705, 
    14.487292017090667, 
    20.66709509139659, 
    22.712976155355509, 
    22.402939049428941, 
    9.767318591900251, 
    2.7685238940092503, 
    16.619193678010493, 
    2.5403189097458267, 
    15.198140372932501, 
    16.785235910682431, 
    22.231305025277511, 
    2.9131745960528472, 
    2.6459572120621919, 
    19.441712146594941, 
    10.773253595099806
  ], 
  "mae": 9.6358759756620369, 
  "pearsonr": [
    0.43567521529377695, 
    5.886068148403803e-06
  ], 
  "variance": 56.6405362994821, 
  "warp_psi": [
    [
      1.3283391897125009e-18, 
      0.0339853927985957, 
      4.6057435679671412
    ], 
    [
      2.5886989216451296e-29, 
      0.0019086395880519116, 
      -2.8979275045959039
    ], 
    [
      3.4366512060409846e-29, 
      12.045329197572693, 
      13.293504439732967
    ]
  ]
}