{
  "noise": 77.91220140220844, 
  "log_likelihood": -3267.5363060854384, 
  "nlpd": -3.3860331860480413, 
  "rmse": 6.6529847759502507, 
  "mae": 5.1412053559690243, 
  "pearsonr": [
    0.4131349678019382, 
    1.9384765224831722e-05
  ], 
  "variance": [
    4.7238918270774236e-05, 
    4.425362633489037e-05, 
    5.8219449585332822e-05, 
    4.450514915276642e-05, 
    6.7619566794519675e-05, 
    8.9857805850629138, 
    4.400275211440563e-05, 
    0.00011436631793565776, 
    4.4785204762975793e-05, 
    21.009097706731858, 
    0.4714024145613534, 
    4.8769814351212373e-05, 
    9.4172226060030795, 
    4.8785268089486076, 
    8.8436194794048803e-05, 
    3.3545319679083794e-05, 
    3.7163086780694619e-05, 
    4.5594733100116715e-05, 
    6.7566129542808921, 
    4.3680293565875692e-05, 
    0.00021093263441690382, 
    7.1457801149640095e-05, 
    1.9620248360826502e-05, 
    3.3620494414199868e-05, 
    7.9962059049035875e-05, 
    3.3829411179469058e-05, 
    6.5723706666299222, 
    6.2543889604689543e-05, 
    3.1552691284412558e-05, 
    17.8091973243871, 
    46.338894195214948, 
    9.4932006308990092e-05, 
    3.4629389014191028, 
    4.8580574207367135, 
    7.0366531573047065e-05, 
    0.00039085136591862185, 
    7.3603659774926133e-05, 
    9.7048242531049294, 
    4.6351669158496911, 
    4.1186413721109727e-05, 
    4.9981108531072219e-05, 
    4.7346500886263466e-05, 
    2.8735063365360998e-05, 
    7.4251677942367152e-05, 
    3.6838917021158663e-05, 
    9.3925926925406618, 
    5.4501556283949533e-05, 
    0.00024387778649611653, 
    3.5568628169576078e-05, 
    3.3226377561507023, 
    5.133405872107927, 
    4.1977715513827632e-05, 
    12.654776850588267, 
    11.553473460997292, 
    3.3726257518250131, 
    8.385449700898356e-06, 
    0.24483395432963095, 
    3.3810180963923049, 
    3.509191493565972, 
    4.8361066236525941e-05, 
    4.6052056747173548e-05, 
    2.2061627744046249e-05, 
    5.7630848892479072e-05, 
    8.939302329274204, 
    1.6899111955164288, 
    4.7658572820687812e-05, 
    26.82596037760819, 
    3.2207974395640277e-05, 
    3.5955581142547344e-05, 
    1.8039273874049195, 
    4.7984022360540272e-05, 
    12.107546109709901, 
    4.3446961888769614e-05, 
    12.070161564420959, 
    3.9233777751899425e-05, 
    0.00030700913590790512, 
    3.6306755387642615e-05, 
    8.3246146957102187, 
    2.1767215910857747, 
    6.7159140656814225e-05, 
    4.632583597858293, 
    3.5272164014943019, 
    0.00050596730745614991, 
    5.8462868816929543e-05, 
    1.6075814114558527e-06, 
    16.203394241878854, 
    4.0429218870603108e-05, 
    0.00041430909500693376, 
    7.3227791538943773e-05, 
    0.34052110511044387, 
    6.3045128092919413e-05, 
    8.1332925712333435e-05, 
    0.00015833780840298085, 
    3.786173911615004e-05, 
    106.69400112878826, 
    7.0957838185589029e-05, 
    36.996957632654308, 
    0.00030757719264278959, 
    1.760437270491374, 
    7.3476742891365096e-05
  ]
}