{
  "noise": 45.35676459703423, 
  "log_likelihood": -3412.868174334886, 
  "nlpd": -3.7209701006419174, 
  "rmse": 9.9496241121792277, 
  "lengthscale": [
    1.7874087780286856
  ], 
  "mae": 6.746367760988659, 
  "pearsonr": [
    0.70178228802743903, 
    4.1791038816118648e-16
  ], 
  "variance": 115.17310191001926
}