{
  "noise": 0.053771294558609066, 
  "log_likelihood": -985.0864998802199, 
  "nlpd": -1269.3389551129678, 
  "rmse": 14.701894696936829, 
  "weight_variance": [
    2.4943395325105588, 
    2.8286691265074504, 
    17.926542429501321, 
    0.017110877899773169, 
    2.3604494156253746, 
    5.7530882375176038, 
    23.181237448765827, 
    1.1309681571761936e-05, 
    15.849559289220981, 
    2.8840493686770155e-08, 
    48.160827854437876, 
    6.3500987046252115, 
    2.5981895693100787, 
    1.0599222465391575e-06, 
    1.6714149496854731, 
    2.4336633223903595e-07, 
    5.342362855866074e-07, 
    1.5192660238753172e-05, 
    20.759111937924338, 
    3.3611499050046967, 
    0.0023033525909971933, 
    15.402956633772893, 
    8.2483106685126888, 
    1.9393988661011834, 
    0.018007821392569727, 
    7.4193967495545366e-07, 
    32.774692189856673, 
    3.4080480910787464e-06, 
    3.1592481252126188, 
    3.8774603243834433, 
    19.890232966420673, 
    0.78217501437272241, 
    2.1712749336168033, 
    0.0035684961252122954, 
    7.6640087881951375, 
    22.993420824268508, 
    1.8569728132196334e-06, 
    0.0018499300431383617, 
    0.00018684271718730225, 
    6.154747008981618e-06, 
    2.6946197747085655e-06, 
    6.4824476160668576, 
    0.00063106436316976604, 
    0.7237244882424082, 
    23.8456574739755, 
    7.4759082609117682, 
    1.5624877766252004e-10, 
    3.5462023502706397, 
    34.439018151855954, 
    2.509495827656222, 
    6.2135660448951565e-06, 
    1.9640545915994356, 
    8.6192881397192937e-06, 
    1.8884661267362555e-07, 
    23.208233592891652, 
    3.3817067735306432e-12, 
    1.5749665581842468e-06, 
    7.6271836878585133e-08, 
    0.043562269018266465, 
    0.16442343097314474, 
    0.0061180204983970633, 
    8.6942361724641539e-10, 
    7.6352299880038543e-07, 
    0.75529330163364905, 
    5.4998181038359775, 
    0.0022128838274422286, 
    9.8557350729530866e-05, 
    0.00012396906811992304, 
    0.18263126938670121, 
    0.0057610813919617638, 
    3.3418345288543644e-07, 
    1.7306766458326442e-07, 
    7.4521212082350174e-07, 
    7.4763038486823739, 
    6.275728637502608, 
    48.475740818293509, 
    1.9387704892289705e-07, 
    5.2137500916563946, 
    0.0012915300172480161, 
    5.4307843038381813, 
    20.138820784770861, 
    3.3791228587275008, 
    1.3627400456455888e-08, 
    2.3616320841804538e-08, 
    22.39314412340936, 
    34.301921794322261, 
    21.770000657577992, 
    33.228749948402807, 
    21.363658222657143, 
    5.8456372834010669e-06, 
    44.982954385130334, 
    5.3035104857703823, 
    29.019354578357472, 
    1.7735813683948269, 
    10.796513359088268, 
    6.4482113177077984, 
    8.4114845133426321, 
    1.3304554475040709, 
    20.557883140901463, 
    25.300247897992492
  ], 
  "bias_variance": 22.181546062079764, 
  "mae": 11.029255633601583, 
  "pearsonr": [
    0.76882104459450684, 
    9.6920595166832193e-21
  ], 
  "variance": 2.557342130516617
}