{
  "noise": 0.07813562728331162, 
  "power": [
    0.51786652107961184
  ], 
  "nlpd": -1073.234413082381, 
  "rmse": 15.951872459766328, 
  "lengthscale": [
    1.1837333327159139
  ], 
  "mae": 11.673074751029635, 
  "pearsonr": [
    0.82129030526097235, 
    1.2661585693057281e-25
  ], 
  "variance": 1.3727848958580808, 
  "log_likelihood": -1047.4276578421795
}