{
  "noise": 89.59392513592793, 
  "log_likelihood": -3521.941385524683, 
  "nlpd": -3.9397784039695933, 
  "rmse": 12.27236889103375, 
  "lengthscale": [
    2.1075650674566293, 
    2.6469342344078277, 
    2.6412811003628947, 
    23.451494461344307, 
    1.798306071962132, 
    22.835749318549261, 
    9.8316967033857274, 
    1.4650621239498238, 
    10.20578522605134, 
    13.088149358768712, 
    19.218786763206214, 
    8.3702392456659283, 
    23.980461603760762, 
    21.378084112046391, 
    3.5777895456329061, 
    18.244517506221001, 
    8.5382723421820828, 
    18.846818627128297, 
    23.245339615432378, 
    15.275957919292686, 
    15.232368583436756, 
    11.880225491466225, 
    2.0978232523937215, 
    20.092611837577401, 
    11.946880681774079, 
    11.809124911674537, 
    25.864734610333294, 
    8.8116593866468946, 
    24.426826121318079, 
    20.5703064872577, 
    1.2380257736219276, 
    2.4729484794603196, 
    21.142956125133171, 
    2.1833808190295168, 
    27.311381152607925, 
    21.124271745235987, 
    1.741594388296436, 
    29.634477049707673, 
    1.7910623509349415, 
    0.84550638519938226, 
    2.5970440192932633, 
    20.775178975219433, 
    17.913139896565728, 
    17.860395031569681, 
    8.4110649964445887, 
    18.655743073619746, 
    14.151286304979701, 
    20.408580016438272, 
    22.058387830701122, 
    21.03465197917868, 
    20.126399338937631, 
    19.706104049279773, 
    9.2064433666291414, 
    19.169550067591267, 
    21.829377708595491, 
    28.754805724077031, 
    4.495904073458024, 
    24.366113436889851, 
    28.870989148976452, 
    21.027974464504933, 
    22.361190065216501, 
    18.649657631217146, 
    2.5074451842152805, 
    0.9728232844298752, 
    20.389072061778343, 
    31.064283815737106, 
    2.3799673515508948, 
    0.81189087114469671, 
    24.186225051523252, 
    1.5540630746022854, 
    1.9598973017456478, 
    14.691882217983627, 
    30.263102881242411, 
    4.2967332648316212, 
    20.190964288195921, 
    12.44885959478858, 
    25.09871290900303, 
    14.907176212742602, 
    21.84170672669358, 
    1.3168388180144017, 
    4.0827975981030074, 
    2.7672379153356435, 
    23.425027885762159, 
    14.093988026129541, 
    18.666208874644827, 
    25.164391045826147, 
    11.335348122003101, 
    21.589665496243523, 
    20.096626378320433, 
    2.5742883574650279, 
    2.1383684532254574, 
    9.2987577439123008, 
    1.7143311410003432, 
    9.0711468415855503, 
    18.06931616638769, 
    29.68097642742762, 
    1.1051234118547935, 
    1.4369989822910574, 
    18.925062739002687, 
    23.515775295353322
  ], 
  "mae": 9.2801676599803979, 
  "pearsonr": [
    0.47242019722728662, 
    6.9592509273676296e-07
  ], 
  "variance": 198.5804888855977
}