{
  "noise": 34.83729102745938, 
  "log_likelihood": -3421.841454054698, 
  "nlpd": -3.61424589862937, 
  "rmse": 8.4633836742239232, 
  "lengthscale": [
    1.9335333735954154
  ], 
  "mae": 5.9498118751710418, 
  "pearsonr": [
    0.69108581305259609, 
    1.7507698873747347e-15
  ], 
  "variance": 141.8448700105203
}