{
  "pearsonr": [
    0.66844594545330138, 
    1.6335249325013132e-17
  ], 
  "nlpd": 3.874502871495483, 
  "rmse": 11.327928003106626, 
  "Mat32.lengthscale": 1.7230115600757072, 
  "Gaussian_noise.variance": 20.573255414074605, 
  "mae": 7.8450238848811686, 
  "Mat32.variance": 187.60363123173673, 
  "log_likelihood": -4362.096342151116
}