{
  "noise": 21.498582320401656, 
  "log_likelihood": -3682.274641864677, 
  "nlpd": -4.1580393404100633, 
  "rmse": 14.562845780129427, 
  "weight_variance": [
    4139.6840119095086
  ], 
  "bias_variance": 2717689.2633257844, 
  "mae": 10.698699750366616, 
  "pearsonr": [
    0.70889184460546517, 
    1.5563876555325283e-16
  ], 
  "variance": 4121.93954237866
}