{
  "regularization": 10.0, 
  "rmse": 11.795243423217022, 
  "epsilon": 0.10000000000000001, 
  "mae": 7.9171807820930766, 
  "pearsonr": [
    0.64541996020459802, 
    4.1980803651678733e-13
  ], 
  "gamma": 0.10000000000000001
}