{
  "noise": 34.6235968893091, 
  "log_likelihood": -3836.188413148928, 
  "nlpd": -4.2271293151770806, 
  "rmse": 16.502908248367699, 
  "weight_variance": [
    10737.022717333466
  ], 
  "bias_variance": 181510.79438735725, 
  "mae": 11.795346449647994, 
  "pearsonr": [
    0.66432278514641174, 
    4.8788160321308881e-14
  ], 
  "variance": 1262.5219817195855
}