{
  "pearsonr": [
    0.7488255622690605, 
    1.0149435607745699e-23
  ], 
  "nlpd": 4.0919920046015239, 
  "rmse": 14.262374524006441, 
  "Gaussian_noise.variance": 57.463167488459995, 
  "mlp.variance": 955.8494560018937, 
  "mlp.weight_variance": 28006273.94551543, 
  "mae": 11.33089364023134, 
  "log_likelihood": -4832.493272223865, 
  "mlp.bias_variance": 75855782.07100391
}