{
  "noise": 76.31912698069814, 
  "log_likelihood": -3703.0734493845703, 
  "nlpd": -4.0914069765198766, 
  "rmse": 14.198537996271972, 
  "weight_variance": [
    15.787385853671388
  ], 
  "bias_variance": 9.371144367795255, 
  "mae": 9.8123307873406009, 
  "pearsonr": [
    0.75942492172825327, 
    5.3216891906172567e-20
  ], 
  "variance": 542.9262047893073
}