{
  "regularization": 100.0, 
  "rmse": 11.4102282447811, 
  "epsilon": 1.0, 
  "mae": 8.0474903018999253, 
  "pearsonr": [
    0.62115309213370273, 
    5.3883863876125513e-12
  ], 
  "gamma": 0.10000000000000001
}