{
  "regularization": 10.0, 
  "rmse": 12.828568706495549, 
  "intercept": 14.109102738922003, 
  "mae": 10.031239404200688, 
  "pearsonr": [
    0.22663790625433927, 
    0.011034799756029612
  ], 
  "coefs": [
    6.1446751686684058, 
    2.5180433210305351, 
    -2.776408058028744, 
    0.98792321000461658, 
    -3.8677812953712274, 
    0.10669398554883092, 
    1.7444639048618404, 
    4.528009262339654, 
    0.87118796426408085, 
    -2.6112674970553797, 
    -2.4759636882874769, 
    0.49035172164452112, 
    0.49789402246707481, 
    1.3169192973971391, 
    5.0716774100642485, 
    2.1608057806016543, 
    0.57991355802488176, 
    1.3740242831615279, 
    2.2523663202174058, 
    -0.75253146084871514, 
    -2.4218188511919179, 
    2.9654838664388228, 
    -3.6703527232884512, 
    1.6562903715890265, 
    -1.0044780599837264, 
    -0.15852311213393733, 
    -0.48481332113618969, 
    -3.4464604216137311, 
    0.25796925006757854, 
    -2.9079076042278227, 
    2.9368148332243127, 
    0.34150284368250217, 
    -5.6292948036632078, 
    -2.9331649010414895, 
    1.2836448989910114, 
    2.0632828255002416, 
    -2.5236081018721221, 
    0.26925678788653318, 
    2.0553265722169471, 
    0.38976764827216309, 
    -4.1917392554380326, 
    -0.3688514305723723, 
    2.0487206972108463, 
    1.1267923477096684, 
    -1.846497211240369, 
    0.62858101710450753, 
    -1.6031242858970107, 
    2.4580668054523396, 
    3.264131027067013, 
    -1.5290847592536307, 
    1.2596291886419886, 
    0.81065991815255911, 
    2.9180444624080213, 
    1.5131404039067489, 
    0.55853217022214208, 
    -0.37799028966742443, 
    -5.186336420023359, 
    -1.8286841860485641, 
    1.1395468364192736, 
    -1.657675048179089, 
    -3.1782557988823368, 
    2.6029451705052971, 
    3.6793504938999395, 
    1.1455562620147366, 
    -0.073534615062815528, 
    0.51729666516934858, 
    3.2139771077329184, 
    -3.2359956721179342, 
    1.2745948326360104, 
    0.0034671307153138486, 
    7.1989626841890901, 
    -0.031962640031625605, 
    1.9431773783781545, 
    3.9214752363819323, 
    0.28441486133387889, 
    -0.44104819967430398, 
    2.1181622617105162, 
    -4.395439170101862, 
    -0.5022860029380638, 
    -0.97176477209004053, 
    -3.2086510112050357, 
    -5.7265292443069855, 
    -0.69402245259185169, 
    -1.7744190354979577, 
    0.45991395002290514, 
    4.8061911930834054, 
    3.9137467555340701, 
    0.57599710712278551, 
    -1.4365179438672921, 
    1.6687871950713222, 
    2.6285239261094446, 
    0.16174468137816406, 
    3.4867405849624711, 
    -0.14086578511507691, 
    0.15744291572160052, 
    -1.3266236029284548, 
    -5.0554088394861667, 
    -5.3634313027537797, 
    2.2567684158132262, 
    -1.3116833284556297
  ]
}