{
  "warp_d": 2.6640540367889614, 
  "noise": 109.54132319843929, 
  "log_likelihood": -3167.41412327771, 
  "nlpd": -3.8453549822229212, 
  "rmse": 9.6270176104149314, 
  "weight_variance": [
    6.0817154695313457e-144, 
    5.2036904936553025e-150, 
    4.2430893891274168e-220, 
    1.2927787085993826e-131, 
    2.2970315400004182e-185, 
    1.689809361838122e-124, 
    1.6133278847232127e-142, 
    5.3956775269411562e-279, 
    5.070975598869231e-211, 
    100.53785940517611, 
    4.7733646372171526e-146, 
    9.7575955019427855e-150, 
    3.1286463127098345e-220, 
    3.127968141370973e-57, 
    7.8788837439275077e-161, 
    282.9789675151344, 
    1.9464848869290036e-119, 
    8.6986172677151113e-156, 
    289.33352468374136, 
    9.2192924254155352e-236, 
    1.8768832643117929e-21, 
    3.3356087608606604e-248, 
    1.713867833531576e-221, 
    3.3552862995756638e-155, 
    6.4026562878464903e-78, 
    4.0628358678133999e-238, 
    1331.4564497203414, 
    1.9079173595580771e-80, 
    9.8067242567048238e-241, 
    1517.862671403587, 
    160.31735493313431, 
    371.27994835352797, 
    3.8811672639138644e-83, 
    4.5220410435402708e-180, 
    1.0579880731744756e-274, 
    578.66659338396664, 
    7.1306790123192279e-223, 
    89.374286242805056, 
    1.5357761148713802e-184, 
    2.7494343929473528e-185, 
    7.8526699970538447e-168, 
    1.3367631319689345e-251, 
    5.8317992447854271e-232, 
    9.6337373296653817e-140, 
    1.7159190381563891e-158, 
    1.933550813056703e-174, 
    2.2569698801295653e-212, 
    60.497205317174192, 
    2.9907031014437834e-276, 
    536.74705797882143, 
    5.0977293738237483e-12, 
    8.5732097972920964e-116, 
    74.644860646420256, 
    163.49581068750848, 
    235.71743424245048, 
    2471.9968297787514, 
    336.5350539510963, 
    9.4897232666831433e-157, 
    1664.5321067260099, 
    1.2015633020792781e-154, 
    2.0631874790314038e-36, 
    3.0722351973377774e-53, 
    4.3406797331240858e-167, 
    3.6392633715917449e-143, 
    5.0443680831016165e-138, 
    55.320691044656947, 
    342.09733486520418, 
    7.6698115642618547e-49, 
    1.0911330146640314e-154, 
    54.782113742286768, 
    2.9870842248709696e-226, 
    6.2906747111618601e-39, 
    3.2439091824994024e-83, 
    25.769068419595769, 
    1.0541540915399917e-209, 
    4.6083354454958715e-248, 
    3.2553605177688891e-113, 
    459.83517045263386, 
    1.0801678615970257e-84, 
    226.62545244797602, 
    2.9438821970832676e-98, 
    13.774226935395751, 
    1.6882667600831161e-147, 
    8.2061781880565407e-154, 
    28.405028892650392, 
    173.26114912188066, 
    1.8938717244245573e-202, 
    845.66254107674467, 
    7.7102194201464534e-217, 
    30.567939373221225, 
    3.1852906341954971e-206, 
    9.3781358196551581e-160, 
    308.82079544019058, 
    3.8427462805506977e-243, 
    771.56922584384972, 
    4.8142670690821156e-196, 
    742.145090512911, 
    9.0408203862646133e-150, 
    5.4953526050982027e-123, 
    8.0365763211573155e-132
  ], 
  "bias_variance": 3760.3105611205106, 
  "mae": 6.4351208664218698, 
  "pearsonr": [
    0.5606475560877453, 
    1.3100585354722969e-09
  ], 
  "variance": 4294.52140558355, 
  "warp_psi": [
    [
      5.5626846462681369e-309, 
      0.0109297886994744, 
      24.208564680802564
    ], 
    [
      5.5626846462681369e-309, 
      2.7254358924045836, 
      1.1427705026647939
    ], 
    [
      5.5626846462681369e-309, 
      8.9626528740578154e-50, 
      -36.842376420827115
    ]
  ]
}