{
  "noise": 33.04988700920663, 
  "power": [
    0.47656588001814915
  ], 
  "nlpd": -4.1001826304577991, 
  "rmse": 14.946015087975857, 
  "lengthscale": [
    1.1087025825584167
  ], 
  "mae": 11.481859709071314, 
  "pearsonr": [
    0.76976707143018575, 
    8.1286016406277401e-21
  ], 
  "variance": 693.865927903615, 
  "log_likelihood": -3840.7509291227525
}