{
  "RatQuad.variance": 984.2436012358806, 
  "log_likelihood": -4812.799883028269, 
  "nlpd": 4.1583490355261583, 
  "rmse": 15.984462567618717, 
  "Gaussian_noise.variance": 15.16395238939916, 
  "RatQuad.lengthscale": 0.6590996983294836, 
  "mae": 11.678125261408486, 
  "pearsonr": [
    0.70433625534262134, 
    5.0071979361472757e-20
  ], 
  "RatQuad.power": 0.19809978425748567
}