{
  "log_likelihood": -4574.99925297589, 
  "nlpd": 4.0757185533635409, 
  "rmse": 14.223436618583703, 
  "Gaussian_noise.variance": 180.1239976267413, 
  "mae": 10.882086169825598, 
  "pearsonr": [
    0.43530054971402282, 
    3.9110059846613928e-07
  ], 
  "linear.variances": 8.466627404684093
}