{
  "warp_d": 0.11999907916970934, 
  "noise": 0.19396741403566467, 
  "power": [
    0.17727309496982482
  ], 
  "nlpd": -4.1127209496774686, 
  "rmse": 13.815337380849535, 
  "lengthscale": [
    0.68752863596377722
  ], 
  "mae": 11.654055446549256, 
  "pearsonr": [
    0.67663216454341268, 
    1.102708046251601e-14
  ], 
  "variance": 17.10639066967307, 
  "warp_psi": [
    [
      1.4738711614919236e-09, 
      0.80638625441542455, 
      3.0119664788757694
    ], 
    [
      1.9502912014355836e-08, 
      4.1438575721090398, 
      6.6741205966683044
    ], 
    [
      1.8703322105498968e-06, 
      2.098024827721698, 
      1.7252874649912102
    ]
  ], 
  "log_likelihood": -3876.5863190436953
}