{
  "regularization": 10.0, 
  "rmse": 19.099164706153886, 
  "intercept": 0.23534851510568683, 
  "mae": 15.52635785210745, 
  "pearsonr": [
    0.53491470532773078, 
    9.8609412423920146e-09
  ], 
  "coefs": [
    0.19793986496838334, 
    -0.11865141193236314, 
    -0.065973347621402292, 
    0.33551112043397247, 
    0.45707130135818569, 
    -0.40888146362853944, 
    0.1133382460737806, 
    -0.1035371554403535, 
    -0.17778696858450693, 
    -0.24569014268894054, 
    -0.011052990123482133, 
    -0.266005277990573, 
    -0.044446027132738465, 
    -0.026189514238106407, 
    -0.11857447872914349, 
    -0.027338648948036833, 
    0.12286451672696225, 
    0.036624960432337011, 
    0.068150758280973694, 
    0.047040661784648899, 
    -0.16922480737035092, 
    -0.18010832826383275, 
    -0.07203473296804315, 
    -0.025728874251632054, 
    -0.11905565293516904, 
    0.022323323323517621, 
    -0.067804952288763681, 
    -0.060162379110440527, 
    0.19632011126893936, 
    -0.42553589464126867, 
    -0.40285582044918139, 
    -0.20865776167896613, 
    0.11320754876509086, 
    0.38670243219878381, 
    0.38874924063211785, 
    -0.18310146206228708, 
    -0.12635588917513149, 
    0.070942301523088114, 
    -0.23174325816114114, 
    -0.15720726453275613, 
    0.34421889775016334, 
    -0.12698707156577191, 
    0.33834580997156566, 
    -0.12526245251744283, 
    0.12325224370625895, 
    -0.04010439239369093, 
    -0.1860096343413053, 
    0.010252541097615083, 
    0.084553455301192654, 
    -0.063399045645879656, 
    -0.43310017292519321, 
    -0.25754002751565247, 
    0.028075055976622347, 
    -0.060842508395308775, 
    0.04728711525805307, 
    -0.072690332008813668, 
    -0.016039753047195574, 
    0.25066978899106374, 
    0.030654945147225228, 
    -0.30593119231140942, 
    -0.19762518383988131, 
    0.22733560861868363, 
    -0.0054010706911902205, 
    -0.18939510199193804, 
    0.046951050371096148, 
    0.024680894651166466, 
    -0.13938354953584714, 
    -0.059526801710214725, 
    0.24140951009016437, 
    -0.099274032724601266, 
    0.28191133535061558, 
    0.22434171557642446, 
    -0.2144033399263123, 
    -0.15140906493836517, 
    -0.14897637469294209, 
    0.084986557914698266, 
    -0.35086661871143487, 
    -0.076415221778846784, 
    0.23734712056546453, 
    -0.46142105155017382, 
    -0.28643593952557006, 
    0.24344100191047019, 
    0.18348392883172088, 
    0.17784858744672, 
    -0.056773735009638802, 
    0.14038074303280654, 
    0.32812704873758236, 
    -0.17293200843998746, 
    -0.25021394600757241, 
    0.11599834621378473, 
    -0.16161448847033832, 
    -0.21798370654461341, 
    -0.10778445943739995, 
    -0.069346197625955466, 
    -0.30189409488230973, 
    -0.20028440584544049, 
    0.019038383690165781, 
    0.051852641428723555, 
    -0.064950910280727733, 
    0.06314628385021516
  ]
}