{
  "warp_d": 0.3297327480276377, 
  "noise": 3.4780288785646167, 
  "log_likelihood": -3851.728666441908, 
  "nlpd": -4.2367227063979263, 
  "rmse": 16.705589521112433, 
  "weight_variance": [
    426.04892663862705
  ], 
  "bias_variance": 369.6437875213491, 
  "mae": 11.989986258808976, 
  "pearsonr": [
    0.65332854907574589, 
    1.7378837032132921e-13
  ], 
  "variance": 107.79921721256083, 
  "warp_psi": [
    [
      1.4540087034650504e-19, 
      15.870279289092034, 
      32.70255205775053
    ], 
    [
      1.7121110757586883e-09, 
      1.9314973577339781e-05, 
      44.009795355458301
    ], 
    [
      6.5875242538668288e-07, 
      0.016769249283535289, 
      3.7026421372352241
    ]
  ]
}