{
  "noise": 0.764168693222141, 
  "log_likelihood": -1206.7219134332322, 
  "nlpd": -102.30251970753474, 
  "rmse": 10.533646685145458, 
  "mae": 6.8625268237975368, 
  "pearsonr": [
    0.43734786844228807, 
    5.3692986150166139e-06
  ], 
  "variance": [
    0.036137276561087117
  ]
}