{
  "regularization": 10.0, 
  "rmse": 9.6902852179854921, 
  "intercept": -0.42194141521369494, 
  "mae": 6.835400854277931, 
  "pearsonr": [
    0.57355967089831161, 
    4.4516221596271052e-10
  ], 
  "coefs": [
    -0.0044307402591421772, 
    -0.014884962777389217, 
    -0.23759763857036792, 
    -0.033571446164917626, 
    -0.23777908917582327, 
    0.19487077220076318, 
    -0.33527052080708736, 
    -0.10422914370689242, 
    0.098010817428567085, 
    0.32694049484677529, 
    -0.022066502270993608, 
    0.027818453285652245, 
    -0.06817865796042126, 
    -0.086892402620763087, 
    -0.20040540192736378, 
    0.24933681232552987, 
    -0.17940488190063963, 
    -0.08471341652903136, 
    -0.47538632409242981, 
    0.1702929082408994, 
    0.26226389621874907, 
    -0.048417611420324691, 
    0.18004234296035465, 
    0.088522663094117479, 
    0.26644699703196384, 
    0.097272342566225953, 
    0.24626044445810022, 
    0.019250073788873431, 
    0.22103441315588884, 
    0.34130763479538834, 
    0.29531296797859624, 
    0.15803411472101098, 
    0.26349846174879438, 
    -0.17968327881558582, 
    -0.10726209964924141, 
    -0.068093561872197103, 
    -0.0001511812688872044, 
    -0.17859488001311491, 
    0.23408056908579011, 
    0.014115782585286016, 
    -0.14791919186065858, 
    -0.095135306468143499, 
    -0.16498423861799652, 
    0.10889165360543861, 
    0.093049873233358754, 
    -0.18571895528420507, 
    -0.005421056667669984, 
    0.0027819758583709927, 
    -0.08833305387406401, 
    0.1250461641660317, 
    0.12141743336682016, 
    0.21094322074207011, 
    -0.20543010318803209, 
    0.33774927815865025, 
    0.064828940449031203, 
    0.15051289675622381, 
    0.14859357553441796, 
    -0.079905345109888143, 
    -0.020135979976454443, 
    -0.078937742669426075, 
    0.11548885827371998, 
    -0.21106217909945288, 
    0.023113681470612615, 
    -0.1287828700673119, 
    -0.039709370605254465, 
    0.13793540553658085, 
    0.26305639591595931, 
    0.019960830882001381, 
    -0.035698302292704341, 
    0.22162225862530741, 
    0.08589050154573058, 
    -0.0066412808103263887, 
    -0.16960487581886502, 
    0.21578057731843556, 
    -0.13685325344924038, 
    -0.082599735994246887, 
    0.1454144308115114, 
    0.18623389894974524, 
    -0.3941107489793213, 
    0.29151341899344146, 
    0.093787440215496357, 
    -0.13400924880845302, 
    -0.19358684143991553, 
    0.1079097759727424, 
    -0.15372051756454155, 
    -0.2387916289671842, 
    -0.066538685062962746, 
    0.12689420590858225, 
    0.24758728670625463, 
    -0.29984757552131391, 
    -0.23372679979168734, 
    -0.15469605680436033, 
    -0.1900517844339224, 
    -0.071153651450402172, 
    0.37298872601353977, 
    -0.085134103882432532, 
    -0.034913178044599882, 
    0.41813733815627335, 
    0.24508102699462689, 
    -0.089759778518554462
  ]
}