{
  "regularization": 10.0, 
  "rmse": 7.7752116346675182, 
  "epsilon": 0.10000000000000001, 
  "mae": 5.3046027986074922, 
  "pearsonr": [
    0.52993244825001928, 
    1.4298611912457828e-08
  ], 
  "gamma": 0.10000000000000001
}