{
  "noise": 5.79547914682634, 
  "log_likelihood": -3106.982715108308, 
  "nlpd": -3.9535699183348942, 
  "rmse": 10.877062677360346, 
  "lengthscale": [
    10.994908433825708, 
    1.9655731911925909, 
    10.059709316298273, 
    0.63137420980673342, 
    11.472625648803206, 
    1.4664343996181484, 
    0.5001907643759157, 
    10.721232919878732, 
    14.825511053722201, 
    0.68193295161307854, 
    5.8200079985840789, 
    10.813496252288614, 
    5.0148274234518926, 
    9.9414363478711554, 
    8.869668285725659, 
    0.29741211763607961, 
    7.7081491673416105, 
    5.9806960993363658, 
    7.845948916512568, 
    6.5104699327766866, 
    5.3918804182630513, 
    6.821207725216774, 
    10.482247145929239, 
    8.8929952420439182, 
    16.529230915236507, 
    7.5676468506765424, 
    1.5596259954461871, 
    0.62640694098308702, 
    9.9112701933853398, 
    0.46359496749621587, 
    0.57839029372175255, 
    8.2366682068877779, 
    4.5656728287652406, 
    9.1444339621811537, 
    10.169571124200566, 
    1.74545312436749, 
    3.6507486456039429, 
    1.1067016160297187, 
    8.1592357007645528, 
    11.149415302563474, 
    7.0114822376394255, 
    10.888717671706887, 
    11.978787985518791, 
    6.621298641245315, 
    9.9403686749927989, 
    6.3399887237447903, 
    8.2096177428376613, 
    1.6507867057043777, 
    8.59210853836586, 
    1.4064749546550754, 
    10.644650171322571, 
    7.9914460849404065, 
    1.1303471223027677, 
    6.704858949346888, 
    0.65156677343571301, 
    13.240663555777269, 
    9.7315813376961078, 
    5.464004481051786, 
    9.7179929992634904, 
    11.045067045338046, 
    18.346002309673818, 
    11.670735084537583, 
    11.493583943534894, 
    2.0837961796717734, 
    10.86921243991325, 
    3.9841784275726799, 
    1.2890509209535725, 
    7.3093295249462287, 
    9.8070079782628543, 
    6.1406452482269254, 
    12.738646223889605, 
    0.43306476089396873, 
    8.502156023052601, 
    2.1876435820311939, 
    1.7892688045300602, 
    9.0287188868066028, 
    0.27151760186391743, 
    3.0354546749711631, 
    8.9886315082612711, 
    2.040179499418775, 
    5.6511451045905163, 
    8.9162363855410192, 
    11.02707765796875, 
    8.5524270369793545, 
    10.645862366006416, 
    1.5380568755790032, 
    8.9368077005476039, 
    0.97262624913512075, 
    9.7380403443632702, 
    9.7321256109458147, 
    7.8643938648416114, 
    10.423029827286662, 
    17.733005808101726, 
    11.137801753606938, 
    0.90640392371675726, 
    10.221557126783049, 
    0.50913349274408093, 
    1.5695794815866644, 
    11.212163052231938, 
    9.4731298229572456
  ], 
  "mae": 6.3860462210662998, 
  "pearsonr": [
    0.49763016153304163, 
    1.3834310725582682e-07
  ], 
  "variance": 80.19704619626182
}