{
  "pearsonr": [
    0.37715222592811776, 
    1.4539792385200881e-05
  ], 
  "nlpd": 3.5789849332337882, 
  "rmse": 9.0948313621847312, 
  "Mat32.lengthscale": 1.4721296405777378, 
  "Gaussian_noise.variance": 8.385390983705426, 
  "mae": 5.7032685735452642, 
  "Mat32.variance": 141.17756653650196, 
  "log_likelihood": -4229.300165597408
}