{
  "noise": 9.029602507844965, 
  "log_likelihood": -3229.347965742237, 
  "nlpd": -3.5171849899245626, 
  "rmse": 8.043420685434608, 
  "lengthscale": [
    1.4294329959213989
  ], 
  "mae": 5.0215075652665444, 
  "pearsonr": [
    0.73500977108186671, 
    3.1576311359763039e-18
  ], 
  "variance": 91.0837534339578
}