{
  "noise": 0.5685467813576377, 
  "log_likelihood": -1069.8363082177575, 
  "nlpd": -994.04012529371141, 
  "rmse": 17.612892610657223, 
  "mae": 12.778178225226677, 
  "pearsonr": [
    0.76442333369568805, 
    2.1720311136873956e-20
  ], 
  "variance": [
    0.14521651764729832, 
    0.010611174916521807, 
    5.9788985208737797e-05, 
    0.14175804451021221, 
    0.074389113701171516, 
    0.029061393875702422, 
    0.00054958761954326861, 
    3.4917159212433064e-05, 
    0.29689468524382989, 
    7.5976222150115058e-06, 
    1.0291603696954369e-05, 
    0.091248507883685506, 
    0.00030168133884210047, 
    1.4031628658555885e-05, 
    1.705949970954124e-05, 
    1.3619292786070221e-05, 
    0.00010758602295592227, 
    1.6226162131002949e-05, 
    0.033896733494104561, 
    0.17106959388147511, 
    0.00019750626586766387, 
    1.9103051925895919e-05, 
    0.49201213219885387, 
    0.034246327745080248, 
    2.3228371123419209e-05, 
    5.8100090308866015e-06, 
    5.3665077066534878e-05, 
    0.115802985747926, 
    0.089641806320840955, 
    0.17720749408999895, 
    0.17378939586785885, 
    0.017839370242336651, 
    1.0464140619925643e-05, 
    0.00034355500020109635, 
    0.48419936543410214, 
    3.2946699533467013e-05, 
    1.3242098061445062e-05, 
    0.032052010220196513, 
    2.7610070423626245e-05, 
    0.019533572234093181, 
    1.3433005761205108e-05, 
    0.093621055478560533, 
    7.1836541235943004e-06, 
    0.00056134241720201192, 
    3.6511738672049624e-05, 
    0.26537704554329344, 
    1.6308441903247031e-05, 
    0.096738640820010435, 
    0.31206002393146576, 
    0.18546216606136387, 
    9.8666832380361568e-06, 
    0.10791274847550274, 
    1.2021509374700535e-05, 
    0.08498737606898657, 
    0.025612046944081049, 
    1.6583855654080239e-06, 
    6.3512918302954467e-06, 
    7.5778615189111977e-06, 
    3.2825415851379824e-06, 
    0.1896440374890527, 
    4.7802729326231644e-05, 
    7.0643162934870346e-06, 
    4.4086572519848896e-05, 
    2.7290117901403096e-05, 
    0.50241284017507337, 
    0.017072536835067636, 
    3.1050334684415364e-05, 
    7.4964423107711518e-06, 
    0.034574088102479306, 
    8.9614121451332033e-06, 
    3.3128652097776342e-05, 
    9.6872887042033854e-06, 
    2.0761375191227787e-05, 
    0.42975021497216914, 
    0.13576869365667649, 
    0.11396393002073706, 
    0.066955056478747901, 
    0.00011545467177256291, 
    0.00049804505746851532, 
    1.8053775879513423e-05, 
    0.23655069519004976, 
    0.22270364472903903, 
    4.1358951258322363e-05, 
    8.6260880040727555e-06, 
    6.5441425885101735e-06, 
    7.4712068954300425e-05, 
    0.0024307593300925195, 
    0.075076132071164176, 
    0.013185524348769252, 
    7.1493055610846479e-06, 
    0.00021840201986658074, 
    0.00015876103348463631, 
    0.029085656034902818, 
    0.044980826652419599, 
    0.012729169229173359, 
    0.11439432013178703, 
    3.2210954311617337e-05, 
    0.14433766923994823, 
    7.605774561926635e-06, 
    0.1688112528620013
  ]
}