{
  "noise": 0.12124153649427064, 
  "log_likelihood": -985.9854429453884, 
  "nlpd": -669.92903560269417, 
  "rmse": 12.273064632912671, 
  "weight_variance": [
    14375.658406818329
  ], 
  "bias_variance": 3985136.062652275, 
  "mae": 8.9503417929483646, 
  "pearsonr": [
    0.76678994014086466, 
    1.4100270335887756e-20
  ], 
  "variance": 5.576135630016127
}