{
  "regularization": 10.0, 
  "rmse": 18.560051164000594, 
  "intercept": 24.165611396036837, 
  "mae": 15.222340990452169, 
  "pearsonr": [
    0.4748471063784222, 
    5.9901453086306388e-07
  ], 
  "coefs": [
    5.3059041179325082, 
    -0.16675622928539666, 
    -2.8085515099559357, 
    9.3022141186920919, 
    9.8608403784008427, 
    -8.6856476575947656, 
    3.8026545814733037, 
    -2.530847978042134, 
    -4.2689469114127805, 
    -3.522647889434408, 
    -0.73567174173464411, 
    -4.2269686364092731, 
    -2.0593318293458776, 
    1.9337873607826699, 
    -2.9290249167206404, 
    -2.2965804434999408, 
    3.288713964959503, 
    -0.65733260215548872, 
    0.21196172467160798, 
    1.8092700525824419, 
    -2.7217306503820633, 
    -2.9727689940064037, 
    -1.8262217506125056, 
    1.5112958535656744, 
    1.0700211912536604, 
    -0.04126473508244867, 
    -1.6883328768545298, 
    1.1422502143126805, 
    4.8982780690150962, 
    -9.9353921762379702, 
    -9.2457318936545239, 
    -3.763724827368307, 
    3.5778197686576818, 
    6.4317340270652537, 
    6.5737138028232511, 
    -5.0156120419367571, 
    -1.1667232491827648, 
    1.2202608209432864, 
    -6.4395384734008871, 
    -4.3603727027320689, 
    6.8555920315534991, 
    -1.9911939743989573, 
    6.6943408436209335, 
    -0.63321470666829294, 
    1.3916493177571105, 
    -0.58791690846837075, 
    -2.3680103388353708, 
    -0.48561268764390414, 
    1.3467058880930227, 
    -1.6467913361040714, 
    -8.5023232284139034, 
    -5.4624030877041445, 
    0.80800658242314194, 
    -0.75611869584074332, 
    1.8145499706410295, 
    -0.72479944432370358, 
    -0.86249136343664523, 
    6.1676547342673382, 
    2.9576406091400527, 
    -8.0877803711829621, 
    -1.5978671561714097, 
    3.4475031665187537, 
    -0.16454610292805272, 
    -3.6493506413057633, 
    -0.49929846723811583, 
    1.0020254431422138, 
    -2.9656668222860971, 
    -2.4350574834402305, 
    3.6167074232812992, 
    -3.5046499964366116, 
    6.9558665578491023, 
    3.3971248354836079, 
    -5.540703335446441, 
    -3.9490443621637072, 
    -1.3769727944784285, 
    2.8106259950978125, 
    -7.6549117684720498, 
    -1.2871239548271269, 
    4.3357282814506295, 
    -8.4307455725050691, 
    -7.9432211242189901, 
    4.9300070651562855, 
    3.5547942164668602, 
    2.2928990059430507, 
    -1.6154080038808574, 
    3.7634718938780494, 
    7.1641066231998298, 
    -4.6731263542267456, 
    -7.2982743533243797, 
    2.5793636881107318, 
    -4.4046129019276572, 
    -3.5597239309197453, 
    1.1837456805071189, 
    -1.4977849199922706, 
    -4.5381785873522231, 
    -4.8245118811284708, 
    -0.23900467511310597, 
    -0.73261726839558383, 
    -0.74480360931367795, 
    1.1243859926070625
  ]
}