{
  "noise": 106.669005354483, 
  "log_likelihood": -3522.522055784822, 
  "nlpd": -3.9295632920044326, 
  "rmse": 12.279594002614997, 
  "lengthscale": [
    1.6851527568434925, 
    2.2698033338850796, 
    2.1931058616180317, 
    11.188415520774868, 
    1.3613873079455945, 
    15.788654997349838, 
    6.1657388154295418, 
    1.5198629351521902, 
    2.0830516563892956, 
    20.893048325017929, 
    16.321375201581024, 
    11.793655383844428, 
    18.144235556252912, 
    18.078399223161544, 
    6.4003705759297205, 
    16.14477151289017, 
    2.5120150005531867, 
    4.3863866754345118, 
    19.757218259112783, 
    17.223117384086642, 
    8.8113087952887881, 
    3.9926773127929085, 
    1.6532365062121817, 
    16.942393452148472, 
    15.22006066485211, 
    11.639656162022616, 
    25.790972521811906, 
    15.536653773885821, 
    20.511970768069602, 
    17.940206152739641, 
    1.5463054219725254, 
    4.528844623451393, 
    16.526779029498435, 
    2.3023339483465226, 
    32.104561715392201, 
    15.399642103795941, 
    4.0703540784384646, 
    26.393822011582323, 
    2.0803520282169266, 
    16.411502178087723, 
    1.7272248758497279, 
    16.704651125254369, 
    15.537067038615801, 
    16.124517005456845, 
    6.3793341515787096, 
    15.587443238549902, 
    17.224358107774091, 
    12.247991537244113, 
    16.34950915110862, 
    18.617027811644842, 
    17.347710795177022, 
    16.639635552608222, 
    11.532783570895244, 
    16.389250986254343, 
    18.197770581089504, 
    20.321642088944639, 
    2.3339259196649538, 
    15.678136556956474, 
    23.263023832210671, 
    15.627767315599543, 
    18.556411235442219, 
    16.013553398922451, 
    6.0845027073654911, 
    1.0165353807163608, 
    17.438603599471694, 
    34.825191317964055, 
    2.3422326446219026, 
    0.84859610709631117, 
    25.661057880575378, 
    1.6315488634243154, 
    1.923062426432411, 
    11.089707673875472, 
    1.3976776730564779, 
    21.503171246496642, 
    17.73955010854554, 
    7.3214250689324256, 
    14.286631835345007, 
    4.2209561048696749, 
    14.736758191649953, 
    3.2717751872975884, 
    20.858731531234778, 
    2.7747107662287718, 
    1.5229796709126153, 
    13.965818800165248, 
    17.007163921777074, 
    4.5293900212535467, 
    14.262808188982582, 
    17.820097585331645, 
    14.383205567510293, 
    8.2135502999610512, 
    1.3251261531416334, 
    19.695112965604192, 
    1.8830310760775335, 
    15.989698540389405, 
    13.876488552654308, 
    8.8141122964144625, 
    1.1406677651174082, 
    1.381890125584758, 
    17.525727890652817, 
    3.7442251413049146
  ], 
  "mae": 9.628811286040289, 
  "pearsonr": [
    0.46674271091205738, 
    9.8395064789781473e-07
  ], 
  "variance": 178.51462046923677
}