{
  "noise": 53.59845574851612, 
  "log_likelihood": -3627.292778362359, 
  "nlpd": -4.3560605076540675, 
  "rmse": 16.198586879538983, 
  "lengthscale": [
    1.7622905468364312, 
    28.597526184373205, 
    22.440978884194468, 
    23.10026006942438, 
    34.381661834715466, 
    1.1675066245271168, 
    1.3285414176104535, 
    12.170095198582974, 
    1.5611306234464197, 
    0.93108603750712193, 
    34.441696055771857, 
    10.325145505404903, 
    25.347488400472205, 
    3.7846602114001362, 
    28.283736542526555, 
    31.297670016112978, 
    2.0934128373992866, 
    12.982343024564642, 
    1.4127761565326475, 
    35.681472466588431, 
    19.008061685521927, 
    28.216597672063344, 
    24.603378144862244, 
    17.06397630778886, 
    11.174798411797058, 
    3.4562454346445222, 
    30.686687916246154, 
    3.3384252421418186, 
    35.27575458726745, 
    1.390353145652093, 
    1.3145140803101523, 
    2.1993434835136205, 
    21.26863421133665, 
    30.203431279473218, 
    29.061137789707754, 
    1.536310531404562, 
    17.947012980229321, 
    2.8095839282013491, 
    40.427037427870324, 
    26.761186369050652, 
    37.639861627810475, 
    18.600132854836286, 
    16.194502541333655, 
    27.027696524143806, 
    1.173636928310088, 
    31.360808044299624, 
    1.56345681570689, 
    60.570384147359725, 
    22.910120904449606, 
    53.922140287901918, 
    27.853765741450815, 
    34.252756745206213, 
    36.509803781339293, 
    34.761239225461381, 
    8.5457598406018036, 
    34.748317851540612, 
    2.8938398424387066, 
    24.795336027308228, 
    26.242084728276058, 
    14.300628783981077, 
    37.18470793126, 
    1.6802573025702432, 
    25.933262387452164, 
    7.6710276106915298, 
    32.081201993612005, 
    0.89724727299838869, 
    5.3261699858033413, 
    19.829828890661236, 
    3.1072348200894178, 
    2.0712793832464182, 
    18.914896694381227, 
    82.075259684683445, 
    32.006241683404575, 
    23.048320153618128, 
    2.0677414661658502, 
    26.877758209091912, 
    9.4266404855428299, 
    28.596553490759078, 
    13.482839632691649, 
    7.1020125523843483, 
    38.431101915846455, 
    1.5378797540559985, 
    1.3530538735957218, 
    29.810677373830718, 
    30.474682142763989, 
    70.629167026570514, 
    24.098370324439706, 
    32.589631582131858, 
    0.87716655686457001, 
    33.353129738561535, 
    15.606725373287802, 
    1.7967069100919992, 
    24.756187033366018, 
    16.894465242275373, 
    2.438592096372711, 
    32.814428510580044, 
    34.888139153404737, 
    5.9852938114282486, 
    75.461641040951932, 
    1.983473047891577
  ], 
  "mae": 11.956622944075326, 
  "pearsonr": [
    0.68095060097431936, 
    6.4334856243414522e-15
  ], 
  "variance": 500.38694070552555
}