{
  "warp_d": 0.23631965734380617, 
  "noise": 1.3912164763330173, 
  "log_likelihood": -3833.5571591185826, 
  "nlpd": -4.2223683838615935, 
  "rmse": 16.311951311567032, 
  "lengthscale": [
    2.0510909772421941, 
    2.2285369185353474, 
    4.0340669963654152, 
    3.3893732619643271, 
    2.1812866702954916, 
    2.3178155060409877, 
    1.0524224616534976, 
    6.7464990115998509, 
    1.6631244055196004, 
    2.3030604606838585, 
    9.2133185336649479, 
    1.2422866947411919, 
    13.088013157471593, 
    9.2827194809205622, 
    8.5005410577242184, 
    4.3402141776414958, 
    1.3745620470252871, 
    1.003510646786655, 
    15.738835971423828, 
    12.229496929388384, 
    9.962819248591698, 
    1.4866673327393256, 
    1.1169549328225425, 
    8.6107062175989189, 
    0.84355825218984637, 
    5.3273602294660423, 
    1.1205154409789242, 
    1.5215099395911356, 
    3.1802732693299278, 
    1.0757481318469533, 
    1.6237641798981231, 
    9.9658295923024003, 
    6.2370198603674663, 
    2.3357873331090926, 
    2.7243230233937785, 
    12.494911148419558, 
    9.2451656996166598, 
    12.277445929508094, 
    8.923354313227831, 
    1.1860716912585927, 
    1.254418432914234, 
    1.5392219447701005, 
    4.212598913640436, 
    5.7363593986660897, 
    8.9749516673853638, 
    14.607131901925733, 
    8.8029357570402968, 
    13.77348299623104, 
    1.3329654800210575, 
    10.591856548054004, 
    2.2272926720919153, 
    2.292103556477489, 
    9.1865204902129953, 
    14.85521365540043, 
    0.89115608575695593, 
    15.601670966292057, 
    5.1546815601436515, 
    8.9737101843711553, 
    15.23618070275111, 
    1.6381638099476401, 
    14.621166470862624, 
    1.1782971438549363, 
    9.2988356520040654, 
    15.520169464032314, 
    15.276500705614792, 
    7.0784444717786847, 
    9.2912300952296061, 
    1.1948855222901944, 
    3.7379583034842034, 
    1.4235754946024137, 
    2.0093895407044786, 
    5.5013445352574788, 
    14.271527479745133, 
    11.406279738560949, 
    14.005479687516047, 
    10.068940789126655, 
    3.1781465932415722, 
    5.8166327507557956, 
    10.271025522837023, 
    4.0358562451267108, 
    2.237940554989633, 
    2.7650702439244421, 
    13.240133341864443, 
    3.5966633426185677, 
    8.0074106782673393, 
    13.587055860003407, 
    4.6832805508314479, 
    1.4178744101421386, 
    0.92172454128917214, 
    11.724290978162102, 
    0.81064944489487278, 
    1.1374568717526048, 
    11.756831641239909, 
    13.842072357862271, 
    1.530932765164934, 
    9.0234871808511574, 
    1.0340703836421843, 
    12.502127935004182, 
    9.4384516935864458, 
    2.5654493367862692
  ], 
  "mae": 13.100939633980133, 
  "pearsonr": [
    0.61645354910650296, 
    8.6133998183464454e-12
  ], 
  "variance": 40.809631487168794, 
  "warp_psi": [
    [
      1.2786277219059294e-15, 
      4.6816242256402232, 
      2.8854155265011503
    ], 
    [
      2.0285838063631961e-19, 
      0.59710835268023532, 
      13.134250360152992
    ], 
    [
      5.0351558542655149e-28, 
      6.3535413602004287e-07, 
      -3.9622795248213958
    ]
  ]
}