{
  "RatQuad.variance": 263.8779058832348, 
  "log_likelihood": -4356.277649224598, 
  "nlpd": 3.8885283585458446, 
  "rmse": 11.906154107913084, 
  "Gaussian_noise.variance": 20.71608389887316, 
  "RatQuad.lengthscale": 0.6134519589452917, 
  "mae": 8.2298215248602933, 
  "pearsonr": [
    0.70773002597142098, 
    2.7691747325323093e-20
  ], 
  "RatQuad.power": 0.2935160996734259
}