{
  "warp_d": 0.14211423800224235, 
  "noise": 1.4443628166040616, 
  "log_likelihood": -3278.3320474061143, 
  "nlpd": -3.6225955820389406, 
  "rmse": 8.9845131480564326, 
  "lengthscale": [
    12.191329976828195
  ], 
  "mae": 5.424200796637396, 
  "pearsonr": [
    0.41435872330399015, 
    1.8209526557565001e-05
  ], 
  "variance": 11.505968039199114, 
  "warp_psi": [
    [
      3.9036491235563646e-07, 
      0.0051703183523262621, 
      1.2002331699433424
    ], 
    [
      2.438654147546024e-07, 
      1.2205864918858407, 
      1.936569966845044
    ], 
    [
      3.3303175535521841e-08, 
      5.0156574386715258, 
      0.70630119062660701
    ]
  ]
}