{
  "noise": [
    107.4992006983955, 
    83.78414397688648, 
    218.2989833923864, 
    307.816308135135, 
    288.8396689923171, 
    155.16964144339195
  ], 
  "kappa": [
    3.0268013787353602e-12, 
    3.7987144292581606e-18, 
    34.77912041410532, 
    50.188642765158086, 
    59.160933491417175, 
    21.856945396644637
  ], 
  "log_likelihood": -21916.853623607596, 
  "joy": {
    "mae": 12.634660560450804, 
    "nlpd": 4.2264366207638133, 
    "pearsonr": [
      0.61487691785856002, 
      1.0063833329121544e-11
    ], 
    "rmse": 16.391467174326845
  }, 
  "W": [
    4.3139359493643585, 
    2.5350281944153075, 
    2.864849173250203, 
    -3.601661538358513, 
    3.280027300705457, 
    -0.4740636938594248
  ], 
  "sadness": {
    "mae": 13.097643316642241, 
    "nlpd": 4.2590494342110867, 
    "pearsonr": [
      0.58719760132588394, 
      1.351518144595035e-10
    ], 
    "rmse": 17.092066485900023
  }, 
  "disgust": {
    "mae": 5.4113780818164825, 
    "nlpd": 3.5740196428558253, 
    "pearsonr": [
      0.31614125998667636, 
      0.0013540727247407056
    ], 
    "rmse": 8.5801026013445316
  }, 
  "variance": [
    0.43646221487933667
  ], 
  "anger": {
    "mae": 8.3483724232868592, 
    "nlpd": 3.8966943346504901, 
    "pearsonr": [
      0.62113229594082375, 
      5.3996760464270531e-12
    ], 
    "rmse": 11.782577618187197
  }, 
  "surprise": {
    "mae": 10.329978521967494, 
    "nlpd": 3.9972287503414861, 
    "pearsonr": [
      0.45639040170062112, 
      1.821239165571701e-06
    ], 
    "rmse": 13.16559844901675
  }, 
  "fear": {
    "mae": 10.592867836470548, 
    "nlpd": 4.0366265464641939, 
    "pearsonr": [
      0.74321627227833997, 
      8.4269681575602316e-19
    ], 
    "rmse": 13.494877227039582
  }
}