{
  "noise": 0.061134952945032135, 
  "log_likelihood": -1056.19750668091, 
  "nlpd": -169.98884744898299, 
  "rmse": 10.629000148055384, 
  "lengthscale": [
    19.661916118589236, 
    0.86528025027462163, 
    21.783045188457358, 
    0.49578881211360259, 
    21.595952307259516, 
    19.157525639002614, 
    1.867527959231849, 
    22.598688195621918, 
    15.912127518154955, 
    1.1847771480541587, 
    19.114496765561707, 
    16.155698172823779, 
    26.68481071871507, 
    21.520944925427919, 
    18.230387825174251, 
    0.32544995228856305, 
    21.311864491746512, 
    6.5258300575500598, 
    10.115127008478417, 
    24.125769939460238, 
    1.2700254192347979, 
    26.296555539496392, 
    21.464619089380413, 
    15.414133157690507, 
    5.8199531006739402, 
    17.244304941145764, 
    10.920589988671541, 
    0.62209087861961976, 
    23.233962987828459, 
    0.37632212624410394, 
    0.5641760502856511, 
    0.73063730943502658, 
    18.191054426258138, 
    14.35592734348883, 
    27.993737072177417, 
    0.83027011738058909, 
    13.100207660728634, 
    1.1940819820595234, 
    14.919012547083421, 
    14.767139996940582, 
    19.449802140503866, 
    23.252092537067668, 
    14.62614503832862, 
    13.738643810457257, 
    15.035746461235727, 
    9.3531558509386628, 
    20.548397903428022, 
    1.0497884990668245, 
    25.492580670514101, 
    0.84736717166734044, 
    21.575247510979555, 
    16.19742417456661, 
    0.45133943563686452, 
    12.350067420558352, 
    1.1095363841436843, 
    18.801938643736754, 
    18.381313587830078, 
    15.931906369010788, 
    18.967825562953802, 
    19.906057535074329, 
    1.0591153878793558, 
    9.0811859597520073, 
    17.098571850486017, 
    11.876735770486158, 
    17.367162489347898, 
    1.2020632269387699, 
    13.806516129038693, 
    13.567150750521453, 
    20.531760153497753, 
    10.473961992317147, 
    19.632895738360556, 
    0.50369446237909465, 
    0.71747014638687934, 
    10.457039579097781, 
    16.146317221891888, 
    25.181829553286565, 
    0.2494738284896123, 
    11.428731759516447, 
    21.281225537954636, 
    12.028014026922557, 
    17.531884293276917, 
    8.0788687521207727, 
    20.401766412317102, 
    14.656205336449336, 
    16.760216767953427, 
    1.5385085765843751, 
    13.55292720553647, 
    0.86316992666535908, 
    14.13067539277562, 
    14.982023711118218, 
    12.804475761450842, 
    19.490687012387564, 
    11.186718437074497, 
    19.379208911003648, 
    0.79031823931838929, 
    20.538041947492907, 
    0.5833321380257781, 
    0.9683821514904728, 
    26.303425174678953, 
    0.85550409403129579
  ], 
  "mae": 6.663206840177625, 
  "pearsonr": [
    0.41042150472664796, 
    2.2249027228813961e-05
  ], 
  "variance": 0.8663303350225048
}