{
  "noise": 0.08120006490897322, 
  "log_likelihood": -1022.6591929611112, 
  "nlpd": -532.5592589997824, 
  "rmse": 14.683609763985721, 
  "lengthscale": [
    1.8831504075131142
  ], 
  "mae": 11.521019579857263, 
  "pearsonr": [
    0.6309146875699686, 
    1.9826681280983813e-12
  ], 
  "variance": 0.9278857518688493
}