{
  "noise": [
    49.15316195857875, 
    56.7149770743287, 
    44.44137304443622, 
    52.69769082285129, 
    50.60085109276304, 
    81.49690985246204
  ], 
  "kappa": [
    8.054847827820508, 
    2.8448892463179707, 
    26.439148654682985, 
    22.256267163281226, 
    27.595811982067698, 
    12.734907980668645
  ], 
  "log_likelihood": -21424.83957254274, 
  "joy": {
    "mae": 13.665106091593906, 
    "nlpd": 4.2811698568434746, 
    "pearsonr": [
      0.4954681954937985, 
      1.5971883976900022e-07
    ], 
    "rmse": 17.034742003932017
  }, 
  "weight_variance": [
    42.379794252637971
  ], 
  "bias_variance": 40.55885728015333, 
  "W": [
    1.9418812123922133, 
    1.2878571050830099, 
    2.838283850817795, 
    -5.804751504269093, 
    4.920734050993973, 
    -1.2017582255386734
  ], 
  "sadness": {
    "mae": 13.27636285306855, 
    "nlpd": 4.2470051838921075, 
    "pearsonr": [
      0.71840141353117282, 
      3.9615834232365044e-17
    ], 
    "rmse": 16.47569508706237
  }, 
  "disgust": {
    "mae": 5.0393312907848804, 
    "nlpd": 3.4755317808301851, 
    "pearsonr": [
      0.70046549883711151, 
      5.0020978264884389e-16
    ], 
    "rmse": 7.6557540585985375
  }, 
  "variance": 19.275237340155766, 
  "anger": {
    "mae": 7.7868010929743843, 
    "nlpd": 3.8820536125643774, 
    "pearsonr": [
      0.67021063906408873, 
      2.4166822680548177e-14
    ], 
    "rmse": 11.42647582519481
  }, 
  "surprise": {
    "mae": 8.7589768273422575, 
    "nlpd": 3.9272379839289964, 
    "pearsonr": [
      0.43623307282892271, 
      5.7087219756188658e-06
    ], 
    "rmse": 12.224802217194322
  }, 
  "fear": {
    "mae": 10.796668909356326, 
    "nlpd": 4.1281368321824718, 
    "pearsonr": [
      0.70707607430087771, 
      2.0085794137202362e-16
    ], 
    "rmse": 14.599675671132635
  }
}