{
  "warp_d": 0.8911317539662895, 
  "noise": 147.32085590848797, 
  "log_likelihood": -3853.6341163791485, 
  "nlpd": -4.2019273536707793, 
  "rmse": 16.083554754555198, 
  "lengthscale": [
    3.0281804868896933
  ], 
  "mae": 11.7812968713228, 
  "pearsonr": [
    0.65146939228385359, 
    2.1432850821218142e-13
  ], 
  "variance": 592.3964917527006, 
  "warp_psi": [
    [
      1.1163527094388639e-284, 
      1.7788372416903755e-142, 
      -0.82553362480568793
    ], 
    [
      0.30407049274244302, 
      1041.0194627598864, 
      -0.00014048382224218537
    ], 
    [
      5.5626846462681369e-309, 
      0.12296769190230319, 
      200.60840678924666
    ]
  ]
}