{
  "warp_d": 0.009666174699186592, 
  "noise": 0.0033695945274973323, 
  "log_likelihood": -3807.8776670672737, 
  "nlpd": -4.2722802686096708, 
  "rmse": 16.555734879027888, 
  "weight_variance": [
    37.445998271209731, 
    1.610719847593391e-21, 
    7.1081511807322719e-15, 
    63.047768617167648, 
    116.41105823539228, 
    282.71712832424953, 
    220.52720839480617, 
    185.55261796711292, 
    316.23244336968332, 
    1.0189538368320038e-38, 
    71.398164001277365, 
    37.220319778473964, 
    103.04412334418588, 
    1.9989998365971484e-95, 
    3.8369418046701095e-73, 
    8.6819232539527528e-86, 
    1.9896792916754127e-44, 
    2.2616213135511023e-70, 
    312.52436313685683, 
    351.54194467119538, 
    58.97421844894231, 
    1.9801679519216566e-19, 
    196.97393585868619, 
    8.051544126145382, 
    2.049544817004551e-135, 
    1.3623513009590959e-125, 
    1.3998602834897839e-78, 
    1.1212333061681157e-97, 
    24.331564733901331, 
    297.69230629023548, 
    60.806155392745637, 
    9.1527275007146007e-72, 
    6.784419108501016e-52, 
    4.9798494842244948e-73, 
    340.9025042190172, 
    266.80172076589247, 
    3.0576751395175265e-73, 
    4.5582601280464843e-44, 
    1.5998144128343976e-17, 
    7.2580527475030751e-106, 
    1.848198207695709e-83, 
    98.570439584258224, 
    1.1748290823111012, 
    4.7810301835835155e-23, 
    237.11237731605823, 
    32.146087931004715, 
    2.8309760450453402e-78, 
    79.445751502169841, 
    357.48790395988851, 
    177.35989070958277, 
    2.3741817087731341e-81, 
    7.844981516183705e-74, 
    7.523475455411063e-06, 
    1.1831477460404327e-51, 
    122.67987833753965, 
    651.45487884982174, 
    162.47938562157773, 
    2.3548066567701786e-145, 
    15.216341466570233, 
    76.782012360224968, 
    28.103687468705019, 
    175.64582536935183, 
    6.7284042335746455e-89, 
    3.1360454149861452e-26, 
    431.85824909224385, 
    54.943535093417438, 
    8.3763849538081984e-96, 
    1.0087941015183133e-62, 
    9.0321548474335428e-08, 
    1.5945402348130707e-36, 
    4.7676088343284695e-136, 
    7.768666078867377e-36, 
    3.5714762160822265e-64, 
    112.05969982083285, 
    93.446220566315475, 
    472.47093291679619, 
    4.0535606739264938e-89, 
    78.867197082241773, 
    38.003387436296258, 
    9.0267119107587216e-79, 
    202.69581742754116, 
    98.43135339536525, 
    1.2516668686087872e-86, 
    2.3437549523967571e-109, 
    627.26760503644789, 
    272.39708436462399, 
    0.00044009325500958242, 
    83.831180769912692, 
    22.87038450113123, 
    2.2428703747278966e-16, 
    201.52067283747064, 
    112.11983228509693, 
    194.70413780415538, 
    139.38883980555948, 
    7.7722196845310171e-32, 
    149.28940629770722, 
    1.8382451515950389e-17, 
    125.5519167123861, 
    320.46885485951594, 
    157.63062299362758
  ], 
  "bias_variance": 1174.430716848351, 
  "mae": 12.144026039066535, 
  "pearsonr": [
    0.62904246623307936, 
    2.4083031306638163e-12
  ], 
  "variance": 0.16625399014319456, 
  "warp_psi": [
    [
      9.0656080805607724e-170, 
      79.492440623583988, 
      66.377332996625
    ], 
    [
      9.5195987547448354e-135, 
      1.2040543650019583e-53, 
      38.959434726000119
    ], 
    [
      9.0815248343843823e-240, 
      1.6119349141964478e-15, 
      -45.632907721884422
    ]
  ]
}