{
  "log_likelihood": -4647.704276193479, 
  "nlpd": 4.1397791702601259, 
  "rmse": 15.383155632031491, 
  "rbf.lengthscale": 2.3094080506728933, 
  "Gaussian_noise.variance": 128.869057408328, 
  "mae": 10.515175391016552, 
  "pearsonr": [
    0.73162816485262316, 
    3.3199363322738243e-22
  ], 
  "rbf.variance": 312.67200712072287
}