{
  "warp_d": 0.19940305742323483, 
  "noise": 1.7868257223778041, 
  "log_likelihood": -3781.3889327625893, 
  "nlpd": -4.4954879811578543, 
  "rmse": 18.669751994011673, 
  "lengthscale": [
    9.6260906582869552, 
    11.195820111784096, 
    3.3134089712031187, 
    9.1766967551054517, 
    8.4925931161263755, 
    1.4577910829623226, 
    1.1611538566045576, 
    10.424431022800183, 
    4.7363189519340256, 
    9.5041983981812397, 
    4.2532173114415635, 
    2.5299625898790787, 
    6.5986770799020107, 
    13.794858623699152, 
    5.8740411074306396, 
    9.5306654651796272, 
    11.659164558893901, 
    7.2562954142613201, 
    2.0340280104281527, 
    2.421439125383186, 
    1.2942222842226052, 
    1.3071768534716806, 
    1.2003224331010303, 
    9.3450140784046862, 
    12.76834740754297, 
    10.542563822704111, 
    4.1726607053634259, 
    2.4730640530853356, 
    13.363531467750844, 
    2.4124527237793818, 
    1.8194575420183958, 
    8.3190172386469499, 
    7.9634173486132385, 
    12.597000442422161, 
    3.3408648942262453, 
    1.3925932030920649, 
    11.167352020407357, 
    8.5771785175405935, 
    11.369618343058807, 
    12.619869659055578, 
    12.258148012239063, 
    2.2217962659448243, 
    2.0409446534292979, 
    9.7904174992847057, 
    1.9600807283404902, 
    4.6919843705718884, 
    1.0708551584713339, 
    2.4512839011857874, 
    0.94958343293509906, 
    2.3571661889166728, 
    9.8260124977259533, 
    9.3902204686827222, 
    10.432197994936841, 
    12.687894663645892, 
    1.55032473582033, 
    9.8788072434533749, 
    1.7840199515551602, 
    12.618404337961614, 
    7.9197786474670702, 
    2.7787605514372129, 
    10.311520804980827, 
    1.9085710064951413, 
    13.044799658150859, 
    9.2647213636051209, 
    1.6655209942677289, 
    11.676422896366788, 
    11.918793210800549, 
    9.2123391381684741, 
    9.9369895339064804, 
    3.9368693640464683, 
    11.621847033726352, 
    3.584482932479494, 
    10.958999219243013, 
    1.683922056282243, 
    2.0947909383961045, 
    1.6561107804137003, 
    11.188259432662374, 
    3.6951031712972653, 
    10.885337701351354, 
    8.3781416763137724, 
    3.3678700633286787, 
    2.4642137654241774, 
    12.013766316363094, 
    9.0659471807216043, 
    4.8975285325278382, 
    6.1789735513096256, 
    1.8244091310425092, 
    1.3371844711900978, 
    8.5148526743062636, 
    7.8603050150181044, 
    1.0613216369652543, 
    5.2835209465898378, 
    6.613770125593402, 
    8.2177990073790195, 
    1.473624158835197, 
    6.2471711766227767, 
    1.2686404418452879, 
    9.764945762903011, 
    1.1231480000112755, 
    1.0896962139993536
  ], 
  "mae": 13.279713636112138, 
  "pearsonr": [
    0.53397989102821297, 
    1.0577823892310273e-08
  ], 
  "variance": 30.908075047660358, 
  "warp_psi": [
    [
      1.7591089916277897e-15, 
      2.3280396725704451, 
      1.517204162454568
    ], 
    [
      1.8702133285214563e-14, 
      0.20333203210800579, 
      -0.13429807633457974
    ], 
    [
      7.9107489811343272e-14, 
      3.7837408426377781, 
      -0.46507684037294572
    ]
  ]
}