{
  "warp_d": 0.541136534926547, 
  "noise": 39.94191885881711, 
  "log_likelihood": -3539.1507716236574, 
  "nlpd": -3.9499469747634395, 
  "rmse": 12.652927967513724, 
  "mae": 8.8164570862505922, 
  "pearsonr": [
    0.28548795674769251, 
    0.0039873381128885969
  ], 
  "variance": [
    6.0905980462671572, 
    7.8389240400817442e-06, 
    19.550900901542267, 
    2.8090964344284296e-06, 
    2.3953235462748483, 
    0.021080672263314386, 
    8.407428982302193e-06, 
    1.0343571474959245e-05, 
    2.7519829017387031e-06, 
    23.170731403142707, 
    12.182821661729733, 
    0.0095828997126414291, 
    1.5847725642682295, 
    0.00066358547534367952, 
    5.6863439519825819e-06, 
    5.7034919661114691e-06, 
    2.1690897541502916e-06, 
    0.026060778426260214, 
    2.2218263005256644, 
    9.4704650894922189, 
    3.827920501962232, 
    8.752913855597944, 
    1.1266003910434617e-05, 
    15.041425428534515, 
    6.0735508134873104, 
    5.739628376378124, 
    0.0006102602157060374, 
    0.1859468357376349, 
    3.2591013588334814, 
    29.022919813604251, 
    5.6276158909001515, 
    0.4431150356334837, 
    21.983402532623135, 
    14.754704775862999, 
    7.3886951425961143e-06, 
    7.1360845243867387e-06, 
    6.1069576300336983e-06, 
    0.00015918227816749813, 
    4.1660230041542536e-06, 
    4.0812439396048356e-05, 
    2.3184708825730658, 
    3.3349925755664742e-05, 
    4.9102293658047698, 
    2.4061922530946687, 
    0.14707751577435291, 
    0.024515396074860755, 
    3.7936767830637239e-06, 
    0.0086654470257165571, 
    7.7185132665150125, 
    5.2427916828033725, 
    0.45617090268555943, 
    6.4368675430163255e-06, 
    5.5746922907557261e-06, 
    11.237360335078566, 
    2.7091477806399331e-06, 
    39.670982841240466, 
    11.164300219928396, 
    2.1560740817983408, 
    2.6556457458916194, 
    1.0741357075971768e-05, 
    0.00023189816029102518, 
    4.4187018942447307e-06, 
    18.403057760625988, 
    2.5776688962102106, 
    9.9755107747059935, 
    0.00030603370842509467, 
    2.1443777917620843, 
    1.9552272248168189e-06, 
    5.7532161751244342, 
    5.638524671523796, 
    0.0030604802857258726, 
    0.39461367983349127, 
    1.6003118378807071, 
    2.7909401981903115e-06, 
    13.745409731158794, 
    5.141102556176803e-06, 
    10.375521899991943, 
    5.3126284999562662e-06, 
    4.6583838732464251, 
    1.7144141173687819e-05, 
    3.8322782226358636, 
    25.478127333210306, 
    3.8988642503196148e-05, 
    10.560167739190206, 
    0.066979934345325093, 
    4.9293295231263994e-06, 
    2.4568984929497653, 
    5.4309778041079069, 
    3.6565344076427522, 
    0.55730209737253533, 
    0.00025670664082421118, 
    0.066961416662223133, 
    1.0315643816578364, 
    1.0370756116594358e-05, 
    30.554248068423178, 
    0.015415458313166404, 
    4.8903695027649352, 
    0.2804444150546091, 
    5.9108411548574813e-06, 
    0.00069060719375269432
  ], 
  "warp_psi": [
    [
      9.8753825733656815e-19, 
      3.434993249676892, 
      1.3197552275273015
    ], 
    [
      1.1438164714081817e-29, 
      1.2021614372844804, 
      -1.3744324781053157
    ], 
    [
      3.6402380726869166e-23, 
      0.17842244839409482, 
      2.6255690951843613
    ]
  ]
}