{
  "noise": [
    67.1604136296487, 
    43.956180578535765, 
    43.88338892950946, 
    54.96524172024118, 
    16.545522591942703, 
    86.57657865092071
  ], 
  "kappa": [
    5.313291417248263, 
    3.747610358954416, 
    26.885086577144467, 
    21.193709043965562, 
    32.672307671372465, 
    10.476954304855557
  ], 
  "log_likelihood": -21423.624809960555, 
  "joy": {
    "mae": 14.540462283082078, 
    "nlpd": 4.376848172676211, 
    "pearsonr": [
      0.57844409558571164, 
      2.9230766270989173e-10
    ], 
    "rmse": 18.627373317682647
  }, 
  "weight_variance": [
    53.357944774460613
  ], 
  "bias_variance": 49.971167368377486, 
  "W": [
    -2.104742209454563, 
    -1.4088185744243886, 
    -2.843449055161318, 
    5.429721278073891, 
    -4.66053619006791, 
    1.1906001647162645
  ], 
  "sadness": {
    "mae": 13.082607034286825, 
    "nlpd": 4.3697024949488146, 
    "pearsonr": [
      0.57454569032883174, 
      4.0914983071683471e-10
    ], 
    "rmse": 17.837774873975153
  }, 
  "disgust": {
    "mae": 5.5215714945304413, 
    "nlpd": 3.5840983492415486, 
    "pearsonr": [
      0.68714221469485715, 
      2.9233295397362769e-15
    ], 
    "rmse": 8.6876827202316154
  }, 
  "variance": 20.280863667813648, 
  "anger": {
    "mae": 6.3753556650371772, 
    "nlpd": 3.6337917562815534, 
    "pearsonr": [
      0.65008690580909945, 
      2.5025574552336305e-13
    ], 
    "rmse": 8.8305324954937525
  }, 
  "surprise": {
    "mae": 9.6715544633252062, 
    "nlpd": 3.9220761720802102, 
    "pearsonr": [
      0.40170629847102951, 
      3.4361744717088424e-05
    ], 
    "rmse": 12.18319696995032
  }, 
  "fear": {
    "mae": 8.7580562840588012, 
    "nlpd": 3.9300809935904306, 
    "pearsonr": [
      0.74291560552028768, 
      8.8526399017027608e-19
    ], 
    "rmse": 11.866872408032737
  }
}