{
  "noise": 52.41430440708368, 
  "log_likelihood": -3498.122841656691, 
  "nlpd": -3.9951258396442886, 
  "rmse": 12.870282249532695, 
  "weight_variance": [
    200.02279483936269, 
    19.403454231143176, 
    256.05993634232306, 
    41.321063824508769, 
    558.57789648324592, 
    8.2930136577731955e-25, 
    18.766694393418113, 
    69.807168660320798, 
    7.4933461483517456e-26, 
    1.7036013363054585e-26, 
    5.5150595204415287e-23, 
    7.6914800379540868e-25, 
    1.9196299373220619e-40, 
    9.2538251520157357e-27, 
    47.652125838293721, 
    1.6154248710629586e-26, 
    3.0235678102579155e-26, 
    7.3000876813023052e-40, 
    15.408200043594118, 
    5.3211011420461417e-43, 
    987.09238145468669, 
    16.388679655812581, 
    14.817616621264731, 
    6.3296155777791207e-26, 
    1.8591765787091096e-27, 
    5.1669300746098716e-27, 
    464.1269757067368, 
    4.9885516956250503e-28, 
    342.68405029313396, 
    697.40655584433762, 
    585.85871068187441, 
    30.68164011427206, 
    43.705055926855295, 
    104.7544263805173, 
    7.7919929153446584e-26, 
    6.0578169210389466e-26, 
    116.64900382363837, 
    5.4157631197500814e-26, 
    199.70025043160311, 
    4.0905665099288301e-32, 
    88.970205040045528, 
    2.2044862352340763e-36, 
    3.547899808389766e-27, 
    5.537456283848428e-37, 
    249.72437764953023, 
    8.8143053512340271e-26, 
    4.1845555625695034e-27, 
    6.7110784982096999e-25, 
    3.5094026119931648e-203, 
    1.1469682738683535e-28, 
    6.5810079251004964e-88, 
    3.8134446815417615e-25, 
    5.1076248164922911e-49, 
    2.6533236678424621e-32, 
    1.009365431295982e-26, 
    1.8292558531660357e-42, 
    75.751089347653192, 
    1.3018582916416098e-28, 
    24.351650167223916, 
    3.8656949428476617e-24, 
    1.2785877190252394e-27, 
    1.0221661302958809e-25, 
    59.511052248038894, 
    3.5269896434430764e-31, 
    1.341370007381318e-57, 
    1.7538818520583487e-24, 
    95.940098517666684, 
    738.89515267829574, 
    8.0890586226434239e-48, 
    1.6069826888965566e-92, 
    137.13286999882897, 
    1.6287343090307775e-166, 
    6134.3512514063332, 
    139.16074365481393, 
    5.7720083513001671e-26, 
    1.5132729949740329e-42, 
    1.2366094972140698e-28, 
    259.64911063801446, 
    4.7733273234480351e-27, 
    418.61294029478631, 
    743.55984191361426, 
    40.975303677850285, 
    7.1767977300605852e-51, 
    2.963252547819335e-25, 
    4.5942791834703798e-34, 
    44.941227238938069, 
    117.60665448959287, 
    4.6274000030466953e-28, 
    1.0408112832417273e-26, 
    41.5969573177873, 
    116.41526434703462, 
    1.3812726913089624e-25, 
    58.128753597245122, 
    21.193054171976524, 
    1.225041724946006e-26, 
    3.1894699599144484e-25, 
    227.15079426482245, 
    31.152988330709064, 
    2.200198668928352e-30, 
    623.28365024148422
  ], 
  "bias_variance": 173.48148463754364, 
  "mae": 10.311258060856186, 
  "pearsonr": [
    0.34940466292769967, 
    0.00036648639860374031
  ], 
  "variance": 350.7540904560283
}