{
  "warp_d": 0.1851063047448951, 
  "noise": 11.175908413130161, 
  "log_likelihood": -3956.198633277572, 
  "nlpd": -4.288431436713819, 
  "rmse": 17.690720075916175, 
  "mae": 13.861699005468902, 
  "pearsonr": [
    0.65756820616574585, 
    1.0714664919294439e-13
  ], 
  "variance": [
    1.1266901004718521
  ], 
  "warp_psi": [
    [
      7.914017677707894e-08, 
      2.206361760655442, 
      -0.3418304641498936
    ], 
    [
      8.9735550973217469e-08, 
      2.67480044799448, 
      -0.077116262871297955
    ], 
    [
      4.350762464835875e-08, 
      4.7533467451588685, 
      1.2452930627052949
    ]
  ]
}