{
  "noise": 61.958537167769656, 
  "log_likelihood": -3400.6127555620365, 
  "nlpd": -3.886566227737926, 
  "rmse": 11.294759093798724, 
  "lengthscale": [
    1.9047348668306696
  ], 
  "mae": 7.4462557837824557, 
  "pearsonr": [
    0.68949606827843024, 
    2.1548053017455193e-15
  ], 
  "variance": 102.80589798018882
}