{
  "log_likelihood": -4390.952668289783, 
  "nlpd": 3.796252298778052, 
  "rmse": 10.735186181224877, 
  "rbf.lengthscale": 1.8773896486996922, 
  "Gaussian_noise.variance": 77.55730260812892, 
  "mae": 7.2877814411494226, 
  "pearsonr": [
    0.67901849739688624, 
    3.2335808869128814e-18
  ], 
  "rbf.variance": 140.6838314038069
}