{
  "noise": 299.0539224466854, 
  "log_likelihood": -3890.337884088352, 
  "nlpd": -4.4189207201263176, 
  "rmse": 19.898581454993757, 
  "mae": 15.451201442100375, 
  "pearsonr": [
    0.47270767314934442, 
    6.8371377124502788e-07
  ], 
  "variance": [
    70.836232771430559, 
    2.6995010290176939e-05, 
    2.3722654775062109e-05, 
    43.554878259596151, 
    212.62303425945152, 
    52.446887724554891, 
    12.758652984627997, 
    0.00012858364732439069, 
    13.143465976648573, 
    86.279518796855271, 
    2.8091007525446421e-07, 
    0.00042690519276593119, 
    3.2214299146143661e-05, 
    14.442542619073807, 
    4.1204737071945254e-05, 
    3.9311186817973726e-05, 
    1.4758526941806187e-05, 
    2.7513824707150721e-05, 
    3.1369394540453623e-05, 
    19.953659862137982, 
    8.8798520889601482e-18, 
    2.9640339195385616e-15, 
    4.6318499786429608e-05, 
    1.9455337376648956e-11, 
    54.565972465600723, 
    2.5401553524123238e-05, 
    4.8353915287547308e-05, 
    2.4494527032419723e-05, 
    2.351957832436149e-05, 
    332.99360679362144, 
    128.31423453256204, 
    0.0002544248158715016, 
    2.9616005302427116e-05, 
    171.40333349918626, 
    82.711877160034362, 
    3.0801491132656587, 
    7.3417295131813355e-06, 
    2.8080218591941327e-05, 
    110.64131079237056, 
    24.61886792913597, 
    49.04238988809729, 
    3.0096728941526319e-05, 
    125.15779748536528, 
    12.742067450680912, 
    7.1600606599376019e-06, 
    3.2746799657374349e-05, 
    35.990134269886745, 
    3.0184205000057251e-05, 
    40.572069190310167, 
    2.6583627936154445e-05, 
    84.9858947886312, 
    5.8285130491456418e-06, 
    2.9193341267082332e-05, 
    3.8314746357663605, 
    3.6033078403912572e-05, 
    16.255609990531475, 
    17.529172274810172, 
    2.8913956799553901e-06, 
    1.2568577385318259e-11, 
    43.699204628127639, 
    33.728486651820255, 
    85.618942503939451, 
    2.8092546907525918e-05, 
    5.7127293278222464e-05, 
    3.7673864239478989e-05, 
    7.5368031225754879e-05, 
    32.395599938819331, 
    37.104123506148817, 
    31.357805242058376, 
    17.620682430579716, 
    128.79556392802942, 
    3.2116509095128527e-13, 
    45.896870567704177, 
    7.742641780159417, 
    45.441807515598882, 
    3.257930561316598e-05, 
    44.060872027556798, 
    3.1414522556126592e-05, 
    6.2820991164730751e-28, 
    248.24146956085414, 
    13.354820859147567, 
    37.200613444847747, 
    3.2378565260006957, 
    72.730140661117616, 
    31.557290389246791, 
    2.286261794616742e-05, 
    220.82352193228203, 
    4.0438649848649941e-14, 
    44.002382685985381, 
    2.7011132901910478e-05, 
    6.165498546146989e-05, 
    76.928344333627038, 
    3.2148533560551459e-05, 
    4.2269360047810305e-14, 
    1.2905556639670539e-06, 
    43.595661335572167, 
    2.6748264662081407e-05, 
    13.707747705166748, 
    2.7027423270912901e-05, 
    2.7454720618623792e-05
  ]
}