{
  "warp_d": 0.10287335428699836, 
  "noise": 0.319044065979976, 
  "power": [
    0.1517562585404745
  ], 
  "nlpd": -4.2368241799679121, 
  "rmse": 16.592705029934717, 
  "lengthscale": [
    0.88551970905392507
  ], 
  "mae": 11.736391091512026, 
  "pearsonr": [
    0.6601579296213983, 
    7.943599951617342e-14
  ], 
  "variance": 15.47705575744552, 
  "warp_psi": [
    [
      1.9768180415758337e-07, 
      0.36707574660781933, 
      0.35864722198461085
    ], 
    [
      2.1741194711136652e-07, 
      0.0554892991091267, 
      2.2405629420410693
    ], 
    [
      4.6925528508235887e-07, 
      0.32328362658946663, 
      2.5065071646127737
    ]
  ], 
  "log_likelihood": -3827.338147211446
}