{
  "noise": 6.076451710586836, 
  "log_likelihood": -3126.7851375302785, 
  "nlpd": -3.4577557105881294, 
  "rmse": 7.8957253621446597, 
  "weight_variance": [
    5.5626846462681369e-309, 
    5.5626846462681369e-309, 
    5.5626846462681369e-309, 
    5.5626846462681369e-309, 
    5.5626846462681369e-309, 
    5.5626846462681369e-309, 
    5.5626846462681369e-309, 
    5.5626846462681369e-309, 
    8040142.4691636926, 
    7984532.8420857284, 
    5.5626846462681369e-309, 
    5.5626846462681369e-309, 
    5.5626846462681369e-309, 
    650171.60949132056, 
    5.5626846462681369e-309, 
    5.5626846462681369e-309, 
    5.5626846462681369e-309, 
    636474.55082678352, 
    178276.46942659988, 
    5.5626846462681369e-309, 
    5.5626846462681369e-309, 
    5.5626846462681369e-309, 
    5.5626846462681369e-309, 
    5.5626846462681369e-309, 
    5.5626846462681369e-309, 
    5.5626846462681369e-309, 
    5.5626846462681369e-309, 
    16083106.907308327, 
    5.5626846462681369e-309, 
    96831946.732510909, 
    23399446.521660812, 
    5.5626846462681369e-309, 
    5.5626846462681369e-309, 
    490204.76691823808, 
    5.5626846462681369e-309, 
    2624579.9748635185, 
    5.5626846462681369e-309, 
    15878474.769292163, 
    5.5626846462681369e-309, 
    5.5626846462681369e-309, 
    5.5626846462681369e-309, 
    5.5626846462681369e-309, 
    5.5626846462681369e-309, 
    5.5626846462681369e-309, 
    5.5626846462681369e-309, 
    532721.50818568876, 
    5.5626846462681369e-309, 
    5.5626846462681369e-309, 
    5.5626846462681369e-309, 
    2201437.7109078243, 
    843416.36445948842, 
    5.5626846462681369e-309, 
    5389833.4185077669, 
    304668.68503837875, 
    1633498.9423071418, 
    5.5626846462681369e-309, 
    5.5626846462681369e-309, 
    5.5626846462681369e-309, 
    5.5626846462681369e-309, 
    5.5626846462681369e-309, 
    5.5626846462681369e-309, 
    5.5626846462681369e-309, 
    5.5626846462681369e-309, 
    1295170.9576873011, 
    5.5626846462681369e-309, 
    5.5626846462681369e-309, 
    1729327.3252935724, 
    5.5626846462681369e-309, 
    5.5626846462681369e-309, 
    22699951.409369912, 
    5.5626846462681369e-309, 
    62117651.426618464, 
    5.5626846462681369e-309, 
    1447406.3327529461, 
    5.5626846462681369e-309, 
    5.5626846462681369e-309, 
    53599481.401147828, 
    48170546.278328657, 
    5.5626846462681369e-309, 
    5.5626846462681369e-309, 
    885926.39925290528, 
    1187728.4771847564, 
    5.5626846462681369e-309, 
    5.5626846462681369e-309, 
    100853.64677284576, 
    3154938.416138072, 
    5.5626846462681369e-309, 
    16500437.822656026, 
    5.5626846462681369e-309, 
    5.5626846462681369e-309, 
    5.5626846462681369e-309, 
    5.5626846462681369e-309, 
    5.5626846462681369e-309, 
    5.5626846462681369e-309, 
    21284205.161911067, 
    5.5626846462681369e-309, 
    20484143.132401716, 
    5.5626846462681369e-309, 
    2622151.0521918456, 
    5.5626846462681369e-309
  ], 
  "bias_variance": 5.562684646268137e-309, 
  "mae": 5.196255671789852, 
  "pearsonr": [
    0.74235837776080738, 
    9.6974562920893423e-19
  ], 
  "variance": 195.22059517868988
}