{
  "warp_d": 0.35485157103011467, 
  "noise": 7.974811967411696, 
  "log_likelihood": -3373.8798142092155, 
  "nlpd": -3.9401587091173376, 
  "rmse": 11.59724523484714, 
  "lengthscale": [
    17.563088541053851, 
    23.509075511469355, 
    8.1144046707189297, 
    19.683068437308791, 
    16.793763338318058, 
    16.677093671987588, 
    2.2206595865192065, 
    2.1114494931965453, 
    21.036722416308749, 
    2.4734304098408257, 
    18.908551349284593, 
    18.884204624479313, 
    5.3280459336568606, 
    16.330469970596042, 
    1.7572664848024009, 
    16.258633468048618, 
    15.651537584606437, 
    17.088398641616728, 
    1.7013922504775691, 
    18.655554523114173, 
    2.3053100679730152, 
    16.610250642142994, 
    14.219954563089154, 
    17.68214419834618, 
    12.550743589617198, 
    23.772627387605475, 
    11.679827475526926, 
    12.515042453183357, 
    24.014167812112873, 
    12.580995278201142, 
    19.529139508972076, 
    2.4505492574661476, 
    15.666344037122725, 
    18.48622804122698, 
    20.883129559574687, 
    9.0924110457962293, 
    18.346290790009775, 
    19.039619364006569, 
    11.914073405104089, 
    20.906799426098029, 
    15.063905348459036, 
    17.704812409412256, 
    19.972349790302996, 
    19.768292694196276, 
    18.950165979836729, 
    17.425047142910213, 
    18.214819614169759, 
    5.5167435432086744, 
    19.710421708382803, 
    14.560225465847486, 
    11.762839352297965, 
    16.042634086190866, 
    6.2853119979444232, 
    16.813142355248637, 
    20.266232993428353, 
    28.082390027575364, 
    11.311568254668588, 
    17.878943509351636, 
    14.217164736551764, 
    18.873317220457125, 
    5.9349636185703503, 
    24.922936244602646, 
    19.413128347969415, 
    17.851303359158262, 
    20.15723025878977, 
    15.59806325751209, 
    3.1823578364997656, 
    17.321744234562452, 
    21.642715185157044, 
    12.812119726470742, 
    15.13087886042733, 
    17.288259763852963, 
    16.250629805736235, 
    19.669891845260317, 
    13.922706822414305, 
    13.209619389172731, 
    17.432054580280138, 
    11.547737300135738, 
    15.51086503005806, 
    3.1791321523972349, 
    15.868485399532551, 
    1.5666456543293026, 
    15.21878793546186, 
    15.998952582686849, 
    23.291709565709091, 
    11.623680733104301, 
    21.3838460019359, 
    17.699830608853969, 
    13.495076444090966, 
    8.7218624816012689, 
    14.736180761013051, 
    17.825125905502091, 
    15.500208347398145, 
    22.033253680461979, 
    4.9805929379538512, 
    17.046131549221379, 
    20.542848869764512, 
    2.1152481371520482, 
    11.219428331841508, 
    13.609580044915523
  ], 
  "mae": 7.9848932960125527, 
  "pearsonr": [
    0.64960204098947183, 
    2.6418427814369006e-13
  ], 
  "variance": 73.75258567790281, 
  "warp_psi": [
    [
      2.2614584711541301e-44, 
      0.00046625340779569182, 
      -1.2591648321812183
    ], 
    [
      5.1642079194079715e-45, 
      0.043453861520357684, 
      2.3535320103727053
    ], 
    [
      1.4761098735609393e-29, 
      2.7086119318650139, 
      3.7695113675560767
    ]
  ]
}