{
  "warp_d": 0.25800824759587315, 
  "noise": 31.344598108206974, 
  "log_likelihood": 797.0340786546722, 
  "nlpd": 0.60220104802443375, 
  "rmse": 114.13507163324149, 
  "lengthscale": [
    102.40923624635606, 
    106.75207553274072, 
    103.54738790958471, 
    96.772226296248803, 
    100.64023981699232, 
    135.16284312832329, 
    96.759215387589265, 
    92.76883872724072, 
    108.6732447860725, 
    95.057040131645039, 
    93.271746474247678, 
    88.804784487568654, 
    108.74165743301647, 
    78.569398655111883, 
    64.320420827325393, 
    70.379358616614184, 
    81.956740490824387, 
    91.274322360710272, 
    97.214351933241545, 
    98.799072337056089, 
    97.122070137556108, 
    76.314649172140065, 
    86.709403921834948, 
    87.076640260537218, 
    108.64266982856354, 
    96.897899739582684, 
    95.362433820714259, 
    98.671998175516521, 
    100.64403597597519, 
    71.614577044723745, 
    88.578103810769704, 
    91.243278147167658, 
    74.968681534891957, 
    88.60449115966037, 
    100.16480383540987, 
    102.52580419266687, 
    99.949586857448182, 
    90.744121945622624, 
    99.976368185118531, 
    75.314242410602745, 
    89.867174048823827, 
    95.170379402309962, 
    110.69658657479367, 
    94.151853513026481, 
    99.603597518580813, 
    79.471258675125895, 
    103.09628755795791, 
    85.472870822629005, 
    94.639975357638079, 
    88.742230078591675, 
    83.87471279314218, 
    85.817274750217194, 
    81.569723755229731, 
    115.34169079595007, 
    94.957048058044435, 
    171.4977298654762, 
    116.99315009511612, 
    108.41300101182198, 
    149.54698092211274, 
    67.629757538796255, 
    56.085438856302211, 
    112.90199452621809, 
    105.48747899323708, 
    106.87717585940153, 
    79.313567615288449, 
    81.664340681152979, 
    104.86207590407301, 
    87.834654129106667, 
    116.31442848243938, 
    126.99704599266923, 
    79.723051438392375, 
    84.403594638987627, 
    82.393143436416651, 
    86.89400168165055, 
    76.828262045100217, 
    95.92871168594786, 
    95.006422793427163, 
    70.672855595907521, 
    93.843446213870394, 
    70.629265766369983, 
    82.980545727716077, 
    85.629745284948399, 
    106.43224980106909, 
    79.210029704592145, 
    110.06989114975271, 
    71.02427169073971, 
    106.66987798106885, 
    107.90434601309104, 
    88.671735120088286, 
    94.933061674231666, 
    105.15283215371382, 
    71.352724932511521, 
    72.405787566513865, 
    111.27360376756832, 
    118.43697885400695, 
    86.147500617101485, 
    91.421570766259237, 
    77.805106058824919, 
    78.897519537970354, 
    75.920911744215715
  ], 
  "mae": 93.491799903081215, 
  "pearsonr": [
    -0.47016130655570015, 
    7.9933797067753838e-07
  ], 
  "variance": 720.7061723846847, 
  "warp_psi": [
    [
      6.1368355577953306e-60, 
      7.5002289379755994e-125, 
      -186.06899828034165
    ], 
    [
      5.5626846462681369e-309, 
      0.58037701965294319, 
      3.4276687048586036
    ], 
    [
      708.33254837311551, 
      2408.4481358964863, 
      0.0011042475115951584
    ]
  ]
}