{
  "noise": 63.379794802174345, 
  "log_likelihood": -3426.3544487351855, 
  "nlpd": -3.6227946178471133, 
  "rmse": 8.5256440605262291, 
  "lengthscale": [
    1.8905049736032118
  ], 
  "mae": 5.9961675559499801, 
  "pearsonr": [
    0.68501509221016477, 
    3.8416621540641031e-15
  ], 
  "variance": 113.38956676614532
}