{
  "regularization": 10.0, 
  "rmse": 17.038331509296196, 
  "intercept": -0.25535102422498562, 
  "mae": 12.972152137156275, 
  "pearsonr": [
    0.58261864213405457, 
    2.0291263420794792e-10
  ], 
  "coefs": [
    -0.16039901623625505, 
    0.055397080580714242, 
    -0.12325052692744695, 
    -0.22227004732437827, 
    -0.14589034389151345, 
    0.19845318657625205, 
    0.12430365072890523, 
    0.13426782992816536, 
    0.26536259000336049, 
    0.030147390330269887, 
    0.061449445117176191, 
    0.31678595581316565, 
    0.18631949929254793, 
    -0.038428516175119415, 
    0.10690942808264646, 
    0.095533573899964544, 
    -0.065386657219899461, 
    0.12692515526318526, 
    -0.19837264696345408, 
    0.34630279481692949, 
    0.099338090669476686, 
    0.063691416873546014, 
    0.33937487922706505, 
    0.21277413603977471, 
    0.12691815057252795, 
    0.070155858157648091, 
    -0.016427861638493847, 
    0.14756834008058473, 
    0.18895953908304933, 
    0.27828083169950601, 
    0.40553775619359683, 
    0.13580250671826377, 
    -0.091891674988725483, 
    -0.076204626250669996, 
    -0.48554498800833312, 
    -0.10579200544413228, 
    -0.0998633896961999, 
    -0.23398317284525283, 
    0.092314862297942182, 
    0.14538252453880268, 
    -0.17173164198934748, 
    0.12209260403113038, 
    -0.091689890473034261, 
    0.026151977060848638, 
    0.19968511739725334, 
    0.32991099744685809, 
    -0.015351664955604527, 
    0.23031843639890018, 
    -0.4321504770841138, 
    0.21759902257996389, 
    0.0026919956102125758, 
    -0.21486642277015827, 
    -0.070499415964918363, 
    0.22569112210175507, 
    0.12870574073673996, 
    -0.0022067922583363098, 
    -0.091022762998905438, 
    -0.086377052442609445, 
    -0.026629117958537951, 
    0.26842993518154462, 
    0.20310840652347043, 
    0.014676292924255615, 
    -0.033676992819588636, 
    -0.16965277771497908, 
    -0.45978513075769339, 
    0.23116625960647963, 
    0.092948741801786541, 
    0.055916634637850841, 
    -0.098265411305046416, 
    0.025941433556136807, 
    -0.1672984157298095, 
    -0.021162263507229651, 
    -0.053992825774459532, 
    0.41948510277182122, 
    0.23669623767785178, 
    -0.29398414106289794, 
    0.14591970472936497, 
    0.15875775928658067, 
    -0.077656064460037338, 
    0.15458612803340849, 
    0.30168494234972182, 
    0.33370445950253663, 
    0.079508058943458984, 
    -0.020539824040607224, 
    0.038632475539023388, 
    -0.1324060144358005, 
    -0.089035880679086576, 
    -0.22563953919603916, 
    -0.1759555138220229, 
    0.067858488588888946, 
    0.28989933253382427, 
    0.14624465805705039, 
    0.18789080546492046, 
    0.2472251907544373, 
    -0.13337647647797307, 
    0.31379900944740718, 
    0.13668637599053388, 
    0.26882245484108941, 
    0.021455813867511386, 
    -0.40164132254431323
  ]
}