{
  "noise": [
    116.87941510726527, 
    73.1668514542163, 
    206.2301634357166, 
    317.2870024524944, 
    287.6666653057341, 
    151.5786357710761
  ], 
  "kappa": [
    2.6680580252488846, 
    3.570285565502446, 
    55.110290886314786, 
    31.60863848620061, 
    83.41996768395136, 
    49.11984103156184
  ], 
  "log_likelihood": -21818.46375499247, 
  "joy": {
    "mae": 16.1443176389139, 
    "nlpd": 4.4717084301657364, 
    "pearsonr": [
      0.40471736479388704, 
      2.9610852955570075e-05
    ], 
    "rmse": 20.768509223237217
  }, 
  "W": [
    [
      -1.3340150369833106, 
      5.4266598124680847
    ], 
    [
      -1.1713741630869525, 
      2.7255516463387353
    ], 
    [
      2.3055193123586526, 
      6.8147307880333656
    ], 
    [
      -5.9464723738340952, 
      -8.0777653912052454
    ], 
    [
      2.792592737350716, 
      8.5360178227482404
    ], 
    [
      -2.7330707611657528, 
      -1.5735672827298013
    ]
  ], 
  "sadness": {
    "mae": 15.334399091129836, 
    "nlpd": 4.4459249324783752, 
    "pearsonr": [
      0.60032409773004258, 
      4.067372985651249e-11
    ], 
    "rmse": 20.137117502723623
  }, 
  "disgust": {
    "mae": 6.7940078972522224, 
    "nlpd": 3.800985251159485, 
    "pearsonr": [
      0.45525730161975042, 
      1.9458340063545324e-06
    ], 
    "rmse": 10.422745944552277
  }, 
  "variance": [
    0.17695278500399414, 
    1.9211851643271404e-05, 
    3.3475727209874287e-08, 
    0.12547434326791676, 
    0.43813722981811021, 
    0.26872501250932801, 
    4.2234618841272354e-09, 
    0.27280226053363449, 
    0.11752874934846542, 
    0.50345546979120959, 
    0.061611616254283075, 
    1.2637614554660247e-11, 
    2.5299804063018637e-05, 
    0.13575887854881125, 
    3.8178907410095806e-08, 
    2.3195779428296296e-05, 
    0.063801172497848557, 
    8.7634746142842944e-06, 
    0.49003826181836369, 
    0.5185192595136201, 
    0.094276580881373112, 
    1.0812688960085971e-06, 
    0.1819943044691309, 
    0.32070612924054659, 
    2.3800196954200166e-06, 
    0.070674981909765885, 
    0.00029519739849827488, 
    0.11726174333610141, 
    2.8984258880475832e-05, 
    0.56029027459924241, 
    0.54010060769784618, 
    0.011326299815998774, 
    1.5899286371683396e-06, 
    0.36547397041022678, 
    0.3732270615216754, 
    2.1640763701145731e-07, 
    0.068020634030797611, 
    0.36526995863989442, 
    8.1544432887998595e-07, 
    0.0010212228530946329, 
    0.34926918031766735, 
    0.0031335349882738216, 
    3.5108206562548229e-09, 
    0.010290553913436891, 
    0.34690290603258889, 
    0.48740145504932642, 
    7.7671197436744611e-07, 
    0.15882823309320981, 
    0.11213536869873547, 
    0.10950973164985144, 
    2.7768596845451191e-05, 
    1.0673113845707683e-05, 
    3.1460440179545209e-06, 
    0.55967665478971929, 
    1.7912931353997722e-05, 
    2.5166219966680004e-09, 
    0.38753536550439283, 
    0.084347589699939579, 
    0.18453040674602922, 
    0.21352488174526435, 
    2.7732391433706912e-10, 
    0.81299658171331224, 
    1.7617645431956767e-06, 
    1.4400802622253732e-06, 
    0.25193140131841918, 
    0.30248322106327236, 
    1.0360938583762862, 
    0.18677978450466681, 
    5.7197202416571394e-05, 
    3.4818405608515136e-07, 
    0.67385495457119216, 
    1.8576173400582371e-06, 
    0.4058199430739502, 
    0.74691271147195781, 
    0.24246977496009708, 
    0.063695230424175561, 
    0.40796269677823366, 
    6.0170001809551237e-09, 
    0.13235433857660647, 
    0.33903448781372181, 
    0.22150014818491173, 
    0.86230849929879616, 
    0.53483027447947795, 
    0.34786128873061012, 
    0.33561148807407132, 
    0.20264783196861416, 
    0.20090078949316847, 
    0.020128808636909429, 
    2.2514070087328116e-07, 
    5.1409651430748433e-07, 
    9.5425236626563686e-07, 
    2.8562926709892899e-08, 
    0.43311812636715102, 
    0.058120348123174792, 
    1.7158197176450223, 
    0.10392598050438498, 
    0.46215249008552051, 
    0.62361499870593229, 
    7.0256922887453817e-06, 
    0.15445079047734855
  ], 
  "anger": {
    "mae": 7.4190844195641281, 
    "nlpd": 3.7540995813912663, 
    "pearsonr": [
      0.52248849979469081, 
      2.4637858064605476e-08
    ], 
    "rmse": 10.286574039211658
  }, 
  "surprise": {
    "mae": 9.4339266474442827, 
    "nlpd": 3.9600250288793983, 
    "pearsonr": [
      0.43527244083738598, 
      6.0173255233214595e-06
    ], 
    "rmse": 12.691326127543059
  }, 
  "fear": {
    "mae": 11.520961136144898, 
    "nlpd": 4.1769849908470542, 
    "pearsonr": [
      0.60549838672644118, 
      2.495576427209212e-11
    ], 
    "rmse": 15.69566886940699
  }
}