{
  "noise": 0.7354947402202585, 
  "log_likelihood": -1191.1339169825746, 
  "nlpd": -370.13794687977645, 
  "rmse": 13.152710008183513, 
  "mae": 10.407051005426938, 
  "pearsonr": [
    0.44432746767370829, 
    3.6399157164672161e-06
  ], 
  "variance": [
    0.03707119743588707
  ]
}