{
  "log_likelihood": -4874.010337433074, 
  "nlpd": 4.190649767585489, 
  "rmse": 16.165487937456778, 
  "Mat52.variance": 581.5076085602966, 
  "Mat52.lengthscale": 1.8538777212060567, 
  "Gaussian_noise.variance": 40.541812690596004, 
  "mae": 12.706674289341912, 
  "pearsonr": [
    0.67101283314792926, 
    1.1091539339633172e-17
  ]
}