{
  "noise": 33.01580534911573, 
  "log_likelihood": -3872.32036811535, 
  "nlpd": -4.277802312666811, 
  "rmse": 17.69588651982847, 
  "lengthscale": [
    1.9043306944405254
  ], 
  "mae": 14.12884046058903, 
  "pearsonr": [
    0.60452419967411408, 
    2.7378126764796752e-11
  ], 
  "variance": 564.8005503073668
}