{
  "regularization": 10.0, 
  "rmse": 8.8818100735016845, 
  "intercept": -0.55665257140764723, 
  "mae": 5.9912374458537991, 
  "pearsonr": [
    0.23484398943176224, 
    0.018677419210558294
  ], 
  "coefs": [
    -0.10463520430523175, 
    0.035007918619914237, 
    -0.094825622607346269, 
    -0.060641597087593604, 
    0.056386942355285831, 
    0.15473677523508927, 
    0.0034893911230199949, 
    0.020957219133681131, 
    0.15565585197274237, 
    0.33977720581181198, 
    0.063961200912752952, 
    0.11742662400328295, 
    -0.24738521488627629, 
    0.20571724394207319, 
    -0.065267672001163013, 
    0.19984526024488625, 
    0.084900826242273797, 
    0.031409237342073903, 
    -0.20787178609468671, 
    0.097658491264894273, 
    0.1329369104770507, 
    0.066847082657183879, 
    0.058464478503194035, 
    0.022804342163379353, 
    0.012612877403783406, 
    0.013466898948881416, 
    0.24960265340394083, 
    0.030452578635907675, 
    -0.021942246563692258, 
    0.28895110365245924, 
    0.48879298005181565, 
    -0.097254282621631105, 
    0.22140831332282324, 
    -0.16043249393559902, 
    -0.0086145146931211822, 
    -0.1731143374728247, 
    -0.11241291313490694, 
    -0.16896158019253554, 
    -0.1043237887649949, 
    -0.0019524989255375216, 
    -0.12040615896404039, 
    0.033680504867723754, 
    0.035470069261926286, 
    -0.13864626302252861, 
    -0.077390606121616065, 
    -0.14985225782164169, 
    0.071816020263633484, 
    0.10771347928051837, 
    0.061787247664880279, 
    -0.28051130103384403, 
    -0.072843796021410639, 
    0.14735330385730688, 
    -0.3104585690861954, 
    0.29894390575503121, 
    -0.24333829046519939, 
    0.1165806670188525, 
    -0.073060781231659405, 
    -0.12425344114719546, 
    0.26398707295607687, 
    0.10679874099837738, 
    -0.014235413884861733, 
    -0.11372807918624767, 
    -0.11065976926284421, 
    -0.22954768224016278, 
    -0.18309174945779272, 
    -0.12872832147164484, 
    0.46592969408929918, 
    0.0041479080939062375, 
    -0.040011239964696438, 
    0.10965956046899474, 
    0.026339373430987439, 
    -0.24476237531027972, 
    0.069570476198453371, 
    0.32900797814609045, 
    -0.12393824570962854, 
    0.16292977315143145, 
    -0.012168207762893521, 
    0.090877806439322056, 
    -0.06833831223585321, 
    0.028715399776512607, 
    0.076033575514947147, 
    0.2264052988677063, 
    0.14764142342517114, 
    0.043069815868322807, 
    -0.24092349971952218, 
    -0.24693614043367076, 
    0.11242207467109783, 
    -0.12359519799151712, 
    0.1654616047395433, 
    -0.24394775493653861, 
    -0.074390223154062449, 
    -0.15028905101269777, 
    0.10417194811167495, 
    -0.043915054044322603, 
    0.74884119913526648, 
    -0.11464317488825473, 
    -0.40878597758629287, 
    0.14819493784232893, 
    0.044792783723557911, 
    -0.11098098011584295
  ]
}