{
  "warp_d": 0.15978514435732735, 
  "noise": 2.246222557211426, 
  "log_likelihood": -3857.94125303259, 
  "nlpd": -4.0852675279658124, 
  "rmse": 14.19179510438642, 
  "lengthscale": [
    3.0007791981899077
  ], 
  "mae": 10.827182123027518, 
  "pearsonr": [
    0.79135021503286496, 
    1.1524411206651504e-22
  ], 
  "variance": 17.674319297066113, 
  "warp_psi": [
    [
      3.7871745025942281e-08, 
      3.1408770554879615, 
      1.0720065545962538
    ], 
    [
      2.3400533718060894e-08, 
      0.16277180812487288, 
      1.0273793824501196
    ], 
    [
      1.6510512921716253e-06, 
      3.1036707469472562, 
      -0.7182153101414892
    ]
  ]
}