{
  "warp_d": 0.5365146503291589, 
  "noise": 50.52750459394227, 
  "log_likelihood": -3642.9785542484474, 
  "nlpd": -3.9187846129927952, 
  "rmse": 12.074420122044451, 
  "mae": 9.5145300883914583, 
  "pearsonr": [
    0.22406113078766357, 
    0.025025088356728207
  ], 
  "variance": [
    6.1627078929653685, 
    0.0064588186721893101, 
    11.564661366699848, 
    3.8971479377146103, 
    4.6551523254594667, 
    0.0035385477092778157, 
    0.14668785091101516, 
    14.340744891667946, 
    0.0053898891779283337, 
    0.0022355934084615568, 
    0.0031353910808616381, 
    4.1112676170013822, 
    0.014883928353091632, 
    0.0065147949389371095, 
    9.5940775861439995, 
    0.0050566486550398188, 
    0.0023210331189418283, 
    0.0068608952200723463, 
    3.9749730012592486, 
    4.5902549147346727, 
    0.0034022707709758788, 
    3.883517637398775, 
    0.40405852040270734, 
    0.44564649852699328, 
    3.0768569695892047, 
    1.3977005318003808, 
    0.0046743232919904867, 
    0.0020883651881648388, 
    5.5309401563352125, 
    0.0057764636688374098, 
    0.0068730361602960689, 
    0.0019740850023442546, 
    0.10553339032465454, 
    16.753574323798624, 
    0.040417851778916949, 
    0.0026972239185949075, 
    1.5268625671156228, 
    2.1214588561227901, 
    9.1811109824441992, 
    0.12150755830660651, 
    0.0095062542074156806, 
    0.0042599164256696175, 
    0.014722651630323394, 
    0.0026999381481569089, 
    8.1614842138917201, 
    0.0031013255388326038, 
    0.0019070693339452143, 
    0.0032280596272938542, 
    4.6955274644772897, 
    0.0025809459613209775, 
    7.503322034339174, 
    0.0061866538359793841, 
    10.618624813006432, 
    10.45945339221649, 
    0.0026599007051668062, 
    27.479567482294396, 
    0.0016248484003688641, 
    0.58086319493489169, 
    0.0053923766913788664, 
    1.896009549524879, 
    0.0041713707701701835, 
    0.0049218333258577414, 
    0.012810321548283503, 
    0.001880877743065248, 
    0.0034785696720799103, 
    0.064397400648341332, 
    7.6916972791982996, 
    18.781075413110411, 
    0.0022288241582354364, 
    0.0017035337412615197, 
    15.902996058923106, 
    0.36365961945242559, 
    1.7334775897369243, 
    3.1677190844374783, 
    0.08049517970373915, 
    0.009425956925072065, 
    0.0036211963632388701, 
    5.4789040975749819, 
    0.0099856483139650828, 
    0.012032534640285759, 
    20.866527122778773, 
    0.0027395813187069879, 
    0.051703878726709354, 
    14.868999644274961, 
    0.031056842481340358, 
    13.503184063497258, 
    0.0072716938349935327, 
    0.002176721278444425, 
    0.0026244486492189739, 
    5.6442280618246752, 
    1.6862666686173853, 
    0.0042894652515049108, 
    16.566978083270421, 
    1.0604146665538874, 
    0.0016846869683485447, 
    0.0084472666530200861, 
    12.660105935861658, 
    15.087217612761531, 
    0.011154918449865256, 
    0.038442477637001156
  ], 
  "warp_psi": [
    [
      1.6131917731191571e-22, 
      1.8171089321488625, 
      1.0602559476881921
    ], 
    [
      2.7705774356467491e-20, 
      4.131800760054356e-05, 
      -0.64559237621732168
    ], 
    [
      1.3704860271401862e-21, 
      4.318961007324094, 
      14.698423198306516
    ]
  ]
}