{
  "noise": 0.19899884929603276, 
  "log_likelihood": -1075.818267570724, 
  "nlpd": -237.36852949624881, 
  "rmse": 10.717612797208698, 
  "lengthscale": [
    1.6307489376830386
  ], 
  "mae": 6.6170057791294301, 
  "pearsonr": [
    0.73618156917809174, 
    2.6227089990469518e-18
  ], 
  "variance": 0.6723500124029277
}