{
  "warp_d": 0.1908215388388812, 
  "noise": 2.044461494076473, 
  "log_likelihood": -3818.649107973176, 
  "nlpd": -4.4495807600713881, 
  "rmse": 19.3050170982787, 
  "lengthscale": [
    2.6452606379268344, 
    8.4431419993815702, 
    5.3490499012091686, 
    3.5253219418719559, 
    2.1879167146457084, 
    3.0359097109151412, 
    1.3418543839374744, 
    8.5018805504695738, 
    5.5752244243630136, 
    5.1491201969849589, 
    8.651172037964546, 
    1.7519594406360119, 
    9.5748944310919128, 
    9.4127425646273668, 
    5.6978565975579629, 
    1.7261944708113108, 
    4.759300286508223, 
    1.570239362847158, 
    12.037702114298114, 
    10.602000035588558, 
    8.5068414702157149, 
    8.5476851911492346, 
    1.1477017732897641, 
    6.6615544020233877, 
    2.4438120873573457, 
    4.2414187907304086, 
    5.510453847990334, 
    2.0649162276575539, 
    3.8022218502807639, 
    1.7778905536487628, 
    2.4453902043828082, 
    6.6386781010803224, 
    9.1410550293735007, 
    2.9264346637759084, 
    6.7256057073209714, 
    8.1051022952021619, 
    5.086589122787017, 
    9.5766885321601762, 
    9.8985944879145844, 
    1.2347412842979213, 
    4.1511944133188452, 
    1.4120027358929719, 
    3.0600303285010479, 
    5.4053069145267933, 
    9.4029827678755566, 
    10.213824760513333, 
    11.607717796978049, 
    10.19926142574106, 
    0.97372645021099569, 
    9.0282598583398954, 
    1.9188443649172979, 
    5.0202260206518501, 
    4.693202511797451, 
    12.301098894910853, 
    7.101434139719351, 
    11.211847060020688, 
    10.310326047315726, 
    2.8782275149251966, 
    10.69613508270993, 
    1.6783524753596344, 
    8.6546841115568469, 
    1.1896224955552281, 
    10.031727629523898, 
    10.850170971267069, 
    9.4364829637840959, 
    7.1857694749353369, 
    10.378713070541387, 
    1.3510316445479504, 
    6.3318344368631694, 
    1.6111797518225497, 
    2.3796136362948443, 
    1.7988917701976204, 
    8.4848073838656379, 
    8.7068545300021896, 
    10.287437972069757, 
    8.8370331279479579, 
    1.7757603237169763, 
    9.7171239598617642, 
    8.1147525792212729, 
    2.2992162847020761, 
    2.1532730809405756, 
    5.8982002926311026, 
    6.9296631795229224, 
    7.5196845756676876, 
    7.9765157017364725, 
    8.2171853553663983, 
    3.0158874654337469, 
    3.3963455478328952, 
    0.8605692254964693, 
    9.8763141377121464, 
    2.9610368182043478, 
    0.87391563760615765, 
    9.1916361413369909, 
    10.953303555265949, 
    0.96538510540183009, 
    4.50751772770509, 
    1.2819326770348063, 
    10.888908692240793, 
    6.749347029531525, 
    6.2890428310780431
  ], 
  "mae": 15.355658991411524, 
  "pearsonr": [
    0.52451656520985634, 
    2.1270821328980577e-08
  ], 
  "variance": 22.496230675578687, 
  "warp_psi": [
    [
      8.643733857251205e-07, 
      10.971884749778685, 
      2.4359080718490973
    ], 
    [
      9.7905201014694256, 
      3.8216239507591375e-15, 
      4.3681161669755557
    ], 
    [
      3.6314851536328176e-12, 
      2.2994177359304255, 
      -5.8940137048893124
    ]
  ]
}