{
  "noise": 0.09044961311867587, 
  "log_likelihood": -1008.3408118634518, 
  "nlpd": -347.96360478801807, 
  "rmse": 10.947106329104473, 
  "lengthscale": [
    16.726755811326552, 
    22.514867770789213, 
    11.413483605438998, 
    9.775253258091487, 
    20.815218463710913, 
    21.156582763910233, 
    0.49074714817010784, 
    0.6092265898023238, 
    17.061505871205711, 
    0.5241304175145074, 
    15.674581091861326, 
    15.79281221727409, 
    13.225979885452229, 
    3.1925026151905191, 
    0.45764805548699389, 
    0.66517974498729149, 
    1.3739499202268113, 
    13.19834787383896, 
    0.55267715512691806, 
    15.671470913208427, 
    0.48968857585210129, 
    9.6900625251702852, 
    13.738246049028923, 
    10.501838450867218, 
    15.508965677672387, 
    17.926362779420323, 
    1.4556379127987156, 
    9.8288324568021537, 
    16.370254479507185, 
    0.89650161563068775, 
    1.5443286535223923, 
    1.0767474270146471, 
    10.38581742114642, 
    16.74360817175355, 
    21.744602689179672, 
    5.8510780643414666, 
    2.6042189779700951, 
    16.735142042225462, 
    1.0711114572160709, 
    10.046387990014773, 
    0.77769433492009865, 
    8.6798560579394284, 
    20.142961142171789, 
    16.947218134318494, 
    15.657663024730166, 
    8.8300536203107498, 
    19.357720739972109, 
    1.8409701826303735, 
    13.80510014805939, 
    5.9243837105656798, 
    10.201384184500988, 
    14.222711770748306, 
    1.3110437892921361, 
    11.414717153983085, 
    18.77546039259833, 
    20.812724092545544, 
    14.773921939781584, 
    22.318096229675376, 
    6.0006628510872293, 
    14.06026348687184, 
    0.49171682479660156, 
    23.333499154378401, 
    17.451605577908023, 
    1.0733164611247958, 
    16.644778572598213, 
    11.918138805299886, 
    0.6792754070180641, 
    0.8844363574412013, 
    19.069068787146271, 
    1.79886080705649, 
    11.485204967652088, 
    13.665607764062639, 
    7.9751035153824654, 
    6.0539443579483603, 
    9.8442363961682755, 
    10.89994971616996, 
    0.47799497014006703, 
    9.3293166717314868, 
    1.8153994535272979, 
    1.1391775577867826, 
    10.545576256884681, 
    0.48471350056041695, 
    19.998936990108181, 
    12.670381122908648, 
    18.593754118428091, 
    12.603591483761573, 
    19.144791039071052, 
    17.800483971742082, 
    13.182866282164833, 
    8.1188858920953102, 
    12.893934719342958, 
    15.598123755018797, 
    8.6924505665177403, 
    19.185488145760807, 
    1.0354219110366072, 
    14.813571099671407, 
    20.851083029573537, 
    0.40447547980023174, 
    10.236660882350504, 
    1.747412081470074
  ], 
  "mae": 7.7268431480315778, 
  "pearsonr": [
    0.68742227480081608, 
    2.8195644622922211e-15
  ], 
  "variance": 0.7087173579570034
}