{
  "noise": 21.02028701402815, 
  "log_likelihood": -3806.803304167345, 
  "nlpd": -4.4122613901654288, 
  "rmse": 19.496266097060907, 
  "weight_variance": [
    5.7317347393805819e-63, 
    60.137868463306646, 
    2.7720702468538896e-06, 
    271.51003912051982, 
    173.22832907366487, 
    549.63998225543548, 
    29.485016441336036, 
    1.9318520427831113e-09, 
    96.932900521160647, 
    246.2418072383573, 
    7.54416548184632e-10, 
    29.215673198983119, 
    4.8144533651455313e-09, 
    5.9059791298630337e-10, 
    5.1905745880374586e-24, 
    9.5292848478481065e-12, 
    28.106306695616176, 
    1.8886677601076048e-09, 
    6.3652364780978809e-10, 
    1.0441846348178806e-10, 
    1.6788080958419306e-06, 
    1.953746365400863e-24, 
    2.5637259507953256e-09, 
    9.8734781178972111e-11, 
    20.158349168528801, 
    8.5119019779928959e-10, 
    7.0113068652937435e-22, 
    1.7342585806678793e-09, 
    8.9940638641462718e-08, 
    172.4988944943938, 
    132.38655702001489, 
    1.76011268279582e-09, 
    26.90507609282141, 
    805.75705482503429, 
    49.617145919078034, 
    23.447388713746946, 
    6.8420760926903658e-10, 
    9.8233135406567881e-10, 
    41.133982432798028, 
    1.3326356643709813e-09, 
    816.25745918028906, 
    5.5699835704125712e-10, 
    39.735286478743319, 
    5.2612272794310953e-10, 
    3.2591271081524613e-18, 
    1.9312531509025339e-10, 
    3.637833574329579e-15, 
    2.8136581591402062e-10, 
    2.6199445186358236e-07, 
    1.1206835070981599e-10, 
    186.46317908877901, 
    457.37459545363873, 
    2.6629129292970094e-13, 
    5.9165154033412832e-11, 
    8.7653174119439728e-10, 
    2.1656425262250615e-13, 
    508.54776207906082, 
    47.756695050392892, 
    7.3153629797644324e-12, 
    102.33934854785107, 
    51.788878057474122, 
    72.391703539884787, 
    6.9847025335078949e-10, 
    230.91835195542379, 
    7.7891845172393059e-10, 
    2.1329869668334327e-09, 
    2.9325374190257963e-10, 
    629.10731943002179, 
    269.42340084959858, 
    892.42567751167826, 
    427.66903761920247, 
    2.5817955423087265e-08, 
    1.0980165506665807, 
    3.2099894923011183e-10, 
    2.0791112475708333e-18, 
    4.6185433681073428e-10, 
    977.92899549226593, 
    8.362869253322717e-10, 
    5.2534858263691443e-12, 
    1066.3521981650351, 
    600.36241816794825, 
    1.8765541894883157e-29, 
    24.27600276417791, 
    2.9598532878036366e-17, 
    1.8309552731871194e-11, 
    4.1249291599071127e-09, 
    184.21842779847753, 
    1.9952315210571802e-19, 
    918.66524989062509, 
    2.5935805695670183e-10, 
    6.6639262302836718e-09, 
    9.5866952078164223e-17, 
    1.1790945445541749e-09, 
    4.5097488324624748e-10, 
    234.67539425047488, 
    67.238510497595897, 
    1.3130740277626188e-09, 
    1.9370439905487177e-09, 
    4.0028278980005546e-10, 
    1.1698316751559113e-09
  ], 
  "bias_variance": 328.44617746978855, 
  "mae": 14.685467716477863, 
  "pearsonr": [
    0.51919262832454771, 
    3.1219805891731483e-08
  ], 
  "variance": 1068.6596101236394
}