{
  "warp_d": 0.1670217784281244, 
  "noise": 8.484891391983084, 
  "log_likelihood": -3920.007382669793, 
  "nlpd": -4.414331854884189, 
  "rmse": 19.950764117460466, 
  "mae": 15.932719125938902, 
  "pearsonr": [
    0.47266951940490648, 
    6.8532267725098817e-07
  ], 
  "variance": [
    0.74527879484507464
  ], 
  "warp_psi": [
    [
      9.5815012243907277e-06, 
      1.5214335711619109, 
      2.0542189874990089
    ], 
    [
      0.00011429093740375938, 
      5.3481184963583734, 
      -0.0075427534868909322
    ], 
    [
      8.5019944946799431e-05, 
      0.077993129692172605, 
      -0.70301497523578216
    ]
  ]
}