{
  "warp_d": 0.3987050488685532, 
  "noise": 26.88480067547559, 
  "log_likelihood": -3639.990821358055, 
  "nlpd": -3.9071566292908737, 
  "rmse": 11.983054643592068, 
  "mae": 9.1433976573057887, 
  "pearsonr": [
    0.52033481562610218, 
    2.8768614084200062e-08
  ], 
  "variance": [
    2.1723050863842261, 
    0.014267203953323976, 
    17.190864773932471, 
    0.0092125325151735625, 
    0.0032001477307522889, 
    0.00058640781767811873, 
    5.9635116670418133, 
    0.0029865583106281467, 
    0.0013102398443891532, 
    10.576611523539182, 
    0.0031163682430942249, 
    0.77522251062796699, 
    0.0012626064021898503, 
    2.5925604632101109, 
    0.99091709309782394, 
    2.3981474791679496, 
    1.4920191510485288, 
    0.001270243060187564, 
    16.430060445445982, 
    2.2093199217726189, 
    4.0430461897101111, 
    0.0025167896168552927, 
    0.0021484128946960288, 
    4.6663314737987802, 
    0.0022781487021841613, 
    0.0043186599588376168, 
    1.5243948310244164, 
    0.01238341500520339, 
    9.1410937266530965, 
    20.792001745197965, 
    0.0019569117127220476, 
    0.00213010430060359, 
    11.012489801385698, 
    11.249136466172581, 
    0.0011520768931385067, 
    0.0011753006930671974, 
    0.0010730308910428519, 
    0.030878309365821349, 
    3.1894422042752999, 
    0.0014149914781975974, 
    0.0013564907828222856, 
    1.1707201554097748, 
    4.1127477524756273, 
    5.2558168129438645, 
    0.0017757556776286324, 
    0.069486676876822945, 
    0.00096863756406585517, 
    2.1623337194781316, 
    4.2888695972727895, 
    0.0017996594316266967, 
    4.0393522605824597, 
    0.37343635058211827, 
    0.0038181480821823243, 
    2.2498157454677941, 
    0.059507307093952487, 
    22.265475587586543, 
    11.512217674157982, 
    0.22137972314294924, 
    2.1109335160047422, 
    0.001998999023218657, 
    2.904371069838152, 
    0.84177991632115867, 
    5.5675008299611592, 
    0.28914436666988591, 
    3.8012929953870729, 
    7.7630324314051364, 
    2.609449742347195, 
    0.0026604849156634885, 
    1.8752052179317131, 
    1.3857692140884041, 
    0.0017828817399381076, 
    8.7966714532046595, 
    0.0072273560608868198, 
    0.0020552553020939451, 
    4.3422608412923509, 
    3.1724877165957759, 
    0.53855744357787572, 
    0.0046067797543177819, 
    5.7779297791924051, 
    6.1915796576454021, 
    0.038038092455008152, 
    0.0023812218215705366, 
    0.42733184633331867, 
    5.7111982292218153, 
    1.5599771780248317, 
    0.0018034524156381507, 
    3.8030595178852122, 
    0.0023968469882716952, 
    5.382034940497948, 
    4.314197774548246, 
    0.50891750057673113, 
    0.0042366052104900673, 
    1.5438838137740623, 
    0.11798537892914118, 
    6.2134027284700624, 
    0.0025579382240198943, 
    0.00099321495753571399, 
    3.6315770724066834, 
    0.0021127365169035374, 
    0.0012864275244268443
  ], 
  "warp_psi": [
    [
      2.170517328801007e-18, 
      0.0012050673594153985, 
      -2.7253520311667607
    ], 
    [
      3.9802129430991746e-19, 
      0.088502226077525684, 
      -0.9393890458576436
    ], 
    [
      3.1504022129623263e-18, 
      2.0803417637212132, 
      5.2013356466732432
    ]
  ]
}