{
  "warp_d": 2.227028626413735, 
  "noise": 106.7954574989903, 
  "log_likelihood": -3825.8334878426303, 
  "nlpd": -4.2704715547828105, 
  "rmse": 17.411965425736703, 
  "weight_variance": [
    203.16395046152064, 
    24.743530849725815, 
    724.00020125558217, 
    528.67612707141666, 
    315.4740872336734, 
    751.16353081651641, 
    664.31912476110836, 
    9.4117614742974377e-162, 
    507.44274434715726, 
    844.01490938910842, 
    7.7893665506703009e-140, 
    201.31613235192896, 
    1.3109638250502118e-35, 
    4.8862187316460376e-196, 
    4.6587168488702539e-97, 
    18.46017058086905, 
    1157.2466117580404, 
    483.27315324410102, 
    4.0689183233518356e-195, 
    1.4789998846916491e-216, 
    78.882473248560359, 
    5.3476651104511356e-88, 
    4.2179835781722762e-130, 
    2.6122128160305432e-233, 
    1.4548907071518719e-113, 
    3.576868584586305e-168, 
    8.2116445359370233e-261, 
    612.92334367682406, 
    444.75430063396692, 
    1171.6960495033245, 
    705.79369789364921, 
    9.4233241666526432e-140, 
    42.27201618905292, 
    166.43010712155365, 
    3.8564365458447684e-105, 
    0.00060191308090347428, 
    4.7538204046784764e-144, 
    8.037457460229677e-58, 
    256.24354923770778, 
    196.84644853552695, 
    743.41233746847672, 
    63.412737194796165, 
    474.34009766841825, 
    362.564579034845, 
    3.8137012010883123e-216, 
    1.9866151914557341e-216, 
    5.5626846462681369e-309, 
    1.0001326833294184e-201, 
    1.3996249534810399e-202, 
    1.0310825319207032e-185, 
    1272.62547537052, 
    226.57065154540405, 
    1.1212283623448162e-112, 
    6.9088399151615064e-168, 
    7.0131938969829942e-111, 
    5.5626846462681369e-309, 
    4.5852332306309165e-175, 
    526.50395042936327, 
    1.0725544100495519e-28, 
    699.18836185633677, 
    7.0072220008395934e-252, 
    422.52502996341946, 
    3.4719786965048404e-229, 
    3.0635365398159598e-263, 
    4.6507472433641638e-198, 
    4.4210966026557586e-205, 
    4.2617649642614026e-196, 
    235.34289351668198, 
    426.34334083977689, 
    900.08896650476288, 
    464.72278670632545, 
    781.789069545242, 
    1.589479214477991e-163, 
    2.4398592014996433e-105, 
    3.9521452638977454e-246, 
    5.2626542359243754e-119, 
    805.15601488745779, 
    1.9545008315773754e-177, 
    6.4647295731067739e-85, 
    656.82815495105308, 
    990.55718949162042, 
    87.638759599466823, 
    81.77859914525942, 
    1.3420305960659278e-232, 
    10.251814746445193, 
    5.0271218513108554e-34, 
    672.76826355270509, 
    121.09704426639236, 
    1494.8119104489858, 
    1.2774837000044266e-288, 
    105.18391269196955, 
    205.83842040663899, 
    6.1872534726995362e-159, 
    2.4804157313567088e-201, 
    1298.5908523177529, 
    247.69315323482962, 
    1.1302260269140727e-18, 
    5.1643013966242543e-230, 
    8.2990516509144848e-163, 
    6.1104551506858853e-186
  ], 
  "bias_variance": 2067.5867828489518, 
  "mae": 13.633784520635615, 
  "pearsonr": [
    0.56434730745190087, 
    9.6611176626960911e-10
  ], 
  "variance": 6010.062342754313, 
  "warp_psi": [
    [
      5.5626846462681369e-309, 
      5.5626846462681369e-309, 
      -116.38614574899908
    ], 
    [
      5.5626846462681369e-309, 
      5.5626846462681369e-309, 
      -392.50407245854888
    ], 
    [
      5.5626846462681369e-309, 
      1.750403440965939e-10, 
      -36.333342230434212
    ]
  ]
}