{
  "warp_d": 0.14025847020827756, 
  "noise": 2.642773303994187, 
  "log_likelihood": -3862.703017683777, 
  "nlpd": -4.0977140237038201, 
  "rmse": 14.357918000556769, 
  "lengthscale": [
    3.0104079122545597
  ], 
  "mae": 10.965062006727276, 
  "pearsonr": [
    0.78543228763840034, 
    3.8862718468569239e-22
  ], 
  "variance": 13.061841602390405, 
  "warp_psi": [
    [
      3.6861674983559564e-10, 
      0.63024570264024637, 
      1.2863201154580055
    ], 
    [
      3.8917562003254008e-07, 
      1.8235333620586376, 
      -0.8777370260895937
    ], 
    [
      6.8881014949897361e-08, 
      0.62365580209985916, 
      -0.23284078044341458
    ]
  ]
}