{
  "noise": 154.41906483495876, 
  "log_likelihood": -3605.484693477336, 
  "nlpd": -3.9491763720615625, 
  "rmse": 12.584653211395525, 
  "mae": 9.4815849406691015, 
  "pearsonr": [
    0.44830313199191962, 
    2.9056620055107555e-06
  ], 
  "variance": [
    10.16278887415344
  ]
}