{
  "noise": [
    110.3437744535745, 
    78.60592005388, 
    205.71811311810012, 
    309.4957799963341, 
    292.1541932249894, 
    161.21539545999929
  ], 
  "kappa": [
    4.332726154046393, 
    1.6100860977747019e-18, 
    36.68398879205024, 
    55.31468419855813, 
    59.62929547661146, 
    27.43382765476628
  ], 
  "log_likelihood": -21863.36200186435, 
  "joy": {
    "mae": 13.433418838923957, 
    "nlpd": 4.2430865723954208, 
    "pearsonr": [
      0.58212237265513667, 
      2.1196916179382566e-10
    ], 
    "rmse": 16.750111840656885
  }, 
  "W": [
    3.978528113964685, 
    2.514531607656465, 
    4.471120702761792, 
    -5.7375137920617165, 
    5.301463130965046, 
    -0.7276504955453507
  ], 
  "sadness": {
    "mae": 13.669542786322895, 
    "nlpd": 4.2425293928136076, 
    "pearsonr": [
      0.69758093917145303, 
      7.3909138335554538e-16
    ], 
    "rmse": 16.800771614525971
  }, 
  "disgust": {
    "mae": 5.6785443370998392, 
    "nlpd": 3.6852428461103539, 
    "pearsonr": [
      0.28726051230215072, 
      0.0037575613612883235
    ], 
    "rmse": 9.5969716376722314
  }, 
  "variance": [
    1.5024950620453712, 
    3.0400587800636476e-05, 
    0.045594491529770811, 
    0.58447398044522103, 
    0.59344886692580856, 
    2.1132926916577903e-08, 
    0.29717308214978533, 
    0.91884988222006281, 
    0.16204850199157778, 
    0.78832209216715787, 
    2.7954392438168958e-07, 
    0.29885552872765636, 
    2.4298127818786071e-06, 
    0.00031762093189467065, 
    0.00047086933360843635, 
    0.1404068202538663, 
    0.16992142945412431, 
    2.8139364145651405e-07, 
    0.63719337858298242, 
    0.75038623312030328, 
    0.17444760287876429, 
    9.6724850616665277e-06, 
    0.4413823262839604, 
    0.22354234852048965, 
    0.084515692566162315, 
    2.1555644991164939e-05, 
    0.30781167212827132, 
    0.00051207532849099392, 
    7.1938211013530313e-06, 
    1.1842554703905801, 
    0.6010908609767982, 
    0.10686885299925926, 
    2.472554768152127e-05, 
    0.47855179743384613, 
    0.85972096659293085, 
    0.21030109716676254, 
    0.0070366347507456722, 
    0.72257581206303856, 
    0.1113087580154514, 
    0.029696522583820141, 
    0.70792114638154535, 
    0.29753206659723547, 
    0.23199190024233896, 
    3.3291660249552582e-06, 
    0.51507527219208848, 
    0.79101423468176202, 
    0.15515073058333456, 
    0.29961134486695723, 
    0.092530782672900533, 
    0.12145106950267906, 
    0.36783396483160757, 
    0.28627936934231557, 
    4.1688405441320367e-06, 
    1.6297750425019091, 
    2.7522549153068784e-05, 
    0.30975805399223005, 
    0.4859916166993774, 
    0.18544549264966917, 
    1.2878012636496836e-06, 
    0.45638906282669273, 
    0.015952249651105459, 
    0.62976217170133553, 
    0.31730288130433787, 
    5.5788895837513772e-07, 
    0.94282336791546151, 
    0.17024117698727587, 
    4.6315730782250721, 
    0.7166672656202342, 
    0.18833556675542726, 
    1.4206850640838243e-06, 
    1.534804748189031, 
    1.9850582682926809e-06, 
    0.24840294596994256, 
    1.0644878392547841, 
    1.2677032436474409, 
    0.26563348006273912, 
    0.71297647062372072, 
    8.7217450734469075e-06, 
    0.1890111087393451, 
    0.42187774608872908, 
    0.29741359873915929, 
    1.5756786855996863, 
    0.44011470612373438, 
    0.41184444950692128, 
    0.85346397371140836, 
    0.45751602512803524, 
    0.55685765686978783, 
    4.4613137123811127e-05, 
    0.31219545049458264, 
    0.37410321269806374, 
    0.15492391806331163, 
    0.0013731220703694024, 
    0.33734623948946735, 
    0.091913612651872284, 
    6.4546764441855879, 
    0.0045115141765715407, 
    1.0575449572388029e-05, 
    1.2415199458896859, 
    0.00024381315366802728, 
    0.36310231099321805
  ], 
  "anger": {
    "mae": 7.6155507305060199, 
    "nlpd": 3.9005508614276967, 
    "pearsonr": [
      0.55468553722321012, 
      2.1234670870466426e-09
    ], 
    "rmse": 11.836313347295691
  }, 
  "surprise": {
    "mae": 9.1248179714156894, 
    "nlpd": 3.85218235447608, 
    "pearsonr": [
      0.20986835642940477, 
      0.036109051830461855
    ], 
    "rmse": 11.145619901802197
  }, 
  "fear": {
    "mae": 11.514836222420447, 
    "nlpd": 4.1935347527624556, 
    "pearsonr": [
      0.68481985731985529, 
      3.9387477022984614e-15
    ], 
    "rmse": 15.92911610165557
  }
}