{
  "noise": 0.7454286087934792, 
  "log_likelihood": -1172.994074787253, 
  "nlpd": -67.232652631549584, 
  "rmse": 8.3111925077664441, 
  "mae": 5.5033363608247905, 
  "pearsonr": [
    0.41780521671287879, 
    1.5248637788951847e-05
  ], 
  "variance": [
    7.1621076200021239e-05, 
    2.413344466478573e-05, 
    5.1038545366587382e-05, 
    1.1719684113566929e-05, 
    1.0967247819659432e-05, 
    0.028224836170479443, 
    2.8414304105032825e-05, 
    4.0273224168991128e-05, 
    8.5993637557772636e-05, 
    0.34350645506551192, 
    7.6764145504878327e-05, 
    1.1515325288518e-05, 
    0.083794165474058116, 
    0.036223317837856608, 
    0.030446688530889752, 
    0.00010331672583055862, 
    9.7821290521864216e-06, 
    1.2299929447396648e-05, 
    0.042986574714527555, 
    3.2954424577399466e-05, 
    0.094891907113939022, 
    1.462488689779141e-05, 
    6.3709370503191274e-05, 
    8.2248229069528844e-06, 
    1.2971649684424606e-05, 
    2.6677830197200396e-05, 
    0.027521102365605534, 
    1.2040390862869177e-05, 
    9.6545575102230959e-06, 
    0.3432646236265543, 
    0.42455647486386783, 
    0.026620752257047232, 
    0.26583697446116045, 
    0.13934487865024112, 
    2.8260290237448066e-05, 
    2.6458231223265022e-05, 
    0.00018271820241877367, 
    0.025981505425371428, 
    5.1200312170633606e-05, 
    3.1342477620234818e-05, 
    1.668235886241635e-05, 
    1.3757958905824262e-05, 
    7.9647541977666022e-06, 
    1.9966505494645875e-05, 
    1.2645165172435589e-05, 
    0.033680385156149059, 
    1.2408904265821165e-05, 
    1.6242121929450878e-05, 
    1.3794556609752105e-05, 
    0.18778360759448037, 
    4.6348588992938946e-05, 
    0.00063217201878440173, 
    0.1735629367173761, 
    0.010262847929676119, 
    0.058669606123822916, 
    6.5857185356459148e-05, 
    1.4202475968052908e-05, 
    0.00053359773688668689, 
    0.00013898352303119363, 
    2.0171218671262715e-05, 
    1.2607844194453718e-05, 
    0.013929807137767442, 
    0.00014086705241870095, 
    0.086256755984338643, 
    0.00023934668762589737, 
    2.0215068823505653e-05, 
    0.24229924157789801, 
    0.00013796642373405969, 
    1.6397567656772234e-05, 
    0.00010299770674292792, 
    1.7222971831633006e-05, 
    0.1299580264273946, 
    2.177057891867242e-05, 
    0.13536000765485909, 
    2.0702856347738986e-05, 
    4.4946283304354964e-05, 
    0.0011020548905375149, 
    0.065960370170430563, 
    0.00078576178001118211, 
    6.351283684182683e-05, 
    3.7748617362945242e-05, 
    0.0027802397376433512, 
    0.0094030534658005576, 
    1.8374801347303009e-05, 
    7.6789769869919659e-05, 
    6.175032478558712e-05, 
    2.6413617647325218e-05, 
    2.3240169975898578e-05, 
    0.00011734929263003338, 
    0.036439752210450246, 
    2.4963208441355503e-05, 
    0.00019115834763594442, 
    2.1723919591977252e-05, 
    1.4108441581800108e-05, 
    0.74551085106729331, 
    7.4935745230135726e-05, 
    0.41623350006416904, 
    0.013839004256683843, 
    1.1226639575265423e-05, 
    3.0400483431967811e-05
  ]
}