{
  "noise": 0.05390266855230416, 
  "log_likelihood": -959.9728383218959, 
  "nlpd": -610.90149880579202, 
  "rmse": 15.919874746721344, 
  "lengthscale": [
    1.0699980731511467, 
    19.939253188278968, 
    0.76757215018602643, 
    24.345354936915605, 
    28.888434556429306, 
    1.0502063811214111, 
    15.8396769674263, 
    24.679190990167175, 
    1.9098031725230611, 
    22.354249327391031, 
    1.699017402943555, 
    2.4356480119854176, 
    4.1608790827403466, 
    33.070425545082941, 
    13.29045826071963, 
    16.343293884426767, 
    24.310131664958924, 
    21.158960809688963, 
    1.0056898427395142, 
    1.4786162917034407, 
    29.081629134678469, 
    10.101717305324167, 
    1.1642936875311123, 
    26.88116070493264, 
    31.227479035785194, 
    31.423765613755691, 
    1.2613047964783455, 
    22.303964452515281, 
    4.2959141199795425, 
    2.9877599009373399, 
    1.6135980860653287, 
    29.784895054593566, 
    11.499273067107151, 
    28.700988175909259, 
    1.354005891732776, 
    9.5866644839475263, 
    26.428810608932501, 
    17.114431370737361, 
    17.675945582860095, 
    24.648443158677416, 
    31.720002298296237, 
    0.97873789051023607, 
    1.988648478494986, 
    15.456200499635703, 
    1.0058554812466851, 
    1.5765202459765506, 
    0.93368741927205834, 
    2.565365885516119, 
    0.8343542481124655, 
    1.7468050834172966, 
    2.1776968052207413, 
    1.7534851919039189, 
    21.621682949474465, 
    35.451020011538567, 
    6.0927163358657976, 
    32.841479692832493, 
    10.959407848658264, 
    31.722286178756448, 
    28.981746725874139, 
    1.0320858159726947, 
    3.7651503829050026, 
    14.522482965240924, 
    30.60063981844468, 
    1.3303923166332852, 
    1.2993006118976562, 
    18.324431878734291, 
    32.331247154785096, 
    24.845248187976097, 
    11.614974742341243, 
    2.6231260540042811, 
    26.631977961637279, 
    23.864739244631583, 
    24.658404702577769, 
    1.7210574544530695, 
    2.2928933535874676, 
    0.63522065980812781, 
    27.256123614851148, 
    12.636836251940114, 
    29.369658435347976, 
    13.027396965355745, 
    1.6159136415641293, 
    1.4917567992875558, 
    29.988964318170662, 
    28.084464600898762, 
    18.872966589171533, 
    0.72320090833692352, 
    0.96253770059116839, 
    0.83675232060908145, 
    1.0000199031914625, 
    17.461356046331886, 
    0.90542061904248228, 
    1.7919046867150688, 
    17.835798674077925, 
    16.854709975547465, 
    4.9961260589862082, 
    21.664214272181763, 
    1.3066183494891626, 
    10.265045935740648, 
    25.11540419625528, 
    1.0272000992018431
  ], 
  "mae": 12.28617946644324, 
  "pearsonr": [
    0.55579997751985477, 
    1.9415606865424016e-09
  ], 
  "variance": 1.0227459688447214
}