{
  "warp_d": 0.0005984118391441518, 
  "noise": 0.18176468360463605, 
  "log_likelihood": -7065.890493034778, 
  "nlpd": -7.5296095779881966, 
  "rmse": 24.595521633993997, 
  "lengthscale": [
    314.61757303919393, 
    336.35150405253358, 
    386.36952512194961, 
    339.21230818623769, 
    308.85549936405232, 
    485.28779032134645, 
    343.85199118175774, 
    342.39985794870336, 
    336.38014501290513, 
    366.34252373697757, 
    352.61068153399668, 
    268.92105419932039, 
    377.20563544186348, 
    290.62239539845558, 
    255.76999340872089, 
    354.8161188710867, 
    354.12459656678328, 
    353.36454934851042, 
    415.55151469645421, 
    377.00139916890771, 
    402.14212468136247, 
    292.69911609003782, 
    317.43921242495304, 
    371.54240023743517, 
    349.85521382226545, 
    386.19267333424057, 
    330.67438963827988, 
    347.01819533766599, 
    397.32345065137929, 
    179.45942938144668, 
    290.22322433610805, 
    386.09343729522379, 
    221.85122227898341, 
    309.37447025337258, 
    353.32053347745284, 
    336.03399312480025, 
    350.55938485917767, 
    337.76620029834015, 
    399.30918866573876, 
    262.27046749826707, 
    316.86316669731093, 
    333.89845074518666, 
    380.57707853895016, 
    290.78037482767149, 
    351.48050936838973, 
    339.02753919143402, 
    393.20140998547669, 
    255.67261993330141, 
    352.29446710017794, 
    286.22191436703088, 
    374.96416374536454, 
    271.49627377683748, 
    260.71746998756811, 
    339.97868757168516, 
    315.65785515910659, 
    684.57702750487545, 
    386.88781430889526, 
    411.21341314773412, 
    520.22486919898836, 
    266.69660958866547, 
    244.96787617823728, 
    459.57971930531153, 
    308.08784272553868, 
    432.01917128642992, 
    279.91884563629731, 
    268.41900667158279, 
    365.29968108945906, 
    368.24364288791747, 
    370.84643214689601, 
    437.67647788400069, 
    317.77018024837651, 
    287.88659798727201, 
    318.21043376698509, 
    355.87145182070475, 
    305.50819314179773, 
    334.7636150023074, 
    399.39588367205766, 
    269.06271164001851, 
    392.75004742477233, 
    273.44436307402299, 
    268.01114810148891, 
    281.07846154062275, 
    350.50075241717809, 
    229.33591953301232, 
    426.78391451220847, 
    287.63129503144631, 
    382.00787215597018, 
    316.67301315645466, 
    289.31956373619261, 
    345.90721999688702, 
    371.72373706845809, 
    237.41112152140278, 
    308.82206814077762, 
    332.23174514347085, 
    418.89454950074412, 
    321.07698188702409, 
    274.63128710211629, 
    383.25430644450165, 
    276.80361442184778, 
    283.18140307591102
  ], 
  "mae": 19.296815318429434, 
  "pearsonr": [
    0.23543765730390978, 
    0.018372423551132777
  ], 
  "variance": 2543.2650650280184, 
  "warp_psi": [
    [
      1097.4179061395821, 
      4146.2041078258117, 
      -39592.994712514737
    ], 
    [
      5.5626846462681369e-309, 
      5.5626846462681369e-309, 
      -1289.1360793185218
    ], 
    [
      5.5626846462681369e-309, 
      5.5626846462681369e-309, 
      -1416.4016095451339
    ]
  ]
}