{
  "noise": 0.0659263531457193, 
  "power": [
    0.05993495398707302
  ], 
  "nlpd": -171.99207162911841, 
  "rmse": 9.9238220577688612, 
  "lengthscale": [
    9.5182245148321929, 
    0.66754368846235002, 
    8.1686452788735053, 
    0.21026566902897775, 
    13.887366719904144, 
    6.4557253789415281, 
    2.1179220370325398, 
    9.3765970396942286, 
    7.9308306442763872, 
    0.56160062582526216, 
    9.633774818016045, 
    10.021554905246829, 
    8.9189283960718253, 
    4.292763726759798, 
    2.3009850648011967, 
    0.15553220472264478, 
    8.7883542584260859, 
    6.9410202678856905, 
    1.0194080791084981, 
    8.3958665379841637, 
    0.66574437322954305, 
    8.8580504093454628, 
    9.0494225090720786, 
    8.3089453743806114, 
    9.7777902847046629, 
    10.504228824256735, 
    7.7296397117635358, 
    0.29812680543961284, 
    9.0395892500443882, 
    0.17531681640244839, 
    0.26812501112495324, 
    0.4346480748371388, 
    2.0064577206601046, 
    2.0249134031314671, 
    8.0024242461160515, 
    0.47312436630026478, 
    6.8935374012268156, 
    1.8910164879101798, 
    10.648988447083795, 
    9.6694981436473153, 
    5.900737974395331, 
    9.9842519345483911, 
    0.96727300786657366, 
    8.9795105541720357, 
    7.4615030613877931, 
    1.2341694421387861, 
    8.2226703635013276, 
    0.41611366797857602, 
    7.8367787227034107, 
    0.67121538583209894, 
    10.861966039069438, 
    6.3269400305653853, 
    0.2514285698286654, 
    2.7379105184785777, 
    0.83144505488378184, 
    16.724416117827204, 
    7.9776688267236766, 
    10.406136001069198, 
    20.242001748846324, 
    9.2671692075425707, 
    3.6356129273648361, 
    10.729898788464849, 
    11.64244075534654, 
    1.094369891996289, 
    8.987596954372151, 
    0.65506308781438916, 
    0.98910910909431149, 
    13.892716979373693, 
    8.3157671392244819, 
    3.498574761831267, 
    8.2860724168692101, 
    0.25220768190772075, 
    0.36749724840033782, 
    0.91016900933373379, 
    5.9993929650525573, 
    7.8511153945022523, 
    0.13638490497851169, 
    11.167283903667942, 
    7.9451069058202268, 
    1.0522829594359624, 
    0.91603253317942479, 
    10.359695477923511, 
    8.9330997147606332, 
    6.8575093958087745, 
    9.0954496665048907, 
    0.87765835329208663, 
    8.141699851102107, 
    0.39223776699918311, 
    9.3046429340637502, 
    3.1868773894455784, 
    7.5817272249425516, 
    5.3489453975305858, 
    14.959335672525881, 
    9.6306502342422675, 
    0.3921395494822536, 
    9.5847255994163216, 
    0.2482204490105514, 
    0.91347838217553423, 
    8.6137937508450459, 
    0.41461743601635215
  ], 
  "mae": 6.2388191194292553, 
  "pearsonr": [
    0.52138735421724014, 
    2.6673437266501768e-08
  ], 
  "variance": 6.484829560962466, 
  "log_likelihood": -1060.2365848038055
}