{
  "noise": 0.233892680564703, 
  "log_likelihood": -1033.0912470888165, 
  "nlpd": -1112.7635814890541, 
  "rmse": 17.914132012736314, 
  "lengthscale": [
    1.9728603243957719
  ], 
  "mae": 13.816700264151555, 
  "pearsonr": [
    0.70352702856631233, 
    3.288401261886044e-16
  ], 
  "variance": 0.8277106694920567
}