{
  "warp_d": 0.33630481211449276, 
  "noise": 15.629055990770583, 
  "log_likelihood": -3573.194873290103, 
  "nlpd": -3.9442441042228586, 
  "rmse": 12.596095971056624, 
  "mae": 8.5115512545355347, 
  "pearsonr": [
    0.089712285934717709, 
    0.37473690659954362
  ], 
  "variance": [
    1.7355283696816268
  ], 
  "warp_psi": [
    [
      3.3905787028743191e-09, 
      0.18936770317001789, 
      0.70383886023708553
    ], 
    [
      9.272712230463595e-07, 
      0.25045689559323037, 
      3.5203853720044278
    ], 
    [
      4.1810779888643786e-07, 
      2.4892343822722403, 
      2.1998547603098646
    ]
  ]
}