{
  "noise": 0.5771801113043649, 
  "log_likelihood": -1076.5830457776015, 
  "nlpd": -247.68627094717101, 
  "rmse": 12.845754942891082, 
  "mae": 9.7381885147455325, 
  "pearsonr": [
    0.48277420346706168, 
    3.6407412921647245e-07
  ], 
  "variance": [
    2.503009641825817e-06, 
    2.1216545395098074e-06, 
    0.064438559835187814, 
    6.7920103465582078e-06, 
    0.072329340242890519, 
    1.8022616442992655e-06, 
    0.13946134191908122, 
    0.017122360180662686, 
    2.1017325295154808e-06, 
    0.26585049251281645, 
    2.9211484765539286e-06, 
    2.117276577642907e-06, 
    1.9867025404500391e-06, 
    0.00053508497598795919, 
    0.13658221579824867, 
    0.19046209547254658, 
    0.026682076312781307, 
    1.9870036471548122e-06, 
    0.46641640862756395, 
    0.057347895094725834, 
    0.27587155193085416, 
    1.4136173620585067e-05, 
    3.1433885905745401e-06, 
    1.3020936989219378e-06, 
    0.012662093332555323, 
    2.78682379801554e-05, 
    0.12549953461973623, 
    1.9079881891023419e-06, 
    0.085385676369268429, 
    0.44698681117941264, 
    0.27013716611631278, 
    0.059379778112380273, 
    0.19844281448363707, 
    0.022226840173901332, 
    1.7991546619796492e-05, 
    3.9724602706418957e-06, 
    5.6762071323905076e-06, 
    3.6128623539455563e-06, 
    0.11101849632793724, 
    4.1451704804686796e-06, 
    0.12213214347665566, 
    2.7063797386311416e-06, 
    0.096017152430127276, 
    0.032691134983204605, 
    1.0000979042113486e-05, 
    0.0086588431837747344, 
    1.4234390228192408e-06, 
    3.3163220006207168e-06, 
    2.2250628260029385e-06, 
    0.0067738596064307434, 
    0.0023284788132090324, 
    1.2665801256369486e-05, 
    0.23722882214248125, 
    0.076288124675906663, 
    1.8886100273554085e-06, 
    0.049029636214991609, 
    0.015594420123740928, 
    1.6830379645872845e-06, 
    0.023114235611896693, 
    0.00010145177375335292, 
    0.00044876080200412336, 
    0.1066571809339438, 
    1.900842438850685e-06, 
    1.5399310851274262e-06, 
    3.289796512704658e-06, 
    0.027962245110126967, 
    0.064483081207102236, 
    1.6644144375052849e-06, 
    0.00010671526611383011, 
    4.2130870842451031e-06, 
    1.1490388946676424e-05, 
    1.558030736500443e-05, 
    0.00014019869138922199, 
    0.045678407312684785, 
    4.363594171853302e-06, 
    3.7467727140128255e-06, 
    1.66987945617202e-06, 
    0.057054977175876979, 
    0.219765255020752, 
    0.21068482428378568, 
    2.1503560748097503e-05, 
    0.078055328416860331, 
    0.12567811422872965, 
    3.204713733757888e-06, 
    3.7119068530430019e-06, 
    7.9157840762442212e-05, 
    1.8930973406927504e-06, 
    5.6498770103779759e-06, 
    0.10762087335387255, 
    0.29208222560868424, 
    0.126727216485784, 
    5.4811157290500017e-06, 
    0.0019230995823786485, 
    2.1251915867561761e-06, 
    0.18945513511612508, 
    2.1453886407461997e-06, 
    5.2865938470373581e-06, 
    0.38435155048642744, 
    0.042602887018495891, 
    2.7187810466424586e-06
  ]
}