{
  "warp_d": 0.23034529622121203, 
  "noise": 2.9866707890538575, 
  "log_likelihood": -3387.2935446535485, 
  "nlpd": -3.7130940866375473, 
  "rmse": 9.7368312055818205, 
  "lengthscale": [
    17.4828988235972, 
    17.042581000682478, 
    11.365889860141586, 
    16.751098834120985, 
    16.529833946091756, 
    13.803184429077307, 
    1.7385761193339844, 
    2.1962749072057499, 
    16.090323584754991, 
    8.1336505506825425, 
    16.332347926011174, 
    16.933836356551055, 
    3.6716350335425387, 
    9.6623392148220812, 
    2.3029454645257186, 
    1.7976712631296201, 
    13.482989532949984, 
    10.987301370918583, 
    1.7269398672411795, 
    11.439107562120341, 
    1.7793827773395263, 
    16.801569236171979, 
    14.43772726349556, 
    1.6531878079465105, 
    14.516629527289135, 
    17.463791762009222, 
    6.4539290157427374, 
    12.276788287280217, 
    17.578569803313716, 
    3.8092721250329431, 
    9.9170784454915566, 
    2.3132523528739748, 
    16.100020832399757, 
    13.988118213929276, 
    15.601708835263809, 
    6.7675236640509571, 
    14.279533426010682, 
    15.780336009557905, 
    12.79396373291187, 
    16.833931379493162, 
    15.158668428990447, 
    14.255513234993249, 
    13.769379977688363, 
    17.075966317102889, 
    13.621432865943484, 
    14.391695106170177, 
    17.273316098154421, 
    10.737910993774642, 
    17.028382456526852, 
    11.400988430376005, 
    13.533510565099672, 
    12.779322054295582, 
    11.92331181815436, 
    8.8124105615158275, 
    16.368279110621032, 
    17.604305307365067, 
    9.826220151759145, 
    15.858110708064936, 
    8.9797893692504189, 
    15.843235544418938, 
    1.3579062082018021, 
    18.945239073310859, 
    15.434786045501522, 
    14.320432453306738, 
    17.308968377586766, 
    9.2844644601075466, 
    5.7853699361633364, 
    11.6751666047303, 
    18.311635356956039, 
    12.358244655980375, 
    16.343258383555966, 
    14.342154003820236, 
    14.369422455138199, 
    13.964522398271907, 
    9.5787166224919531, 
    14.51355402343833, 
    12.692909957425467, 
    5.2759565940731878, 
    7.8457396766882548, 
    2.0383130943107197, 
    14.782448860155903, 
    1.270305926936113, 
    14.670694813767259, 
    10.936508081083261, 
    19.195010815616726, 
    8.9112526708491284, 
    17.21798485085014, 
    16.043670721276484, 
    7.9047405821972232, 
    4.1519061427800992, 
    13.061802982051757, 
    13.087664967016883, 
    16.005997860003703, 
    16.557126051435063, 
    3.9917398795930858, 
    11.037426956574055, 
    16.869535505828896, 
    2.0391751492360477, 
    10.504010750409178, 
    13.541020967664613
  ], 
  "mae": 6.7442467215145312, 
  "pearsonr": [
    0.60228031249407588, 
    3.3849903153034327e-11
  ], 
  "variance": 25.401882088762676, 
  "warp_psi": [
    [
      1.129555114237934e-12, 
      0.56107940737050677, 
      0.52475884638369663
    ], 
    [
      1.6994478527961294e-11, 
      2.8218677901664968, 
      3.6093558052984656
    ], 
    [
      1.9105072071130123e-21, 
      0.0020923490226252349, 
      3.5557303530162385
    ]
  ]
}