{
  "RatQuad.variance": 1361.4584256299056, 
  "log_likelihood": -4838.515220953066, 
  "nlpd": 4.3407510520056025, 
  "rmse": 18.400174804955814, 
  "Gaussian_noise.variance": 23.201668946377414, 
  "RatQuad.lengthscale": 0.7761716220389792, 
  "mae": 14.064949273293687, 
  "pearsonr": [
    0.6188099018840989, 
    1.4617386003543521e-14
  ], 
  "RatQuad.power": 0.16842611351195463
}