{
  "regularization": 10.0, 
  "rmse": 12.981023785339652, 
  "intercept": -0.29432874008834276, 
  "mae": 10.738974415272571, 
  "pearsonr": [
    0.51460723955664855, 
    4.322009047254709e-08
  ], 
  "coefs": [
    0.36819417128864151, 
    0.20754647493684422, 
    -0.28125865226671171, 
    0.23427851387410825, 
    -0.27932530236992648, 
    0.040901350258402483, 
    0.15304878134647817, 
    0.33187358512330972, 
    0.04289978983022473, 
    -0.059869307990495335, 
    -0.17269355632654063, 
    -0.057110675433685226, 
    0.031593970461140278, 
    0.13558963925117903, 
    0.28674416823048671, 
    -0.006401845392630375, 
    -0.0032236556265839, 
    0.15998029581200662, 
    0.24762947260444312, 
    -0.0077336058746770037, 
    -0.052624567141256927, 
    0.15113158988445316, 
    -0.2133646804439385, 
    -0.032090322842009578, 
    -0.086003506006986391, 
    -0.059452703204321833, 
    0.1038660107056245, 
    -0.19122840157128859, 
    -0.046624031881015562, 
    -0.19688082979831925, 
    0.032545484435812178, 
    0.054184879389254655, 
    -0.29137815815262985, 
    -0.29714160837818737, 
    0.11046767572474263, 
    -0.020964338343490062, 
    -0.20774438995132899, 
    -0.039404698672215473, 
    0.1113350863199435, 
    0.088197143778564788, 
    -0.31219478851179422, 
    0.017491343994661519, 
    0.14477887681010299, 
    -0.096054429977570591, 
    -0.34911170133345498, 
    0.091685255078894357, 
    -0.075954485726629273, 
    0.11779366426853861, 
    0.1337702610466027, 
    -0.065934781358905237, 
    0.13838033968703081, 
    0.00073390101233988629, 
    0.29568842373479975, 
    0.095925516823468324, 
    -0.035341496985892833, 
    -0.061055722344824148, 
    -0.26098131851897716, 
    -0.010486558482336121, 
    0.15851669925403339, 
    -0.22621015958339757, 
    -0.038959130800866604, 
    0.13880272946690414, 
    0.20855967370648545, 
    0.039266976694077645, 
    0.065275960115016782, 
    0.011265374218138441, 
    0.32259294583593712, 
    -0.43308499819644697, 
    0.080249774073504213, 
    0.014762257627628273, 
    0.46627763247649939, 
    -0.10282702904270304, 
    0.139697843998906, 
    0.257483868990043, 
    -0.13944533024186243, 
    0.24689970824543223, 
    0.097992806411871872, 
    -0.2740160506307735, 
    -0.021412867022492517, 
    -0.095932355919993162, 
    -0.18021745480275023, 
    -0.23131670623846312, 
    -0.099887078364423676, 
    -0.080225165907365364, 
    -0.088985262671026771, 
    0.25241498362344494, 
    0.23859335433704562, 
    0.005898958573045723, 
    -0.022285916001381446, 
    0.15280841464966205, 
    0.21341262250988124, 
    0.0090381206932431783, 
    0.2819268770532169, 
    -0.017959028121520074, 
    -0.051932730136951856, 
    -0.11038784213061552, 
    -0.33137752255487685, 
    -0.36301900743876087, 
    0.00065936317381861233, 
    -0.22732804567301163
  ]
}