{
  "warp_d": 0.2695769663848097, 
  "noise": 4.401485543984337, 
  "log_likelihood": -3279.833996964312, 
  "nlpd": -3.6167440632620282, 
  "rmse": 8.8508082394344694, 
  "lengthscale": [
    6.3268185249118698
  ], 
  "mae": 5.9703798091448776, 
  "pearsonr": [
    0.25867560016077695, 
    0.0093598745489988991
  ], 
  "variance": 25.633546021208865, 
  "warp_psi": [
    [
      1.6825873340487306e-11, 
      0.88004836344051707, 
      -2.8787522306319384
    ], 
    [
      3.7779123729824391e-06, 
      0.94232898849798885, 
      1.0248841052132902
    ], 
    [
      2.8261980041709346e-07, 
      2.5381751831855857, 
      1.7625112275302792
    ]
  ]
}