{
  "noise": 0.0861269126860829, 
  "log_likelihood": -1066.197034143932, 
  "nlpd": -91.694164109515953, 
  "rmse": 9.435398692842643, 
  "lengthscale": [
    8.4213037150680989, 
    1.3031786419969091, 
    8.2589778577273112, 
    1.285843360324701, 
    10.230783523972972, 
    6.2223446160655236, 
    5.462645579061232, 
    9.8906181607619938, 
    1.2852328693086421, 
    1.10215764467343, 
    7.777962725848389, 
    1.8615216573862727, 
    1.8190020762826029, 
    10.147994192092401, 
    8.8678104203784418, 
    6.1729181706720126, 
    5.1014966482599977, 
    7.1710141470423512, 
    3.3145928225654937, 
    1.5427675686615794, 
    1.8519479163298107, 
    9.8920546518995991, 
    6.7369878809020864, 
    9.3951788733173114, 
    6.0352811255711369, 
    7.2212856467336959, 
    2.1037020105498216, 
    0.57345226145332029, 
    9.7727262419968639, 
    0.35898176935354836, 
    0.6976326348650661, 
    0.66739931396869145, 
    1.0155592076637037, 
    10.341664418954879, 
    8.5365835717161307, 
    1.2937930030535745, 
    3.9328523572970235, 
    0.73077926588459008, 
    0.80219983226081271, 
    8.5486802971794251, 
    7.6923746307194865, 
    9.5515275285702756, 
    6.8803629560247872, 
    5.8193998311046817, 
    7.9326034272371091, 
    1.9734743769108658, 
    0.64543000806311002, 
    4.5614167889935899, 
    8.4749147251702599, 
    0.92210487356006565, 
    2.8240721982031873, 
    8.5541233139740367, 
    0.67849537612862632, 
    8.1794833622141994, 
    0.77661021644142814, 
    0.95443486614294515, 
    2.9948017884558307, 
    9.0582006359101914, 
    0.6995625027815201, 
    8.5119058968198829, 
    0.44821543003573294, 
    11.277407642826846, 
    5.2942011361822017, 
    1.8343732530995449, 
    8.7058380138180542, 
    5.3719726498228253, 
    1.2015929187740089, 
    9.8167189707975933, 
    8.1819474936131389, 
    0.898851620217886, 
    7.2203345795879823, 
    0.46371848744839395, 
    0.99147095162562993, 
    3.8806935989965763, 
    3.0197800867830358, 
    1.7097008734250796, 
    2.8028114213686046, 
    0.65062816281512537, 
    9.1032747314369065, 
    8.2731716699020907, 
    2.5984815191542117, 
    1.8166804971614574, 
    7.8302568977165681, 
    2.3577545299431106, 
    8.3468967919814361, 
    1.0205628997535316, 
    6.0040981687125061, 
    1.6659915902220801, 
    5.7652164598203486, 
    9.2231140061956527, 
    8.6009231369138508, 
    10.24637806782877, 
    0.67392243856940004, 
    2.1317292903651466, 
    0.65991997524758617, 
    5.4583044516329142, 
    0.80254327567938444, 
    4.5025397784574972, 
    12.38476535271546, 
    4.812527246092138
  ], 
  "mae": 6.3364829998771572, 
  "pearsonr": [
    0.19870917774397043, 
    0.047488183235811221
  ], 
  "variance": 0.8528721787321412
}