{
  "noise": [
    53.30779723809322, 
    21.019657727336416, 
    37.529069776292495, 
    59.11762816194081, 
    40.547792114847894, 
    81.82706421856173
  ], 
  "kappa": [
    12.271365492730887, 
    14.68964619942951, 
    42.83202305279168, 
    38.72623836691745, 
    46.64664649428265, 
    18.70201897470991
  ], 
  "log_likelihood": -21312.74919577139, 
  "joy": {
    "mae": 12.802091796710133, 
    "nlpd": 4.2253543444215174, 
    "pearsonr": [
      0.59266470746924393, 
      8.2502242813505496e-11
    ], 
    "rmse": 16.194112463228663
  }, 
  "weight_variance": [
    2.0803451115701828, 
    0.001877471583208033, 
    6.1270081538717145, 
    0.033714455527419904, 
    16.939655840428021, 
    10.011847574433515, 
    24.261161752899877, 
    3.3473641096619531, 
    7.7436890610000226, 
    28.985046018732522, 
    0.00018806716702705586, 
    2.4940623661317738, 
    0.00078021537882821403, 
    1.5380079738899618e-06, 
    0.033083400715549036, 
    0.142913187289187, 
    1.595855290517399, 
    4.1399633985968522e-05, 
    6.8339772267972334, 
    0.880204807691507, 
    8.1874691235025701, 
    9.8100987661053694, 
    7.999403813202651, 
    0.001866041419682113, 
    9.8797899197242739e-08, 
    2.2170264477126986, 
    19.781829128223848, 
    15.47844925895672, 
    1.9558883832230387, 
    57.698649151738593, 
    33.993678856933208, 
    37.202910086544748, 
    0.55852523365660978, 
    0.026886257519599867, 
    1.2368677693615313, 
    18.839356973836601, 
    1.107299805153231, 
    14.384619181796527, 
    8.1076408678832905, 
    0.32557844096825178, 
    10.84022498254426, 
    4.2816398631767601e-05, 
    0.0019239508615959266, 
    5.2846595262606713e-06, 
    41.307816426183102, 
    0.00016580068737428701, 
    14.638080758691974, 
    2.0248608365448693, 
    9.0698134987201282, 
    2.5143503366526279, 
    36.416818781532925, 
    0.8060822420239494, 
    4.0887061847930406, 
    0.67888035108031486, 
    4.9510258370476299, 
    0.0009468177525155287, 
    4.7707738774198694, 
    0.00056091827061397132, 
    0.0010918515481216596, 
    4.7509187729721933, 
    8.4550599909363189e-05, 
    1.7125209855430401, 
    7.3105347870124338e-09, 
    3.1639567636628216, 
    5.4143755055022993, 
    1.1851931326295828, 
    4.2912900006891332, 
    42.461100220519512, 
    2.745262986183107, 
    30.70222235304373, 
    11.839600619660471, 
    44.503239189942015, 
    5.8106732630972804, 
    17.153919800345012, 
    22.515124032029068, 
    1.7553762161355186, 
    0.80741938008008629, 
    0.51216208930765861, 
    0.00030942835550145043, 
    4.9585637262245523, 
    2.35331676600177, 
    18.911769282733463, 
    11.432558477558537, 
    5.3817081182653147e-08, 
    0.5781406739545768, 
    1.6470239757550578, 
    21.690973298455599, 
    6.2815351997037405, 
    8.9274151756939002, 
    4.9918808133849213, 
    18.403132987982595, 
    5.3691047014538471, 
    10.197546593126983, 
    9.0786299424860717e-07, 
    45.494007118597821, 
    3.333488859333126, 
    32.539251984372527, 
    11.060752040902679, 
    12.598750153573757, 
    32.648394074719697
  ], 
  "bias_variance": 63.28412838482717, 
  "W": [
    2.779230947153047, 
    1.8899384224597033, 
    3.2950098251444797, 
    -7.294550511751346, 
    6.18038396272519, 
    -1.5815118348634223
  ], 
  "sadness": {
    "mae": 12.383954255776503, 
    "nlpd": 4.3473963788635261, 
    "pearsonr": [
      0.59528895899495116, 
      6.488433793427733e-11
    ], 
    "rmse": 17.615672844764912
  }, 
  "disgust": {
    "mae": 4.905338960442827, 
    "nlpd": 3.3637769871386483, 
    "pearsonr": [
      0.40805898952190101, 
      2.50611444628939e-05
    ], 
    "rmse": 6.7293782128708237
  }, 
  "variance": 15.059244566187992, 
  "anger": {
    "mae": 7.4553053606606348, 
    "nlpd": 3.7360692808599998, 
    "pearsonr": [
      0.69006818111511015, 
      1.9999593535196402e-15
    ], 
    "rmse": 10.094605620562348
  }, 
  "surprise": {
    "mae": 10.150791856227242, 
    "nlpd": 3.9570333548605152, 
    "pearsonr": [
      0.52794039052591324, 
      1.6561154808713939e-08
    ], 
    "rmse": 12.560808738422882
  }, 
  "fear": {
    "mae": 11.397346808233934, 
    "nlpd": 4.1816573764920664, 
    "pearsonr": [
      0.73595902597819207, 
      2.7170168460847876e-18
    ], 
    "rmse": 14.989778399318373
  }
}