{
  "warp_d": 0.14330011954462799, 
  "noise": 2.55997217804395, 
  "log_likelihood": -3859.209183529031, 
  "nlpd": -4.1271064048491901, 
  "rmse": 15.236823179175989, 
  "lengthscale": [
    3.0036559415293285
  ], 
  "mae": 12.076714658827076, 
  "pearsonr": [
    0.60647989756972498, 
    2.2724658855390842e-11
  ], 
  "variance": 14.446987640222218, 
  "warp_psi": [
    [
      5.5038793201906799e-07, 
      0.22094597758266266, 
      1.628218817233855
    ], 
    [
      1.2291841940014709e-08, 
      0.20515093306768373, 
      1.6024283900542138
    ], 
    [
      1.3630599076626221e-08, 
      1.2960164144665089, 
      -0.96122809656322294
    ]
  ]
}