{
  "regularization": 100.0, 
  "rmse": 16.837481750720599, 
  "epsilon": 10.0, 
  "mae": 13.876622349907151, 
  "pearsonr": [
    0.52222217484786448, 
    2.5116123640991985e-08
  ], 
  "gamma": 0.10000000000000001
}