{
  "warp_d": 0.3207791007249006, 
  "noise": 14.230792792715729, 
  "log_likelihood": -3573.804165321675, 
  "nlpd": -3.9386890113524311, 
  "rmse": 12.546989541974261, 
  "mae": 9.0606381554387738, 
  "pearsonr": [
    0.10553783455555352, 
    0.29600844616128075
  ], 
  "variance": [
    1.6040397624854352
  ], 
  "warp_psi": [
    [
      5.8941010513497718e-07, 
      9.2776524378765188, 
      1.2049429666204077
    ], 
    [
      1.9741853336556283e-07, 
      1.0267319489340991, 
      0.69342909456129564
    ], 
    [
      6.1932085839396805e-07, 
      0.13890813649863029, 
      2.0673097966243827
    ]
  ]
}