{
  "regularization": 10.0, 
  "rmse": 16.39499912952083, 
  "intercept": -0.52750889746804019, 
  "mae": 12.397453042530005, 
  "pearsonr": [
    0.68047597757281386, 
    6.8290596063729058e-15
  ], 
  "coefs": [
    -0.10281014705431576, 
    0.032809938270400643, 
    -0.17348911307886525, 
    -0.22226546231480293, 
    -0.17687718922292303, 
    0.061013094501166133, 
    -0.15766403892127173, 
    -0.24771880185072084, 
    0.0082656214143364097, 
    0.47025460165851163, 
    0.088997534928539082, 
    0.067690050452408793, 
    0.18267411998808036, 
    0.069999533336320391, 
    -0.042400293644548087, 
    0.060708534912872029, 
    -0.2117909754259597, 
    -0.051828050895926882, 
    -0.14430124859955415, 
    -0.011855746369837801, 
    0.2244364124964659, 
    0.040257084072680013, 
    0.20177666844872463, 
    -0.11184537043205393, 
    -0.07483816805588818, 
    0.29724543187483121, 
    0.058189706092047169, 
    0.36581182517080019, 
    0.039437670911129881, 
    0.24537395903001458, 
    0.080896798915813861, 
    0.011044062995958103, 
    0.12572915415235614, 
    -0.012283905774270552, 
    -0.16055710397661177, 
    -0.33294666530138933, 
    0.08616227487274053, 
    -0.47259505609862457, 
    0.092631020511448975, 
    0.1089869282458452, 
    -0.063102067368341438, 
    -0.0086205127532371795, 
    -0.14145795246553527, 
    -0.041224499728708314, 
    0.27117038168720559, 
    0.033866621748218327, 
    0.36362929439160308, 
    0.020569117288956995, 
    -0.075960371818516587, 
    0.14448823430109128, 
    -0.060934447056136307, 
    0.19298920873383194, 
    -0.030298477235684733, 
    0.18404548496096101, 
    -0.13545803269398393, 
    -0.058393901118806865, 
    0.17638170288157506, 
    -0.04945717706434874, 
    -0.010184433892361837, 
    0.15294350301618931, 
    0.16347382987300915, 
    0.22640737197232405, 
    0.017392217259884934, 
    -0.072267629009557174, 
    -0.0091954940113431957, 
    0.16024959990244245, 
    -0.3238156462728351, 
    -0.044294355388242342, 
    0.026294289940248378, 
    0.25916009733537715, 
    -0.081721640451084321, 
    -0.18737801873148377, 
    0.0077732055722432251, 
    0.23824333987616508, 
    0.23700522339995039, 
    -0.02589695389176954, 
    0.29722783612105591, 
    -0.10328873018525517, 
    -0.10748618991772771, 
    0.1887964112189198, 
    0.33156857643057291, 
    -0.25655784832461798, 
    -0.3636018013366733, 
    0.058394232753593761, 
    0.016316017499788074, 
    0.086513726647289665, 
    0.14923233587905824, 
    0.034475222029884039, 
    -0.040467147203250911, 
    -0.10300210058532694, 
    0.0079965962425028458, 
    0.23833667603622452, 
    -0.026752471282456891, 
    -0.088108721450431221, 
    -0.10587658216508267, 
    0.19419672008086053, 
    0.11322894568590849, 
    -0.061164452629770542, 
    -0.0054919748169058868, 
    -0.21105414668656955
  ]
}