{
  "noise": 41.10520630639667, 
  "power": [
    0.71966490966505192
  ], 
  "nlpd": -4.4452373437831207, 
  "rmse": 19.366075265514048, 
  "lengthscale": [
    89.105465928994718, 
    77.42486360687856, 
    35.404009113562338, 
    62.464445886680565, 
    1.7811270078176835, 
    0.5926711558268154, 
    8.1212258134560642, 
    84.180471513181672, 
    0.55082208261435994, 
    61.733510139064094, 
    106.79463568858723, 
    1.8486168509368976, 
    1.1326284158023587, 
    52.889196582612826, 
    109.95080933125396, 
    30.842071188777819, 
    44.374959486563647, 
    60.010954888201219, 
    0.40776804061666611, 
    0.85934067157323524, 
    0.76624260644447217, 
    29.052256045056616, 
    1.03070735887859, 
    40.108659321191247, 
    56.792384266102097, 
    63.636930986519161, 
    0.52432803174803555, 
    0.76922756300027462, 
    50.683877099369582, 
    22.901418536817857, 
    0.94852005763035685, 
    89.513991045425115, 
    70.702824619822366, 
    72.544982259713507, 
    0.58309269351129511, 
    7.9687228023265302, 
    99.497671392539601, 
    77.829523110280277, 
    81.661447268891465, 
    62.068716827229871, 
    5.5261803791750213, 
    6.3711058315554485, 
    51.960173990653438, 
    72.399722986744322, 
    35.250568822038616, 
    0.50121487444920532, 
    55.547313044762802, 
    1.3881972146520694, 
    0.60274374582587531, 
    0.7204815471295658, 
    55.537883299601653, 
    0.7659434150398825, 
    95.455590123879077, 
    57.820284100990584, 
    0.64743519161245577, 
    63.720174064982579, 
    0.66646722198691322, 
    43.670437106621534, 
    54.736059054888038, 
    1.1969914776512125, 
    1.7820052234590404, 
    99.569485147080599, 
    107.75973004435163, 
    97.626823788449926, 
    0.87759366879004985, 
    5.0264125372441013, 
    59.164026250863024, 
    37.242084587763244, 
    37.493282711321463, 
    59.803348197382881, 
    68.862336136103551, 
    0.75425685441675649, 
    77.517223842091369, 
    0.76889163749435807, 
    1.2447989509837649, 
    0.78329042653863779, 
    104.24682350725404, 
    54.85667872548234, 
    48.800752478759733, 
    19.556827747027057, 
    0.71980598619376124, 
    1.1183927217131702, 
    89.835778438093911, 
    69.92533974644661, 
    83.814198169000136, 
    0.41088616432165209, 
    85.514109753617063, 
    0.42221799669137661, 
    0.6424763518851464, 
    51.386315418224285, 
    21.333283639183055, 
    0.91348415613335865, 
    59.994908845476225, 
    1.4358300353181936, 
    55.602056425755158, 
    33.723307428947592, 
    0.43743429893131758, 
    7.1380648139389669, 
    52.607688105686883, 
    0.80393866031826222
  ], 
  "mae": 14.329405255607004, 
  "pearsonr": [
    0.63636462758907975, 
    1.1171465696446209e-12
  ], 
  "variance": 479.34397499885307, 
  "log_likelihood": -3789.7046466409565
}