{
  "warp_d": 0.0344674543653494, 
  "noise": 0.02848437758414837, 
  "power": [
    0.0074252746406602366
  ], 
  "nlpd": -4.0776230401064222, 
  "rmse": 14.24547846421056, 
  "lengthscale": [
    1.7256598493964832, 
    1.7479710120598226, 
    1.8341751717039974, 
    1.7443744343655054, 
    3.717006356223548, 
    4.2793433805352254, 
    2.6931933046219414, 
    1.4474826657224962, 
    3.3590459835736883, 
    0.25322389836589726, 
    3.5356249307814926, 
    2.7776435116865454, 
    4.059909815986793, 
    0.51532048874667635, 
    4.1461084682060685, 
    3.9514563265198941, 
    0.79177721418910829, 
    2.3484547740401727, 
    0.93662614903842623, 
    3.9853945888544908, 
    0.36743688884950992, 
    0.51721306168088654, 
    3.4687919308543069, 
    0.88030836200494345, 
    3.6895086434406696, 
    0.86862827537403664, 
    4.0844118143400987, 
    0.9533516300147854, 
    2.6242203055384135, 
    0.46535517808036558, 
    0.73320198547180282, 
    1.0568885381992625, 
    2.1952193216261229, 
    4.2019584505364946, 
    4.2481390327473205, 
    0.39002247226003206, 
    3.454139419801237, 
    0.39305278019475887, 
    0.96373457935806051, 
    0.75429787934965431, 
    1.7460490350111522, 
    4.0587729574117093, 
    0.56880567029840601, 
    4.0350904810283117, 
    0.44561680174592211, 
    2.9135937704668442, 
    0.34677856971829729, 
    1.584757893523939, 
    4.423184996088362, 
    2.592969352186163, 
    0.57717513691807376, 
    3.518343993508505, 
    1.5333818997636719, 
    0.55734553032364853, 
    0.6232175207215821, 
    6.0828036016780906, 
    1.1224081518060647, 
    3.3531521432466498, 
    4.7354736487586822, 
    3.3742007653453716, 
    3.5399482699457123, 
    1.1264770824919546, 
    1.1657006944145578, 
    1.4829240179537913, 
    3.2776870124479949, 
    1.7151190935781768, 
    1.1122393149654948, 
    1.8348055165176083, 
    1.3210311173833698, 
    0.52925653456822319, 
    2.7866164012058516, 
    0.31911000919429477, 
    4.0820710073303363, 
    1.0579466715184025, 
    0.41766127797772151, 
    3.9830474699423633, 
    3.0798503673677478, 
    4.1451516131350274, 
    2.2016595124908913, 
    2.4758223731191906, 
    0.26052675029119998, 
    0.31507650181062663, 
    0.41223155625043684, 
    0.25636289291435804, 
    4.4692639994002112, 
    3.8225431475517162, 
    0.62991988505095142, 
    3.4318396212357443, 
    1.024557941750629, 
    3.9927148087816735, 
    0.35682129174259458, 
    0.24273934627117538, 
    0.71583226624125085, 
    3.7953121289240146, 
    0.40725327149672397, 
    4.248916636243905, 
    2.7120380088824119, 
    1.4370875115223845, 
    2.930476204274338, 
    0.65107837526888312
  ], 
  "mae": 9.9945396064131486, 
  "pearsonr": [
    0.68014052233153932, 
    7.1227485333373213e-15
  ], 
  "variance": 17.98811538181551, 
  "warp_psi": [
    [
      2.8416017556759459e-05, 
      2.767195476340111, 
      0.90790533948363628
    ], 
    [
      3.3471245438408482e-06, 
      0.93206000712787507, 
      1.4998151259891321
    ], 
    [
      1.7383797692616377e-09, 
      0.092004827751897833, 
      0.094315337366380037
    ]
  ], 
  "log_likelihood": -3631.4957060291454
}