{
  "warp_d": 0.08137595183124743, 
  "noise": 0.3028666560575441, 
  "power": [
    0.017200725046089254
  ], 
  "nlpd": -3.9298795886148508, 
  "rmse": 12.308174478421336, 
  "lengthscale": [
    0.59878669844808319, 
    0.41827918300631828, 
    0.27364336275628143, 
    0.52685352582873124, 
    0.16681955710908633, 
    2.6027507863916064, 
    2.0818857136354811, 
    0.4469496341733587, 
    2.3105318956805205, 
    1.5400085678869058, 
    2.7208061479950345, 
    0.15834512049715924, 
    1.9158244269044447, 
    2.0701484636506207, 
    1.2422115425936771, 
    2.3936074372508287, 
    1.6625881714568231, 
    1.7056486443973411, 
    1.3260414676724652, 
    2.0624501693858766, 
    1.410671706006464, 
    1.7910495116432741, 
    1.5285101079920396, 
    2.454501760332751, 
    1.9971691119788133, 
    2.3812038037707155, 
    0.25232392049464974, 
    1.3002650530417421, 
    1.7702897210122466, 
    0.26056934342849059, 
    2.1288936125282465, 
    0.56797377528538817, 
    2.1023809104064499, 
    0.49163268062430149, 
    2.1612147561136807, 
    2.2585298352450249, 
    0.54487681180817693, 
    1.6642178484273646, 
    0.45151973452510652, 
    0.18139926119941879, 
    0.52759825961651652, 
    1.5244470429615464, 
    3.0319321675936637, 
    1.0665674039913899, 
    0.15437276289123739, 
    2.5586082435331634, 
    2.5405906478132585, 
    1.3934322568395032, 
    2.0709702079465537, 
    2.7681922942619939, 
    1.9548748153671349, 
    2.5066270781509523, 
    1.938221730840807, 
    2.0909392481775813, 
    2.0436944743681575, 
    4.0916609937470279, 
    0.54960898404945491, 
    2.7384025938599654, 
    2.0808481949382034, 
    0.66972087873522379, 
    2.6164152830237803, 
    1.0721318298361768, 
    0.46886295557107072, 
    1.9687458556850213, 
    2.0300039761248443, 
    1.3379811594336783, 
    0.42045798789905969, 
    0.1613282314952405, 
    2.435722572374567, 
    1.3353075304663624, 
    0.32682933848667228, 
    0.16832712564235161, 
    0.096326992290819313, 
    0.69428604964013729, 
    2.2003322076134477, 
    1.4737149072943316, 
    1.9884356422551512, 
    0.56493209518138221, 
    2.5891426439806056, 
    0.5395781938434282, 
    0.79823967220830694, 
    0.39084291762469375, 
    0.27655072539985631, 
    2.0321319690530157, 
    1.000351465464707, 
    1.3589216551806045, 
    1.6861004432337792, 
    2.7153978031833774, 
    2.3979892097419198, 
    1.3097597004107304, 
    0.36660030021982404, 
    0.36565358722542618, 
    0.17459343296558644, 
    1.1598230545111965, 
    0.33535784623900772, 
    1.5135672813468928, 
    0.18340994757570725, 
    0.27740563028880816, 
    2.357588744082038, 
    0.20719907473687005
  ], 
  "mae": 9.2464986798796254, 
  "pearsonr": [
    0.50509132047350025, 
    8.3613406901770333e-08
  ], 
  "variance": 15.794557334944638, 
  "warp_psi": [
    [
      1.0759929018185992e-05, 
      0.024339532991770819, 
      0.86350438174023969
    ], 
    [
      5.6929179882778777e-12, 
      1.0060884776620798, 
      -0.75687572669497993
    ], 
    [
      1.1170409542276847e-08, 
      0.016431205669094073, 
      0.59874777669507095
    ]
  ], 
  "log_likelihood": -3512.815125520937
}