{
  "noise": 127.1459115872248, 
  "log_likelihood": -3800.03424761202, 
  "nlpd": -4.1575195315371634, 
  "rmse": 16.066539793276672, 
  "lengthscale": [
    0.94011216488889104, 
    3.891065417196323, 
    33.873072358177865, 
    18.782310710471204, 
    4.50695079914526, 
    11.0749108583181, 
    0.57134224844276704, 
    15.620744494263942, 
    1.7436657678726375, 
    6.8604998799569064, 
    13.041671792825058, 
    1.8034481565324254, 
    1.9225579009164941, 
    19.466258979939386, 
    1.9027071667345725, 
    17.019176998243399, 
    3.0814357974927478, 
    21.057579659677284, 
    1.0917155054616428, 
    1.2234604418049428, 
    18.276236997176927, 
    18.924422439356384, 
    0.70018243067616626, 
    12.96282445122884, 
    19.266860097646813, 
    19.423481124744594, 
    11.795895920905727, 
    3.2716698247053766, 
    2.7101875817495524, 
    1.0511910031025051, 
    1.3514006683064814, 
    17.775005899667342, 
    9.8117647411188322, 
    17.157084452601669, 
    1.8787294964398873, 
    1.0974887184554489, 
    11.44346159146153, 
    18.944517078547523, 
    17.540698061524296, 
    2.4418755492115936, 
    11.499614890322338, 
    1.4296812019010448, 
    18.574890811147053, 
    28.291223735515374, 
    6.5483135697640584, 
    1.1541877685077118, 
    22.306980818271207, 
    2.3077193979802688, 
    0.81509394015908632, 
    2.0649046431022318, 
    18.417664202817146, 
    15.365271677290226, 
    16.534113869639061, 
    15.38016002682015, 
    0.82573390375385103, 
    26.437833445631068, 
    15.21258093318842, 
    19.518519268971652, 
    20.975546350439213, 
    2.3723683094783232, 
    3.1125393446786909, 
    18.047501357695818, 
    16.530587177487941, 
    1.6232461246578493, 
    1.4992674958086349, 
    7.5328747700133105, 
    18.588302198137356, 
    10.519824340187512, 
    18.426951098127216, 
    14.835129292416688, 
    15.366347707250346, 
    8.5535285734756705, 
    11.440472243108493, 
    1.6058120322861238, 
    1.562044033434739, 
    1.269551207272906, 
    6.109136181233799, 
    7.0879880840879226, 
    17.394835200834418, 
    5.6560033894492658, 
    2.3433633872244153, 
    9.7581539473410963, 
    19.41853843208499, 
    18.567053950711376, 
    1.0692376746575416, 
    1.3400373124801159, 
    18.48246064132859, 
    0.84504331367244689, 
    1.4290430943364907, 
    1.4288281856723246, 
    0.6537240640324995, 
    3.4076279670600806, 
    2.0594026714963864, 
    4.0780956237373394, 
    14.550592780945415, 
    3.9452474948863254, 
    0.87187616490761233, 
    2.0910168099424395, 
    13.907184733638493, 
    1.0583534936197849
  ], 
  "mae": 12.01437809920534, 
  "pearsonr": [
    0.73637982246692002, 
    2.5413789093913229e-18
  ], 
  "variance": 387.4835437307957
}