{
  "noise": 0.5464348466338871, 
  "log_likelihood": -1055.3895668517482, 
  "nlpd": -853.89831366525641, 
  "rmse": 18.498825294030571, 
  "mae": 15.127794107424464, 
  "pearsonr": [
    0.62414642789600028, 
    3.9803329195905574e-12
  ], 
  "variance": [
    0.097835485038923337, 
    0.00052189253442571802, 
    0.068709403286510165, 
    0.26797344596458156, 
    0.11155327541229369, 
    3.9996671533342064e-05, 
    9.3303894344928208e-06, 
    1.3249079644735193e-05, 
    0.20485117115364054, 
    4.0187950450519791e-06, 
    8.7032830274362395e-06, 
    0.051065677668843575, 
    0.051575741921130437, 
    1.4627751558187987e-05, 
    0.04102252755067258, 
    6.8236525847620208e-06, 
    0.00016081225713772697, 
    5.4853001007964199e-06, 
    0.070651792257097973, 
    0.18741300289179802, 
    0.059841886887056786, 
    5.1152256518201495e-06, 
    0.46600523280481237, 
    0.034856664519204848, 
    2.13680399546916e-05, 
    3.6690172502251321e-06, 
    4.3235498061097656e-05, 
    0.12941390105922262, 
    0.070923019600069775, 
    0.049003098656277562, 
    0.099062328424410262, 
    7.210441601374204e-06, 
    1.1127471672110773e-05, 
    9.1587804432984542e-05, 
    0.44979991349206816, 
    7.1465372205294735e-06, 
    1.3992187985714908e-05, 
    0.02614040590916502, 
    0.013210969102438904, 
    6.3705315477275164e-05, 
    0.034993486513512612, 
    6.7666339045720548e-05, 
    2.827918170470158e-06, 
    0.0001090671533642797, 
    7.7816706647954282e-06, 
    0.25365873513706033, 
    9.6943972731346304e-06, 
    0.0035585828733719054, 
    0.31257046874599431, 
    0.20065800831437808, 
    4.6216785456457048e-06, 
    0.072445162141227884, 
    6.584952953543195e-06, 
    0.014916779364999331, 
    0.011648843125042403, 
    6.6694031258077898e-07, 
    3.5736445426047942e-06, 
    0.0079410199261202227, 
    1.2283634051383555e-06, 
    0.21969038060202895, 
    0.085367107463831582, 
    6.1277489733715149e-06, 
    6.7849862655530141e-06, 
    0.0021852457715455095, 
    0.32354990866623101, 
    0.063370749819502387, 
    6.8626148463135318e-06, 
    3.5267538914693867e-06, 
    0.052508585192692046, 
    5.6182196463671042e-06, 
    8.2814731234416958e-06, 
    3.1063936527493492e-06, 
    9.5957177398732473e-06, 
    0.41640107870977783, 
    0.076687258401631403, 
    0.1085350201567329, 
    0.02575083993125938, 
    9.7370328719413886e-06, 
    5.6201674334143583e-06, 
    0.020275827505306702, 
    0.20925372123578903, 
    0.17469955598761339, 
    0.064852311098098372, 
    5.285052163176834e-06, 
    0.00025627112901106287, 
    0.00019851221136419652, 
    0.034769647971852141, 
    0.083226057141496529, 
    0.064892089840765124, 
    4.8086581356100836e-06, 
    0.010131865126504089, 
    0.06603464496295372, 
    0.043073554520893086, 
    0.11009633755028012, 
    9.9606806583660937e-06, 
    0.15636868770957127, 
    9.365241943666027e-06, 
    0.093298343029940056, 
    3.9957160598208084e-06, 
    0.16439755699436226
  ]
}