{
  "warp_d": 0.1394314920802199, 
  "noise": 1.507080516569065, 
  "log_likelihood": -3287.0292049112973, 
  "nlpd": -3.583526572686119, 
  "rmse": 8.6605593136510297, 
  "lengthscale": [
    38.610291597121041
  ], 
  "mae": 5.2487590903392034, 
  "pearsonr": [
    0.55862283195699647, 
    1.5452141172408462e-09
  ], 
  "variance": 98.36980534395572, 
  "warp_psi": [
    [
      1.1652061035287884e-45, 
      1.709046104685036, 
      -1.3035323176842508
    ], 
    [
      5.6872908006688935e-25, 
      2.7863763026537134, 
      1.1015148138969426
    ], 
    [
      1.4136519376048363e-21, 
      0.5466859542750826, 
      0.4722697514618725
    ]
  ]
}