{
  "noise": 0.4441370318914831, 
  "log_likelihood": -1179.9985312525266, 
  "nlpd": -484.75987621876311, 
  "rmse": 13.214108057922166, 
  "lengthscale": [
    1.5362644452160317
  ], 
  "mae": 9.7272845708383802, 
  "pearsonr": [
    0.68714444594131019, 
    2.9224884005937281e-15
  ], 
  "variance": 0.5348451447688579
}