{
  "warp_d": 0.15952192860824993, 
  "noise": 3.650122933180181, 
  "log_likelihood": -3581.6244325710145, 
  "nlpd": -3.9371559890751491, 
  "rmse": 12.421194952064118, 
  "lengthscale": [
    7.0665732515106869
  ], 
  "mae": 8.9512968198546385, 
  "pearsonr": [
    0.40158522957173587, 
    3.4566916200353399e-05
  ], 
  "variance": 13.067337501464667, 
  "warp_psi": [
    [
      0.004369311563309046, 
      4.8743310272709696e-05, 
      0.90789856905079047
    ], 
    [
      5.9253239157801009e-08, 
      1.1989774526383083, 
      1.7163602749373872
    ], 
    [
      1.0296121665231554e-06, 
      3.3925668791022936, 
      -0.065418392253329946
    ]
  ]
}