{
  "regularization": 10.0, 
  "rmse": 12.241580471703767, 
  "epsilon": 10.0, 
  "mae": 9.8344531549762557, 
  "pearsonr": [
    0.62615203852886503, 
    3.2433607703570761e-12
  ], 
  "gamma": 0.10000000000000001
}