{
  "warp_d": 0.036297889642929994, 
  "noise": 0.014042278818039317, 
  "power": [
    0.014335154698126481
  ], 
  "nlpd": -4.0464856129472153, 
  "rmse": 12.834987729348784, 
  "lengthscale": [
    3.1936731531597307, 
    0.65638824576024124, 
    0.34663272596846884, 
    1.2819610139899287, 
    4.5973148453865287, 
    0.46562071490208051, 
    3.9542114360131104, 
    2.236800974038228, 
    3.6970005393771417, 
    0.30231595717511528, 
    2.9343888608738133, 
    2.6292160695285389, 
    5.6045600559159325, 
    0.34483006539315592, 
    5.7336053611678306, 
    3.84696242818826, 
    0.91189572486486958, 
    2.8810076291138516, 
    3.54875570228924, 
    4.7585414733365212, 
    3.9012560442118303, 
    4.4470636636934104, 
    5.2937062812964646, 
    2.6823394196279207, 
    1.4478550288811796, 
    1.1168989347252278, 
    5.2712665008758846, 
    0.80180369506608651, 
    0.72865915003458914, 
    0.50525159363425431, 
    1.924352634217982, 
    1.5656204397190931, 
    0.28901929966096318, 
    5.2232404821575447, 
    4.6586342727918471, 
    0.82512416348946926, 
    4.7094783442398507, 
    0.77591683881529583, 
    0.96707308737687558, 
    0.7153208011720904, 
    0.6642362130221916, 
    5.2433470010577956, 
    0.44728437017029588, 
    4.0808381356005805, 
    0.33063526865273474, 
    2.9964019752618656, 
    0.4253516237523286, 
    1.7600055034238764, 
    4.8584838480926793, 
    3.669103887831791, 
    1.6161736151913415, 
    1.8255460930838361, 
    2.7380019633894133, 
    0.71760461657750318, 
    0.5013195415076066, 
    7.3688170743993071, 
    0.77597461473210916, 
    2.4770522327168774, 
    2.2811608140544268, 
    5.025530221745079, 
    4.7671069965003863, 
    1.1489353692290165, 
    2.9910340597198863, 
    2.4665233981925043, 
    5.1586119921127001, 
    0.30102652703084126, 
    1.2244755276156092, 
    5.0614675771817588, 
    2.2893337056503089, 
    0.5469002867563082, 
    3.0736985372311514, 
    0.26808849558557546, 
    4.6422648864366103, 
    1.3273691991122045, 
    0.73947651621850097, 
    2.209108519745528, 
    0.8238405210473807, 
    4.3128728141994994, 
    4.2395497737136294, 
    1.4086390303640868, 
    0.21437201958782048, 
    0.44450559537369366, 
    0.48251781309765346, 
    0.37723699076950828, 
    5.165373544051076, 
    4.1365691772689619, 
    0.76073144136302784, 
    5.2447490197321676, 
    0.98716517442220764, 
    5.4432186331996206, 
    0.69789511543053673, 
    0.30113236415056277, 
    0.57586760513352009, 
    4.9211203079952615, 
    0.68061836220677951, 
    4.7847306874037852, 
    4.3580373868025912, 
    4.6322583609584482, 
    5.2638607074561241, 
    0.76855310308818103
  ], 
  "mae": 9.5772243782602935, 
  "pearsonr": [
    0.7023563039895917, 
    3.8629407643081961e-16
  ], 
  "variance": 12.411727916402077, 
  "warp_psi": [
    [
      1.1521310322453007e-05, 
      2.7507159358915665, 
      4.9250361897253621
    ], 
    [
      2.1219928569626384e-05, 
      4.6264435950085048, 
      3.9769374924299932
    ], 
    [
      5.5643935848404643e-07, 
      0.8592801424753771, 
      1.304904559848683
    ]
  ], 
  "log_likelihood": -3628.7081642127937
}