{
  "noise": [
    38.57779865810829, 
    11.613185359961328, 
    51.385257142807774, 
    89.37356367252954, 
    76.76269472492292, 
    64.30541358029268
  ], 
  "kappa": [
    2.6644837020346344e-11, 
    18.76195273339704, 
    58.65907312472346, 
    53.829481207141946, 
    0.06673831991996863, 
    35.45824720536484
  ], 
  "log_likelihood": -21262.850935207884, 
  "joy": {
    "mae": 14.617877944141775, 
    "nlpd": 4.351320714137394, 
    "pearsonr": [
      0.59212136391421055, 
      8.6686020897552812e-11
    ], 
    "rmse": 18.283981795278212
  }, 
  "weight_variance": [
    3.8074573144046102, 
    1.5800505457362584, 
    4.7555385669347929, 
    0.00034925681120976884, 
    14.648404288384414, 
    1.925591480064764, 
    38.140612051837664, 
    2.9492520778393723, 
    17.231445387520239, 
    15.255954472593565, 
    1.5572791338804102, 
    0.0019748716272987524, 
    3.6806861659545063, 
    6.0462697053072229e-08, 
    8.5178237600841484, 
    23.704476693336499, 
    3.3435424440222454, 
    18.58122039215958, 
    6.4664336405493286, 
    0.00044370527619918242, 
    22.672675641676907, 
    10.616514987930774, 
    1.565041916036616, 
    4.1665247545799682, 
    1.8547648382868955e-10, 
    0.00011057723998547632, 
    48.657494295035711, 
    28.738857212872006, 
    9.6492537842759667, 
    51.886859307406148, 
    24.417698191050839, 
    17.835385001578999, 
    0.49111262142030299, 
    5.5007554126561047, 
    3.9547519363478938, 
    28.377683702028676, 
    0.47184696987554453, 
    24.845050388978251, 
    22.808235776008182, 
    1.9347731044773173, 
    5.4121047092271883, 
    0.023623694453923701, 
    0.0046665883947658244, 
    2.8338710567950714e-06, 
    32.965250302507307, 
    0.00011918580797819983, 
    12.248528424972674, 
    2.2578712510114385, 
    2.0688940147586328, 
    4.7751922592766629, 
    30.529560745565714, 
    11.663503807772937, 
    0.49830389116415919, 
    0.00056318410439790145, 
    8.6152117707518876, 
    0.00051744060110396443, 
    0.0034269503952534764, 
    0.031411852294490776, 
    0.0025967738028952305, 
    0.0010858917836053673, 
    0.0076982497626691378, 
    3.2521801709085527, 
    6.7200189305248638e-12, 
    10.802494470740635, 
    2.346624689437621, 
    15.260090846519699, 
    3.7423208260834468, 
    25.985623420693017, 
    11.742864778535273, 
    29.761803275270953, 
    4.3223099616362326, 
    43.274337535390295, 
    16.805680797255565, 
    9.6691197429118461, 
    20.422236556771075, 
    2.4549152772613305, 
    16.55467538303245, 
    2.0875576933716302, 
    0.37911850988815571, 
    22.900465970210441, 
    3.7212881876433235, 
    20.598492148152715, 
    12.889230286942757, 
    7.9721058701572701e-07, 
    0.00088282092578576021, 
    2.7582361759827272, 
    27.007515831656431, 
    16.464055188475108, 
    10.251882890997376, 
    1.9041109365287215e-07, 
    16.950025236025876, 
    7.8906490919042067, 
    15.750040788314754, 
    4.6106841157124407e-11, 
    45.283808149653069, 
    6.6106970772473197, 
    25.627144304420625, 
    16.383899818788915, 
    1.3249773338573705, 
    29.224189227066237
  ], 
  "bias_variance": 99.20979409072766, 
  "W": [
    [
      0.74534897978948711, 
      -6.0348818065491932
    ], 
    [
      0.46179752239866395, 
      -3.6969875794141069
    ], 
    [
      3.0855587886466016, 
      -2.047324206147402
    ], 
    [
      -6.6254787124935453, 
      3.10575060345686
    ], 
    [
      10.546619953831097, 
      -1.6201464516420376
    ], 
    [
      -1.4630714007522136, 
      1.0330692607804162
    ]
  ], 
  "sadness": {
    "mae": 11.01623100661843, 
    "nlpd": 4.1473695929303194, 
    "pearsonr": [
      0.76371624717915021, 
      2.4688954260601371e-20
    ], 
    "rmse": 15.006768985590874
  }, 
  "disgust": {
    "mae": 5.1674234380029329, 
    "nlpd": 3.3813526014236377, 
    "pearsonr": [
      0.42977468334185259, 
      8.1082745953616613e-06
    ], 
    "rmse": 6.8054139065868258
  }, 
  "variance": 10.592477488179226, 
  "anger": {
    "mae": 6.4351784233656772, 
    "nlpd": 3.651112984189731, 
    "pearsonr": [
      0.63730712345546436, 
      1.0104682546405374e-12
    ], 
    "rmse": 9.1581015709624207
  }, 
  "surprise": {
    "mae": 9.7769982788070653, 
    "nlpd": 4.0217444120668215, 
    "pearsonr": [
      0.66565455527425532, 
      4.1678025578080889e-14
    ], 
    "rmse": 13.171558178545137
  }, 
  "fear": {
    "mae": 11.717430383336545, 
    "nlpd": 4.1903705273782981, 
    "pearsonr": [
      0.73017301172864879, 
      6.7241855717820477e-18
    ], 
    "rmse": 15.309242505059185
  }
}