{
  "warp_d": 2.2946767430835666, 
  "noise": 77.98446825900469, 
  "log_likelihood": -3842.498886893631, 
  "nlpd": -4.1354100115210883, 
  "rmse": 14.694620162567173, 
  "weight_variance": [
    568.20429282305622, 
    1.4094312449801724e-286, 
    1303.8778720833232, 
    656.04062438335552, 
    906.78514777566056, 
    1172.7850090145396, 
    2223.8982777236797, 
    5.5626846462681369e-309, 
    1012.860202280003, 
    1467.9402588073292, 
    5.5626846462681369e-309, 
    1575.2758713011492, 
    5.5626846462681369e-309, 
    5.5626846462681369e-309, 
    5.5626846462681369e-309, 
    1.0886743596797546e-246, 
    1471.5702476581953, 
    670.51314851562108, 
    5.5626846462681369e-309, 
    5.5626846462681369e-309, 
    16.056028584911893, 
    1.2578020139589506e-48, 
    1.7901300699471237e-261, 
    5.5626846462681369e-309, 
    5.2022232948042167e-304, 
    5.5626846462681369e-309, 
    5.5626846462681369e-309, 
    1431.5580173720612, 
    744.94403527553095, 
    2899.100955088039, 
    798.72575205768806, 
    7.4973114306515914e-293, 
    2.5792584292830569e-234, 
    878.01871784874072, 
    106.20176501797893, 
    3.0716561856097211e-224, 
    4.2875318426969195e-32, 
    5.5626846462681369e-309, 
    737.32708759214438, 
    1115.9787119329642, 
    2009.9349154248462, 
    598.19260627479582, 
    1072.9031016034594, 
    3.7714972763977585e-142, 
    3.2573117045899442e-290, 
    5.5626846462681369e-309, 
    5.5626846462681369e-309, 
    5.5626846462681369e-309, 
    5.5626846462681369e-309, 
    1.2102851537997165e-268, 
    2013.5728610923509, 
    753.7633456565809, 
    5.5626846462681369e-309, 
    5.5626846462681369e-309, 
    5.5626846462681369e-309, 
    5.5626846462681369e-309, 
    5.5626846462681369e-309, 
    1538.8665469914408, 
    5.5626846462681369e-309, 
    1424.2468959054106, 
    5.5626846462681369e-309, 
    919.25457601053449, 
    5.5626846462681369e-309, 
    5.5626846462681369e-309, 
    5.5626846462681369e-309, 
    5.5626846462681369e-309, 
    5.5626846462681369e-309, 
    1489.5915794539903, 
    905.26771080560695, 
    1290.8253483262024, 
    1443.2113279578057, 
    1003.4658248829577, 
    4.6197669945754248e-191, 
    5.5626846462681369e-309, 
    5.5626846462681369e-309, 
    5.5626846462681369e-309, 
    2719.2874433693696, 
    5.5626846462681369e-309, 
    201.49974873518974, 
    816.34506410274639, 
    1766.1212331663723, 
    1745.8354417867588, 
    5.5626846462681369e-309, 
    5.5626846462681369e-309, 
    9.7293952536098625e-160, 
    5.5626846462681369e-309, 
    332.86195242797658, 
    447.47438833582902, 
    2724.9897042559824, 
    5.5626846462681369e-309, 
    688.05478236354861, 
    1187.4782550212374, 
    1.7779979634182799e-307, 
    5.5626846462681369e-309, 
    2632.0597751518508, 
    1.4172329798109413e-178, 
    700.47198090534368, 
    5.5626846462681369e-309, 
    5.5626846462681369e-309, 
    5.5626846462681369e-309
  ], 
  "bias_variance": 3934.060665213206, 
  "mae": 12.235685026817144, 
  "pearsonr": [
    0.63249515618539098, 
    1.6807589402620045e-12
  ], 
  "variance": 6390.31394589905, 
  "warp_psi": [
    [
      5.5626846462681369e-309, 
      5.3999664856393258e-244, 
      -394.44878667030912
    ], 
    [
      5.5626846462681369e-309, 
      5.5626846462681369e-309, 
      -445.48328315467938
    ], 
    [
      5.5626846462681369e-309, 
      1982.9965750929052, 
      -98.838470221674143
    ]
  ]
}