{
  "noise": 0.10272226792671549, 
  "power": [
    0.35374707791203175
  ], 
  "nlpd": -297.1424677305771, 
  "rmse": 11.030246300692296, 
  "lengthscale": [
    0.74229865735237455
  ], 
  "mae": 7.2673845224951847, 
  "pearsonr": [
    0.70822445163639092, 
    1.7097410111452142e-16
  ], 
  "variance": 1.173607021232516, 
  "log_likelihood": -1066.9667226859788
}