{
  "regularization": 10.0, 
  "rmse": 13.569098757085056, 
  "intercept": -0.54151508293172945, 
  "mae": 10.623039089860161, 
  "pearsonr": [
    0.73931525786586905, 
    1.5887631304565482e-18
  ], 
  "coefs": [
    -0.1293230186305219, 
    0.012084323548238105, 
    -0.17777226802544074, 
    -0.22872047847853566, 
    -0.053494161243307775, 
    0.060832879060803619, 
    -0.13790421561662555, 
    -0.24878418989821774, 
    -0.014804589302347489, 
    0.45515110731272795, 
    0.10820056118223695, 
    0.044913524587409992, 
    0.18906029686519285, 
    0.038558978705864354, 
    -0.026326803608253645, 
    0.075750993980179163, 
    -0.21390725699299251, 
    -0.060180457718315823, 
    -0.15152457665217767, 
    -0.050933108712928631, 
    0.15220245847522887, 
    0.079175335042191902, 
    0.207777615785907, 
    -0.058483272221685333, 
    -0.15853690230951353, 
    0.34053078410541043, 
    0.13997600236848262, 
    0.30586055957579883, 
    0.036484623073598732, 
    0.33346923499009373, 
    0.16168504307854217, 
    -0.047707663119950769, 
    0.13021162249903653, 
    0.052486418538171487, 
    -0.16778505994642076, 
    -0.34522436145489083, 
    0.063765853320049345, 
    -0.48919509634617048, 
    0.15182068767610105, 
    0.15639250368914245, 
    -0.09956766913856524, 
    0.033628123903491472, 
    -0.17132026182262622, 
    -0.096809892181942137, 
    0.35201880334053509, 
    0.019361004854255962, 
    0.34397769941973949, 
    0.060767849502350632, 
    -0.092570285499536192, 
    0.098825563320693352, 
    -0.10450366769080019, 
    0.14963830903228056, 
    -0.004501988526687456, 
    0.11152714002142669, 
    -0.14756685737999214, 
    -0.10497030525099943, 
    0.24370810050614666, 
    -0.035682676607980628, 
    -0.02582132763991777, 
    0.16010594668733424, 
    0.16443738496992885, 
    0.22463445156910225, 
    -0.024607279844242366, 
    -0.067479078046305957, 
    -0.020754942186290114, 
    0.21558194925566093, 
    -0.29122143342505197, 
    0.031574628856147605, 
    0.07908241976387366, 
    0.23991818832966819, 
    -0.12398790722177089, 
    -0.19542297805520556, 
    0.019832514013925665, 
    0.21598477940189267, 
    0.15967589926151673, 
    -0.037302259248271102, 
    0.29204349891078679, 
    -0.042315732757400804, 
    -0.13020901763813009, 
    0.16618734821804942, 
    0.32811901533577426, 
    -0.33281534035205979, 
    -0.37873681945460003, 
    0.042607057666402132, 
    0.044627626425910942, 
    0.068689212442919242, 
    0.11744165319931399, 
    0.11345342974932883, 
    -0.091179176672889328, 
    -0.025635542390626001, 
    -0.011740501646946067, 
    0.19369643880443307, 
    -0.028273993226648558, 
    -0.059939412633678371, 
    -0.16683027002604719, 
    0.068437239404814276, 
    0.084233772614074415, 
    -0.054124973829123721, 
    -0.010552624247558174, 
    -0.23434362228414832
  ]
}