{
  "noise": 44.406351109224204, 
  "log_likelihood": -3358.9363938167544, 
  "nlpd": -3.830188402587674, 
  "rmse": 10.681813995361074, 
  "lengthscale": [
    6.3882540156314835, 
    11.781027169687917, 
    8.9898263447400453, 
    11.303742412166786, 
    10.51244754539502, 
    3.8722154169749006, 
    1.3136440211333698, 
    1.1412349209028472, 
    12.075724044187409, 
    0.96139461281625826, 
    10.377064070137553, 
    6.0893124078536855, 
    10.315933292073208, 
    12.383322400002003, 
    10.683580847391188, 
    7.7181915010195858, 
    2.0021939917981793, 
    9.6066866674237588, 
    0.55247023526355932, 
    8.1476396181348392, 
    0.74774723402230425, 
    13.262427695361074, 
    6.1282641916525966, 
    8.8254659599913055, 
    12.553051059264432, 
    12.259615624705145, 
    0.7877474909778176, 
    2.0674179174764458, 
    8.9640223207272633, 
    0.86566289868843449, 
    3.9853878060584815, 
    0.7147212281798565, 
    11.028138784084675, 
    10.722817963079946, 
    12.478757215836794, 
    8.4695210569457355, 
    1.2780337495852179, 
    8.8493248925237857, 
    11.308643107693181, 
    9.841066997647804, 
    1.0136881563224087, 
    8.2498721467084444, 
    8.245634942742047, 
    10.555406930790925, 
    5.3781526989125927, 
    3.076289107237304, 
    14.236972300580222, 
    6.193874025458963, 
    11.114903944299471, 
    8.7452189423968392, 
    5.7040006607434659, 
    10.982687340676987, 
    1.6511018377160829, 
    3.3452530591872081, 
    11.170381117344714, 
    3.1483794840880481, 
    9.3715556819255621, 
    10.896831259666451, 
    4.9712064818656039, 
    6.373496985539961, 
    0.52987419276652981, 
    13.549391637271274, 
    11.631996570350195, 
    3.3312012265242306, 
    14.329174512929974, 
    0.71398975626131067, 
    0.92733063272109906, 
    0.72658937681741265, 
    9.0673434054650102, 
    9.4849961100961, 
    6.5263311857427899, 
    13.421541013349643, 
    0.55564738790497725, 
    0.81124799590606345, 
    18.373573595683137, 
    10.976275260355422, 
    15.29664899010119, 
    1.9187014379708778, 
    1.1280077077298933, 
    0.9451887779147462, 
    5.9280605102401429, 
    0.62023162958565281, 
    11.680577576195146, 
    10.201701732654866, 
    7.4724769802743918, 
    0.66854516852352042, 
    4.7409474103192117, 
    12.871964088760999, 
    2.0759609132577443, 
    1.2981407392110387, 
    7.1112470083974948, 
    14.716719127191402, 
    6.6389608613538114, 
    12.338189415692645, 
    1.2462769240654348, 
    1.5147171914465374, 
    12.070090771783384, 
    0.47358301931279023, 
    1.6443073743013688, 
    9.6668242454826103
  ], 
  "mae": 7.586389336242485, 
  "pearsonr": [
    0.64371450045857415, 
    5.0604473189019795e-13
  ], 
  "variance": 114.65575464458131
}