{
  "noise": 0.05564086740290417, 
  "log_likelihood": -963.6398435327209, 
  "nlpd": -719.53118816294091, 
  "rmse": 15.596593049621625, 
  "lengthscale": [
    9.3660475997784935, 
    9.6842251673733823, 
    1.3712658062874781, 
    15.405098837972421, 
    3.139759909753272, 
    1.4820455107587107, 
    0.74882998452229566, 
    9.415996770078138, 
    1.3783983607073591, 
    15.796243215856078, 
    1.3218409501976209, 
    1.6622135907397935, 
    2.0085791440288623, 
    18.370884946816012, 
    8.871922702015933, 
    15.316622862321029, 
    14.656776035604423, 
    13.54968908187818, 
    1.5530334338580225, 
    1.3059793479607416, 
    10.996694985357573, 
    3.2279374838864743, 
    1.5602308343016262, 
    12.72818825119449, 
    16.126974112003801, 
    17.420639165794523, 
    10.15898851963002, 
    18.071702224843637, 
    2.8980257135917986, 
    1.1702592572728472, 
    1.3463208646326978, 
    17.693126243729747, 
    8.200504737590979, 
    16.215490954797836, 
    1.3230827592072782, 
    1.2105695731045123, 
    14.409438191503725, 
    12.567198788235004, 
    16.027973111806173, 
    10.087871511185687, 
    17.402798285150734, 
    6.7786777269864729, 
    3.4005987521403473, 
    2.9427013185636404, 
    1.0162791722418429, 
    1.7780916024076663, 
    17.723482794557725, 
    3.0528208956420082, 
    0.93228463015491325, 
    3.0536693919028126, 
    17.16342826401517, 
    14.241448928907646, 
    11.702199741782795, 
    18.616277434128918, 
    0.89003520921319401, 
    14.873015306849149, 
    1.0369207609369624, 
    19.699095009879198, 
    14.754081953246377, 
    8.3104759302266054, 
    3.3711492969823893, 
    18.321261275972883, 
    19.53277852949515, 
    2.7546023435523854, 
    1.5386301312931632, 
    3.4181859100896785, 
    18.980876236764864, 
    16.399464036497136, 
    14.054641348102182, 
    12.675891162469677, 
    15.985942496734774, 
    10.493123873914271, 
    12.256592501550671, 
    2.1456370590960527, 
    1.6221122493819355, 
    0.79331935951013199, 
    14.573468529513228, 
    2.8367388101131197, 
    13.463728703280614, 
    17.432064036856897, 
    1.6339482345275584, 
    7.6010831435392712, 
    16.355497969678712, 
    16.364731293682169, 
    11.098851172786624, 
    0.87726544868202927, 
    1.3094023146290446, 
    1.4385339786142006, 
    1.0787811761858921, 
    3.8113133745609793, 
    0.88728247520789449, 
    4.3571870641187971, 
    1.1989861467354861, 
    3.1308333650613953, 
    1.8306944538290917, 
    4.2875822839566951, 
    0.99689834076462092, 
    2.2221342943327218, 
    2.3471030288228163, 
    1.5478268963630468
  ], 
  "mae": 11.971685389646579, 
  "pearsonr": [
    0.67098235082290358, 
    2.2014871597052556e-14
  ], 
  "variance": 0.9741413667352015
}