{
  "noise": 0.38454905338035955, 
  "log_likelihood": -1125.5053452507282, 
  "nlpd": -382.4161856356809, 
  "rmse": 12.045341794054275, 
  "weight_variance": [
    501402.09245039738, 
    1941.327396546176, 
    262799.24180301558, 
    130895.34007400877, 
    461598.73523026262, 
    5.5626846462681369e-309, 
    5.5626846462681369e-309, 
    390337.34506350977, 
    5.5626846462681369e-309, 
    36806.33300475579, 
    5.5626846462681369e-309, 
    5.5626846462681369e-309, 
    5.5626846462681369e-309, 
    5.5626846462681369e-309, 
    177136.74538457542, 
    5.5626846462681369e-309, 
    5.5626846462681369e-309, 
    3477.8956282413214, 
    52772.899880646, 
    5.5626846462681369e-309, 
    169643.38630836277, 
    5.5626846462681369e-309, 
    168300.07415743027, 
    5.5626846462681369e-309, 
    5.5626846462681369e-309, 
    5.5626846462681369e-309, 
    5.5626846462681369e-309, 
    5.5626846462681369e-309, 
    5.5626846462681369e-309, 
    312485.55823987041, 
    98383.456075814465, 
    99149.533443906534, 
    143111.61283854416, 
    167177.52667786073, 
    5.5626846462681369e-309, 
    5.5626846462681369e-309, 
    358930.05932076729, 
    5.5626846462681369e-309, 
    332936.82086705905, 
    5.5626846462681369e-309, 
    428823.80361828388, 
    5.5626846462681369e-309, 
    5.5626846462681369e-309, 
    5.5626846462681369e-309, 
    404600.63768011471, 
    5.5626846462681369e-309, 
    5.5626846462681369e-309, 
    5.5626846462681369e-309, 
    5.5626846462681369e-309, 
    5.5626846462681369e-309, 
    31311.30306958365, 
    5.5626846462681369e-309, 
    45167.763137732807, 
    5.5626846462681369e-309, 
    5.5626846462681369e-309, 
    5.5626846462681369e-309, 
    139555.4845390257, 
    5.5626846462681369e-309, 
    319157.08498471288, 
    5.5626846462681369e-309, 
    5.5626846462681369e-309, 
    5.5626846462681369e-309, 
    408964.13746349339, 
    100388.45231265266, 
    5.5626846462681369e-309, 
    5.5626846462681369e-309, 
    612240.08708957455, 
    1264659.7402890397, 
    5.5626846462681369e-309, 
    144848.17940779435, 
    444631.06872375647, 
    5.5626846462681369e-309, 
    569128.840482714, 
    250660.14159856265, 
    5.5626846462681369e-309, 
    5.5626846462681369e-309, 
    5.5626846462681369e-309, 
    316769.59494280175, 
    5.5626846462681369e-309, 
    11654.999668364469, 
    571177.68278397922, 
    90022.155189952318, 
    79442.422515661616, 
    5.5626846462681369e-309, 
    5.5626846462681369e-309, 
    69278.537218301062, 
    5.5626846462681369e-309, 
    5.5626846462681369e-309, 
    5.5626846462681369e-309, 
    57600.894585999114, 
    305757.15328720829, 
    5.5626846462681369e-309, 
    449285.70786465873, 
    5.5626846462681369e-309, 
    5.5626846462681369e-309, 
    5.5626846462681369e-309, 
    395117.31159355585, 
    384094.5127700849, 
    5.5626846462681369e-309, 
    72618.142464268749
  ], 
  "bias_variance": 5.562684646268137e-309, 
  "mae": 9.7304905624577103, 
  "pearsonr": [
    0.42929019004315988, 
    8.3221405609892405e-06
  ], 
  "variance": 1.065652017755499
}