{
  "warp_d": 0.1976928733577497, 
  "noise": 3.4656884179707768, 
  "log_likelihood": -3442.2872415327456, 
  "nlpd": -3.809064193279915, 
  "rmse": 10.812737471483501, 
  "lengthscale": [
    6.1115709503250857
  ], 
  "mae": 6.9606510161406732, 
  "pearsonr": [
    0.64803120663707225, 
    3.146477024825317e-13
  ], 
  "variance": 16.783168939753498, 
  "warp_psi": [
    [
      3.0342840646780624e-07, 
      0.75809543246584643, 
      -1.8820917437260225
    ], 
    [
      0.00011355422460703001, 
      2.5493491255848817e-05, 
      -2.1063767304537326
    ], 
    [
      1.0140742681288282e-06, 
      0.78231518743374395, 
      1.2046202472622745
    ]
  ]
}