{
  "noise": 0.06975100534857137, 
  "power": [
    0.12809245282241843
  ], 
  "nlpd": -89.612597299805572, 
  "rmse": 8.9274216941045523, 
  "lengthscale": [
    7.4445306967095135, 
    2.4177600633648484, 
    6.3300019670151082, 
    0.33522354755828609, 
    6.6417582262459458, 
    3.8540152197430415, 
    7.9651665963498504, 
    6.6921019288623116, 
    0.38797201054522718, 
    0.34513304285445867, 
    6.8364197253286383, 
    1.2328845361932974, 
    0.68195141423469163, 
    5.216804419766734, 
    3.8770518361905406, 
    8.7744537964925726, 
    7.8237071113552528, 
    7.4561755267273808, 
    0.76712567917746222, 
    3.2198281153975925, 
    2.5317060605218638, 
    4.8328608122858032, 
    4.5111676300385488, 
    6.7944189423615597, 
    7.1246132991044915, 
    7.0542244336559055, 
    7.7877283851788031, 
    0.21634639031509062, 
    6.2762172276960948, 
    0.14616633255659736, 
    0.1828580712714942, 
    3.1916547844868886, 
    1.9625647585453381, 
    6.4886816467085486, 
    3.9015966576274543, 
    0.38009000528089315, 
    6.6215246499324776, 
    4.2503476671923188, 
    0.69370609080019208, 
    7.1738048559738443, 
    5.0030617010499325, 
    6.2896876471666348, 
    7.3993510213382914, 
    3.1821937206677799, 
    6.7124443577473079, 
    0.9142373790127194, 
    5.2051093591432398, 
    0.57870459043724154, 
    7.1909908354363514, 
    2.8166978386048265, 
    3.8863187560169683, 
    5.7541546948977649, 
    1.1112735981332815, 
    4.8774507334239523, 
    0.72522361483917952, 
    6.0914218961473372, 
    6.4233239588873667, 
    4.1794228932060573, 
    0.43923254475134599, 
    6.6757701354229759, 
    0.20354446000059823, 
    8.527020563353922, 
    7.2180749013189072, 
    0.63556650256461156, 
    7.3738987250984742, 
    7.7468368962668182, 
    0.64233793373839432, 
    8.972375194492324, 
    6.032752487330165, 
    0.30570300323023014, 
    6.6000113225035051, 
    0.18457532943996274, 
    6.7128446108074842, 
    0.47591756401206631, 
    5.2268798937753829, 
    1.1555322376574015, 
    0.31121982427719969, 
    0.19908994511580466, 
    4.360230912493976, 
    6.3817639436612952, 
    1.1855446680746962, 
    0.46343184074371613, 
    6.0466383206204366, 
    1.0443582243500198, 
    4.0462323946557834, 
    0.39139920797550098, 
    5.2342129723377351, 
    0.40175424771552148, 
    6.7437178501707455, 
    6.4298319272968509, 
    6.7210116855540551, 
    6.9130781573025679, 
    5.2678673672992105, 
    7.2594794776019373, 
    0.36200486243482849, 
    3.4339759493078788, 
    0.39095366802654219, 
    5.7332759251456364, 
    7.152696886262194, 
    3.1200494047254179
  ], 
  "mae": 5.841624664317834, 
  "pearsonr": [
    0.26957513845235875, 
    0.0066825281817587201
  ], 
  "variance": 2.9542682455126124, 
  "log_likelihood": -1060.8680923205723
}