{
  "noise": 0.14625669859846163, 
  "log_likelihood": -1133.1362183373003, 
  "nlpd": -130.79355035008973, 
  "rmse": 10.500755316235388, 
  "lengthscale": [
    24.656605492223019, 
    30.198486992068791, 
    24.704990232229086, 
    25.247287863923393, 
    33.072808685090571, 
    26.715900820236978, 
    0.5332112291131943, 
    1.0877298221592315, 
    20.333071167383974, 
    0.5877766682536214, 
    30.335281380668508, 
    27.618371014167774, 
    23.259527598542142, 
    19.523624777529786, 
    0.48037694290034483, 
    0.3860510055834811, 
    1.4064022256927342, 
    19.805481870481412, 
    0.72089676690332283, 
    8.7817369095119258, 
    0.5754049803288831, 
    0.038897906040605806, 
    26.090963054214892, 
    0.57097870797855355, 
    32.389653689391444, 
    25.481214996356076, 
    13.551857096733245, 
    16.426587906038694, 
    17.740029662491295, 
    0.83212472298709139, 
    0.9315472280972249, 
    20.128445346880195, 
    25.050222365280057, 
    18.191322807346797, 
    32.209375345133317, 
    9.955114620924963, 
    24.232327460214378, 
    25.570399539558856, 
    21.669095046186083, 
    11.170385395999363, 
    1.0724682971540842, 
    22.094068004858922, 
    22.733064616241471, 
    29.438394258630368, 
    27.254512634281049, 
    12.70693257634503, 
    22.355698031599577, 
    20.147516239102295, 
    24.759747476600399, 
    25.833408534773913, 
    19.137519434848997, 
    20.887391257562136, 
    2.3728848503512845, 
    14.258446785820018, 
    25.641782080840755, 
    38.958730421570735, 
    28.756517215359768, 
    33.56814778020513, 
    16.655387150311707, 
    22.553182392696904, 
    0.62315989791791238, 
    34.454182476581082, 
    28.594491276545128, 
    1.0050413884856912, 
    30.039476404973211, 
    0.79984535536571555, 
    0.69252929294946475, 
    0.86175657629394498, 
    28.396910114852748, 
    15.21130554391495, 
    24.794336483795924, 
    25.741522000480877, 
    15.535918045224474, 
    3.0276918124544907, 
    1.454854811932323, 
    29.745103341685109, 
    0.60597202953302876, 
    17.435534495282216, 
    8.2546718988435988, 
    0.84157230811308792, 
    25.031482692864692, 
    0.46360745648417079, 
    27.285018801544666, 
    24.2148841100841, 
    35.956186924687735, 
    12.993833635215823, 
    14.97065029289038, 
    28.395117952197772, 
    17.813296843482107, 
    4.6311097207427849, 
    0.74871541028344291, 
    19.363638414873687, 
    13.119106160999774, 
    25.788131168682337, 
    1.3084597959006667, 
    14.999526029601228, 
    27.615159278983924, 
    0.42662961347019923, 
    19.103303543885172, 
    16.802454002079507
  ], 
  "mae": 7.6637182277377054, 
  "pearsonr": [
    0.41622124834255153, 
    1.6548375738406126e-05
  ], 
  "variance": 0.6528576029886928
}