{
  "noise": 0.23361903834581807, 
  "log_likelihood": -1073.1176533623743, 
  "nlpd": -189.02259603642557, 
  "rmse": 8.3600113126209621, 
  "lengthscale": [
    1.7527386056803613
  ], 
  "mae": 5.9269067415675059, 
  "pearsonr": [
    0.72706944226597003, 
    1.0828987394439569e-17
  ], 
  "variance": 0.6505580401803565
}