{
  "lengthscale": [
    2.1246493366579422
  ], 
  "noise": [
    56.800403389937195, 
    37.975141208293486, 
    56.7558547758435, 
    51.145524677899125, 
    49.97605472166668, 
    72.7562331288859
  ], 
  "kappa": [
    7.992466202882525, 
    5.453268937802134, 
    24.077483988615874, 
    27.284157820600782, 
    27.698885408037537, 
    14.932122089487631
  ], 
  "log_likelihood": -21360.721711053888, 
  "joy": {
    "mae": 14.053966994114401, 
    "nlpd": 4.4300377374535422, 
    "pearsonr": [
      0.54971659103309056, 
      3.153090769697052e-09
    ], 
    "rmse": 19.010285565642633
  }, 
  "W": [
    -2.162215855255956, 
    -1.3413793252650739, 
    -2.972321651857909, 
    5.700013108991779, 
    -5.046474071383029, 
    1.2061689347709157
  ], 
  "sadness": {
    "mae": 13.376097462238182, 
    "nlpd": 4.3340222529215318, 
    "pearsonr": [
      0.71684287827115767, 
      4.9764706155450371e-17
    ], 
    "rmse": 17.545401978117258
  }, 
  "disgust": {
    "mae": 6.435701574037938, 
    "nlpd": 3.7614149486096156, 
    "pearsonr": [
      0.52466638149323486, 
      2.104036541055258e-08
    ], 
    "rmse": 9.9353743850339793
  }, 
  "variance": 10.248850425708202, 
  "anger": {
    "mae": 6.2412102562821863, 
    "nlpd": 3.6080584225135621, 
    "pearsonr": [
      0.70208572382315126, 
      4.008971277264184e-16
    ], 
    "rmse": 8.6136723028358073
  }, 
  "surprise": {
    "mae": 9.3049249907232454, 
    "nlpd": 3.9212725892340772, 
    "pearsonr": [
      0.51082051937032802, 
      5.6335043691700067e-08
    ], 
    "rmse": 12.127499173744903
  }, 
  "fear": {
    "mae": 9.0864974817820343, 
    "nlpd": 4.0198932762406123, 
    "pearsonr": [
      0.73948912313619886, 
      1.5448627572698837e-18
    ], 
    "rmse": 13.266166484889952
  }
}