{
  "warp_d": 0.4958885915964203, 
  "noise": 14.6794382873328, 
  "log_likelihood": -3229.391477825451, 
  "nlpd": -3.5673459448702518, 
  "rmse": 8.6504307403182619, 
  "lengthscale": [
    27.164323647722373, 
    25.235599956060348, 
    28.784053362410386, 
    18.559877849548439, 
    29.907147030552981, 
    25.034052039561047, 
    25.093640315324272, 
    31.120369586392957, 
    33.542842781543271, 
    9.2336807080061725, 
    17.183983780008568, 
    30.54294805589009, 
    27.956236226919305, 
    24.925538054029335, 
    31.116247399438183, 
    15.819987468520296, 
    33.108117947859405, 
    25.309365841625901, 
    18.112530541993699, 
    24.561434114254489, 
    34.436802012593972, 
    31.944823449371327, 
    33.058361348811502, 
    36.072667711645856, 
    27.939164734105379, 
    35.585309370727728, 
    9.1680714002220789, 
    22.942282790933689, 
    37.544825497373992, 
    1.4557498272533915, 
    4.5035720132960888, 
    26.515817007358631, 
    21.263023246429317, 
    21.886995111127657, 
    30.839997998200847, 
    9.4255381559265246, 
    35.226411813828612, 
    21.416706732681504, 
    30.896999621174874, 
    19.769019781591208, 
    31.473584692497578, 
    33.308846605756052, 
    32.521902457409936, 
    28.998503794618053, 
    31.448007021802365, 
    30.210298975201184, 
    25.388663714877975, 
    26.521533149053333, 
    31.391324038829485, 
    17.956629692921442, 
    20.357735003811261, 
    28.583732321344637, 
    16.700903624710499, 
    32.036414281537368, 
    16.232889844894231, 
    43.863214077137627, 
    18.667608450919058, 
    27.685959978657614, 
    12.586865585407008, 
    28.20295633554586, 
    29.65416425086206, 
    29.670459693636293, 
    29.349874160883282, 
    24.663355069301304, 
    33.901481744588786, 
    26.264583193958288, 
    1.1352630694938921, 
    31.360417493699249, 
    26.001382051288449, 
    28.669838206924837, 
    31.34244888953598, 
    14.862450596492721, 
    29.518900014546549, 
    16.415540931361566, 
    18.645110475521161, 
    29.509422651117902, 
    29.608972075731277, 
    15.351909021532103, 
    34.024760710590414, 
    24.521110405756758, 
    24.20654653763021, 
    16.253848473938866, 
    30.250774123263465, 
    31.230063590883635, 
    33.767518972248666, 
    25.001947160901739, 
    32.98733397110977, 
    9.4972608979509143, 
    30.003498040586184, 
    24.628452626104533, 
    30.161612885736933, 
    32.431085089413088, 
    26.285394178134585, 
    33.805798892617261, 
    2.2120899169833055, 
    28.18814483455661, 
    1.5337337035436374, 
    28.984509394951214, 
    24.385049959808057, 
    24.837549603562024
  ], 
  "mae": 5.4183928983906382, 
  "pearsonr": [
    0.68790232301161458, 
    2.6499466916021164e-15
  ], 
  "variance": 142.95925566356127, 
  "warp_psi": [
    [
      3.4251812794542681e-47, 
      2.8587228870444905, 
      1.2686775898456268
    ], 
    [
      4.4391432680951346e-26, 
      1.347830652306782, 
      4.9149299638723107
    ], 
    [
      1.0656139355955663e-114, 
      2.4115578776958038, 
      2.4509467350700902
    ]
  ]
}