{
  "noise": 0.051665824794642504, 
  "log_likelihood": -979.3309709552711, 
  "nlpd": -1053.4244859719993, 
  "rmse": 15.999209182748052, 
  "lengthscale": [
    1.8928103961182441, 
    2.6788866042830022, 
    1.2905167146530432, 
    14.790036971769208, 
    16.417824402701982, 
    1.555461184466514, 
    1.0981127881924113, 
    14.883347251289306, 
    1.014574514980249, 
    14.215753427489457, 
    0.9071043195705063, 
    3.2630839727459406, 
    5.4420190130677959, 
    20.099687686848984, 
    1.0036930646004143, 
    9.8929852180443643, 
    17.40739402052796, 
    16.481084776678422, 
    1.4694415506826297, 
    1.9341936375250457, 
    19.072974008984765, 
    12.019234417434131, 
    1.1476761245747447, 
    13.145130815953571, 
    18.149021251710295, 
    18.873775300304565, 
    0.86245202532690057, 
    9.3287612683701671, 
    3.6393089757999446, 
    2.2760219274469131, 
    1.814447246379421, 
    15.700054853011329, 
    4.98514195009085, 
    17.000627153499277, 
    1.9914049596536281, 
    1.496593527468093, 
    15.161437818878966, 
    17.156413704845029, 
    12.879914482658066, 
    15.471472536317178, 
    17.449792142210018, 
    2.6040657152359157, 
    9.9643711551370018, 
    9.1579353530038894, 
    4.2956935766979054, 
    1.6326210719920815, 
    12.784613854567821, 
    5.4500071451635383, 
    0.86423590108455084, 
    2.2189113462868906, 
    15.672800538831893, 
    12.295998964602903, 
    15.433938883264787, 
    20.68505726398973, 
    2.112059554814167, 
    20.237500650196974, 
    1.631488557873356, 
    18.277569268828195, 
    13.5655320920494, 
    2.4790962174942557, 
    11.695931875478546, 
    12.879595936788277, 
    14.339885006680085, 
    3.9755014251344418, 
    1.409466535888753, 
    13.25916743217053, 
    18.984902650580178, 
    16.055145992434166, 
    17.415743223766235, 
    1.22706233364386, 
    16.38776145954974, 
    8.9726487597136018, 
    3.2249831718746718, 
    1.9171902845949489, 
    1.970942141487003, 
    1.080960355863525, 
    15.343685521377738, 
    6.5145482044453846, 
    17.27685375741067, 
    4.2515568804407176, 
    1.8069268427563769, 
    3.7022068661986269, 
    18.503028683982041, 
    15.256272974741121, 
    1.6615081876757585, 
    1.5281395658647423, 
    1.2974818541727826, 
    1.1148806448331641, 
    5.6382971027963835, 
    2.4733913436643067, 
    0.91387472021417082, 
    4.3857128498161622, 
    10.579032296487027, 
    12.403345043205656, 
    1.2347414923123297, 
    2.872163736376506, 
    1.6482748475565421, 
    10.915830877566151, 
    14.456025610856651, 
    1.4959285919969847
  ], 
  "mae": 12.301038509035244, 
  "pearsonr": [
    0.74531590062564146, 
    5.961931524135612e-19
  ], 
  "variance": 1.1350600471158456
}