{
  "noise": 105.08662124297355, 
  "log_likelihood": -3561.766467596085, 
  "nlpd": -3.906554403927267, 
  "rmse": 12.167594699159716, 
  "lengthscale": [
    2.7120077156892624
  ], 
  "mae": 9.2848800092876882, 
  "pearsonr": [
    0.50144211568823216, 
    1.0712305673145278e-07
  ], 
  "variance": 145.33450361966933
}