{
  "noise": 0.7315760295910162, 
  "log_likelihood": -1189.4235051636856, 
  "nlpd": -326.56643733459163, 
  "rmse": 11.994977211431802, 
  "mae": 9.7024147475306588, 
  "pearsonr": [
    0.40748518590600019, 
    2.579268661022863e-05
  ], 
  "variance": [
    0.037827806081657034
  ]
}