{
  "lengthscale": [
    0.54624885961476777
  ], 
  "noise": [
    27.30513397763768, 
    11.954220688559438, 
    29.683893594153275, 
    24.727314529476963, 
    29.48596296745573, 
    40.034333769966416
  ], 
  "kappa": [
    28.65951096340863, 
    24.131631432480816, 
    65.04220412836415, 
    0.0013682525739163792, 
    0.5821823331053491, 
    42.96840691927919
  ], 
  "log_likelihood": -21372.261834510653, 
  "power": [
    0.020189574301933272
  ], 
  "joy": {
    "mae": 12.263528319834768, 
    "nlpd": 4.2181099436685425, 
    "pearsonr": [
      0.62889639089347038, 
      2.4449901167999717e-12
    ], 
    "rmse": 16.023967941547578
  }, 
  "W": [
    [
      -0.20514017459053713, 
      1.8767843829175745
    ], 
    [
      0.040267171710095383, 
      1.0512877782250458
    ], 
    [
      -0.70866090884371258, 
      3.16778337360424
    ], 
    [
      -2.0696208567188523, 
      -10.655197527557815
    ], 
    [
      -7.8251556338066628, 
      6.8044324046724158
    ], 
    [
      0.69551271422586036, 
      -1.0964939748776092
    ]
  ], 
  "sadness": {
    "mae": 11.173953098277046, 
    "nlpd": 4.1502829177536462, 
    "pearsonr": [
      0.68233724141770036, 
      5.4007794710482102e-15
    ], 
    "rmse": 14.980165140761356
  }, 
  "disgust": {
    "mae": 5.7696585963885374, 
    "nlpd": 3.6124338530675413, 
    "pearsonr": [
      0.26191299732033013, 
      0.0084803659441935499
    ], 
    "rmse": 8.8256157326485134
  }, 
  "variance": 59.78694631523422, 
  "anger": {
    "mae": 7.493440011271896, 
    "nlpd": 3.8143818864374146, 
    "pearsonr": [
      0.69289961363832642, 
      1.3792128363483462e-15
    ], 
    "rmse": 10.835704715891216
  }, 
  "surprise": {
    "mae": 10.316549817961928, 
    "nlpd": 3.9900861689891287, 
    "pearsonr": [
      0.4909188576688619, 
      2.1540871758461767e-07
    ], 
    "rmse": 12.914786167370446
  }, 
  "fear": {
    "mae": 8.9193212307048011, 
    "nlpd": 3.9144173297564442, 
    "pearsonr": [
      0.81311576462447654, 
      9.1786773474049027e-25
    ], 
    "rmse": 11.598899874804287
  }
}