{
  "noise": 0.2364408733298706, 
  "power": [
    0.62883519966014556
  ], 
  "nlpd": -578.13537787870109, 
  "rmse": 13.176766349394484, 
  "lengthscale": [
    0.5400981344133936, 
    8.2066686053144657, 
    0.76838602161910274, 
    8.3326858440321345, 
    0.31452334412369543, 
    6.5121330911646398, 
    1.3167349128857542, 
    0.77908284040081566, 
    4.4580184607323075, 
    7.4072871976144699, 
    5.7994603098723587, 
    2.6313863963564197, 
    5.8503318889830194, 
    5.0489139288997995, 
    1.1876511052545438, 
    6.5607097386627631, 
    2.9046387624048955, 
    2.3210782585631553, 
    7.0846458508983288, 
    5.421845779390047, 
    0.60799308578026712, 
    1.4039559756795725, 
    6.6112614745591474, 
    6.5855053841610118, 
    6.2956085863046987, 
    3.6181080867967212, 
    0.39135481678236217, 
    6.8932628173352892, 
    6.40319660684907, 
    5.2644532061740783, 
    0.71290729634560579, 
    0.60671431109498219, 
    6.235173114583211, 
    0.81415460195416278, 
    4.7708992678165769, 
    6.0675284568923775, 
    0.98557723341779779, 
    5.5035860744707801, 
    0.7605397165794594, 
    1.4894942125254278, 
    0.81082862725366101, 
    7.013035672952026, 
    4.5124378158745069, 
    7.0797539907899081, 
    1.0389122978082497, 
    5.613833821430096, 
    6.9795141874284194, 
    2.691212718067205, 
    4.8265005272791308, 
    5.9017081822918112, 
    7.2654142419666199, 
    6.3473717361556323, 
    1.3630499386583783, 
    6.3453988616945782, 
    3.9192837115375467, 
    5.0314862740142638, 
    0.87903010314545538, 
    2.2044355703823952, 
    8.9666016295400066, 
    5.3642178475178453, 
    5.8242029176474217, 
    8.6901875490948193, 
    0.89160715762403653, 
    2.9512556309383937, 
    6.7330903651573202, 
    5.7839190715783024, 
    1.4673879784652994, 
    0.34262201273222032, 
    6.7269014916593646, 
    0.58542546210676705, 
    1.2404612014446497, 
    4.7960937092571552, 
    0.24514670721007212, 
    1.0265436493929028, 
    1.3978399858957891, 
    4.6090344939955266, 
    4.8033762529502955, 
    3.9024748997427228, 
    6.9142785940391267, 
    6.319698707306431, 
    0.93605613086400974, 
    1.2258866622682731, 
    0.39916522792730902, 
    5.1251811733568031, 
    0.64991584804807068, 
    0.94312688933310296, 
    6.1549910002793826, 
    4.104940298317703, 
    3.5506839406792299, 
    4.799584403022866, 
    0.79653656312009258, 
    0.5227135349535984, 
    0.39867849460708693, 
    0.53327891357619239, 
    0.52870966106183537, 
    5.835272861384512, 
    0.78003148655799093, 
    0.52752195524990242, 
    6.3012334030878936, 
    1.0046417649646247
  ], 
  "mae": 9.964368803760344, 
  "pearsonr": [
    0.64981487006035388, 
    2.5798052644811525e-13
  ], 
  "variance": 0.9807628531624057, 
  "log_likelihood": -1138.0000976517997
}