{
  "warp_d": 0.13788892171513462, 
  "noise": 1.5274998993699345, 
  "log_likelihood": -3307.230599417627, 
  "nlpd": -3.3882103529778234, 
  "rmse": 6.4477319231742181, 
  "lengthscale": [
    34.615119861739068
  ], 
  "mae": 4.9553754136575403, 
  "pearsonr": [
    0.40607002541197063, 
    2.7683234404924354e-05
  ], 
  "variance": 93.02542342712846, 
  "warp_psi": [
    [
      3.1611137605757973e-19, 
      0.012644097925032096, 
      -0.10525132447100648
    ], 
    [
      2.7770944142349843e-43, 
      2.7365399438276339, 
      0.85635722662842495
    ], 
    [
      5.7099671454690967e-18, 
      0.011097388899381264, 
      -0.34920609402699121
    ]
  ]
}