{
  "lengthscale": [
    2.307246445154576
  ], 
  "noise": [
    85.52374220595992, 
    61.697823749131665, 
    87.30183371664327, 
    72.97077192675664, 
    85.46613215670567, 
    100.84021337978129
  ], 
  "kappa": [
    8.118411435124528, 
    7.836136586057047, 
    40.85778035982881, 
    55.02762238724044, 
    32.759320271480576, 
    18.81492981624401
  ], 
  "log_likelihood": -21500.1384263432, 
  "joy": {
    "mae": 14.422164359210697, 
    "nlpd": 4.4127710127414259, 
    "pearsonr": [
      0.51212993893747105, 
      5.1420759254904031e-08
    ], 
    "rmse": 18.433320205662522
  }, 
  "W": [
    -2.699039017315753, 
    -1.794676100478101, 
    -5.1908887788077855, 
    9.807179898336972, 
    -8.787544832803597, 
    2.183238656955683
  ], 
  "sadness": {
    "mae": 11.9912632112837, 
    "nlpd": 4.1906616735644162, 
    "pearsonr": [
      0.59758874358973624, 
      5.2473055706889888e-11
    ], 
    "rmse": 15.469267285006937
  }, 
  "disgust": {
    "mae": 4.6556032191654069, 
    "nlpd": 3.5332211108978786, 
    "pearsonr": [
      0.72603296063304523, 
      1.2678602460441492e-17
    ], 
    "rmse": 8.182176292385428
  }, 
  "variance": 6.205905440472305, 
  "anger": {
    "mae": 6.1921659208916324, 
    "nlpd": 3.5984549484503061, 
    "pearsonr": [
      0.65973997606148327, 
      8.3383084447362143e-14
    ], 
    "rmse": 8.4192488002898305
  }, 
  "surprise": {
    "mae": 8.8321410606082953, 
    "nlpd": 3.8952312518068051, 
    "pearsonr": [
      0.49329185991789237, 
      1.8438970900167305e-07
    ], 
    "rmse": 11.844393876244592
  }, 
  "fear": {
    "mae": 9.9675118167165184, 
    "nlpd": 4.0744212767670502, 
    "pearsonr": [
      0.68570603525674856, 
      3.5163477463632231e-15
    ], 
    "rmse": 13.938500520090217
  }
}