{
  "warp_d": 0.03425352048531986, 
  "noise": 0.2821654750864965, 
  "log_likelihood": -894.4524809737397, 
  "nlpd": -1.3408255163890317, 
  "rmse": 233.79574666889593, 
  "lengthscale": [
    177.35260534854197, 
    192.72903533071735, 
    222.53134200120584, 
    205.97689596184276, 
    177.24527860384293, 
    225.93803589858686, 
    185.82358189763653, 
    204.15017143469834, 
    190.96378863647581, 
    193.16744151715739, 
    206.97758910158305, 
    130.28084118793979, 
    228.90233060060865, 
    170.34489317064106, 
    162.45565969516036, 
    211.69844431637819, 
    182.65637047088202, 
    202.15552616266228, 
    243.23244127505274, 
    205.32324964148802, 
    229.34332536784794, 
    162.95246203141895, 
    179.89140807023247, 
    204.97780817601475, 
    205.8180069212373, 
    199.24443597528912, 
    193.55770470789744, 
    189.24139414283329, 
    213.56718452671032, 
    71.347127203997246, 
    167.77119935476674, 
    200.62231096245623, 
    132.72063161609165, 
    187.61924119799409, 
    230.95185924079885, 
    182.93125708938879, 
    198.71959546842803, 
    171.27083865718228, 
    211.00526203353664, 
    148.88332947199177, 
    170.46281462920035, 
    189.47425054371087, 
    211.11556958555019, 
    174.07086634842, 
    180.01793138052733, 
    181.99136508674007, 
    204.54434404060936, 
    156.86833985209446, 
    214.25075266068467, 
    139.02642114875979, 
    215.21927803495063, 
    157.39889813745461, 
    147.88576058080056, 
    197.62699236691617, 
    187.10335984253845, 
    323.50879296685281, 
    209.42898929481638, 
    236.49137430023001, 
    257.37594537723299, 
    153.686558822937, 
    153.42473140920251, 
    243.70954732828073, 
    192.71701488445572, 
    258.07624942968118, 
    165.98469625201909, 
    143.86661370068285, 
    212.9769396192755, 
    189.63025144887413, 
    208.18411719755946, 
    238.72676699876686, 
    164.99068064248388, 
    119.26823397268421, 
    179.10608517128532, 
    187.22143306182571, 
    182.41511036351238, 
    209.1512506667614, 
    220.80538400409841, 
    163.88591545956055, 
    215.7068319571639, 
    162.35631733511534, 
    133.30618905881374, 
    160.24005396416163, 
    177.06194764993813, 
    131.96300821955546, 
    209.68037037443469, 
    179.09492303501037, 
    221.76796881604091, 
    194.96076456306454, 
    166.07175148362936, 
    205.0786713367329, 
    222.22209482385443, 
    135.20334795023805, 
    161.02734789934561, 
    189.08956526494248, 
    224.58723117536476, 
    205.87050490931378, 
    156.03107518564946, 
    223.20372622078463, 
    137.88064385116095, 
    160.24354885452718
  ], 
  "mae": 148.96758081355273, 
  "pearsonr": [
    -0.38415120682762077, 
    7.9557845902339939e-05
  ], 
  "variance": 1156.8832200617458, 
  "warp_psi": [
    [
      105.59869555824443, 
      5.5626846462681369e-309, 
      -358.52791997407837
    ], 
    [
      271.36071284201483, 
      3663.8761085212427, 
      0.00081561359047622637
    ], 
    [
      5.5626846462681369e-309, 
      1.2785687444578405e-100, 
      -176.33917771595213
    ]
  ]
}