{
  "warp_d": 1.6117725327689043, 
  "noise": 61.95518458347209, 
  "log_likelihood": -3172.2592414326136, 
  "nlpd": -3.8061182274888865, 
  "rmse": 9.9731857397272261, 
  "weight_variance": [
    4.5475720193752111e-37, 
    7.857346570648483e-46, 
    2.3557660430839392e-61, 
    1.2929772794291945e-15, 
    9.2836246026967294e-44, 
    33.117626224873433, 
    1.9303605929560889e-16, 
    8.1709044153487438e-54, 
    1.5892706725889277e-45, 
    1.079903701933463e-10, 
    8.6273977743335148e-31, 
    8.3026945402300266e-52, 
    36.224907992241043, 
    2.4796981585381166e-13, 
    26.999480424647949, 
    82.263756701564262, 
    8.8306723242558648e-10, 
    9.2825104461257538e-38, 
    24.910544327192728, 
    1.3647551990872493, 
    11.161467831010523, 
    1.6410924626222276e-07, 
    4.9361922221066161e-53, 
    1.7378626007147303e-42, 
    9.9880722047011185e-33, 
    1.2361523738978932e-53, 
    364.27811590009293, 
    1.0976017766781061e-05, 
    3.9484314430468836e-52, 
    422.99825967534611, 
    116.53242143314081, 
    41.909254657023986, 
    33.976986489512448, 
    1.3597483337794289e-52, 
    1.3697800439663838e-52, 
    6.2726187693878173e-24, 
    1.7219721409081133e-52, 
    2.6086100184048482e-18, 
    7.7315498248039819e-32, 
    1.9877048779822543e-29, 
    1.0411021207215446e-11, 
    8.7631660619311326e-58, 
    1.7836508148991648e-46, 
    1.1231788263292863e-34, 
    5.2552832451177139e-49, 
    6.698720315656926e-53, 
    3.6058635545277808e-45, 
    1.3414367246691662e-24, 
    4.3898466943105871e-43, 
    90.712044623848598, 
    6.09728710805097e-09, 
    4.5942594346078477e-14, 
    2.9871648965770773e-20, 
    9.8220116125397006, 
    73.341770278492845, 
    540.16963160981288, 
    4.5332619845202206e-18, 
    7.9969436911654881e-48, 
    284.40360915041293, 
    1.8777491840242685e-52, 
    2.0916223740999693e-44, 
    7.3779257833233702e-33, 
    2.7349027291426659e-47, 
    1.5809551580125351e-27, 
    3.0028978276123273e-40, 
    1.7701183430612534e-28, 
    88.746105099335864, 
    5.5850063092032294e-18, 
    3.3891767421837095e-39, 
    222.5443368147159, 
    5.8645149939450187e-25, 
    208.50466306928683, 
    3.4609037153192968e-45, 
    90.935345526239161, 
    3.5428948420570267e-24, 
    3.5043246940578369e-58, 
    3.0605048149769605e-30, 
    207.86018292156555, 
    4.7127983951161217e-56, 
    119.1230944410099, 
    9.3983579433213915e-35, 
    4.6223534323198161e-07, 
    6.823588202894623e-58, 
    6.8846208522307932e-46, 
    150.23676164792826, 
    1.2951753619429723e-39, 
    3.2158124281498569e-52, 
    197.8126485437426, 
    3.6043492015553293e-43, 
    2.1697499215827936e-33, 
    2.5608743278478891e-44, 
    3.6688303935339364e-50, 
    63.289658184190799, 
    3.3639180228855605e-56, 
    208.80316399303001, 
    2.3178974340333424e-55, 
    300.47997077646619, 
    4.6711846728968702e-36, 
    1.242323888781591e-56, 
    6.007854664084645e-46
  ], 
  "bias_variance": 869.1755417162501, 
  "mae": 6.4150042419028548, 
  "pearsonr": [
    0.63471287784108688, 
    1.3308803756738201e-12
  ], 
  "variance": 1209.1629002250518, 
  "warp_psi": [
    [
      5.5626846462681369e-309, 
      0.027339696076726892, 
      -69.651977840751641
    ], 
    [
      5.5626846462681369e-309, 
      3.7126620098083691, 
      -18.708976043597488
    ], 
    [
      4.2643732986690268e-225, 
      5.5576165448163902e-09, 
      -4.4289418696767591
    ]
  ]
}