{
  "pearsonr": [
    0.66266487772423832, 
    3.8526167053358012e-17
  ], 
  "nlpd": 4.2317101898025529, 
  "rmse": 17.262652039387483, 
  "Gaussian_noise.variance": 30.63358424931084, 
  "mlp.variance": 1834.999273337663, 
  "mlp.weight_variance": 5022150.793107236, 
  "mae": 13.447026099959437, 
  "log_likelihood": -4862.4212805181, 
  "mlp.bias_variance": 160311458.60701632
}