{
  "noise": 0.122162917557415, 
  "power": [
    0.020311032165705612
  ], 
  "nlpd": -207.45209655143287, 
  "rmse": 9.6252785491870458, 
  "lengthscale": [
    8.4870990832379487, 
    8.8205247717904598, 
    0.98316521356938191, 
    7.6233415625371652, 
    10.050843819266492, 
    1.804885144397546, 
    0.21227138828470341, 
    0.38660541339829813, 
    4.123017728672612, 
    0.66408915378661693, 
    11.867409836189886, 
    7.8227493439938947, 
    1.362501554613559, 
    2.446535110294187, 
    0.3261442260711207, 
    0.2306153547630905, 
    0.77341907708039836, 
    11.940126235558006, 
    0.26237125938683209, 
    1.3235564482659834, 
    0.26734127739073876, 
    7.6766515799866708, 
    3.1557697539908189, 
    0.24480792197769047, 
    9.4016837137342204, 
    7.201587583470122, 
    7.7252569131720845, 
    9.3255175514856798, 
    8.6564887106903186, 
    0.44105934340152736, 
    0.77187099576541385, 
    0.38645470025704776, 
    5.0942198997896506, 
    1.1286727861511574, 
    7.3849499464067589, 
    12.570731749112108, 
    4.171117408847361, 
    9.3668191623934511, 
    10.386484089499493, 
    2.9981176950807025, 
    1.5275986208782135, 
    8.7810510102669657, 
    12.493471821870779, 
    8.8132761053688196, 
    7.0870409102827789, 
    7.1853451874625023, 
    9.6895994349596659, 
    8.2170360079118758, 
    6.715610327574514, 
    0.75018479487522349, 
    15.560385910593201, 
    10.155626055730618, 
    1.2599949474108454, 
    0.75433703723210221, 
    8.4359943006320481, 
    2.501410530611258, 
    10.019879679273226, 
    11.572763530724888, 
    4.4955112707660012, 
    9.000220020634341, 
    0.21211522725184367, 
    8.0137717578052374, 
    7.8000729173380856, 
    4.9143696172621851, 
    8.8109024117498684, 
    1.7372140458870027, 
    0.95679036891294122, 
    0.53423641390639443, 
    10.240289944227394, 
    0.49944437712136841, 
    7.3718566282060287, 
    6.3809895954872937, 
    9.9554128505327579, 
    1.1440150924378738, 
    0.93400470151301285, 
    9.2623196951429154, 
    0.26396107316366296, 
    0.77981578631837944, 
    0.72804421586357249, 
    0.42455451724249288, 
    7.4314593045703354, 
    0.23609489901527972, 
    3.9585958702951913, 
    4.1802808612489377, 
    7.4572726025018241, 
    13.290224581065324, 
    6.0410519654101646, 
    9.7616265551294799, 
    0.86614730291420872, 
    1.3196541025340218, 
    0.6088339240229832, 
    7.6748142749649162, 
    6.5987287531193299, 
    5.3749756581357193, 
    0.64030703084149376, 
    0.91633745927576093, 
    9.6829777436857523, 
    0.257083825644358, 
    4.2593248856757304, 
    6.3785430615267726
  ], 
  "mae": 6.7688948991326514, 
  "pearsonr": [
    0.60595620746210122, 
    2.3890004155106963e-11
  ], 
  "variance": 14.442728333637815, 
  "log_likelihood": -999.4290347982023
}