{
  "noise": 296.69530735726227, 
  "log_likelihood": -3886.8799348039256, 
  "nlpd": -4.4488779612941167, 
  "rmse": 20.351868107296763, 
  "mae": 16.619991080235831, 
  "pearsonr": [
    0.45544010107241217, 
    1.9252024999262298e-06
  ], 
  "variance": [
    17.418021205645566, 
    0.00033229937775556943, 
    2.7351270614187894e-05, 
    66.055309686550913, 
    116.5772945410374, 
    63.247190132089138, 
    8.362377267124776e-06, 
    5.1810890306573223e-05, 
    9.1565863012925703, 
    90.811075662661594, 
    3.6617222875941293e-05, 
    10.997426436054692, 
    3.1599609957141734e-05, 
    6.1552421604609009e-05, 
    8.1861220321802506, 
    3.106827084527511e-05, 
    1.5098152577297358e-15, 
    3.3045196807552507e-05, 
    2.2092741051785553e-05, 
    10.656292462373855, 
    20.858581659677309, 
    10.079816492072824, 
    3.2902027810630031e-05, 
    2.2156458590199278e-05, 
    4.1774410749724032e-05, 
    2.5350860346361712e-05, 
    4.1868643375650749e-05, 
    7.0036384832869711e-19, 
    2.626078637864535e-05, 
    230.74586955619031, 
    135.4297919774815, 
    4.2079297679464351e-12, 
    3.6621865782771512e-05, 
    198.2669470295794, 
    37.960574908791358, 
    9.5668962497066392, 
    1.8993426312113889e-06, 
    2.6568674438968869e-05, 
    37.122201867992963, 
    3.2265883895304551e-06, 
    82.932467006142076, 
    3.7478858190367493e-05, 
    182.16805043490589, 
    40.363799400491956, 
    27.64438489852904, 
    3.3661878949593306e-05, 
    39.772520749798247, 
    0.00011029583551522009, 
    26.34845032394912, 
    2.8293146346381389e-05, 
    227.39428297235111, 
    17.164127696080186, 
    3.07897975110593e-05, 
    0.00071659656688084707, 
    2.9542235287347574e-05, 
    29.516736588758519, 
    2.8564961580535147e-05, 
    1.0134512547469808e-26, 
    0.00011934180957374139, 
    39.223595708144849, 
    73.661427757726059, 
    90.611469253274279, 
    2.8182762222609969e-05, 
    6.7651560785918946e-08, 
    19.777425567994413, 
    4.5490590765453273e-05, 
    4.6265988243340578e-06, 
    3.6920870553664779e-05, 
    70.705152869964323, 
    5.2734196560580829e-17, 
    156.44250385223452, 
    28.148469518021624, 
    38.159579463073861, 
    2.1751310280121043e-05, 
    47.306196379826808, 
    4.7472934452815334e-05, 
    6.9999805219097899, 
    18.826634886631989, 
    41.733761146754929, 
    266.61710924212457, 
    1.4123466951384154e-06, 
    0.00015501610561523423, 
    7.0822515210539034, 
    135.51183319607253, 
    20.737427922638719, 
    4.3112886593158071e-05, 
    145.55640092786354, 
    8.6605227951105788e-05, 
    28.319509692450836, 
    1.6341362646878915e-05, 
    37.264977458480324, 
    43.063632014479879, 
    8.030718975519344e-05, 
    3.6121920467797905e-05, 
    34.390442852149349, 
    33.165743975343553, 
    3.2097640682724776e-05, 
    21.214606665046094, 
    2.9193776904488069e-05, 
    2.7913579269376415e-05
  ]
}