{
  "warp_d": 0.16424878201144483, 
  "noise": 1.861657603160784, 
  "log_likelihood": -3303.520463335859, 
  "nlpd": -3.3801025206688253, 
  "rmse": 6.4526841528005772, 
  "lengthscale": [
    7.3925820634240793
  ], 
  "mae": 4.9992258328398966, 
  "pearsonr": [
    0.43833604092805739, 
    5.0844181871160748e-06
  ], 
  "variance": 10.126447994937886, 
  "warp_psi": [
    [
      2.9606135793349761e-07, 
      0.081576175476387833, 
      -0.35585403146803579
    ], 
    [
      1.3350077967655342e-07, 
      0.66727186137725336, 
      4.2424357896820295
    ], 
    [
      2.5116788531462059e-07, 
      0.22129364414517347, 
      1.265805066354551
    ]
  ]
}