{
  "noise": 103.6511629603385, 
  "log_likelihood": -3537.501500905739, 
  "nlpd": -3.7600739144646917, 
  "rmse": 10.021920312825834, 
  "lengthscale": [
    2.1323884605801613, 
    40.442475826494487, 
    2.69859535578051, 
    7.7597599632897021, 
    1.5877903923670935, 
    36.776124716809143, 
    39.770055099672888, 
    1.8115404107069892, 
    28.113646530113023, 
    32.761144442196795, 
    31.533151770578218, 
    46.221520854535633, 
    56.505127371444821, 
    29.598846589188167, 
    2.9463660205246471, 
    32.317810770808912, 
    43.122335993445169, 
    1.8629934010343046, 
    7.6197153780229199, 
    29.69815582563573, 
    18.347961861013175, 
    23.275937949322682, 
    2.0166406291725893, 
    25.995114898450158, 
    26.985552930574503, 
    23.368165478980757, 
    63.672291839295639, 
    32.44368227493289, 
    49.734246754986458, 
    5.9928798446015694, 
    56.454821416074587, 
    37.967311582942223, 
    7.8311218168338215, 
    1.7373525739700795, 
    74.028664737117381, 
    23.751727746217835, 
    3.3586248139760491, 
    43.938616839694049, 
    2.4792898149871765, 
    46.031886516793996, 
    1.4436889384550096, 
    35.312271697548169, 
    30.647588940353394, 
    32.499722185089155, 
    20.259467047590618, 
    29.851302715310766, 
    35.973561826894986, 
    21.766225160107783, 
    28.096788722867522, 
    28.867746907052734, 
    71.926504873915647, 
    29.456261041497068, 
    20.615125249550946, 
    70.327172731619655, 
    6.7928230771996922, 
    34.989877847367453, 
    3.5655264408578859, 
    41.047451458817292, 
    2.4595640200831728, 
    4.4422309194506138, 
    22.674046418478856, 
    2.7408593968883945, 
    3.6029903190840256, 
    72.613970077706426, 
    34.445139689164996, 
    16.159230671567862, 
    3.7828825670746902, 
    1.5972211879873535, 
    85.640244827433406, 
    57.728990593485349, 
    2.776538601465194, 
    7.7274988335128496, 
    0.96932269487303024, 
    7.8353588135296013, 
    22.562401632376993, 
    27.080908122007827, 
    7.8705635769321756, 
    4.994341760961186, 
    23.761204433554617, 
    27.57258733703728, 
    10.122024121036493, 
    3.0559224130756615, 
    22.504258894110528, 
    28.634363273827077, 
    34.32911848293368, 
    4.6496802444464098, 
    21.034892051135408, 
    34.179647857189472, 
    22.454297627711671, 
    32.328510454700542, 
    1.3815153403034703, 
    28.559908754288696, 
    2.9749768528559803, 
    26.759377078667001, 
    22.504878962899362, 
    86.708154243235896, 
    2.1643362791577556, 
    1.6930027091836655, 
    30.40623537221671, 
    60.364032051281896
  ], 
  "mae": 7.9308581729194927, 
  "pearsonr": [
    0.38828456400219441, 
    6.5565748571517706e-05
  ], 
  "variance": 262.1653368991146
}