{
  "noise": 96.48638314386197, 
  "log_likelihood": -3686.809259586508, 
  "nlpd": -4.0940651772317809, 
  "rmse": 14.168951985786107, 
  "lengthscale": [
    2.1620078743575628
  ], 
  "mae": 9.766426935342043, 
  "pearsonr": [
    0.76029075320891659, 
    4.5636714699021495e-20
  ], 
  "variance": 322.31993258686146
}