{
  "noise": 28.784636387968458, 
  "log_likelihood": -3362.732440788722, 
  "nlpd": -3.6870649240496052, 
  "rmse": 9.0929806228862731, 
  "lengthscale": [
    13.50753908303721, 
    14.071856296983677, 
    8.5705336353449315, 
    10.232038086798909, 
    13.823643051693947, 
    11.139588065283405, 
    0.74524806991441894, 
    9.5487119367980178, 
    11.822582087952098, 
    1.1787941022561024, 
    13.036434962301296, 
    12.68589659865267, 
    10.017304067060556, 
    8.0155802270215499, 
    0.86965251930282927, 
    0.43407530413398954, 
    1.626292636762001, 
    11.969019555728902, 
    0.80900393336351795, 
    8.223776276316638, 
    0.71760732682191208, 
    6.4390864136252661, 
    10.940916340288675, 
    0.89210251795014206, 
    13.000420239058274, 
    13.381017785436088, 
    6.1090883125060014, 
    10.069380310867304, 
    13.734040118018944, 
    1.0881613602306581, 
    1.0042104943426544, 
    0.8279715098256375, 
    12.414739758444165, 
    10.722033310015938, 
    14.408688546958768, 
    0.74317773713264323, 
    11.736386910617691, 
    13.696974623501955, 
    9.0074707433430667, 
    11.818430118469914, 
    1.5627680159973769, 
    15.59641845971052, 
    19.173149274073953, 
    12.808923861550145, 
    7.3711141127857092, 
    4.9808988109427901, 
    13.437790252163452, 
    11.799806864766403, 
    12.287073316154769, 
    1.5599540887878731, 
    32.743083793088154, 
    13.45441720388855, 
    1.6242699901053117, 
    2.475544788013706, 
    14.091811623815667, 
    4.3944922614158113, 
    14.483453158585828, 
    14.002203570854199, 
    11.215278847501082, 
    13.340445465925924, 
    0.77041431488773338, 
    12.841055891387976, 
    13.051728302595688, 
    14.263858402397238, 
    15.726030448379063, 
    11.095102237642363, 
    7.8223853968684418, 
    18.345449463153585, 
    14.439742483852102, 
    2.6325407384877084, 
    12.333149694227469, 
    1.0602854810976363, 
    0.65783884849721364, 
    9.9159479797152805, 
    0.8080369657043599, 
    12.891140766541492, 
    0.71236411281839551, 
    7.876828455019206, 
    1.9225572695947968, 
    1.7474281707852795, 
    6.1080735000426856, 
    2.0498711124859117, 
    13.909506005792647, 
    6.142318101363438, 
    11.916477763280316, 
    6.3813978525122188, 
    13.32004548989709, 
    13.671608990328355, 
    7.9992822886164818, 
    5.7032246765176646, 
    9.3362205476019593, 
    12.402656920606336, 
    14.38638467340515, 
    12.836670677862916, 
    1.4857650495501944, 
    1.167294379001617, 
    14.424891902651449, 
    0.56114314737744886, 
    1.0937906439904965, 
    19.463497000182496
  ], 
  "mae": 6.4155303850645398, 
  "pearsonr": [
    0.66989876860752373, 
    2.5093074930160963e-14
  ], 
  "variance": 135.49265249903866
}