{
  "warp_d": 0.2718847378800536, 
  "noise": 8.488612906289385, 
  "log_likelihood": -3535.9144155702993, 
  "nlpd": -3.9115816603827982, 
  "rmse": 11.959052849609252, 
  "lengthscale": [
    2.0211233433231341, 
    11.599323495691136, 
    5.5350582885869839, 
    8.283076234773711, 
    1.4901227252277565, 
    14.467665456741459, 
    15.229459201004994, 
    1.8026019267517306, 
    12.997861294473106, 
    6.2460183302408039, 
    14.875649579277217, 
    11.580262176972827, 
    15.80295573248172, 
    13.050796182190519, 
    3.4746268373664271, 
    13.241018877823374, 
    13.946960459067339, 
    14.333226133536774, 
    11.484015640071268, 
    16.954205510696472, 
    9.6004924400643841, 
    9.6429733570915097, 
    5.0768245646824619, 
    13.939566532490131, 
    14.289495038211951, 
    14.7659972368476, 
    15.807865803920306, 
    14.613043235098244, 
    15.197810785652612, 
    3.4197346687007326, 
    11.394005805256883, 
    7.8250880159154361, 
    6.4008960646631712, 
    9.8414867417639265, 
    14.971061583026168, 
    13.038507791182642, 
    5.0986174883448809, 
    15.416976847445499, 
    1.9642287281084714, 
    14.264216022798339, 
    2.5017308326686716, 
    13.010765637011312, 
    17.235467485302831, 
    11.255662337440734, 
    2.6484994725525164, 
    14.816097237305533, 
    14.435033605867499, 
    11.154689923127469, 
    13.600060368227846, 
    16.751424055605462, 
    13.119083012121205, 
    13.228122542058063, 
    11.230466181904031, 
    15.198063984694349, 
    11.137192017577615, 
    22.27058257376795, 
    6.8753125653344842, 
    16.771620578720498, 
    13.96049750504725, 
    13.550265949918723, 
    16.211465863270931, 
    13.703753949446998, 
    2.9663919104878538, 
    12.486701477418515, 
    8.5494630126771529, 
    12.415355894723811, 
    4.2444280308798996, 
    1.658383979203899, 
    16.809940097565715, 
    13.050633268229774, 
    4.4545878720755452, 
    9.9448749321178571, 
    0.96445795030999482, 
    10.732083224456545, 
    12.968145888616649, 
    15.203142619399289, 
    17.089516329598307, 
    5.0028110914579011, 
    14.583463182084373, 
    11.092858736168591, 
    8.1075307143545228, 
    8.785955740440718, 
    12.457641750273217, 
    13.756645192037452, 
    15.318504770331094, 
    10.383551723513964, 
    14.791756333507408, 
    15.773988257530918, 
    15.617923990788389, 
    9.4601897730539353, 
    3.5879363679536636, 
    12.70557514036647, 
    1.4874543135294187, 
    13.835265606123601, 
    13.739513119681996, 
    15.704790097754639, 
    2.1645208830547986, 
    5.2015255356625092, 
    13.695940709806605, 
    9.9604888270033669
  ], 
  "mae": 9.5762681313988267, 
  "pearsonr": [
    0.43138972112402157, 
    7.4321194016223387e-06
  ], 
  "variance": 29.985308268989794, 
  "warp_psi": [
    [
      1.4502300885946134e-17, 
      3.1970033982276676e-05, 
      -0.83240187851458813
    ], 
    [
      5.317938873608515e-18, 
      1.5335900893118295, 
      -3.5964237433596278
    ], 
    [
      1.4248609929793786e-15, 
      0.00062843669277136492, 
      4.0397067797128301
    ]
  ]
}