{
  "warp_d": 0.49165769584436614, 
  "noise": 6.711851515505991, 
  "log_likelihood": -3800.1331337364304, 
  "nlpd": -4.148832855348374, 
  "rmse": 16.048090932551951, 
  "weight_variance": [
    20.545636299061218, 
    35.118038707455966, 
    36.983100825899683, 
    0.0084524509505108977, 
    8.3609481287088069e-08, 
    28.516069366469928, 
    44.449111799219381, 
    25.397615963138719, 
    43.897480555291011, 
    1.8803167829314659e-11, 
    45.537201723257226, 
    8.4677713957311465, 
    3.4961970403437594, 
    6.1715096187858973e-24, 
    8.491385813886048e-13, 
    1.67114583718155e-12, 
    1.2196465627056286e-16, 
    7.3715271058156312e-18, 
    63.936804056408704, 
    22.862910041489346, 
    2.0087806071881664e-11, 
    6.0871601444051469e-07, 
    52.562715649809775, 
    2.551602824927877, 
    5.0401720880255208e-20, 
    2.3768191987017906e-20, 
    18.692420959724362, 
    0.00019055720692833921, 
    1.1922675257243989e-06, 
    8.1879838173002994, 
    49.567838026533906, 
    1.0946076878896e-05, 
    2.1444735465206137, 
    9.695187408704627e-16, 
    44.137142344447049, 
    36.162971611661547, 
    1.0705090904108977e-18, 
    3.6045714733103708e-20, 
    1.3733739567297325e-11, 
    6.4949741804875586e-21, 
    8.0139678413724645e-20, 
    32.528678075017716, 
    0.006354490264023494, 
    9.2992723633830096e-16, 
    23.352530308483349, 
    13.069508249105114, 
    1.068950923505957e-17, 
    12.100939914306046, 
    109.60496254899903, 
    16.190950218859133, 
    1.231520607032227e-17, 
    1.3626936129381601e-08, 
    4.1801142044675211e-14, 
    3.2625499560986502e-10, 
    24.869965627270297, 
    9.124895587480688e-12, 
    0.00044376904362457433, 
    1.3179392790900122e-18, 
    14.155783677984504, 
    7.7379341595792805, 
    1.9781707088702798, 
    17.908277275202938, 
    5.4932733825393092e-08, 
    21.11420600594969, 
    55.252576521945635, 
    2.8195432767197026, 
    2.3132570715043233e-21, 
    9.5657004667106602e-16, 
    1.8701772626306892e-13, 
    66.996730997940418, 
    2.5551488840621783e-20, 
    11.756879163173616, 
    3.1053163905490204, 
    21.801985504605675, 
    9.9576766152475944, 
    83.129796159733615, 
    5.7926410640720634e-17, 
    22.309507823105665, 
    6.3053250796509851e-12, 
    5.6189930408853161, 
    44.42073091063893, 
    5.0512201338416727, 
    2.4645693680287719e-20, 
    1.9611859616013828e-19, 
    85.969725645642157, 
    58.844465568641013, 
    0.00028582221237093808, 
    61.278518337815989, 
    25.346444390727601, 
    8.0239995648246474, 
    94.44164600475203, 
    20.305610387946675, 
    28.843867934759334, 
    4.1477530156947324, 
    51.66054491646377, 
    7.4965309172616914, 
    4.8407415311366018, 
    5.4587153135122506, 
    38.004703896097446, 
    87.591452046609959
  ], 
  "bias_variance": 186.2694737657168, 
  "mae": 12.373524871210758, 
  "pearsonr": [
    0.74172564268626417, 
    1.0751865066338036e-18
  ], 
  "variance": 363.9517701473194, 
  "warp_psi": [
    [
      8.9890818343428299e-80, 
      0.27896554607512009, 
      -23.554735653826491
    ], 
    [
      3.4680744283437638e-164, 
      4.576916841503733e-15, 
      -6.1051615122598095
    ], 
    [
      1.1860689961166197e-114, 
      0.1380931384647838, 
      -13.195821905133304
    ]
  ]
}