{
  "noise": 20.70430258240257, 
  "log_likelihood": -3358.4031723151347, 
  "nlpd": -3.6653098023275641, 
  "rmse": 9.4330993929251168, 
  "weight_variance": [
    1.6776823894044425e-14, 
    9.448250171300197e-15, 
    42.543276385120329, 
    1.0067330932083543e-16, 
    5.0647535350110606e-12, 
    28.193373143717999, 
    500.50606106912909, 
    195.39276017949103, 
    6.1751344794073444e-16, 
    91.659475442423741, 
    4.1977884463712014e-15, 
    3.6686404716533815e-13, 
    3.6536737333065558e-16, 
    2.6873482620386423e-15, 
    286.01983562107614, 
    1070.3299234934143, 
    33.988518926607327, 
    3.8748026881695369e-18, 
    140.18425855654235, 
    7.6255957038799198e-19, 
    330.68479317154845, 
    9.3373529504959693e-36, 
    9.8541109860645693e-14, 
    8.6068507046187739e-209, 
    42.072788084292796, 
    3.2604796958352544e-25, 
    0.064220670176439815, 
    111.42970120497866, 
    5.117773911847445e-20, 
    183.92954033274785, 
    55.204607261271853, 
    163.53106364747396, 
    1.369581681894448e-14, 
    19.86497618363634, 
    1.2299718626359851e-14, 
    2.0219119849556392e-36, 
    3.003549548646404e-15, 
    3.0901581968736278, 
    6.0195334117249252e-20, 
    3.3627389691475509e-22, 
    18.293554722129514, 
    3.6931337083172469e-37, 
    5.3533778746628487e-14, 
    6.3049941926523442e-14, 
    1.7376021248028885e-16, 
    77.823854346561191, 
    5.2059979388420265e-16, 
    1.7956393426281045e-15, 
    3.3607876186186184e-34, 
    3.7313016051262749e-33, 
    4.2349590075841532e-208, 
    2.5453083045987574e-21, 
    180.3677306438037, 
    1.4717595575971944e-40, 
    5.6127537415037957e-15, 
    3.7936455453976752, 
    9.1062998873693277e-15, 
    1.7371864201249952e-18, 
    4.4365742929494471e-18, 
    1.0816693324823958e-13, 
    1051.8371320044869, 
    4.3963539982128043e-16, 
    5.1318615130710392e-17, 
    1.1122534074606054e-18, 
    1.0115479238930556e-15, 
    504.18647326404806, 
    10.23851572138534, 
    8.6706682513747212e-18, 
    8.6370518004565586e-15, 
    42.916398768357148, 
    3.6973671317477704e-16, 
    7.0950033816914697, 
    1.4686183504545654e-20, 
    15.933895747968931, 
    8.5782889662163451e-11, 
    1.2303955289690698e-14, 
    750.61243627272256, 
    451.16383322915408, 
    63.632444339627469, 
    69.612252126241799, 
    6.7056223308707364e-22, 
    1.3722202057794995e-18, 
    148.00520011891797, 
    1.5052125054466605e-27, 
    1.4190383521183792e-56, 
    143.03158308066611, 
    7.5337037878580204e-16, 
    6.65261819520749e-05, 
    23.930766133985856, 
    8.3978054543790357, 
    2.465331064259109e-40, 
    3.1502971541016275e-15, 
    25.365243044245052, 
    4.362191337075212e-15, 
    115.80044166241949, 
    58.666379131218271, 
    7.7608450358538536e-15, 
    2712.6896716822821, 
    4.5326208882858439e-38, 
    4.3389220920102968e-36
  ], 
  "bias_variance": 2.2228266986803138e-19, 
  "mae": 6.8125695447962364, 
  "pearsonr": [
    0.613369187049011, 
    1.1669392342218098e-11
  ], 
  "variance": 308.69054739944886
}