{
  "regularization": 10.0, 
  "rmse": 15.409014407073434, 
  "intercept": -0.53971677109339, 
  "mae": 10.885895240302267, 
  "pearsonr": [
    0.62078162038046159, 
    5.5935196374255691e-12
  ], 
  "coefs": [
    -0.17507735285662246, 
    -0.0079824030100748792, 
    -0.1716199718622011, 
    -0.26839299237515546, 
    -0.13524411673544631, 
    0.061983791817433354, 
    -0.15968567583101395, 
    -0.19638636504308063, 
    -0.028751722955025628, 
    0.46818792983781882, 
    0.14319641041568415, 
    -0.025336914502111795, 
    0.13751698667653656, 
    0.058595125934753557, 
    -0.048829688748532968, 
    0.077161205282258546, 
    -0.2121298838476483, 
    -0.030482294075456766, 
    -0.19344240843833446, 
    -0.024866552532111421, 
    0.15394832980969178, 
    0.028480034199355554, 
    0.21830368485784007, 
    -0.14709180373460901, 
    -0.14928864382547025, 
    0.2780489451811638, 
    0.10641423573448844, 
    0.32302953661986011, 
    0.017439142870401464, 
    0.3379695070598972, 
    0.14505091070673073, 
    0.00061853798764127665, 
    0.13488400353324412, 
    0.071225443472716796, 
    -0.21697108543209331, 
    -0.34829738253171078, 
    0.16803875650344932, 
    -0.52597972140661431, 
    0.17084973677687867, 
    0.14554430585658237, 
    -0.076511224874045006, 
    0.0037622144158298183, 
    -0.16509229799284553, 
    -0.11480724033678277, 
    0.33810481772584594, 
    0.034266089780828062, 
    0.35970182091419894, 
    -0.021329289936414208, 
    -0.068001486879411197, 
    0.087712220826104498, 
    -0.075660768236072748, 
    0.10560794809108684, 
    0.013374083617901038, 
    0.061253222656225896, 
    -0.16769050612966424, 
    -0.11761685923939097, 
    0.26921304542270369, 
    -0.011716016665359118, 
    -0.053517166129944865, 
    0.18750856253131115, 
    0.19582323342437585, 
    0.22036339590347104, 
    -0.015765854810352524, 
    -0.040117095167322939, 
    -0.033053455138953372, 
    0.23251753564391534, 
    -0.33859627486380345, 
    0.028711940047786072, 
    0.026116072013220457, 
    0.3077481926152501, 
    -0.072921400556362315, 
    -0.15742514103809438, 
    0.014815226339406448, 
    0.21555233086444098, 
    0.13484720541760375, 
    -0.067154385794696916, 
    0.31122383124804687, 
    -0.099200283229386302, 
    -0.11824599155762466, 
    0.20452754192381578, 
    0.36558382593263167, 
    -0.23820684439958173, 
    -0.34336920489017991, 
    0.071512084383888674, 
    0.038859733692098886, 
    0.052446402828185544, 
    0.070529774560266101, 
    0.098534127231219168, 
    -0.079816112617719648, 
    0.0081751509286772106, 
    -0.077911881404011479, 
    0.21294349026520593, 
    -0.0026279024050221041, 
    -0.068104014397481316, 
    -0.17062113834902828, 
    0.12381668350393807, 
    -0.010023561704523344, 
    -0.032291896225225235, 
    0.039831770226827615, 
    -0.22647560423407048
  ]
}