{
  "lengthscale": [
    2.0624409298307227
  ], 
  "noise": [
    54.070244523056296, 
    35.73049761114278, 
    47.971924821519096, 
    51.266476673670454, 
    46.3048415047703, 
    70.39630343685216
  ], 
  "kappa": [
    7.884986454807804, 
    7.164938450135897, 
    27.303401577428932, 
    28.8526064831019, 
    32.159434007485636, 
    15.989497259523946
  ], 
  "log_likelihood": -21391.387453873198, 
  "joy": {
    "mae": 12.653657025237326, 
    "nlpd": 4.2247529998013942, 
    "pearsonr": [
      0.60767500574082289, 
      2.0266757081505938e-11
    ], 
    "rmse": 15.945622723299481
  }, 
  "W": [
    2.1992888817139966, 
    1.5095888831044824, 
    2.7394507851000482, 
    -5.7744174972683044, 
    4.92857810294946, 
    -1.3044412464760275
  ], 
  "sadness": {
    "mae": 12.04167428981623, 
    "nlpd": 4.2956338700342345, 
    "pearsonr": [
      0.63679321010693435, 
      1.0673530534364066e-12
    ], 
    "rmse": 16.932748589101472
  }, 
  "disgust": {
    "mae": 4.683596877066365, 
    "nlpd": 3.3398413716671298, 
    "pearsonr": [
      0.45157462229343409, 
      2.4088013721976662e-06
    ], 
    "rmse": 6.2300129186808757
  }, 
  "variance": 9.502211958343572, 
  "anger": {
    "mae": 6.7806184535577199, 
    "nlpd": 3.7252425884564406, 
    "pearsonr": [
      0.70269954397408041, 
      3.6851041348617446e-16
    ], 
    "rmse": 9.9538192432050323
  }, 
  "surprise": {
    "mae": 9.9412960188637065, 
    "nlpd": 3.9778993552195994, 
    "pearsonr": [
      0.51743633421965529, 
      3.5381821047954265e-08
    ], 
    "rmse": 12.758189122109616
  }, 
  "fear": {
    "mae": 11.238772197048984, 
    "nlpd": 4.1700543828778285, 
    "pearsonr": [
      0.74348697871299929, 
      8.0607794222567845e-19
    ], 
    "rmse": 14.99435453338412
  }
}