{
  "lengthscale": [
    2.1768316683361371
  ], 
  "noise": [
    32.232036980666656, 
    16.365565975637786, 
    45.19541592284247, 
    36.21139128597938, 
    36.61739201696879, 
    71.68808428034252
  ], 
  "kappa": [
    2.412496846177259, 
    5.304195901475252, 
    25.318286049476782, 
    25.305084822835063, 
    28.370776880372684, 
    15.040979986021599
  ], 
  "log_likelihood": -21275.96825200315, 
  "joy": {
    "mae": 12.324809411580691, 
    "nlpd": 4.2341567802017348, 
    "pearsonr": [
      0.6153876823255674, 
      9.5699252907143187e-12
    ], 
    "rmse": 16.314369113968041
  }, 
  "W": [
    [
      1.9719354087148864, 
      3.0020659546702095
    ], 
    [
      1.6734123246436226, 
      1.8748967288728333
    ], 
    [
      -1.1787210956701488, 
      2.5901776187621945
    ], 
    [
      2.590365321004064, 
      -5.0041947073698392
    ], 
    [
      -2.6275949441899145, 
      4.1048040074988199
    ], 
    [
      0.53385720306652873, 
      -1.0274999271157921
    ]
  ], 
  "sadness": {
    "mae": 11.266727371898332, 
    "nlpd": 4.1592339287649214, 
    "pearsonr": [
      0.68012499814712291, 
      7.1366319222803277e-15
    ], 
    "rmse": 15.124813339941516
  }, 
  "disgust": {
    "mae": 5.8385969037153442, 
    "nlpd": 3.6292104941983294, 
    "pearsonr": [
      0.2623824583650754, 
      0.0083590638083186238
    ], 
    "rmse": 8.9276110141416751
  }, 
  "variance": 10.414853837339068, 
  "anger": {
    "mae": 7.5206148610700074, 
    "nlpd": 3.8177243938457082, 
    "pearsonr": [
      0.6926348443475997, 
      1.4282406339135336e-15
    ], 
    "rmse": 10.835284620155871
  }, 
  "surprise": {
    "mae": 10.295082848915706, 
    "nlpd": 3.9791671153814159, 
    "pearsonr": [
      0.4966131992242479, 
      1.480344042551529e-07
    ], 
    "rmse": 12.849088710090736
  }, 
  "fear": {
    "mae": 8.7805290684830553, 
    "nlpd": 3.8915484976179329, 
    "pearsonr": [
      0.82283283848938882, 
      8.6145595348855811e-26
    ], 
    "rmse": 11.295184259829854
  }
}