{
  "log_likelihood": -4711.657194654343, 
  "nlpd": 4.166360126108211, 
  "rmse": 15.558954345455085, 
  "Gaussian_noise.variance": 222.89543051255373, 
  "mae": 11.437837212097437, 
  "pearsonr": [
    0.66381214207779127, 
    3.2543363406749412e-17
  ], 
  "linear.variances": 17.421088413617692
}