{
  "warp_d": 0.10636362193394204, 
  "noise": 0.29418574992843727, 
  "power": [
    0.015097371691374803
  ], 
  "nlpd": -3.8167716705638064, 
  "rmse": 10.847771473643833, 
  "lengthscale": [
    0.48550987797848949
  ], 
  "mae": 7.4746586671112585, 
  "pearsonr": [
    0.69225511965305497, 
    1.5015145392392555e-15
  ], 
  "variance": 27.490024341297442, 
  "warp_psi": [
    [
      1.7145228494445592e-08, 
      0.84028189367712269, 
      -2.6029623978635938
    ], 
    [
      1.1094116717854056e-16, 
      1.8611823307327799, 
      -3.6122487723642163
    ], 
    [
      5.2815247139374714e-10, 
      0.42634543547590403, 
      3.4239343255246477
    ]
  ], 
  "log_likelihood": -3404.0021462039185
}