{
  "regularization": 10.0, 
  "rmse": 17.375253084858731, 
  "intercept": -0.26127747182161126, 
  "mae": 12.729556481459163, 
  "pearsonr": [
    0.61350693116310651, 
    1.1513024314751747e-11
  ], 
  "coefs": [
    -0.14544425514994258, 
    0.071710523303821522, 
    -0.07831814350313579, 
    -0.20095096190407583, 
    -0.15850728088896868, 
    0.22539491948791762, 
    0.06674480764983988, 
    0.13508709236734207, 
    0.29243782053433776, 
    0.02964209921027007, 
    0.015968851294768625, 
    0.29624958768476312, 
    0.21393978962892249, 
    0.041967786050143709, 
    0.086428896770425021, 
    0.11793628846105464, 
    -0.055400474973163957, 
    0.16361740570484143, 
    -0.17633078796833124, 
    0.34597115217854513, 
    0.16529053823451334, 
    0.066801654590945045, 
    0.38011026305330003, 
    0.15288790378995862, 
    0.12666060310046159, 
    0.041345420361347245, 
    -0.015280772721477778, 
    0.22490186934099862, 
    0.13830901567967419, 
    0.22505274778535, 
    0.38478546764871857, 
    0.14308938104794694, 
    -0.12419555732679051, 
    -0.12215601525405469, 
    -0.45724734498843544, 
    -0.018500052735580134, 
    -0.092405621712759595, 
    -0.16584996130915655, 
    0.023312032286918975, 
    0.11597213893010634, 
    -0.16905224872043828, 
    0.11989806624608763, 
    -0.091694887466470129, 
    0.029203876543403916, 
    0.16336313994558496, 
    0.25706926877396624, 
    -0.062363624153337779, 
    0.16843498120623623, 
    -0.4228395248763131, 
    0.262283588038981, 
    0.048282221567606795, 
    -0.26021573216346539, 
    -0.094659307158489872, 
    0.25848328491428518, 
    0.14234478189965113, 
    -0.037371949238935241, 
    -0.031936258800285215, 
    -0.064100860277532368, 
    -0.062774069127615809, 
    0.35794138461504066, 
    0.15570266908020372, 
    -0.013507545934860669, 
    0.0092621858696138974, 
    -0.085616462906266608, 
    -0.4993432028509775, 
    0.22710797288510245, 
    0.084831254750955584, 
    0.055328366563824317, 
    -0.079082327891225254, 
    0.055378625383557284, 
    -0.14541926128689867, 
    -0.067435742152695016, 
    0.0079681069758191728, 
    0.42369550551227741, 
    0.23622680886251257, 
    -0.2415868567430792, 
    0.14270908135416138, 
    0.16103441391251586, 
    -0.10125369793086336, 
    0.24147412247595312, 
    0.26508264578494328, 
    0.34545040827596629, 
    0.14582765551736568, 
    -0.0059561716950045076, 
    0.090329162257507506, 
    -0.081387556500037109, 
    -0.10401395767855391, 
    -0.22192731071259478, 
    -0.173903807892795, 
    0.078812303553924545, 
    0.27598512362876521, 
    0.18273637302931217, 
    0.078264009763229364, 
    0.26722421160056087, 
    -0.11862229311177526, 
    0.32117626501675406, 
    0.13810658750954635, 
    0.24350178527262953, 
    0.039062237093012916, 
    -0.38745668743537159
  ]
}