{
  "mixed_noise.Gaussian_noise_3.variance": 46.592917734886704, 
  "mixed_noise.Gaussian_noise_4.variance": 16.995812018916645, 
  "mixed_noise.Gaussian_noise_2.variance": 22.71024004875871, 
  "mixed_noise.Gaussian_noise_0.variance": 2.411423982025974, 
  "mixed_noise.Gaussian_noise_5.variance": 60.12096417656097, 
  "joy": {
    "mae": 13.796927127603038, 
    "nlpd": 4.4246515447738046, 
    "pearsonr": [
      0.64250981213433089, 
      0.045134611883772685
    ], 
    "rmse": 18.509985086672291
  }, 
  "ICM.B.kappa": [
    3.619177729319121e-12, 
    5.7250770865139033, 
    22.806275959281447, 
    46.566210753540915, 
    19.333158429548099, 
    17.520730312654685
  ], 
  "ICM.sum.Mat52.lengthscale": 1.513452174442032, 
  "ICM.sum.Mat52.variance": 17.72150666164762, 
  "sadness": {
    "mae": 16.552845900057836, 
    "nlpd": 4.4022067548074748, 
    "pearsonr": [
      0.79389304679687145, 
      0.006105046131751086
    ], 
    "rmse": 19.538731129094732
  }, 
  "mixed_noise.Gaussian_noise_1.variance": 5.0597081576789214e-27, 
  "disgust": {
    "mae": 10.177554734273539, 
    "nlpd": 3.9865449361508825, 
    "pearsonr": [
      0.55593612836281137, 
      0.095177158649214402
    ], 
    "rmse": 12.866428261909052
  }, 
  "ICM.B.W": [
    [
      4.013067179915903
    ], 
    [
      3.2143869738254187
    ], 
    [
      2.3170039059185128
    ], 
    [
      -2.1478299541320487
    ], 
    [
      3.8835828250092135
    ], 
    [
      -0.40554373641513941
    ]
  ], 
  "anger": {
    "mae": 10.742511295854127, 
    "nlpd": 4.1021236614214374, 
    "pearsonr": [
      0.89441614791127344, 
      0.00047780734027926208
    ], 
    "rmse": 14.429798335044971
  }, 
  "surprise": {
    "mae": 6.2109495526790308, 
    "nlpd": 3.8538153441308505, 
    "pearsonr": [
      0.48611526600521576, 
      0.15428368173361656
    ], 
    "rmse": 8.3495538120577155
  }, 
  "fear": {
    "mae": 13.611183575826132, 
    "nlpd": 4.2215194887479868, 
    "pearsonr": [
      0.80743350993904728, 
      0.0047342223892931608
    ], 
    "rmse": 16.005494542398079
  }, 
  "ICM.sum.bias.variance": 17.530526947224587, 
  "log_likelihood": -2230.983338203574
}