{
  "warp_d": 0.3390702027039266, 
  "noise": 8.11586976419207, 
  "log_likelihood": -3372.323020132206, 
  "nlpd": -3.9214205296385836, 
  "rmse": 11.746729379300419, 
  "lengthscale": [
    19.165752628709797, 
    26.923982382104963, 
    22.855962688814873, 
    23.55028424162003, 
    17.270474788693296, 
    26.300573807664907, 
    2.4206875345104288, 
    10.734438578041225, 
    21.805452431577212, 
    1.9210715477716311, 
    22.142294216319016, 
    25.609223841078897, 
    14.216708474845024, 
    12.591592231677897, 
    2.7007167527377756, 
    4.3034843840071391, 
    18.215658790176846, 
    23.318206411500057, 
    2.3840270778542023, 
    7.0344263319122708, 
    2.0389911002836776, 
    26.781920248546133, 
    23.629207770450556, 
    4.5571014284368729, 
    23.830665185093125, 
    28.841291383066377, 
    8.4876799843445792, 
    20.819996316905097, 
    25.179621304012255, 
    4.3675260940434519, 
    11.773848221232493, 
    2.1293003463154316, 
    21.26867312951201, 
    24.981049109240935, 
    23.981493979237321, 
    17.283202602668077, 
    20.277032129071415, 
    24.288253083907247, 
    18.318224099512157, 
    20.569284087547651, 
    13.786762725025316, 
    23.530712090288613, 
    16.732091368172494, 
    17.637326536472198, 
    19.094692988674453, 
    22.15702850199003, 
    23.998905826985258, 
    15.993455592949525, 
    25.127702745554188, 
    17.677347702204528, 
    13.363606603511577, 
    21.295326693368441, 
    8.5754399230054084, 
    23.689495011309166, 
    23.163378903609708, 
    31.647762252387889, 
    11.639027028465422, 
    24.486984474238941, 
    21.774792262063038, 
    25.527246322413397, 
    11.902340732027954, 
    26.933628716943542, 
    23.603786837618806, 
    21.283207069479793, 
    26.156200096818214, 
    15.132592051077662, 
    6.1837982287362481, 
    16.90243849207258, 
    21.690650519402432, 
    18.440894564591641, 
    21.84284379230802, 
    20.672222601887018, 
    17.407557940368978, 
    17.380521441065138, 
    22.137088760920424, 
    21.202580774947247, 
    18.170881905904615, 
    14.80227120483899, 
    17.692046260232086, 
    2.6958623955121235, 
    22.835889185943717, 
    1.8062756961861752, 
    19.383097188885717, 
    22.198336271763271, 
    28.75024105584373, 
    17.927730715025845, 
    27.201999701591681, 
    24.168945067783028, 
    18.321120024365413, 
    4.5822156202289808, 
    15.430649139266245, 
    20.006511523722438, 
    25.271473528139875, 
    25.550566334721459, 
    4.517457400348313, 
    21.308438350478543, 
    23.941901221810792, 
    3.0097373936459362, 
    18.059561161361938, 
    22.974253706981941
  ], 
  "mae": 8.7809940364784413, 
  "pearsonr": [
    0.58247382668320413, 
    2.0551622449333499e-10
  ], 
  "variance": 67.79148476216133, 
  "warp_psi": [
    [
      2.3620588951465948e-23, 
      5.4478802970402525, 
      -5.7895965919920007
    ], 
    [
      5.5037075466749209e-24, 
      0.010502593402116307, 
      -3.4826455744179894
    ], 
    [
      2.7241638240403611e-16, 
      0.018236379306127853, 
      7.7870813601276803
    ]
  ]
}