{
  "pearsonr": [
    0.72510917006137321, 
    1.1619752202791675e-21
  ], 
  "nlpd": 3.6769347004284429, 
  "rmse": 9.3942726821416915, 
  "Mat32.lengthscale": 1.644199379933537, 
  "Gaussian_noise.variance": 18.06857250205408, 
  "mae": 6.2650719168959004, 
  "Mat32.variance": 192.9836466485917, 
  "log_likelihood": -4384.282142232783
}