{
  "lengthscale": [
    2.0933326082892751
  ], 
  "noise": [
    53.78619880694855, 
    37.59504253969469, 
    56.62412588899358, 
    45.246605141316984, 
    54.535760991733135, 
    72.61464095838664
  ], 
  "kappa": [
    6.715839948742442, 
    4.550519654156767, 
    21.303020549777912, 
    22.593043939866504, 
    24.09069532215138, 
    13.108163370466368
  ], 
  "log_likelihood": -21380.148577986572, 
  "joy": {
    "mae": 11.504218234587015, 
    "nlpd": 4.1035045495240352, 
    "pearsonr": [
      0.67283240849613368, 
      1.7584151253439277e-14
    ], 
    "rmse": 13.827322797835217
  }, 
  "W": [
    1.8333337363589242, 
    1.156024936212199, 
    2.6914581673367395, 
    -5.540474691686631, 
    4.594115945634902, 
    -1.0714076166357598
  ], 
  "sadness": {
    "mae": 11.67940322107513, 
    "nlpd": 4.2160755842390785, 
    "pearsonr": [
      0.8199264110209884, 
      1.7743544132004593e-25
    ], 
    "rmse": 15.982390706532662
  }, 
  "disgust": {
    "mae": 6.3026118717719202, 
    "nlpd": 3.807895871039467, 
    "pearsonr": [
      0.6180996093864487, 
      7.3148714024116866e-12
    ], 
    "rmse": 10.262038799387229
  }, 
  "variance": 11.979245626675134, 
  "anger": {
    "mae": 7.8412231787637996, 
    "nlpd": 3.8508077085756645, 
    "pearsonr": [
      0.63103723081881391, 
      1.957500411989119e-12
    ], 
    "rmse": 11.214568745159266
  }, 
  "surprise": {
    "mae": 10.071545302817016, 
    "nlpd": 3.9316802938448752, 
    "pearsonr": [
      0.59609986233961165, 
      6.0216039585950339e-11
    ], 
    "rmse": 12.267069830582964
  }, 
  "fear": {
    "mae": 8.7588788491481004, 
    "nlpd": 3.9419274050286082, 
    "pearsonr": [
      0.77302454550399224, 
      4.4069304034340274e-21
    ], 
    "rmse": 12.123595037791167
  }
}