{
  "log_likelihood": -4830.35339274774, 
  "nlpd": 4.2163241830312428, 
  "rmse": 16.704724383318755, 
  "rbf.lengthscale": 2.3275297055336774, 
  "Gaussian_noise.variance": 182.46542299475075, 
  "mae": 12.417601754617131, 
  "pearsonr": [
    0.67059298246248911, 
    1.1819714349405876e-17
  ], 
  "rbf.variance": 426.19728362620805
}