{
  "noise": 145.86915339891692, 
  "log_likelihood": -3853.487246297621, 
  "nlpd": -4.1145540407014751, 
  "rmse": 14.741789529770902, 
  "lengthscale": [
    2.1747025884812379
  ], 
  "mae": 11.492031095683357, 
  "pearsonr": [
    0.7774060267616173, 
    1.9031573992887556e-21
  ], 
  "variance": 449.2526061758078
}