{
  "mixed_noise.Gaussian_noise_3.variance": 47.39245948708197, 
  "mixed_noise.Gaussian_noise_4.variance": 13.595561889153258, 
  "mixed_noise.Gaussian_noise_2.variance": 34.98828942814957, 
  "mixed_noise.Gaussian_noise_0.variance": 3.5923467550358126, 
  "mixed_noise.Gaussian_noise_5.variance": 76.4990583119407, 
  "joy": {
    "mae": 17.4240834541922, 
    "nlpd": 4.5642930167370395, 
    "pearsonr": [
      0.37128177664012463, 
      0.29082389401172132
    ], 
    "rmse": 20.219210243540246
  }, 
  "ICM.B.kappa": [
    6.9072920124894927e-14, 
    4.0070543959067857, 
    23.450290186268425, 
    48.712892775327276, 
    21.236888695909119, 
    16.695281512245835
  ], 
  "ICM.sum.Mat52.lengthscale": 1.6380554270949343, 
  "ICM.sum.Mat52.variance": 16.72270880665048, 
  "sadness": {
    "mae": 13.297838180036493, 
    "nlpd": 4.5615202951763614, 
    "pearsonr": [
      0.60369416943439658, 
      0.064591568424015561
    ], 
    "rmse": 15.958259691560048
  }, 
  "mixed_noise.Gaussian_noise_1.variance": 28.13411476765277, 
  "disgust": {
    "mae": 7.7976420246802167, 
    "nlpd": 3.7910478015670988, 
    "pearsonr": [
      0.91537502659556635, 
      0.0002023823930325712
    ], 
    "rmse": 9.5245077597585741
  }, 
  "ICM.B.W": [
    [
      -4.3024724352670773
    ], 
    [
      -3.4535115769054641
    ], 
    [
      -2.8766282466487509
    ], 
    [
      2.7763459922146683
    ], 
    [
      -4.3834679780494019
    ], 
    [
      0.66034646426376375
    ]
  ], 
  "anger": {
    "mae": 9.4006224943802064, 
    "nlpd": 4.4028534419468892, 
    "pearsonr": [
      0.90382512019509975, 
      0.00033281307981642734
    ], 
    "rmse": 10.319124469000027
  }, 
  "surprise": {
    "mae": 11.312777671203651, 
    "nlpd": 3.9993922328069673, 
    "pearsonr": [
      -0.46273801450150942, 
      0.17808074903489521
    ], 
    "rmse": 12.548921881418456
  }, 
  "fear": {
    "mae": 13.926149670466113, 
    "nlpd": 4.2972124117978421, 
    "pearsonr": [
      0.11706098375930336, 
      0.74740935091766081
    ], 
    "rmse": 16.022229696009106
  }, 
  "ICM.sum.bias.variance": 18.028567537234135, 
  "log_likelihood": -2245.931251709698
}