{
  "noise": 0.031119164788179863, 
  "log_likelihood": -1059.8581941831408, 
  "nlpd": -1139.1715810382789, 
  "rmse": 18.251689474980434, 
  "lengthscale": [
    2.3602727261204937, 
    0.61339134832212316, 
    1.3116619623157713, 
    1.5908947770109427, 
    2.2651863212529881, 
    1.1560224768410232, 
    1.2968799482522855, 
    14.966306105263591, 
    2.1319241810144329, 
    2.0223464266794, 
    18.431577308076303, 
    7.3543574033499368, 
    17.137307270495786, 
    19.599090488123096, 
    0.65087329811826988, 
    10.167188801646041, 
    1.892149407767034, 
    1.4438615460660429, 
    26.454861114976829, 
    23.827709745395278, 
    1.7320720906436553, 
    12.167105566845589, 
    16.940837197722384, 
    18.644166726582302, 
    1.3283443826200356, 
    14.775263060916307, 
    19.727379405800797, 
    1.742977513967781, 
    2.6565458472010079, 
    1.590762425284971, 
    1.3900061346802921, 
    18.462479253917415, 
    1.1913816221500331, 
    2.8769807389041611, 
    2.7415151697329296, 
    6.6273349959487931, 
    18.439653803357199, 
    20.370587920241071, 
    13.544977394758959, 
    7.9948012274324416, 
    2.0487081967278113, 
    1.1750009651673687, 
    2.3256881258237776, 
    14.83015003772277, 
    22.581081611464811, 
    22.418066450536532, 
    24.471074119236082, 
    23.773587221241211, 
    12.430699417309381, 
    19.753505930725659, 
    1.6527655792285467, 
    8.1350429977178589, 
    1.0711737494598861, 
    25.812599315277939, 
    3.3712574780989586, 
    16.761087715996545, 
    1.3522521430435552, 
    12.658828147310999, 
    19.210407590309622, 
    1.6743837429191473, 
    19.098262120312327, 
    1.5023524490461047, 
    11.093755319666741, 
    12.066798649446191, 
    22.850066114276181, 
    15.303410067179254, 
    21.540549957870468, 
    0.76714153618129499, 
    1.110167318694026, 
    1.2690174389264692, 
    1.6591995969633424, 
    1.4171433335163079, 
    21.952468861971781, 
    16.377667681027628, 
    20.6645116526763, 
    13.055171313511277, 
    7.692582913916354, 
    21.781281900873019, 
    16.380486753259952, 
    1.0375884089571565, 
    1.564320795392254, 
    13.379058780829729, 
    3.7391630485762661, 
    16.878305218617321, 
    3.1748278040492299, 
    12.26048366673813, 
    2.3326762608753073, 
    15.784906689258888, 
    0.83503723073239644, 
    17.723980660304779, 
    2.6162204925711539, 
    1.1671385064283366, 
    12.234860210025817, 
    19.280980078299077, 
    1.4423439627057371, 
    2.8105362049198894, 
    1.4100195435051737, 
    23.78127587079641, 
    20.854010781745309, 
    17.973056886195256
  ], 
  "mae": 14.124282377930278, 
  "pearsonr": [
    0.51846759817180987, 
    3.2877903065939421e-08
  ], 
  "variance": 1.3265490769565553
}