{
  "noise": 81.6364852992602, 
  "log_likelihood": -3678.524910655052, 
  "nlpd": -4.1851100934083894, 
  "rmse": 14.910529255201855, 
  "lengthscale": [
    2.021765961429602
  ], 
  "mae": 11.119638203250165, 
  "pearsonr": [
    0.7472007422966368, 
    4.3573399641576424e-19
  ], 
  "variance": 320.38566388325467
}