{
  "noise": 202.14213436095503, 
  "log_likelihood": -3711.831905790457, 
  "nlpd": -4.105415051275549, 
  "rmse": 14.763112899335578, 
  "mae": 10.424789911087489, 
  "pearsonr": [
    0.71488201799496842, 
    6.6161684572896067e-17
  ], 
  "variance": [
    11.760193236971018, 
    8.2829624395867261e-05, 
    16.43411548439806, 
    5.2572086079077947, 
    10.205025489005799, 
    4.9577527117004747, 
    29.266215666941701, 
    42.053172853918518, 
    9.4028278588745729e-05, 
    187.59141822852141, 
    0.00019000851510669506, 
    8.1093679148657659e-05, 
    5.6223387318901185e-07, 
    0.0011093163249131298, 
    0.00013007287071022369, 
    9.1831930162813332e-05, 
    16.217991314650263, 
    7.256171230178846e-05, 
    18.224830346152423, 
    4.9752999230597483e-05, 
    4.3175164409892757, 
    0.00013691191755343249, 
    55.333556072343505, 
    0.00013012014914539759, 
    0.00026511109706420878, 
    75.198978013001593, 
    5.8091756119247424e-05, 
    47.498098885886037, 
    4.4254634540509499e-05, 
    51.574340565924381, 
    9.3428063649770969, 
    5.0400507945831831e-05, 
    7.4308597401954302e-05, 
    6.2330769947801596e-05, 
    36.408220740594835, 
    61.839275039332897, 
    0.00012591124639067821, 
    122.01301664424894, 
    18.683590825489926, 
    22.013879804794474, 
    6.1149695202718994e-05, 
    6.4706168273973355e-05, 
    6.6041974016043694, 
    0.00010816096015323742, 
    52.535579419992743, 
    6.1822942834200028e-05, 
    42.593803202382567, 
    8.1393910606933416e-05, 
    6.0586148299763787, 
    3.9174215851008336, 
    9.2655404609948135, 
    18.031728988859996, 
    6.9246972285569053e-05, 
    2.3422786964697343e-07, 
    17.620778405823579, 
    11.780673181981982, 
    3.1514189375699497, 
    0.00011660363129775583, 
    3.3992012339783074e-05, 
    9.6824986731805929, 
    0.00027174267836524571, 
    43.404992965349088, 
    7.0680808564109351e-05, 
    20.003922236207952, 
    7.4397007735615208e-05, 
    14.381257414982057, 
    36.318348477845177, 
    0.00011812187211242651, 
    4.6297282169535893e-05, 
    18.933382168385133, 
    7.5213573433580188e-05, 
    53.384803793951363, 
    7.0634058037350291e-05, 
    70.237500146674677, 
    28.55324101458352, 
    8.112569855588365e-05, 
    63.433887289687441, 
    0.00020798223968193055, 
    0.00040213285651848513, 
    5.4025343557307606, 
    120.70662947992862, 
    100.76690563462101, 
    91.075831572205573, 
    0.00019126183195010513, 
    4.4914370613477323e-05, 
    7.0404584233274415e-05, 
    12.103050680214723, 
    0.0017990149319414845, 
    7.5324435551507412, 
    0.00023313281447932474, 
    10.34536679976096, 
    22.780609047173396, 
    5.9990192206396645e-05, 
    8.1574857147798013e-05, 
    27.347720831537181, 
    0.00010965298029209171, 
    5.3102380352845581e-05, 
    7.5844173986586952e-05, 
    5.6381338890888822e-05, 
    18.887012189991815
  ]
}