{
  "pearsonr": [
    0.6810055280676991, 
    2.3669586525447592e-18
  ], 
  "nlpd": 3.6657976131461907, 
  "rmse": 9.2105077457919986, 
  "Mat32.lengthscale": 1.4595837230180073, 
  "Gaussian_noise.variance": 8.47215309322358, 
  "mae": 5.9708032334453431, 
  "Mat32.variance": 137.83816520806147, 
  "log_likelihood": -4218.730924914638
}