{
  "regularization": 100.0, 
  "rmse": 15.518868327776072, 
  "epsilon": 0.10000000000000001, 
  "mae": 11.550308663116645, 
  "pearsonr": [
    0.71623307816537984, 
    5.4387252995210339e-17
  ], 
  "gamma": 0.10000000000000001
}