{
  "noise": 0.2565741698731189, 
  "log_likelihood": -1177.1545314105265, 
  "nlpd": -518.90195574362269, 
  "rmse": 13.051183050080216, 
  "lengthscale": [
    1.5256152890151511
  ], 
  "mae": 9.552726927859041, 
  "pearsonr": [
    0.69030225757605135, 
    1.9397634274627547e-15
  ], 
  "variance": 0.744354221381424
}