{
  "warp_d": 0.19008166633258164, 
  "noise": 11.500412429462163, 
  "log_likelihood": -3945.368860322048, 
  "nlpd": -4.3992797244894737, 
  "rmse": 19.629002030189358, 
  "mae": 14.865100002394643, 
  "pearsonr": [
    0.65936474513880494, 
    8.7087813929141977e-14
  ], 
  "variance": [
    1.165702736950708
  ], 
  "warp_psi": [
    [
      1.5081242514330005e-07, 
      2.9105990899677341, 
      0.29591967564024235
    ], 
    [
      4.8806530877623056e-08, 
      0.044334386977764373, 
      1.4552552532984107
    ], 
    [
      3.3589212595098925e-07, 
      1.0666423631259616, 
      1.2225632817651753
    ]
  ]
}