{
  "noise": 0.3144211626334711, 
  "log_likelihood": -1165.5252060383264, 
  "nlpd": -422.41847637920915, 
  "rmse": 12.556636887638787, 
  "lengthscale": [
    1.4848186774471426
  ], 
  "mae": 9.7440076672223555, 
  "pearsonr": [
    0.54910040476585975, 
    3.310034277002441e-09
  ], 
  "variance": 0.6338155252888162
}