{
  "warp_d": 0.4970143605764441, 
  "noise": 40.38034474420557, 
  "log_likelihood": -3621.6650313868518, 
  "nlpd": -4.0866582460193852, 
  "rmse": 14.325840532011361, 
  "mae": 9.6280441522131479, 
  "pearsonr": [
    0.33354335877906371, 
    0.00069598407276400475
  ], 
  "variance": [
    0.00085949766798268401, 
    0.00024248340413925729, 
    23.857302552583697, 
    0.00011030625014051645, 
    0.097353920318058174, 
    1.3386798207724269, 
    3.9192673404825529, 
    3.0344704262148249e-05, 
    4.5338619779045778e-05, 
    21.982182907539492, 
    0.00036533043895428522, 
    0.0046793460567217393, 
    3.4458075254453955e-05, 
    5.2719511972742374, 
    2.6804766013730577, 
    8.1462014879273392e-05, 
    0.00087477130078258795, 
    0.00027906125850404726, 
    16.609958812541432, 
    1.1025210919062318, 
    12.802372388949212, 
    3.636496833107672e-05, 
    0.00089199467345122308, 
    9.5769257430783004, 
    0.00011480950648038697, 
    1.7102727486314953e-05, 
    7.0314437625348569, 
    0.00098588890504411005, 
    17.228739368367243, 
    29.708187450579679, 
    1.5959899927130139, 
    7.3242931354230623e-05, 
    14.470842551758423, 
    11.861388440423097, 
    3.5245998113035851e-05, 
    0.0002846665908814109, 
    4.6749379004589495e-05, 
    2.8248977747708719e-05, 
    13.716138804225452, 
    7.0442521644985997e-05, 
    5.1340903598177537e-05, 
    5.3242810488556568e-05, 
    11.464085897580299, 
    10.107937949088766, 
    0.00031511957205554588, 
    2.8264994832355299, 
    2.2833581903685e-05, 
    5.3477987370150792, 
    5.9207969572204284, 
    0.001023767087828387, 
    11.672922895786186, 
    0.00010983735531769252, 
    0.00056682238825476116, 
    1.6177614823690152, 
    0.050665087665815539, 
    38.788517061933227, 
    24.594530514827873, 
    0.00052256187469091871, 
    2.7060666565047478, 
    7.2978088293978389e-05, 
    1.0933494172040208, 
    5.8349799994792075, 
    8.2959602502002099, 
    0.00018039119394554722, 
    3.9328402162977345, 
    10.902930790467474, 
    1.8443326544277818, 
    2.6952712836728029e-05, 
    5.9533840564661418, 
    1.6642355443190944, 
    6.5119532105012976e-05, 
    7.7260703246251827, 
    8.1833291762729388e-05, 
    0.00057594673292139353, 
    5.2388780032467146, 
    0.026288244974831849, 
    3.3263572833233259, 
    0.0035914317556303135, 
    7.0092592047813298, 
    5.8041996477657793, 
    0.0010350524118946302, 
    0.98146033688133805, 
    2.0159690157467458, 
    17.515414408264977, 
    7.6372983245918222, 
    3.0357261088453704e-05, 
    13.416797896805013, 
    2.2826392076178603e-05, 
    3.5752805899674822, 
    2.6441624281811893, 
    0.00018087932878708892, 
    0.00021194075661255763, 
    1.3957796237316675, 
    0.00022231103892504772, 
    4.0825634599884593, 
    4.3772832932754426e-05, 
    2.5074242234669085e-05, 
    1.9048171021580844, 
    0.0039008326427272789, 
    6.5319247082903795e-05
  ], 
  "warp_psi": [
    [
      1.0269294572393565e-22, 
      0.010093643554573482, 
      -0.50287101751755747
    ], 
    [
      1.2161564482847083e-21, 
      2.5392439012050607, 
      1.579259533347896
    ], 
    [
      1.3831810520268488e-22, 
      0.97288984346520513, 
      -1.3961552004229627
    ]
  ]
}