{
  "pearsonr": [
    0.74940228285223642, 
    8.9851674024119817e-24
  ], 
  "nlpd": 4.0462748312703285, 
  "rmse": 13.824124536429759, 
  "Gaussian_noise.variance": 76.90582411418664, 
  "mlp.variance": 3432.6361349466342, 
  "mlp.weight_variance": 63.781475089703314, 
  "mae": 10.340809644315623, 
  "log_likelihood": -4659.09130219548, 
  "mlp.bias_variance": 37560.57250479552
}