{
  "noise": 0.08993521720138337, 
  "log_likelihood": -1173.8332196642577, 
  "nlpd": -104.31730328529204, 
  "rmse": 8.1302148119756428, 
  "lengthscale": [
    1.404292684692882
  ], 
  "mae": 5.2395034766756456, 
  "pearsonr": [
    0.73199534447597803, 
    5.0674428299158653e-18
  ], 
  "variance": 0.9390134787266102
}