{
  "warp_d": 0.08541883551279185, 
  "noise": 0.14277445137712297, 
  "power": [
    0.023634487234765113
  ], 
  "nlpd": -4.0157159679210608, 
  "rmse": 12.390689763191117, 
  "lengthscale": [
    2.3552979174957014, 
    2.8962941151531156, 
    2.4340391246705968, 
    1.4270587025210568, 
    3.0840302032003621, 
    2.89852213108919, 
    0.16886110667306697, 
    1.1202461557240151, 
    2.1558733941076995, 
    0.11373642542741223, 
    2.5810258143536489, 
    2.4547264974946339, 
    2.7161677269440014, 
    0.26353548721395637, 
    0.21355557322469659, 
    0.12429357312151948, 
    0.58828810553294764, 
    2.4142758737584598, 
    0.19762333018747036, 
    0.33042695914524162, 
    0.23837008739966462, 
    2.3505536956599649, 
    2.4420414768851346, 
    0.12879161579609238, 
    2.6540221261090124, 
    2.5307867930589514, 
    2.5022970653602821, 
    2.4492638866077772, 
    1.408488588822697, 
    0.31292761114212142, 
    0.28494261059821951, 
    1.4594264812721445, 
    2.5748130046768356, 
    1.6495206063415431, 
    2.5631421792005629, 
    1.3950441926317627, 
    2.1801507522418113, 
    2.7984786691749948, 
    2.2044296106755681, 
    0.60946885986345456, 
    0.60757496987417658, 
    2.2450884555269122, 
    3.033179147483775, 
    1.8824148958045361, 
    0.54402985109214819, 
    1.6232748381320794, 
    2.4164025464007479, 
    2.0643450335274385, 
    2.3572669865540585, 
    0.70669119453408191, 
    2.3759687580334825, 
    2.2631885241098368, 
    0.48849825398599311, 
    2.1174423332887868, 
    2.0650968459366146, 
    1.5945637848281329, 
    2.6551914134982657, 
    2.8713853043996793, 
    2.1158279274883798, 
    2.5043796518662456, 
    0.48019987900365257, 
    2.624751693746898, 
    2.7091658931052605, 
    2.2824504480391261, 
    2.6131819200244935, 
    1.2059435503257936, 
    0.23735787290288896, 
    0.29793401792432389, 
    2.2454845602687241, 
    2.0484857952715236, 
    2.5179485675543325, 
    2.0522107108265573, 
    0.20854411577491214, 
    1.5064604633050929, 
    0.37479921561382623, 
    2.3705298501244485, 
    2.3118731961026389, 
    1.9339798589096713, 
    2.8116420830921709, 
    0.41567557311133863, 
    2.6508480603882201, 
    0.26065454824081602, 
    2.1732586008085981, 
    2.1598146738260016, 
    2.6118755377182494, 
    2.5572907036761277, 
    2.498449961395131, 
    2.5774932736179315, 
    0.92366323276461315, 
    0.41138839304081753, 
    0.74008069591521741, 
    1.9636132529183516, 
    2.3304633405183175, 
    2.2426974484424451, 
    0.4430352635982423, 
    0.91659507713637445, 
    2.2914689804042592, 
    0.27157744753435276, 
    2.0380572414270159, 
    1.8148609404858376
  ], 
  "mae": 8.7869918821370394, 
  "pearsonr": [
    0.52071300228851547, 
    2.7998326223231727e-08
  ], 
  "variance": 11.343985659107492, 
  "warp_psi": [
    [
      3.6514125851296339e-06, 
      1.1134204107487065, 
      -0.47990653270862105
    ], 
    [
      1.3727529879135008e-05, 
      1.3203759869673239, 
      3.9101879167099485
    ], 
    [
      1.5814334772842018e-05, 
      1.2805249946358845, 
      0.94382197234925791
    ]
  ], 
  "log_likelihood": -3328.1020826715585
}