{
  "warp_d": 0.17872998548628286, 
  "noise": 10.031745903216612, 
  "log_likelihood": -3932.697274954874, 
  "nlpd": -4.2976645127958042, 
  "rmse": 17.733556496045409, 
  "mae": 13.447349425260182, 
  "pearsonr": [
    0.52274119806745523, 
    2.4192116475927537e-08
  ], 
  "variance": [
    0.84029721230265264
  ], 
  "warp_psi": [
    [
      2.2647659600826697e-06, 
      1.1340022323038117, 
      0.62076997787749455
    ], 
    [
      1.3068727847643156e-07, 
      0.0048025100559230443, 
      1.755051797152811
    ], 
    [
      1.2967631344417274e-08, 
      0.2876912389466002, 
      -0.26328967638729361
    ]
  ]
}