{
  "noise": 23.14924883772855, 
  "log_likelihood": -3883.2560883490937, 
  "nlpd": -4.1158536654697757, 
  "rmse": 14.647897125621695, 
  "lengthscale": [
    2.0398140664849578
  ], 
  "mae": 11.86195349013636, 
  "pearsonr": [
    0.70178287401323858, 
    4.1787686752809599e-16
  ], 
  "variance": 589.7544373815193
}