{
  "log_likelihood": -4886.111456351059, 
  "nlpd": 4.269307090496425, 
  "rmse": 17.247317522169265, 
  "Gaussian_noise.variance": 301.02986354862713, 
  "mae": 13.55994245233331, 
  "pearsonr": [
    0.73890238114474083, 
    7.8519625195169793e-23
  ], 
  "linear.variances": 27.424152921756786
}