{
  "pearsonr": [
    0.62584715380188871, 
    6.0022667300993919e-15
  ], 
  "nlpd": 4.3561381874065095, 
  "rmse": 18.350302713818653, 
  "Mat32.lengthscale": 2.198058637085705, 
  "Gaussian_noise.variance": 27.817961314874537, 
  "mae": 13.956741764778396, 
  "Mat32.variance": 649.0686953996725, 
  "log_likelihood": -4846.4965219103615
}