{
  "noise": 36.4607254807263, 
  "log_likelihood": -3863.763331517633, 
  "nlpd": -4.2971934541215084, 
  "rmse": 18.867810359159304, 
  "lengthscale": [
    2.1461507656101833
  ], 
  "mae": 14.010640851299421, 
  "pearsonr": [
    0.55900981635102209, 
    1.4973461834515556e-09
  ], 
  "variance": 564.790474871412
}