{
  "noise": 0.02007604267518921, 
  "log_likelihood": -956.0743619345819, 
  "nlpd": -1009.8037507956624, 
  "rmse": 18.208414964230851, 
  "weight_variance": [
    81.158699384764859, 
    13.529905571698912, 
    13.127112744937602, 
    1.6978668905784818e-09, 
    9.0461264385066951, 
    23.243550031622593, 
    79.765793746530434, 
    5.4057827798883265e-07, 
    44.051802713252997, 
    2.455943956286986e-13, 
    3.5277325491425746e-12, 
    9.4342777038773118, 
    9.3204195728073032, 
    1.0091732987720541e-19, 
    7.668135596621713e-14, 
    38.729315771465828, 
    1.8171144838035732e-14, 
    7.7252187433307656e-06, 
    66.365379257477528, 
    22.978298721049573, 
    47.909851488668352, 
    4.7001600415264347e-05, 
    48.728258777673311, 
    1.7138855172409073, 
    1.7666904554338913e-26, 
    8.9870794081733516e-21, 
    2.8756158893753013e-17, 
    3.1503341948762293, 
    1.0846479931655746, 
    17.553802191049556, 
    18.30421899154835, 
    32.477288674156142, 
    4.4910718806442124e-12, 
    5.5851280292579111e-10, 
    32.838797047028258, 
    79.150465542092604, 
    16.179623394363162, 
    6.6007458814208487e-13, 
    4.0830813063012472e-07, 
    2.7613584436122064e-19, 
    2.95509582890764e-10, 
    41.598288656768069, 
    8.0364764177658113e-07, 
    2.2646198339395966e-17, 
    0.13092330657159848, 
    49.955175993680911, 
    1.4724779238635421e-15, 
    9.6695179296470606, 
    105.28453529158854, 
    8.6123715461799666, 
    3.808163346259089e-14, 
    0.00026495467631313388, 
    2.9531334005941032e-07, 
    2.7568345844833137e-10, 
    119.23342757211812, 
    4.5605636697762046e-08, 
    3.3001256242028729e-17, 
    2.2452532649317248e-26, 
    1.1886173289431563e-13, 
    5.5071076342439875, 
    0.055512670976421839, 
    16.676576173582621, 
    1.349356487683093e-19, 
    4.9731090086517016, 
    32.973991637302618, 
    3.1224535793624915, 
    0.84993521348822831, 
    41.242571574145373, 
    2.9789394206102533, 
    38.497379424163178, 
    4.9524926125779797e-19, 
    1.9083268884760445e-05, 
    5.9339379159960382e-10, 
    39.383346271410375, 
    18.410827586351218, 
    94.493782192744092, 
    2.3143905089778782e-18, 
    1.3486303077039512e-10, 
    1.8604485859833488e-18, 
    2.2793403132539236, 
    9.127038469977693, 
    33.137680210444735, 
    1.0054927746727357e-12, 
    9.4278996793907462e-22, 
    64.34611392334493, 
    36.757013451198929, 
    3.6824636634879299e-10, 
    51.478235906665134, 
    31.369293329258699, 
    6.3680952523959974e-06, 
    49.274129393308392, 
    3.5743231952078731, 
    5.2880762962435552, 
    5.4154409143713202, 
    43.54338792689375, 
    7.7168106685663705e-09, 
    36.374168719390738, 
    17.157692327058996, 
    39.762222447159147, 
    87.145014828730822
  ], 
  "bias_variance": 76.23861053608458, 
  "mae": 13.321088034297716, 
  "pearsonr": [
    0.56565228482454966, 
    8.6693380386496501e-10
  ], 
  "variance": 2.436452824265238
}