{
  "noise": 62.47721962637017, 
  "power": [
    0.37144402532961374
  ], 
  "nlpd": -3.7675806733043076, 
  "rmse": 10.307850315537095, 
  "lengthscale": [
    0.62662017780103452, 
    74.527490796858572, 
    0.59169580872600258, 
    35.795391513068139, 
    12.814082599192039, 
    31.881447203089852, 
    20.23777660219784, 
    0.55232052996855407, 
    31.193920460817441, 
    41.276438116394097, 
    17.332656670702335, 
    0.23823060436189017, 
    63.730210939385394, 
    20.215077302716647, 
    0.48301796171722455, 
    22.518954534204301, 
    28.641124634340599, 
    41.302749012286789, 
    22.540003503538653, 
    45.016203343007312, 
    66.125868106861489, 
    20.655723373166381, 
    0.53365300923380876, 
    30.837443653541076, 
    22.298779900370192, 
    12.220844677895043, 
    55.691712593196073, 
    10.985476032303335, 
    70.497904489474763, 
    1.7248021235145063, 
    7.883729199261988, 
    35.280663370893137, 
    17.619096724519121, 
    0.29752713683837229, 
    66.704344656957389, 
    24.173774710079478, 
    1.8974437594395239, 
    46.026008164844178, 
    0.7046859879773768, 
    0.3861300171674954, 
    0.88113261901250817, 
    52.389540697924005, 
    1.318120134222974, 
    3.9518239732780152, 
    0.70870206899054977, 
    27.103465874862557, 
    25.615728945254236, 
    24.149002137326466, 
    50.203493787291329, 
    20.319365224351049, 
    34.135170614600682, 
    21.678209505577339, 
    17.040585990424503, 
    63.671384950381828, 
    18.680524757276061, 
    22.492652216779909, 
    2.5186534751436964, 
    24.720894777990441, 
    50.060378258444196, 
    1.006426299901833, 
    20.538990435276137, 
    0.65234364385515742, 
    0.52284703554188428, 
    0.3868494284214351, 
    20.016323971825578, 
    35.388693171702734, 
    0.62053132777016617, 
    0.25760439312874872, 
    55.4219968892303, 
    31.051451985369592, 
    0.62206734445248812, 
    0.3077340397648774, 
    0.26381819332268708, 
    36.382133145147755, 
    20.191500689406357, 
    19.808452389011094, 
    39.853877686106927, 
    58.55640819181491, 
    32.06322522444475, 
    48.826729610743968, 
    19.239771877975254, 
    0.61896405979344926, 
    33.543539026030658, 
    20.233905841360929, 
    25.325065705769891, 
    14.235503399020766, 
    0.31677971869878019, 
    21.433110454110189, 
    14.986058731426697, 
    7.4803334289257801, 
    0.67539441034540426, 
    22.883902184918409, 
    0.44765921210765836, 
    40.205299695121184, 
    0.4452872365593199, 
    67.752475005844104, 
    0.504988594914899, 
    0.47616233469970692, 
    24.651552742692498, 
    37.454359990058855
  ], 
  "mae": 8.4370915810955811, 
  "pearsonr": [
    0.31832959261888372, 
    0.0012480260873596525
  ], 
  "variance": 226.9660197019465, 
  "log_likelihood": -3533.0976326393384
}