{
  "noise": 0.733531650450178, 
  "log_likelihood": -1166.3332949804214, 
  "nlpd": -79.371421837543068, 
  "rmse": 9.4102985956660472, 
  "mae": 5.7635804430493556, 
  "pearsonr": [
    0.32593846833671136, 
    0.00093541741268661938
  ], 
  "variance": [
    3.482445029622124e-05, 
    1.9062648466365693e-05, 
    2.3126168716576376e-05, 
    1.7436723460179768e-05, 
    1.7541403351938204e-05, 
    0.022793861471307752, 
    5.0661535736015624e-05, 
    0.047834735982544424, 
    2.4365477544456938e-05, 
    0.26663857568291716, 
    0.00016915459192175269, 
    3.9073276871930917e-05, 
    0.007746202590288998, 
    0.0092662379803724881, 
    4.2426580084710576e-05, 
    6.2951501157849622e-05, 
    1.849430280383413e-05, 
    1.9742229996119668e-05, 
    0.090407309736751637, 
    9.7617976668144685e-05, 
    0.071002346278634818, 
    0.00015141515656677732, 
    9.4340490482612162e-05, 
    1.7948059218696263e-05, 
    2.5574117821997675e-05, 
    1.7797433340051121e-05, 
    0.11477779062089251, 
    1.6327256755304143e-05, 
    1.2717551882312943e-05, 
    0.19368834084211781, 
    0.51445049798502407, 
    3.1509456484871976e-05, 
    0.017772126327985274, 
    0.054058036333335925, 
    4.0163598325805149e-05, 
    2.4242748350120932e-05, 
    4.3113560958027837e-05, 
    0.0068065269113035962, 
    0.00020594526261666623, 
    1.9567355090451716e-05, 
    4.0516729655922172e-05, 
    2.3361232535767885e-05, 
    1.2886334431303656e-05, 
    6.0197282674164688e-05, 
    2.0253283719361086e-05, 
    0.18426287262155269, 
    1.9444571326849686e-05, 
    2.4870123666995868e-05, 
    1.810859998295904e-05, 
    0.088088520732411038, 
    6.3636831022017773e-05, 
    6.1945623034015334e-05, 
    0.11599509173752459, 
    0.046415615039718902, 
    0.065850986980825504, 
    0.022601745257702234, 
    1.5098328535155657e-05, 
    0.0028609032806797465, 
    3.5871420260446021e-05, 
    3.0219154037005874e-05, 
    1.9611751226788206e-05, 
    0.0014443012189683611, 
    0.00031320112300306432, 
    0.044359580458522854, 
    6.9123667030275004e-05, 
    2.4187116365432034e-05, 
    0.21937629832376487, 
    1.7479358066931899e-05, 
    3.5528454088566332e-05, 
    2.4698380777903311e-05, 
    2.5233967284120433e-05, 
    0.089397538885936823, 
    2.160539722056617e-05, 
    0.037400879334742176, 
    3.4590994487379124e-05, 
    0.00012570928357473894, 
    0.045968146151402406, 
    0.053838994579088653, 
    8.7748069929294669e-05, 
    0.000117446380037143, 
    9.9279141063090783e-05, 
    0.11331095750968621, 
    5.3853167268873341e-05, 
    6.0490012202273201e-05, 
    0.0049397035657763278, 
    0.097126734626693842, 
    1.9740904022283652e-05, 
    4.0265380203328979e-05, 
    3.9247192584702863e-05, 
    0.052240588089464281, 
    2.9575942088505352e-05, 
    0.00032158504034574204, 
    0.00036212220655326997, 
    1.995730592030787e-05, 
    1.0025793273332613, 
    2.6473224245545651e-05, 
    0.30530088248733533, 
    0.044156053393905673, 
    2.8114086476169465e-05, 
    2.6612598929971043e-05
  ]
}