{
  "regularization": 100.0, 
  "rmse": 14.109114374607749, 
  "epsilon": 1.0, 
  "mae": 9.5573637270031639, 
  "pearsonr": [
    0.7644393167794491, 
    2.1657392941689418e-20
  ], 
  "gamma": 0.10000000000000001
}