{
  "regularization": 1.0, 
  "rmse": 17.532239721275136, 
  "epsilon": 0.10000000000000001, 
  "mae": 11.520169643836846, 
  "pearsonr": [
    0.6145212089391151, 
    1.0422226217841477e-11
  ], 
  "gamma": 0.10000000000000001
}