{
  "RatQuad.variance": 928.7908885277154, 
  "log_likelihood": -4808.379123158713, 
  "nlpd": 4.2112459025830775, 
  "rmse": 16.176268268700525, 
  "Gaussian_noise.variance": 35.80927828911128, 
  "RatQuad.lengthscale": 0.8546814441470965, 
  "mae": 11.545005350582196, 
  "pearsonr": [
    0.68687285920573449, 
    9.2855806409384009e-19
  ], 
  "RatQuad.power": 0.2533097860949957
}