{
  "regularization": 10.0, 
  "rmse": 12.443408221509699, 
  "intercept": -0.1019376760217828, 
  "mae": 9.0306441793262326, 
  "pearsonr": [
    0.40116477110683374, 
    3.5288383930244427e-05
  ], 
  "coefs": [
    0.39102048092618902, 
    0.14452145077075357, 
    -0.25419798085253453, 
    0.14992387856656295, 
    -0.19416831808057086, 
    0.072150240431713447, 
    0.14091001942522541, 
    0.27910461523035407, 
    0.085527114112499331, 
    -0.061735080038276227, 
    -0.17846178438242394, 
    -0.11925619490274413, 
    -0.019031975381595505, 
    0.15918616388678325, 
    0.30551714839680627, 
    0.058242300010649617, 
    -0.039046650773350677, 
    0.18682982075379218, 
    0.21998258217033648, 
    0.014153433392463131, 
    -0.099917407562176888, 
    0.13346854184657286, 
    -0.19223123188223623, 
    -0.015486765275396587, 
    -0.13879270062303278, 
    -0.055218220564186474, 
    -0.0046434471711803565, 
    -0.13931459028390858, 
    -0.014632161367468312, 
    -0.19589530663960772, 
    0.1318804107072489, 
    0.07557628948245354, 
    -0.23866986359683284, 
    -0.38583601625543379, 
    -0.020479272547649276, 
    -0.12562469389731648, 
    -0.23972417489851441, 
    -0.031415149790042292, 
    0.11068911301460527, 
    0.049935345701954549, 
    -0.28302909220811889, 
    0.034826896668171341, 
    0.034345628924019253, 
    -0.09116057726550883, 
    -0.26578652803710145, 
    0.040134985831344609, 
    0.012381279496949071, 
    0.26339944578392283, 
    0.051430503914867767, 
    -0.065408575824344325, 
    0.17869530118808247, 
    -0.032984281952509395, 
    0.24717609068902979, 
    0.078196965421898218, 
    -0.088050784606055074, 
    -0.041493865659907078, 
    -0.34437004740277499, 
    -0.085228551342081293, 
    0.11460282999823208, 
    -0.23632112076513712, 
    -0.12751843615681321, 
    0.12679496494994019, 
    0.23857559578892754, 
    0.019681354665197756, 
    0.037895545950661962, 
    -0.039848222615431646, 
    0.32625279622865044, 
    -0.39099031040488152, 
    0.024312795266889082, 
    0.017496096552909211, 
    0.50934950365141629, 
    -0.10616180605736897, 
    0.047851270047663902, 
    0.20273759298573418, 
    -0.053667184653713625, 
    0.1605643698467927, 
    0.094980386811160986, 
    -0.23828326650401846, 
    0.040747521558250101, 
    -0.16042998307477432, 
    -0.26832312867061259, 
    -0.25367533394895225, 
    -0.11059150186150907, 
    -0.029824184062435505, 
    -0.11417252904731166, 
    0.21795808086772106, 
    0.21021719538822567, 
    0.05233680086239291, 
    -0.015659867653114796, 
    0.16408740337483207, 
    0.22285777262764789, 
    0.088395531282309814, 
    0.36335663647609884, 
    -0.013718537840048109, 
    -0.034285204845954757, 
    -0.16846133853332068, 
    -0.37268543547134786, 
    -0.3379047730711941, 
    -0.01204959264862521, 
    -0.20527295939130502
  ]
}