{
  "noise": 27.469949225375625, 
  "log_likelihood": -3789.6648592195324, 
  "nlpd": -4.1598365918403841, 
  "rmse": 15.700595163468387, 
  "weight_variance": [
    241.27860580000922, 
    1.438774839767738e-08, 
    1.8221200214191054e-21, 
    12.173903774176649, 
    11.432612079233698, 
    1.6269381185075034, 
    229.9618220158867, 
    8.3944313936635579e-07, 
    17.367618196754307, 
    4.0062386524746437e-07, 
    5.9267229058384882e-07, 
    22.266809009601609, 
    3.9615013636966614, 
    7.7535842690073728e-08, 
    5.3205079053109067e-05, 
    1.9301443323984952e-07, 
    0.00015288914133088061, 
    5.257249818925258e-07, 
    131.12852152610731, 
    189.16343999938357, 
    1.4316469343209083e-24, 
    3.8936923276892106, 
    162.8748212581952, 
    14.512789157307534, 
    3.1330595404919348e-13, 
    7.5898005217279992e-07, 
    3.2992504770392203e-06, 
    4.4661363968755103e-51, 
    1.829382343604517e-17, 
    13.184520976656142, 
    61.995966385426414, 
    4.3473082538485846e-10, 
    6.2396254268654827, 
    5.8043734416652967e-07, 
    22.373954108473633, 
    1.1804641535116832e-37, 
    1.1772385635453418e-06, 
    24.155043296314659, 
    1.7726320749871661e-13, 
    5.1652402426554997e-05, 
    1.0512604071606557e-16, 
    290.15225330872516, 
    5.1191568243258761e-07, 
    1.6064733814778426e-18, 
    110.28843284352197, 
    68.996060033472503, 
    2.135509557401988e-07, 
    40.1295753448859, 
    288.00673002683942, 
    408.3807068326733, 
    1.3319512056314828e-06, 
    2.5933722095220767e-08, 
    2.2670232632732234e-11, 
    8.8281190317142333e-11, 
    6.4778949231903302e-07, 
    2.9732369970454359e-32, 
    9.1389893263596027e-08, 
    4.9198000140572862e-05, 
    1.6380551284856473e-10, 
    47.736994939064068, 
    10.637915764469245, 
    2.7574788983681089e-08, 
    7.6421872462902337e-14, 
    222.43808268310801, 
    108.49825054837189, 
    10.524514709248111, 
    2.744575606207954e-07, 
    6.6505917506085871e-07, 
    3.79295946220165, 
    1.4422146578846838e-06, 
    3.2160562885126954e-07, 
    2.682361480820157e-10, 
    6.513781402823231e-07, 
    99.204784875894219, 
    19.492141596800941, 
    56.621961228136456, 
    3.932186089582868e-22, 
    15.608646148805743, 
    4.9279675334182056e-47, 
    2.9368203813134137e-08, 
    21.667108493381736, 
    38.325079559976444, 
    1.2158968623003203e-06, 
    3.566441500527996e-07, 
    12.113641054729399, 
    41.810239853575311, 
    6.2660885500515837e-06, 
    378.91622983126791, 
    459.13391275240485, 
    2.2637905052955495e-07, 
    332.26092799018153, 
    1.717789334081403e-10, 
    5.4661472850985885e-08, 
    15.238673058783824, 
    4.3169827196769183e-06, 
    6.6517768800936489e-19, 
    72.25623808461566, 
    17.367441738522377, 
    173.21398026475961, 
    234.35388817813191
  ], 
  "bias_variance": 1.239277087257606e-11, 
  "mae": 12.115919824971861, 
  "pearsonr": [
    0.57653495673758326, 
    3.4482590778184763e-10
  ], 
  "variance": 990.3145132060076
}