{
  "noise": 0.24023672678693242, 
  "log_likelihood": -983.6684730175828, 
  "nlpd": -642.80332445394845, 
  "rmse": 11.733088422413076, 
  "lengthscale": [
    1.9784996893393456
  ], 
  "mae": 9.2606272958309077, 
  "pearsonr": [
    0.81130033649175204, 
    1.406462956541687e-24
  ], 
  "variance": 0.6553716986823652
}