{
  "noise": 0.13672426503278526, 
  "log_likelihood": -1139.3144504942602, 
  "nlpd": -621.96867637036348, 
  "rmse": 15.055137911039559, 
  "lengthscale": [
    1.4822584534672361
  ], 
  "mae": 12.309460909551142, 
  "pearsonr": [
    0.68187496565845007, 
    5.7257994740471864e-15
  ], 
  "variance": 0.9455275382842597
}