{
  "noise": 76.12444635374469, 
  "log_likelihood": -3866.4887195275633, 
  "nlpd": -4.231768654642635, 
  "rmse": 16.971007064704246, 
  "lengthscale": [
    31.777906007396226, 
    1.6287082578873697, 
    37.623600982191775, 
    1.2622181418718577, 
    1.5218262358632595, 
    0.93060484464194015, 
    60.775519952636373, 
    15.527341009154695, 
    1.9202532530628325, 
    0.90193287491079133, 
    34.11425793700721, 
    3.2537734150662465, 
    16.281973556366896, 
    20.3570721288669, 
    24.308886801126715, 
    1.0949590776974198, 
    1.0434941567724692, 
    0.96550132229143859, 
    24.311498711094544, 
    34.690130845132835, 
    76.793266200430367, 
    32.39467301466663, 
    1.1937880102491332, 
    23.463261526974271, 
    39.683591982864343, 
    24.620838646439676, 
    65.554131406373216, 
    7.9165336965232571, 
    4.0093563575352187, 
    31.262640320575944, 
    1.0574426507201771, 
    19.037990564904192, 
    14.066191252792995, 
    1.8657906862696347, 
    0.95989950108601707, 
    1.0050850125795721, 
    49.284502794185599, 
    16.131722636459248, 
    1.4546263262741199, 
    74.147743661558891, 
    0.92741902113987829, 
    22.906054228755, 
    8.0325353978732625, 
    10.01566649318009, 
    82.377816563756539, 
    25.127901743615226, 
    26.438689763041801, 
    22.205134695909482, 
    28.877174036318998, 
    32.754857416933945, 
    52.137696175204937, 
    13.521500391336847, 
    0.7651877423944492, 
    21.382460955309828, 
    35.511473828880675, 
    28.393810563340764, 
    60.958414258611541, 
    1.4644908268556633, 
    28.835705225258952, 
    1.0925717036667759, 
    4.8084526038895259, 
    4.6876100195004922, 
    16.441987736692091, 
    5.9242627170830762, 
    87.248589390213397, 
    24.799806441245316, 
    13.529108259520614, 
    47.477410132167797, 
    2.0889497660832355, 
    17.956650733587729, 
    1.4874546279795198, 
    1.2525942028408683, 
    2.4601690823555868, 
    2.467589616457476, 
    17.023367356429326, 
    21.564473014953929, 
    0.51049964110669366, 
    19.808372694520088, 
    58.032353371167602, 
    1.0871308826161115, 
    1.1546868487283173, 
    38.106972296130706, 
    3.9268171976642878, 
    27.570107423318554, 
    28.689906638967635, 
    10.082421714051875, 
    0.91568304986579996, 
    3.2203983737700059, 
    0.45016906790005268, 
    19.597859087479726, 
    15.922243685073697, 
    0.99905119825308164, 
    19.886605776906279, 
    23.498648710449309, 
    0.91247864984616323, 
    0.96965791238342924, 
    21.198861820641387, 
    33.678281642415762, 
    20.83759923477275, 
    1.9333816624697651
  ], 
  "mae": 13.394398732331014, 
  "pearsonr": [
    0.5478772110481932, 
    3.6440473466992396e-09
  ], 
  "variance": 419.83989285197885
}