{
  "RatQuad.variance": 589.524795680113, 
  "log_likelihood": -4662.7742100600035, 
  "nlpd": 3.9330514531653402, 
  "rmse": 11.835677279263422, 
  "Gaussian_noise.variance": 64.95534486688437, 
  "RatQuad.lengthscale": 1.139800864387177, 
  "mae": 9.2460188130734924, 
  "pearsonr": [
    0.7643768147049802, 
    3.3661598746941151e-25
  ], 
  "RatQuad.power": 0.3520788514391117
}