{
  "regularization": 10.0, 
  "rmse": 16.39499912952083, 
  "intercept": 5.336005392299727, 
  "mae": 12.397453042530003, 
  "pearsonr": [
    0.68047597757281386, 
    6.8290596063729058e-15
  ], 
  "coefs": [
    -2.0727551480880679, 
    0.66148109313075765, 
    -3.4977136262771813, 
    -4.4810934956817441, 
    -3.5660206219476049, 
    1.2300848637173496, 
    -3.1786643410768782, 
    -4.994258217946272, 
    0.16664317511052437, 
    9.4808019872281264, 
    1.794279105474105, 
    1.3646989579292168, 
    3.6828925303230036, 
    1.4112604372598303, 
    -0.85483222668433645, 
    1.2239446385292942, 
    -4.2699173886097475, 
    -1.0449052198432205, 
    -2.9092571548627961, 
    -0.23902367642296457, 
    4.5248620175078154, 
    0.81162298323118387, 
    4.0680189677210876, 
    -2.2549142666859088, 
    -1.5088121411728863, 
    5.9927644966669522, 
    1.1731625362261004, 
    7.3751314007330055, 
    0.79510279628787806, 
    4.9469838470079193, 
    1.6309601845818755, 
    0.2226593297117892, 
    2.5348251996602063, 
    -0.24765579723171921, 
    -3.2369914192789855, 
    -6.7125369850663237, 
    1.7371174337402624, 
    -9.5279878840350491, 
    1.8675338003000326, 
    2.1972852200720068, 
    -1.2722006410868256, 
    -0.17379813861167623, 
    -2.8519334677735673, 
    -0.83112704813940796, 
    5.4670654673240646, 
    0.68278488639727608, 
    7.3311294025056046, 
    0.41469392831221452, 
    -1.531436888757012, 
    2.9130269731791136, 
    -1.2284992527515579, 
    3.8908550117835512, 
    -0.61084753274706605, 
    3.7105406165177328, 
    -2.7309690984879182, 
    -1.1772793117105169, 
    3.5560311229121346, 
    -0.997106037752028, 
    -0.2053283492493776, 
    3.0834936271022602, 
    3.2957955236454679, 
    4.5645985271549954, 
    0.35064445383045562, 
    -1.4569875091273004, 
    -0.18539033448860143, 
    3.2307918303176031, 
    -6.5284465305635546, 
    -0.89301840132287769, 
    0.53011912151209317, 
    5.2249261509869287, 
    -1.6475898129558477, 
    -3.7777278225176798, 
    0.15671558040375388, 
    4.8032234499685718, 
    4.7782617864214547, 
    -0.52210843031480181, 
    5.9924097487138663, 
    -2.0824038615357359, 
    -2.1670288379476936, 
    3.8063240303296428, 
    6.6847533383802418, 
    -5.1724622144183527, 
    -7.3305751150857974, 
    1.1772859977986141, 
    0.32894719283993012, 
    1.7442030521920406, 
    3.0086727946328313, 
    0.69505487533412691, 
    -0.81585806554345008, 
    -2.0766251228035699, 
    0.16121935921431696, 
    4.8051052000858192, 
    -0.53935651454226174, 
    -1.7763597389015675, 
    -2.1345775395954223, 
    3.9151996453887064, 
    2.2828085243284191, 
    -1.2331363946144793, 
    -0.11072369217502767, 
    -4.2550621860194493
  ]
}