{
  "noise": 13.371939139142254, 
  "log_likelihood": -3786.799264347524, 
  "nlpd": -4.3403867157384246, 
  "rmse": 17.229173638621852, 
  "lengthscale": [
    1.1664667222629859, 
    6.6114838811901038, 
    5.2677782888140854, 
    19.408166937714629, 
    1.2185599919572836, 
    1.1449044595446103, 
    40.442558976760957, 
    19.020596901274889, 
    1.4055857785321657, 
    20.762380709378494, 
    2.5499218530216821, 
    1.5273338343674701, 
    2.2501398672661113, 
    23.966106395473169, 
    7.5885911041608365, 
    19.912527634509882, 
    6.1797093389166644, 
    20.588403029743972, 
    18.392574729494942, 
    1.3083795791429063, 
    4.6534779095939287, 
    20.833035689921811, 
    0.75268053083574071, 
    1.9727582308481197, 
    21.202980620900156, 
    15.53091543075767, 
    3.6944706878577045, 
    1.5616004613352439, 
    3.6479847007625987, 
    84.222335059256068, 
    1.3062793645982342, 
    21.784250298824102, 
    23.783192107127199, 
    12.720168268496449, 
    1.0509162485997714, 
    0.95117797040301988, 
    29.145030170212443, 
    6.7714037193414889, 
    21.01079628457822, 
    20.853821371245512, 
    5.2998649783483103, 
    29.120309997521122, 
    23.177270815021767, 
    32.511788473434898, 
    1.1020077723143968, 
    0.97338071876745103, 
    25.545118150967202, 
    1.6487981750021699, 
    0.7224340220675991, 
    1.3461651918170952, 
    18.04901013019569, 
    10.570744460743391, 
    32.719505843138606, 
    20.948666764483946, 
    27.729774331867183, 
    66.481079355696636, 
    14.427128705899761, 
    25.454297247522153, 
    22.456968285665557, 
    2.162662292704276, 
    8.1557219638487002, 
    15.796024206140162, 
    21.969011383976614, 
    1.2517677554716886, 
    1.1317681621004374, 
    10.923164034744074, 
    18.894989826900122, 
    16.793085893100994, 
    15.452414047222618, 
    1.0204281763171721, 
    15.598610351612416, 
    1.2884414220090932, 
    21.21718012418782, 
    1.3090828513067521, 
    7.4081703292656886, 
    0.81737007777428472, 
    10.527803554806107, 
    22.274498716952966, 
    19.974350012057286, 
    21.907495757896047, 
    1.1774046832991998, 
    1.1332045148637129, 
    28.631455592029461, 
    23.3361063575882, 
    29.566355416252787, 
    0.9051502479002802, 
    18.548951809010827, 
    1.0363109498141159, 
    1.3990004453978127, 
    3.176190829224101, 
    1.0034885097223905, 
    11.283971782731768, 
    1.5344122689967319, 
    9.3923526253071383, 
    0.82483536024679605, 
    10.677056052080252, 
    0.65950784019283459, 
    1.8803964903879065, 
    20.104048480714631, 
    1.2373732542081703
  ], 
  "mae": 12.925349788580426, 
  "pearsonr": [
    0.61171498909219091, 
    1.3714720113094947e-11
  ], 
  "variance": 484.18398263221553
}