{
  "noise": 38.050506403347036, 
  "log_likelihood": -3240.2842216692584, 
  "nlpd": -3.510681354571628, 
  "rmse": 7.8530697001407628, 
  "lengthscale": [
    1.5737963953883036
  ], 
  "mae": 5.1864551577960629, 
  "pearsonr": [
    0.60919572721307846, 
    1.7507574783146287e-11
  ], 
  "variance": 63.046888609655724
}