{
  "log_likelihood": -4231.263850560859, 
  "nlpd": 3.7357169054686086, 
  "rmse": 10.085981188734408, 
  "rbf.lengthscale": 2.1124332625166296, 
  "Gaussian_noise.variance": 72.34827533357041, 
  "mae": 6.6672505712406798, 
  "pearsonr": [
    0.5578057146169918, 
    1.4028575198840775e-11
  ], 
  "rbf.variance": 87.6687011802416
}