{
  "noise": 22.47483240380733, 
  "log_likelihood": -3877.2415160253786, 
  "nlpd": -4.1994649874779073, 
  "rmse": 15.9284706542206, 
  "weight_variance": [
    2224468.2134358892
  ], 
  "bias_variance": 105960975.45584336, 
  "mae": 12.148503816079163, 
  "pearsonr": [
    0.63735065979342131, 
    1.005786119511127e-12
  ], 
  "variance": 2049.5985636965966
}