{
  "regularization": 10.0, 
  "rmse": 13.92877439538756, 
  "intercept": 14.400511949649472, 
  "mae": 11.263529504670998, 
  "pearsonr": [
    0.33203996443913769, 
    0.00015499220878412764
  ], 
  "coefs": [
    6.1045014080191731, 
    3.7899947067792592, 
    -3.7200560144804595, 
    1.2621188088938133, 
    -3.1775658483816591, 
    -0.3344558433709266, 
    1.8062470380196085, 
    4.1645342610022134, 
    0.24655684381894732, 
    -3.297337796544753, 
    -2.3461403824546938, 
    -1.1089038671938694, 
    1.372841773468217, 
    2.2881980967491273, 
    4.2454404538033357, 
    0.93982464890407924, 
    0.010977535231928112, 
    2.7671224667094418, 
    1.6417533632373749, 
    -1.8279263008646669, 
    -1.4234144739146233, 
    3.5708621309336523, 
    -4.222668289168741, 
    1.2430600216515901, 
    -0.43376636125271451, 
    0.16317870505668078, 
    0.38726085106915203, 
    -3.9746710576410895, 
    0.81479777731985725, 
    -4.7113003043146957, 
    2.4799306220569002, 
    1.7663711294195164, 
    -4.0918593593619548, 
    -3.8848372972254559, 
    1.5275691424744189, 
    1.0206908309988327, 
    -2.4033249578262343, 
    -0.97378448057164357, 
    3.4180039213571671, 
    0.040790229244161993, 
    -4.2887957525874567, 
    0.37742359117301999, 
    2.1416720195132721, 
    -0.056123912531888268, 
    -2.8050229412429606, 
    0.87677282208839724, 
    -1.3352485913577508, 
    0.67799750452126839, 
    1.0790810394557131, 
    -0.54136995989299874, 
    1.2486830037755818, 
    1.9504620712829697, 
    2.4496191218790773, 
    2.0974152487568105, 
    -0.71720518346843987, 
    -0.5312866498055524, 
    -4.0354755678604297, 
    -1.769538401859684, 
    -0.28681065623913665, 
    -1.3340195934516954, 
    -2.549483363682806, 
    1.0139592390853982, 
    3.4127337643528306, 
    2.2628369678199411, 
    0.59527207269974891, 
    0.79000880096167725, 
    3.055786048950679, 
    -4.3713547464653084, 
    1.3485038506369367, 
    0.7121369649474466, 
    6.2520215667627035, 
    0.28966919456093321, 
    1.9205401348924678, 
    3.0099002140743165, 
    0.77439995961857766, 
    -0.081635559569848332, 
    2.4629433711644011, 
    -4.1629051025097752, 
    -0.23739599739248912, 
    -0.45596840127977856, 
    -2.7404642866514433, 
    -4.1393935567160245, 
    -0.55748046924685157, 
    -0.87364720558312825, 
    0.13479319426416725, 
    3.3868951704412522, 
    3.7223491999111129, 
    1.1881283783817655, 
    -1.467407643791631, 
    2.5841022287315849, 
    2.8679613922621341, 
    2.5357743534618717, 
    3.9458989644369447, 
    0.76399308935496668, 
    -1.3340508747989723, 
    -0.067854106792991531, 
    -4.7048220491873742, 
    -4.3370415615163989, 
    2.3626156292532756, 
    -2.1330812348690156
  ]
}