{
  "lengthscale": [
    2.7659512226968856
  ], 
  "noise": [
    39.560890876001864, 
    35.232932635838196, 
    50.01238601074384, 
    44.52872699489161, 
    48.03750061795292, 
    76.80498377843838
  ], 
  "kappa": [
    6.104749673712324, 
    0.38834257977241476, 
    31.156558363562773, 
    28.198102864266684, 
    13.171212283437175, 
    30.8018060091064
  ], 
  "log_likelihood": -21403.1023383533, 
  "joy": {
    "mae": 14.155565001368108, 
    "nlpd": 4.3886788441212801, 
    "pearsonr": [
      0.59715486923276251, 
      5.4624473208259629e-11
    ], 
    "rmse": 17.865920692908954
  }, 
  "W": [
    [
      2.2231733512716056, 
      -1.542021351611119
    ], 
    [
      2.478453906720703, 
      -2.7842701166077464
    ], 
    [
      2.7922503939470493, 
      1.4555146963203816
    ], 
    [
      -5.4437051903378286, 
      -1.4152094395550041
    ], 
    [
      5.9994744837566873, 
      3.4682148190723496
    ], 
    [
      -1.0251108005326452, 
      -0.46226809452802736
    ]
  ], 
  "sadness": {
    "mae": 11.033175864656124, 
    "nlpd": 4.2000944874495723, 
    "pearsonr": [
      0.67695240472761142, 
      1.0598458732849711e-14
    ], 
    "rmse": 15.685123556642793
  }, 
  "disgust": {
    "mae": 4.7539080993478553, 
    "nlpd": 3.4503286306635972, 
    "pearsonr": [
      0.58464939901683299, 
      1.6958053900685097e-10
    ], 
    "rmse": 7.3735728450013767
  }, 
  "variance": 9.072704376760269, 
  "anger": {
    "mae": 6.3850261710218463, 
    "nlpd": 3.8092503642087521, 
    "pearsonr": [
      0.75302215975443021, 
      1.6254716967355284e-19
    ], 
    "rmse": 10.509470651064593
  }, 
  "surprise": {
    "mae": 8.9333132934408521, 
    "nlpd": 3.8903807774966759, 
    "pearsonr": [
      0.56338171561078332, 
      1.0464138738634386e-09
    ], 
    "rmse": 11.600915102728642
  }, 
  "fear": {
    "mae": 7.7249505221492099, 
    "nlpd": 3.9152932641562002, 
    "pearsonr": [
      0.82719264377719004, 
      2.8419218633204775e-26
    ], 
    "rmse": 11.920405414558394
  }
}