{
  "noise": 88.99845269576656, 
  "log_likelihood": -3554.4803980222514, 
  "nlpd": -3.9826414032193815, 
  "rmse": 12.86315319421545, 
  "weight_variance": [
    2438573.0980005153
  ], 
  "bias_variance": 39604684.31160148, 
  "mae": 10.259754764585745, 
  "pearsonr": [
    0.488028590596634, 
    2.5991020463514167e-07
  ], 
  "variance": 278.4782824532714
}