{
  "noise": 58.80631711236644, 
  "power": [
    0.28015488916133119
  ], 
  "nlpd": -3.9553503128789682, 
  "rmse": 12.682829075713231, 
  "lengthscale": [
    0.69195501034143891
  ], 
  "mae": 10.025665736511938, 
  "pearsonr": [
    0.52974986868799145, 
    1.4492998272225431e-08
  ], 
  "variance": 236.3498826414975, 
  "log_likelihood": -3548.3896530959987
}