{
  "noise": 0.05133229441294275, 
  "log_likelihood": -1085.0693295075196, 
  "nlpd": -98.68308004962995, 
  "rmse": 8.4454431217094026, 
  "weight_variance": [
    5.5626846462681369e-309, 
    5.5626846462681369e-309, 
    5.5626846462681369e-309, 
    5.5626846462681369e-309, 
    5.5626846462681369e-309, 
    33670.669213839894, 
    420340.89303304633, 
    5.5626846462681369e-309, 
    5.5626846462681369e-309, 
    800018.60528753989, 
    5.5626846462681369e-309, 
    5.5626846462681369e-309, 
    5.5626846462681369e-309, 
    159511.91523799839, 
    5.5626846462681369e-309, 
    1755313.4737620072, 
    5.5626846462681369e-309, 
    259505.26017116543, 
    555475.22254984034, 
    427681.09961167915, 
    5.5626846462681369e-309, 
    5.5626846462681369e-309, 
    5.5626846462681369e-309, 
    5.5626846462681369e-309, 
    5.5626846462681369e-309, 
    5.5626846462681369e-309, 
    1811390.2844020263, 
    1563709.9655524481, 
    5.5626846462681369e-309, 
    2999788.0466210009, 
    3393514.8710033516, 
    922899.76600767288, 
    5.5626846462681369e-309, 
    5.5626846462681369e-309, 
    5.5626846462681369e-309, 
    5.5626846462681369e-309, 
    5.5626846462681369e-309, 
    997032.27142366185, 
    5.5626846462681369e-309, 
    5.5626846462681369e-309, 
    5.5626846462681369e-309, 
    5.5626846462681369e-309, 
    5.5626846462681369e-309, 
    5.5626846462681369e-309, 
    42532.981776358225, 
    303336.68094254256, 
    5.5626846462681369e-309, 
    5.5626846462681369e-309, 
    5.5626846462681369e-309, 
    396749.24106944207, 
    414497.80128033564, 
    5.5626846462681369e-309, 
    531274.91717437375, 
    5.5626846462681369e-309, 
    1024643.1684013576, 
    5.5626846462681369e-309, 
    5.5626846462681369e-309, 
    442825.10038008512, 
    5.5626846462681369e-309, 
    5.5626846462681369e-309, 
    5.5626846462681369e-309, 
    5.5626846462681369e-309, 
    5.5626846462681369e-309, 
    654449.39572500752, 
    5.5626846462681369e-309, 
    5.5626846462681369e-309, 
    561174.84141650039, 
    5.5626846462681369e-309, 
    5.5626846462681369e-309, 
    174305.16716981263, 
    5.5626846462681369e-309, 
    626412.2947391785, 
    5.5626846462681369e-309, 
    1091935.3524824302, 
    5.5626846462681369e-309, 
    5.5626846462681369e-309, 
    410622.57230536436, 
    5.5626846462681369e-309, 
    5.5626846462681369e-309, 
    187036.07448901646, 
    5.5626846462681369e-309, 
    1446825.0355854216, 
    5.5626846462681369e-309, 
    5.5626846462681369e-309, 
    5.5626846462681369e-309, 
    702857.10733357817, 
    5.5626846462681369e-309, 
    1116066.3878250977, 
    5.5626846462681369e-309, 
    5.5626846462681369e-309, 
    5.5626846462681369e-309, 
    5.5626846462681369e-309, 
    814366.57368103135, 
    5.5626846462681369e-309, 
    6033620.2731411019, 
    5.5626846462681369e-309, 
    2135266.1186643755, 
    172970.63987770648, 
    5.5626846462681369e-309, 
    5.5626846462681369e-309
  ], 
  "bias_variance": 381606.0167022902, 
  "mae": 5.4398978802394859, 
  "pearsonr": [
    0.51913145343900269, 
    3.1356564687109475e-08
  ], 
  "variance": 2.235620280252793
}