{
  "pearsonr": [
    0.74662901003949877, 
    1.6094343497582531e-23
  ], 
  "nlpd": 4.1762071958967466, 
  "rmse": 15.686028058439861, 
  "Mat32.lengthscale": 1.9568452596245942, 
  "Gaussian_noise.variance": 33.38227656495491, 
  "mae": 11.589325167833168, 
  "Mat32.variance": 519.1376293516029, 
  "log_likelihood": -4818.975310514505
}