{
  "warp_d": 7.745996453591209, 
  "noise": 3786.0644608415073, 
  "log_likelihood": -3426.9806402802433, 
  "nlpd": -3.7187669509223986, 
  "rmse": 9.916826960282231, 
  "weight_variance": [
    86.262941620764238
  ], 
  "bias_variance": 32176.800957969186, 
  "mae": 6.947691378647896, 
  "pearsonr": [
    0.70502070765681157, 
    2.6746361902375875e-16
  ], 
  "variance": 51644.56952750868, 
  "warp_psi": [
    [
      5.5626846462681369e-309, 
      5.5626846462681369e-309, 
      -1524.8935797299073
    ], 
    [
      5.5626846462681369e-309, 
      3.514070561774227e-278, 
      -6414.3412564849377
    ], 
    [
      5.5626846462681369e-309, 
      6.6151924736608769e-199, 
      128.45564763982787
    ]
  ]
}