{
  "RatQuad.variance": 214.20811587715252, 
  "log_likelihood": -4536.1468087762005, 
  "nlpd": 3.8900359888218645, 
  "rmse": 11.638010384208936, 
  "Gaussian_noise.variance": 57.833046488646865, 
  "RatQuad.lengthscale": 0.5443357475951747, 
  "mae": 9.1695631380570006, 
  "pearsonr": [
    0.57302222784603152, 
    2.8854232680103294e-12
  ], 
  "RatQuad.power": 0.3992089779458755
}