{
  "noise": 0.06364950378133036, 
  "power": [
    0.017662713792914793
  ], 
  "nlpd": -690.18256642329857, 
  "rmse": 14.80342626658377, 
  "lengthscale": [
    1.1817645513293777, 
    3.7419933958455469, 
    1.2530262568630157, 
    1.3578503562152264, 
    13.654374033153355, 
    0.47318705113210624, 
    7.2413066826147929, 
    5.9297887961717235, 
    11.19169066996621, 
    0.61602658351919681, 
    3.3356119633466434, 
    7.9373576583886329, 
    11.411773790615475, 
    0.38098633828450884, 
    14.685521823850976, 
    13.210947510979834, 
    0.71016193462763844, 
    1.7010487183211338, 
    3.6270055148466005, 
    9.3895131230525664, 
    0.36867850398373547, 
    14.585192527519546, 
    13.635394545275702, 
    1.3647834118595452, 
    3.2680882118382346, 
    1.4626043978462446, 
    14.842572254040585, 
    0.82566783643517561, 
    0.86294629618681418, 
    0.18474720549283774, 
    1.6877528203261836, 
    3.5614905691851031, 
    5.3325316759334305, 
    3.6356425110135242, 
    13.281552982055558, 
    0.9131965174518526, 
    14.208658884682402, 
    0.61352785733895543, 
    1.2426098149473666, 
    5.5635209813396305, 
    0.5087298882801502, 
    11.946892070542546, 
    0.48737933456181037, 
    10.452375883214005, 
    0.38900998826770233, 
    12.086911723916973, 
    0.55682145204708144, 
    12.470525764057236, 
    10.792557114879793, 
    11.130749644306681, 
    9.9556109303271363, 
    11.361157126227049, 
    7.5165595152886295, 
    13.366562947534607, 
    0.84561522273711409, 
    17.259540480550903, 
    1.3900667299691596, 
    8.7142568975025512, 
    11.344338388091254, 
    5.8121407888642782, 
    4.9406570479213059, 
    4.9619809343886638, 
    12.026262487795664, 
    1.4101978093831709, 
    9.820037344987794, 
    0.40655191062036011, 
    2.5592940715898109, 
    13.587140280360543, 
    2.5811833489625431, 
    0.67272719465446684, 
    0.98037188690192112, 
    0.31308086686099434, 
    11.650330647993551, 
    1.4746715374146293, 
    1.3088814232999888, 
    0.58576630009736363, 
    1.5242388584831363, 
    9.1800459517384763, 
    9.680735394975958, 
    0.38628336302158484, 
    0.42898281913947117, 
    0.49103758839028655, 
    0.66543162268334599, 
    12.880205437165019, 
    14.885560386660938, 
    13.702987174364129, 
    3.5207372041268994, 
    12.704077996527726, 
    0.39741053217977457, 
    13.857307448507758, 
    10.357953504333249, 
    0.42844482065032374, 
    11.459853923636526, 
    11.520714777168175, 
    2.6607925161908814, 
    10.630089302416835, 
    10.53571789031353, 
    1.3347859781235754, 
    12.661428444520029, 
    0.69274073026503546
  ], 
  "mae": 11.093548495277785, 
  "pearsonr": [
    0.64108722265328044, 
    6.7327251949744004e-13
  ], 
  "variance": 20.416604026283213, 
  "log_likelihood": -901.3322560200068
}