{
  "noise": 0.051621932536053954, 
  "log_likelihood": -1064.7498301999794, 
  "nlpd": -781.66251407129153, 
  "rmse": 19.724072026264288, 
  "lengthscale": [
    6.3152640558012028, 
    0.64646338064988673, 
    3.1845806588654004, 
    2.824666687967595, 
    1.7377440637721868, 
    0.98468205702028544, 
    2.4619975072241207, 
    12.334264736385844, 
    1.4845705811606105, 
    1.5763425760349341, 
    17.001125486772775, 
    4.2230136762469703, 
    11.85958605090952, 
    16.14640367586199, 
    0.4735658265551479, 
    1.5904546072660741, 
    1.6175110671742117, 
    3.0609255041409349, 
    20.539145927823579, 
    19.564621535812726, 
    13.806169995804245, 
    7.3332082300932377, 
    12.183648278644876, 
    16.404720195492025, 
    1.4951856055573465, 
    6.5055695103904245, 
    8.0244875016822075, 
    8.9462200648061305, 
    14.477656107579577, 
    0.966987621686906, 
    1.700920413130163, 
    14.677340511414444, 
    7.7196015071956188, 
    1.360197212059538, 
    1.152075812981892, 
    15.982889156823278, 
    12.481785908023637, 
    18.663806913168052, 
    8.859931774781888, 
    11.598324072903932, 
    1.2466121201809608, 
    7.1634130284929043, 
    2.0533901263835359, 
    18.22750933315632, 
    12.226292203210489, 
    15.595990937937525, 
    2.7078259421242539, 
    19.544990380582387, 
    10.646328104893627, 
    18.154855723259281, 
    0.89818673846629571, 
    1.4203740112137904, 
    1.0203701715693856, 
    18.917951916295131, 
    16.602409288660425, 
    15.405812443085189, 
    4.9456481610125849, 
    13.787820344681473, 
    19.775639611263426, 
    2.9791301736468498, 
    2.6179951457851565, 
    6.0929915181839212, 
    18.757130539259819, 
    1.3719527359214245, 
    20.280057528802047, 
    15.216762581569208, 
    17.702051697533463, 
    0.64369909345787901, 
    1.7123452853103878, 
    0.84605247338522893, 
    0.80290017270027358, 
    1.4926358931116144, 
    15.314127349365213, 
    20.016829404469835, 
    17.969160131653691, 
    17.136835090146782, 
    1.8395347251757661, 
    17.776015843414221, 
    18.242902213524165, 
    0.91465626543201317, 
    1.5081233736965836, 
    8.7375955534405918, 
    8.54817702511974, 
    16.187114662609059, 
    18.633942555811419, 
    11.039835276487507, 
    1.4929214463504452, 
    7.8123507488196715, 
    0.68366929858503522, 
    12.992932241383686, 
    8.8904629052999269, 
    1.6069178964172774, 
    7.2451574858351231, 
    18.433592608596097, 
    1.5330811060086558, 
    2.3064841580073967, 
    2.9329522280952611, 
    20.353729119567593, 
    15.747121590175238, 
    0.85901298735023368
  ], 
  "mae": 14.58357334032427, 
  "pearsonr": [
    0.50428712338940285, 
    8.8327898745837692e-08
  ], 
  "variance": 1.1680399903580352
}