{
  "lengthscale": [
    2.0194984344441851
  ], 
  "noise": [
    38.02310942479276, 
    28.844046556357174, 
    48.395306765355066, 
    48.833712235659476, 
    47.04386306610438, 
    69.39573252611943
  ], 
  "kappa": [
    7.3117523204076675e-06, 
    4.803524293917087, 
    25.04642287709301, 
    29.77294250356952, 
    25.503042690250822, 
    17.710830424545627
  ], 
  "log_likelihood": -21326.81561433557, 
  "joy": {
    "mae": 11.829712712970874, 
    "nlpd": 4.1403128490552756, 
    "pearsonr": [
      0.70669290117217409, 
      2.1191267965758636e-16
    ], 
    "rmse": 14.550880259097232
  }, 
  "W": [
    [
      1.803284504328091, 
      -3.5733655075897035
    ], 
    [
      1.034559697492007, 
      -2.0870616254720469
    ], 
    [
      3.0405186384140288, 
      -0.42562488638983675
    ], 
    [
      -5.7416777031152728, 
      0.1535472976155442
    ], 
    [
      5.5074777936530444, 
      0.41115666446936028
    ], 
    [
      -1.310368790608583, 
      0.17197631650967696
    ]
  ], 
  "sadness": {
    "mae": 11.431762393576745, 
    "nlpd": 4.1605597279466418, 
    "pearsonr": [
      0.76881185368745442, 
      9.7085985135746505e-21
    ], 
    "rmse": 15.005407111994701
  }, 
  "disgust": {
    "mae": 5.2118411433175336, 
    "nlpd": 3.5030253775223361, 
    "pearsonr": [
      0.59553160124871019, 
      6.345212791133204e-11
    ], 
    "rmse": 7.9453765739354871
  }, 
  "variance": 9.467691885336727, 
  "anger": {
    "mae": 6.6275797255476734, 
    "nlpd": 3.7149463560455422, 
    "pearsonr": [
      0.72544618527172111, 
      1.3858084946705785e-17
    ], 
    "rmse": 9.8108365671660422
  }, 
  "surprise": {
    "mae": 7.9149675952821266, 
    "nlpd": 3.7593265750116838, 
    "pearsonr": [
      0.3967571204303692, 
      4.3747475967463183e-05
    ], 
    "rmse": 9.9675192370663162
  }, 
  "fear": {
    "mae": 9.4121672547681126, 
    "nlpd": 4.0792543103036003, 
    "pearsonr": [
      0.76825427854795825, 
      1.0765000213449956e-20
    ], 
    "rmse": 13.951503034672356
  }
}