{
  "regularization": 100.0, 
  "rmse": 15.85454351274236, 
  "epsilon": 1.0, 
  "mae": 11.786725653530295, 
  "pearsonr": [
    0.74006956022837644, 
    6.2025305540065389e-23
  ], 
  "gamma": 0.10000000000000001
}