{
  "noise": 0.2354376028863945, 
  "log_likelihood": -1032.7992479523227, 
  "nlpd": -630.42135175013766, 
  "rmse": 15.671734369926853, 
  "lengthscale": [
    1.8873079772215171
  ], 
  "mae": 11.147954177203221, 
  "pearsonr": [
    0.68071578392040633, 
    6.6263363518186685e-15
  ], 
  "variance": 0.7628576462044127
}