{
  "noise": 0.29760866406797154, 
  "log_likelihood": -1113.0385913653997, 
  "nlpd": -489.19673481527968, 
  "rmse": 13.337499743402855, 
  "lengthscale": [
    1.1320201904742073, 
    1.3939543226123445, 
    1.1908787818739719, 
    52.289988171727806, 
    0.99931090837874603, 
    110.66987235470964, 
    88.673985219253012, 
    0.80102555753795845, 
    27.198580321714953, 
    41.846826862883304, 
    106.7409197105172, 
    0.35691493077589787, 
    77.192568133132085, 
    108.95889268561011, 
    60.236191687980998, 
    88.112834835647163, 
    102.79165614112301, 
    54.01157775098946, 
    129.84200964148681, 
    97.095155302258988, 
    50.249141967799318, 
    90.771450629945718, 
    86.887483241413165, 
    96.664169090746739, 
    49.682692022041962, 
    101.39183021487017, 
    0.82620158285218126, 
    1.8044623899138927, 
    52.087902116783432, 
    1.0501767789300358, 
    61.530944738668794, 
    0.84275873447981431, 
    101.09119563705491, 
    1.6539264080308864, 
    94.167172999726091, 
    63.984714474985111, 
    1.363808137613078, 
    49.741099780254636, 
    0.93118075948927048, 
    0.54898498447727384, 
    0.69563138548164827, 
    41.782822227531355, 
    101.10781939742257, 
    73.699521161978112, 
    0.36129461723341716, 
    108.54998068931569, 
    90.550122271947302, 
    46.081646439327471, 
    86.154301307586579, 
    128.34007450996759, 
    92.105991981443779, 
    90.559700672061425, 
    96.599210517090128, 
    74.078308966270782, 
    93.161417041357581, 
    206.92535743289125, 
    0.87654406335926283, 
    122.03263853557067, 
    126.10217048119992, 
    42.683592983489277, 
    125.62256076902963, 
    105.05302485523013, 
    46.311041791252507, 
    1.4674904694311728, 
    15.049435848516147, 
    70.124611918035143, 
    47.037542109074728, 
    0.58856528173224665, 
    105.53825763564284, 
    43.424884736895805, 
    1.0973624593034907, 
    0.49967061348097352, 
    0.54331052458875839, 
    63.749611696813318, 
    81.990631035967027, 
    120.1786520235467, 
    74.67848483213055, 
    33.562222662793552, 
    107.73099726261849, 
    60.92735626828771, 
    32.37541630395372, 
    0.96367401168840128, 
    77.258679557546728, 
    84.240708124038306, 
    77.87900602955358, 
    38.394772658614258, 
    113.04197302477129, 
    109.09987851688177, 
    99.402971895965734, 
    0.69844018735095437, 
    0.64515633763163582, 
    32.254564899856376, 
    0.80400737913622788, 
    94.778779300166462, 
    70.673529984562975, 
    0.755396572057911, 
    0.61630938800169244, 
    0.85507033249722697, 
    73.431281953083555, 
    1.9802632936457678
  ], 
  "mae": 10.476623143984163, 
  "pearsonr": [
    0.37609341886482123, 
    0.00011514977897410021
  ], 
  "variance": 0.6772350762159753
}