{
  "log_likelihood": -4216.042570728644, 
  "nlpd": 3.726048814139189, 
  "rmse": 9.9273758144320237, 
  "Mat52.variance": 134.18355708062674, 
  "Mat52.lengthscale": 1.395628337479999, 
  "Gaussian_noise.variance": 10.221476106396015, 
  "mae": 6.2956073753907509, 
  "pearsonr": [
    0.54051220007135947, 
    7.7002558772236752e-11
  ]
}