{
  "warp_d": 0.13581045727378904, 
  "noise": 1.2661576271557042, 
  "log_likelihood": -3831.3177549356833, 
  "nlpd": -4.3273604155268437, 
  "rmse": 18.082942303546112, 
  "lengthscale": [
    3.044029214119127
  ], 
  "mae": 13.89343914051903, 
  "pearsonr": [
    0.69370939572428114, 
    1.2391766928941614e-15
  ], 
  "variance": 13.377133842036185, 
  "warp_psi": [
    [
      3.2957449613426322e-09, 
      1.0520818718148377, 
      0.061958815127202777
    ], 
    [
      1.4686436833266131e-07, 
      0.378521157565189, 
      -0.13475740123772706
    ], 
    [
      3.1329024292671831e-07, 
      0.88310147574391051, 
      3.0307536991115893
    ]
  ]
}