{
  "noise": 0.05602680770802395, 
  "power": [
    0.34429405190320583
  ], 
  "nlpd": -531.2363870785623, 
  "rmse": 14.689744442948516, 
  "lengthscale": [
    1.0173412919694269
  ], 
  "mae": 11.532990932598947, 
  "pearsonr": [
    0.63146714086015954, 
    1.8716223062683228e-12
  ], 
  "variance": 1.608778002587669, 
  "log_likelihood": -1019.471741016649
}