{
  "warp_d": 0.2254304718228311, 
  "noise": 4.953933311662122, 
  "log_likelihood": -3435.814640010115, 
  "nlpd": -3.6891307938827089, 
  "rmse": 9.5290462323959488, 
  "lengthscale": [
    23.016861686332518, 
    25.457544345513099, 
    16.066731711242923, 
    24.882615415357854, 
    18.610539400194764, 
    15.351374161900367, 
    3.7532723871544142, 
    21.25128571458189, 
    22.952909716185179, 
    8.1678624703418929, 
    23.246271045808481, 
    23.63204870249827, 
    19.989773100708963, 
    23.765853400115731, 
    4.4583136382700985, 
    15.130716213878094, 
    21.847481634049903, 
    22.727905261832426, 
    1.0912367262713896, 
    22.87768485064737, 
    9.1504617039011649, 
    20.758536960055498, 
    20.193637447036323, 
    25.378024543350318, 
    16.567897193386226, 
    27.15817287076862, 
    12.054986098044539, 
    24.162458636809568, 
    24.163585613615197, 
    6.9095987619972279, 
    10.664909039353745, 
    19.734001689647844, 
    17.81661569139942, 
    20.472339710695195, 
    23.040736182380936, 
    17.396955079451786, 
    25.015678804560942, 
    22.89975736103737, 
    13.58120347565697, 
    25.660365409419956, 
    13.355727052207772, 
    23.678685938998662, 
    20.874000444064006, 
    22.130247399301052, 
    23.596484081566086, 
    18.177251633984586, 
    24.41075245649041, 
    20.972571464290425, 
    25.417752277832758, 
    22.735842484246998, 
    22.257521797273515, 
    17.407441804854098, 
    12.635136452922923, 
    3.7553440201571844, 
    22.428051753482478, 
    31.103363164608901, 
    13.890873694186087, 
    20.53003737567985, 
    26.39471163222543, 
    20.664606617609337, 
    22.099576493130225, 
    21.817791841650791, 
    23.0909262431108, 
    21.391760249129351, 
    25.983277255453103, 
    19.284607939796363, 
    3.114862488201676, 
    25.960371865367524, 
    24.997108967432318, 
    21.839227640082012, 
    23.093190150485494, 
    21.792335866297503, 
    21.55346166762828, 
    20.95207886998281, 
    16.545650990225479, 
    21.295817535666348, 
    19.158611381754902, 
    20.767317699673541, 
    7.9145544968745787, 
    2.353449357347027, 
    18.20003406422429, 
    7.9671027930643863, 
    16.934391315289247, 
    21.617601108146072, 
    27.105158581355568, 
    12.574274282401685, 
    24.581990766186436, 
    22.438211215080258, 
    16.864486416685409, 
    1.3081662735714135, 
    14.364133737509349, 
    20.501302519399388, 
    14.587200911615325, 
    23.840587743929103, 
    4.5227492984096651, 
    23.624869669724543, 
    23.19221451486235, 
    1.3223876971423825, 
    19.209289728987923, 
    19.204456296003755
  ], 
  "mae": 6.7959953569479703, 
  "pearsonr": [
    0.56209469133731094, 
    1.1634564441292528e-09
  ], 
  "variance": 79.63947469510191, 
  "warp_psi": [
    [
      4.8721723477521736e-56, 
      4.6668687202610994e-07, 
      5.4498706117097875
    ], 
    [
      2.4281821701554424e-29, 
      0.16484317084673317, 
      0.24203707645383599
    ], 
    [
      3.0486914712317346e-30, 
      0.2014805344096362, 
      0.46155928842558219
    ]
  ]
}