{
  "warp_d": 0.1799309933610937, 
  "noise": 1.4114869504801624, 
  "log_likelihood": -3614.2555462840996, 
  "nlpd": -4.3227826571287178, 
  "rmse": 15.832698529540929, 
  "lengthscale": [
    2.6462095299190058, 
    9.7064271587432334, 
    7.8205168461061323, 
    11.687369026606291, 
    11.682179745871588, 
    1.1645659880502894, 
    5.698256821437135, 
    5.321785573971944, 
    8.8193395047699372, 
    1.124776696296425, 
    7.5741549076812218, 
    9.6688657407650194, 
    13.817171458713476, 
    9.1968681550471185, 
    12.631140256208058, 
    13.405582325170519, 
    3.4561626050128385, 
    11.412984307088466, 
    11.072211809490881, 
    10.532571070440634, 
    3.4682336924811827, 
    10.615046878308604, 
    8.9096047844803987, 
    10.886301228747392, 
    13.766918828975355, 
    3.8830562653173688, 
    13.140778498057733, 
    3.3671065803117601, 
    2.3757177507549381, 
    3.6928421826963787, 
    8.913872992503018, 
    2.1268634257529997, 
    8.4944333015979012, 
    10.963659300526723, 
    10.479465945583383, 
    3.0422313544031443, 
    10.767282125681639, 
    2.0654846095475095, 
    7.2491734119308537, 
    8.1727381021184158, 
    1.4675612806832246, 
    10.406494831937597, 
    9.3899480055179509, 
    12.935982573072414, 
    1.5246478595727775, 
    6.4031868964687861, 
    1.8274474219822376, 
    11.858901872547509, 
    13.560323894722488, 
    9.1798143638777283, 
    2.0427886279653586, 
    11.097629711057001, 
    11.581617577878434, 
    12.408149686262615, 
    2.2281566934427914, 
    15.023792307355944, 
    2.7106621007875566, 
    7.2191441233129012, 
    13.872984733096215, 
    9.7184724789476498, 
    12.166475921319847, 
    8.450720048954226, 
    10.672989593913996, 
    11.190946072683682, 
    12.275219551105813, 
    0.91822007239962511, 
    6.7539596584930042, 
    11.321213834369324, 
    6.0810519354141253, 
    2.3193428175691841, 
    1.6246252784294566, 
    1.1609699037718249, 
    5.3493144703462301, 
    10.604002264707916, 
    2.4131614519257427, 
    9.6370646835565843, 
    5.0923350271313037, 
    8.146810803478715, 
    11.346250394317968, 
    4.5936909930759038, 
    0.94963340759591752, 
    1.5805787011656305, 
    2.799937508611213, 
    11.228275224586961, 
    10.937615489131447, 
    12.016890771520538, 
    3.0897300114893076, 
    12.259069759039294, 
    5.1398173023927605, 
    11.788253122131726, 
    3.9500135987086313, 
    1.5989955912079004, 
    7.9644334670285373, 
    12.344817078403231, 
    1.4412477530983154, 
    7.0753626775242138, 
    10.525284226687379, 
    8.1787946551075201, 
    10.108188726195648, 
    1.8955778528881286
  ], 
  "mae": 12.2261679282757, 
  "pearsonr": [
    0.69722788593201912, 
    7.7501851703011716e-16
  ], 
  "variance": 18.46926863536422, 
  "warp_psi": [
    [
      1.9736236355479653e-11, 
      0.0024496612355736549, 
      0.45663227426894171
    ], 
    [
      3.1671806973240751e-15, 
      2.4412703733007759, 
      4.2290211056766722
    ], 
    [
      3.8608515655439738e-21, 
      0.0099167143116366402, 
      0.20738366507992773
    ]
  ]
}