{
  "noise": 0.07537561921259382, 
  "log_likelihood": -1133.659114251292, 
  "nlpd": -71.388458364418156, 
  "rmse": 8.8314214739914387, 
  "lengthscale": [
    1.4992462964286299
  ], 
  "mae": 5.6585617950958378, 
  "pearsonr": [
    0.23968094942860702, 
    0.016314820415222572
  ], 
  "variance": 0.9193104261456087
}