{
  "warp_d": 0.04910122962939874, 
  "noise": 0.02878484756247686, 
  "power": [
    0.029419594088114957
  ], 
  "nlpd": -4.3835519347653698, 
  "rmse": 17.761440090710902, 
  "lengthscale": [
    0.36040097577002161, 
    0.98732553924606092, 
    0.69567192074487116, 
    3.0140965928766166, 
    1.1978385226485506, 
    1.4800957418966831, 
    0.2503291062658739, 
    3.3708657182469244, 
    0.69390292347259996, 
    3.6052037996325161, 
    2.4900165988045737, 
    0.60584399152138191, 
    1.0749078385243758, 
    3.6708100101976373, 
    1.8793348319255303, 
    2.4496231653552272, 
    2.8072363399154541, 
    3.1722832784265065, 
    0.39219975138693824, 
    0.58581989977301685, 
    2.0978888025108389, 
    2.4344247565949932, 
    0.32425680899990095, 
    2.028113951735949, 
    3.7827075988506342, 
    2.0539563464876966, 
    3.1733774067614542, 
    0.93597310958004276, 
    1.2220260407119663, 
    0.39807617275759116, 
    0.55610506321029163, 
    2.7413840761205619, 
    1.9854572655656628, 
    3.0392543283302058, 
    0.61367011652899917, 
    0.42513987117731772, 
    1.6307185435363276, 
    1.7508797847662008, 
    2.5859107694024006, 
    1.8780885332958688, 
    2.8269838774434444, 
    0.60597028049670587, 
    2.5772500733621033, 
    2.9462452246944442, 
    1.8165931200809096, 
    0.37687650274114715, 
    3.8414745681883344, 
    0.82358768329903365, 
    0.27754652062215318, 
    1.0055156147430466, 
    3.41886587234705, 
    2.3249039340837307, 
    2.8593027859006113, 
    1.5421373936055212, 
    0.21821022393103537, 
    2.3081450145778839, 
    2.9818459154258554, 
    3.8055507850336956, 
    4.1550795436707633, 
    1.2185856951291112, 
    1.4861903416033266, 
    0.53948122577893531, 
    3.4356612396621036, 
    0.49327864188547554, 
    0.54169625216460859, 
    2.5691639992277526, 
    1.1957167796829049, 
    2.8997737698664747, 
    1.5410445409823335, 
    1.95240137179055, 
    3.2347293849931602, 
    2.0532427891311293, 
    2.281819448271972, 
    0.5913020457420991, 
    0.72858012783920167, 
    0.35702930768995356, 
    3.1076909668831667, 
    2.3729636883516805, 
    3.3702448429615606, 
    2.0805898922410986, 
    1.4068684542590799, 
    0.70799055309505488, 
    3.2364979935314282, 
    3.0977671205654747, 
    0.49958681740446276, 
    0.64645516499250877, 
    0.79137116634342508, 
    0.37349091381910249, 
    1.23669829190782, 
    0.86866129525546443, 
    0.28043502553547039, 
    1.6577197281947069, 
    1.3861801971262007, 
    1.9490842462647222, 
    0.44379589676934217, 
    1.5803509083874219, 
    0.34603305025693726, 
    0.69603867288785681, 
    1.3552818879262505, 
    0.37342711026159231
  ], 
  "mae": 13.224668905373473, 
  "pearsonr": [
    0.58773168224963912, 
    1.2884194370114381e-10
  ], 
  "variance": 14.186504519425421, 
  "warp_psi": [
    [
      2.7574168284710995e-06, 
      4.7462011707946985, 
      -0.89067666137491297
    ], 
    [
      7.2417872793038237e-07, 
      0.1567596332125536, 
      -0.16341965914544082
    ], 
    [
      5.5140001982097247e-06, 
      0.66493564492744928, 
      1.3686795257638595
    ]
  ], 
  "log_likelihood": -3763.7155478569175
}