{
  "warp_d": 0.0812562457382435, 
  "noise": 1.0380868965670804, 
  "log_likelihood": -3334.215180058788, 
  "nlpd": -3.7048978982461729, 
  "rmse": 13.100098317399651, 
  "lengthscale": [
    87.135942400748704, 
    91.237006200823799, 
    71.343962589959986, 
    60.023377417323189, 
    55.765216030655417, 
    133.6111251607181, 
    109.66444481766635, 
    95.823505676723556, 
    120.80685412005131, 
    94.491619411443963, 
    111.89591231173503, 
    74.593423832117466, 
    106.15108874294828, 
    126.85667462359069, 
    103.24025241631652, 
    93.933807676902887, 
    122.34438747466649, 
    77.168210555318993, 
    117.31583839881861, 
    98.532785820635425, 
    108.22083058761007, 
    86.835896107536797, 
    88.083499171758788, 
    124.78203972555282, 
    101.54264450916985, 
    141.60994224002314, 
    90.858902988602111, 
    105.97575126447126, 
    109.94330740495833, 
    71.898352650072653, 
    101.65581253307921, 
    108.96254163809981, 
    95.109442957005953, 
    86.63370389425107, 
    63.104907000934261, 
    114.16419183593497, 
    98.719112478907974, 
    101.93550619925468, 
    132.53158083557696, 
    87.431332799056833, 
    112.06328748223646, 
    88.638289915664672, 
    141.37060680479448, 
    102.78323049010514, 
    117.67354790054765, 
    95.972161890120276, 
    111.96678169620435, 
    101.65517369972144, 
    113.33497011532266, 
    117.69300931823018, 
    82.153229647004082, 
    91.799942992746779, 
    100.14339451208737, 
    95.690425095187976, 
    118.36128828265701, 
    192.56285131490765, 
    102.20324506167906, 
    104.69232257198726, 
    148.41122785562635, 
    82.146159118227487, 
    119.71893982849704, 
    121.09923541387671, 
    80.943490718897763, 
    79.440831906238742, 
    95.633616240347109, 
    99.678187446609371, 
    115.53769027436056, 
    91.260247348651333, 
    98.426561414162691, 
    86.028169369951073, 
    68.927861890354535, 
    68.25225564115685, 
    75.611579747005251, 
    110.44010389227897, 
    97.412539042611286, 
    120.59137185195846, 
    106.17306244390873, 
    84.971507570155197, 
    118.45092892918443, 
    83.222247341729798, 
    100.29945797477338, 
    94.304594476922162, 
    109.41327431654601, 
    89.735724076855405, 
    126.41440017990114, 
    101.58817551459639, 
    122.46462769536343, 
    120.91714675420411, 
    104.75618664057299, 
    112.98548431944506, 
    91.073378452737273, 
    76.053749353103413, 
    103.04815905292324, 
    98.123730874741454, 
    125.11705686556897, 
    71.360986655141048, 
    91.210225122795421, 
    96.535916873325661, 
    110.12548552115911, 
    82.448083345349488
  ], 
  "mae": 10.588343869463031, 
  "pearsonr": [
    0.47152252757083962, 
    7.3540141679762544e-07
  ], 
  "variance": 496.0408736333196, 
  "warp_psi": [
    [
      188.81665353872765, 
      196.23936241997043, 
      0.016405233952895133
    ], 
    [
      5.5626846462681369e-309, 
      5.1594780643678888, 
      0.31246796512848163
    ], 
    [
      5.5626846462681369e-309, 
      5.2523464557045527e-43, 
      -324.48745274021906
    ]
  ]
}