{
  "regularization": 10.0, 
  "rmse": 12.125553958283131, 
  "intercept": -0.17992118590557468, 
  "mae": 9.8402214070420708, 
  "pearsonr": [
    0.39841490222945497, 
    4.0365274570019123e-05
  ], 
  "coefs": [
    0.38031747441268737, 
    0.20805026499821752, 
    -0.22869393051583622, 
    0.19440476527799003, 
    -0.24706908453557966, 
    0.062133894623260598, 
    0.093130504292449429, 
    0.33853047813026055, 
    0.027939126986255617, 
    -0.027776946433737619, 
    -0.1250052717612998, 
    -0.13338955568039138, 
    0.041242337971513242, 
    0.070644459583553296, 
    0.26366492179678053, 
    -0.017047088826877513, 
    -0.018583452616020502, 
    0.12868438504902341, 
    0.24761581458737997, 
    -0.01371321021993473, 
    -0.043138533105851355, 
    0.19149808871614557, 
    -0.21605645838314161, 
    -0.012318609232851462, 
    -0.013780414362773418, 
    -0.039617988773064765, 
    -0.027436615794631997, 
    -0.14372454265944251, 
    0.040560379144948706, 
    -0.28476175800174297, 
    0.19289863824641171, 
    0.14245151377566731, 
    -0.27460923402568355, 
    -0.29609382974909476, 
    0.061709421599068559, 
    0.0084304884781953634, 
    -0.2313483429434294, 
    0.014070598895910535, 
    0.1707312618100906, 
    0.059987159940483148, 
    -0.3161229258421982, 
    0.065938508350354863, 
    0.032887809120917356, 
    -0.1013566560758967, 
    -0.31453617250643517, 
    0.070268690580124346, 
    -0.0029515052667425609, 
    0.10262968870277328, 
    0.064553986900925259, 
    -0.021282602338192801, 
    0.17812798801513244, 
    -0.077019234712684695, 
    0.22747057762816902, 
    0.033072373236599985, 
    -0.1540903929538171, 
    -0.021380857346012784, 
    -0.28371883112732893, 
    -0.1516136919553806, 
    0.21274866724065136, 
    -0.17506245067872936, 
    -0.063511131660057757, 
    0.10564826688093795, 
    0.33165487184356984, 
    0.015231324409472443, 
    0.13364478955365117, 
    -0.0064971445061389986, 
    0.38015902279706815, 
    -0.45057106558905247, 
    0.080153515477021445, 
    0.031547143835737319, 
    0.43758249301713775, 
    -0.10016482480224204, 
    0.10343514338903206, 
    0.15482483622905405, 
    -0.012169169475995495, 
    0.14289249528941897, 
    0.05024682674271605, 
    -0.31196163230568896, 
    0.1049437459504198, 
    -0.15879579995061641, 
    -0.24642674993391703, 
    -0.25179911886832229, 
    -0.031506146102727096, 
    -0.041037587293797022, 
    0.013039125278834154, 
    0.24706183061065592, 
    0.18664723648620685, 
    0.054371107775476248, 
    -0.092978813843430541, 
    0.19372329379620801, 
    0.22166958174951715, 
    0.017283493856449363, 
    0.30563448343073096, 
    -0.059315843911444122, 
    -0.026989152792492484, 
    -0.063516096612948908, 
    -0.35451250604302981, 
    -0.31344987717946587, 
    0.055170940633888138, 
    -0.11617090638884019
  ]
}