{
  "noise": 0.24993376500324938, 
  "log_likelihood": -1114.2562733318537, 
  "nlpd": -472.00046551054083, 
  "rmse": 14.084321054257952, 
  "lengthscale": [
    1.5000423314893407, 
    6.8444207473324461, 
    1.3259367726342841, 
    22.429830787247003, 
    0.74018526077905866, 
    30.571186706329822, 
    21.232959353499957, 
    1.3727516532025423, 
    24.682435897416699, 
    17.323146486364809, 
    35.349755242911471, 
    0.48550491051161082, 
    20.010929416020396, 
    24.609459027215891, 
    16.746314505285053, 
    26.2067389771439, 
    21.552514947383624, 
    18.679196218509468, 
    29.269174720013936, 
    28.54775083394842, 
    14.8092567868422, 
    23.173467048777052, 
    23.166434344742022, 
    22.970440791095402, 
    18.879425063977401, 
    36.816950260637142, 
    1.2493177701050602, 
    23.445617772423564, 
    22.882316464459553, 
    14.375239433266577, 
    14.338691830756423, 
    14.32946222180254, 
    21.680155574256347, 
    1.67699346413385, 
    19.965731963065387, 
    24.721312529491023, 
    17.652242135265567, 
    17.399363355561416, 
    1.3666740959993549, 
    0.67482985570514398, 
    19.577866028756343, 
    22.293991478968262, 
    34.694648695056749, 
    20.740648636352812, 
    0.95419733639040472, 
    29.559845063528744, 
    36.20191916811816, 
    25.370597653903356, 
    21.286119962214975, 
    39.520811544772137, 
    21.990133553117989, 
    30.956732983461155, 
    26.353415215711735, 
    27.158546187750353, 
    22.276091561772258, 
    60.720053517060229, 
    20.396595556815466, 
    29.635627463290874, 
    1.1435775026349546, 
    14.307654026892449, 
    35.610180746846709, 
    1.5451504598669863, 
    1.2975992525231304, 
    2.372809952391556, 
    17.174305459291954, 
    23.556122791383999, 
    8.2716602886094428, 
    0.58739493461298009, 
    28.77965899846571, 
    23.048749153147945, 
    1.027290526373412, 
    0.60367522844254218, 
    0.40307695982581965, 
    2.6766085277999849, 
    1.3400094539632583, 
    35.046922526097894, 
    14.928993354220527, 
    0.79199532137535245, 
    24.91427302521312, 
    17.653049491501974, 
    5.5540378285964032, 
    1.6328904769750627, 
    19.581418756892401, 
    22.707939439075513, 
    14.794445403432814, 
    18.519880700362155, 
    26.474120780654953, 
    35.84009523489599, 
    32.318726188242749, 
    0.63749786403252795, 
    1.9950548303554794, 
    7.0771182405228679, 
    0.86651166632672005, 
    17.231238050631617, 
    6.9855023702309831, 
    22.217956956898391, 
    0.98395413162090906, 
    1.1804561793932897, 
    27.734413991606893, 
    6.6480151294278
  ], 
  "mae": 10.895530623976811, 
  "pearsonr": [
    0.36221537894815076, 
    0.00021290382456242641
  ], 
  "variance": 0.8319611349565853
}