{
  "regularization": 100.0, 
  "rmse": 9.3646371498344667, 
  "epsilon": 1.0, 
  "mae": 6.1396043288348867, 
  "pearsonr": [
    0.24767820747705135, 
    0.012973973324582316
  ], 
  "gamma": 0.10000000000000001
}