{
  "warp_d": 0.07205664639019611, 
  "noise": 0.038399598484406314, 
  "power": [
    0.0096469559642876953
  ], 
  "nlpd": -3.7831656669392841, 
  "rmse": 10.217365084558695, 
  "lengthscale": [
    0.31593293807165596
  ], 
  "mae": 6.2582533452219193, 
  "pearsonr": [
    0.6320977265257296, 
    1.7522058210023545e-12
  ], 
  "variance": 11.163468874333432, 
  "warp_psi": [
    [
      2.1624622047676828e-05, 
      10.257091198905005, 
      1.3187226735534123
    ], 
    [
      2.3080608753231796e-05, 
      1.1769141827842744, 
      1.3370300052901813
    ], 
    [
      1.6975845518398828e-05, 
      0.072797442437104579, 
      1.6187550667117288
    ]
  ], 
  "log_likelihood": -3208.832960854819
}