{
  "noise": 0.04451934270862453, 
  "power": [
    0.47337133403131243
  ], 
  "nlpd": -139.99804601181222, 
  "rmse": 9.2311003623826444, 
  "lengthscale": [
    0.74652534024869466
  ], 
  "mae": 6.6512703540321176, 
  "pearsonr": [
    0.6227491158709525, 
    4.5866707965941238e-12
  ], 
  "variance": 1.0618900724012, 
  "log_likelihood": -1059.976580287706
}