{
  "noise": 25.95700388000908, 
  "log_likelihood": -3339.7969352660016, 
  "nlpd": -3.9591194758855095, 
  "rmse": 11.542213451006452, 
  "lengthscale": [
    11.567408038058163, 
    14.20385581679402, 
    2.6255912577395364, 
    14.365434979978483, 
    13.604189635845833, 
    13.349504016022889, 
    0.89705930967985836, 
    3.0054830044368903, 
    14.36847919436102, 
    1.3281067603043426, 
    14.045273665262256, 
    15.903129282834495, 
    8.9665338168986537, 
    9.8432419149254837, 
    1.3866758946604207, 
    7.5776949353247138, 
    1.8487873986983911, 
    13.566803286778372, 
    0.55391532110545927, 
    1.4305743383476288, 
    0.97605666070580721, 
    11.364959226289242, 
    13.354878489904342, 
    28.728025647218423, 
    14.620023723118377, 
    14.093176272633785, 
    1.3915068942967863, 
    1.9052304944125282, 
    15.264209530037311, 
    0.94565839614467384, 
    2.0761288777811742, 
    0.99418278476700439, 
    11.464977085956994, 
    12.059788028502521, 
    15.603741496665231, 
    10.155665913502441, 
    12.506648350602488, 
    9.6185629157930919, 
    13.808146195261143, 
    15.92993371420698, 
    15.852553481168469, 
    12.15944772323741, 
    14.526171975462185, 
    14.094534661422056, 
    12.461385405600447, 
    4.6262331988136953, 
    16.719985830453258, 
    7.6958322971253619, 
    26.973301418038126, 
    13.339272001004401, 
    17.674813768487908, 
    12.411679662313636, 
    1.9786633207636104, 
    5.3590069113221253, 
    13.472549279936901, 
    12.71726481599328, 
    13.350312258519608, 
    15.212263936885828, 
    2.2519284381608164, 
    13.37657256374783, 
    0.42892913294285362, 
    15.988140059638393, 
    13.533740248578871, 
    18.636485546580388, 
    22.677878645753601, 
    9.4225975611497539, 
    1.8488009500595257, 
    26.642484424471725, 
    11.950979636604856, 
    1.2105407809825615, 
    5.5900128693300415, 
    11.590994795944075, 
    11.316898682882995, 
    1.4270017362440321, 
    9.4062281151614275, 
    12.823961476877271, 
    0.90656417317115223, 
    6.3124590200549875, 
    1.6557987794196769, 
    0.98579741453735537, 
    6.356507072638129, 
    0.6455897614475079, 
    15.762118382208961, 
    12.309815479005563, 
    7.6056433093585074, 
    0.57808423110669926, 
    8.6113110523813354, 
    16.32621762155015, 
    15.281069591409221, 
    1.3900996521316082, 
    1.5499649946747798, 
    18.490774592516424, 
    3.1810540929102755, 
    14.556565427114325, 
    1.8541497408605194, 
    2.5165736555550122, 
    14.188739426118213, 
    0.65392343017243482, 
    15.405909121436405, 
    1.5950066867749817
  ], 
  "mae": 7.3085005149689719, 
  "pearsonr": [
    0.64885597401593975, 
    2.870907595331857e-13
  ], 
  "variance": 148.647434813637
}