{
  "warp_d": 0.14697094351933643, 
  "noise": 1.6124939232589774, 
  "log_likelihood": -3448.57900696239, 
  "nlpd": -3.6524751526516592, 
  "rmse": 9.0048752661637455, 
  "lengthscale": [
    5.7241947929392678
  ], 
  "mae": 6.5051267025401209, 
  "pearsonr": [
    0.64624185300823422, 
    3.8350058990340222e-13
  ], 
  "variance": 8.814819261361146, 
  "warp_psi": [
    [
      2.8216281940716629e-07, 
      0.8499577847469395, 
      -0.46546306712595936
    ], 
    [
      2.0818635314514691e-08, 
      0.48945534698909898, 
      0.32365538442802366
    ], 
    [
      3.6796222088313818e-07, 
      4.4672386079298247, 
      -0.056772210408974781
    ]
  ]
}