{
  "noise": 0.48521197235236624, 
  "log_likelihood": -997.9126967193035, 
  "nlpd": -777.02059854422259, 
  "rmse": 17.276902861072507, 
  "mae": 13.16956515996544, 
  "pearsonr": [
    0.63237141275905318, 
    1.7026974841089559e-12
  ], 
  "variance": [
    0.0015759249612398861, 
    2.444494038315077e-06, 
    0.1016145965277248, 
    0.015956801508750073, 
    0.04183988240764791, 
    1.6984831062966204e-06, 
    0.082414467480820736, 
    0.092778136846935658, 
    3.2794901075714935e-06, 
    0.50424209825415156, 
    6.8820798778964509e-06, 
    4.0857943954963325e-06, 
    0.056521060167295627, 
    2.9185130445204503e-05, 
    3.6792422177153435e-06, 
    3.2135286208353603e-06, 
    0.095340888900449644, 
    2.804636363350072e-05, 
    0.062641219417739077, 
    2.0669549090545062e-06, 
    0.098068286440246746, 
    0.00016283130795330516, 
    0.026275797633379651, 
    0.056784957013863914, 
    5.2436324985499304e-05, 
    0.11889152073758617, 
    3.1796674242983578e-06, 
    0.23853583348393351, 
    9.4610014374591331e-06, 
    0.058493409485259211, 
    3.8373747231707953e-05, 
    5.3070704828408638e-06, 
    0.024604968823284182, 
    4.4207772044423629e-06, 
    0.05626158503435448, 
    0.10613245352360426, 
    0.00010304905066959513, 
    0.2023229988923079, 
    9.6262891158218705e-05, 
    2.7873659275048137e-05, 
    2.9312464409271431e-06, 
    3.4031312998795304e-06, 
    0.016271392875791307, 
    2.7828595648483538e-06, 
    0.01991912791222206, 
    2.747560880130389e-06, 
    0.11981928819981641, 
    2.8672582716844204e-06, 
    0.034030304461172833, 
    0.071569345664547535, 
    4.1796090966860337e-06, 
    0.050152619345451649, 
    2.7594004513643176e-06, 
    6.548754217051421e-06, 
    0.0014927396213789471, 
    7.1810787988503873e-06, 
    0.048154758465331023, 
    1.5537698785548579e-06, 
    7.6813889746706899e-06, 
    3.3022241516720309e-05, 
    0.039132247490003241, 
    0.076251642056069671, 
    2.3064902253780277e-06, 
    0.023789437796866129, 
    3.3623524812520851e-06, 
    0.0092369045524279287, 
    0.19010233173308289, 
    2.5906473753813573e-06, 
    2.6095042991525796e-06, 
    0.11632897990442349, 
    7.3808049711517396e-05, 
    0.039334346548048439, 
    2.7428878074592379e-06, 
    0.10684037830725682, 
    0.16902029317271572, 
    5.9153215856137217e-06, 
    0.069382674519981008, 
    1.2053238505161602e-05, 
    1.2828754567791662e-05, 
    0.028792115666467735, 
    0.12207140878607037, 
    0.060084572633237611, 
    0.34356684288665207, 
    7.2114129546569879e-06, 
    1.7468189308455274e-05, 
    2.8591483424487267e-05, 
    0.018368015617443063, 
    2.2518038641727361e-06, 
    2.7840553139776452e-06, 
    6.9738904141039669e-06, 
    1.9507087609771247e-06, 
    0.059598310817342237, 
    2.4488885858102509e-06, 
    2.1070415707398494e-05, 
    0.010529997385927565, 
    0.06575461414758213, 
    0.0022126228731572497, 
    6.4654955215027229e-06, 
    4.7407801681649313e-06, 
    0.11038920026450487
  ]
}