{
  "noise": 147.35600559531392, 
  "log_likelihood": -3566.6178693051447, 
  "nlpd": -4.0686540055529221, 
  "rmse": 13.955068745322869, 
  "mae": 11.26236384642826, 
  "pearsonr": [
    0.39606804318584266, 
    4.5229714221207028e-05
  ], 
  "variance": [
    46.648508075389742, 
    5.2623928600022884e-06, 
    0.0003264275220062091, 
    3.0752650594112758, 
    8.5963411324986065, 
    9.4876445787183954, 
    10.403178980243533, 
    44.930837119324757, 
    5.9944823678556067e-05, 
    7.4472390989564687e-05, 
    33.218476048277047, 
    7.7861549452171497e-05, 
    6.4711444258236316e-05, 
    3.4808882024271606, 
    64.076502393453822, 
    0.00013107243289162636, 
    5.8579522182583675e-05, 
    3.7957677662719815, 
    3.5332421935132947, 
    5.7029398036794889e-05, 
    1.4250194932007525, 
    0.00010619827710333632, 
    51.674134080401899, 
    6.1405411651061446, 
    6.8116772042181971e-05, 
    6.0358660567380987e-05, 
    6.3976553838951912e-05, 
    4.52422671834504, 
    1.0235655532091084, 
    54.252878848485103, 
    3.1475929389890073e-05, 
    16.769571476029416, 
    46.816334144141486, 
    26.140291639024515, 
    7.3738383264311012e-05, 
    7.2346847911471872e-05, 
    0.00068475625507106682, 
    6.0132920281244906e-05, 
    11.076818969554861, 
    8.5754269490989046e-05, 
    34.923577389931673, 
    8.1362589820544983e-05, 
    9.7616697642183669e-05, 
    4.9681759987873475, 
    3.7266911242900993, 
    6.8589574841142342e-05, 
    5.4381788747843962e-05, 
    8.6219503531300283, 
    2.9536982527080804, 
    0.00023260657344424673, 
    6.8522444555473805e-05, 
    9.8481681420733595e-05, 
    21.295067431076507, 
    3.7690683601717594, 
    0.00023534918086873753, 
    2.185036981217201, 
    57.673743304701901, 
    4.8218131891496379, 
    31.877290643829006, 
    1.1352799834462961e-05, 
    12.937759684156655, 
    11.415853010016741, 
    78.013402719607384, 
    0.0001023498137351658, 
    0.00014036626620839309, 
    0.00026510508549871463, 
    48.830133422291368, 
    70.944527080109296, 
    2.537136041569088, 
    0.00047725661671208018, 
    136.78159634454434, 
    5.1931663566892462e-05, 
    0.0001159380289604948, 
    17.763992941324645, 
    0.00015619125144127548, 
    7.9258755761592786e-05, 
    4.740352243891218, 
    16.111497720916592, 
    6.2302052073154031e-05, 
    0.00023781412426102688, 
    0.00017941628575316931, 
    62.321455670627046, 
    0.00013012596370405049, 
    0.00024624245224086539, 
    15.096507975653649, 
    8.5189660302375467e-05, 
    13.695784048897295, 
    0.00018545213735040385, 
    9.8120442854238856, 
    0.00021218883340164087, 
    5.4716046102578809e-05, 
    0.00019751959854730507, 
    44.677768970559889, 
    0.00021673714431977924, 
    7.0042596012805168e-05, 
    5.7947982746576594, 
    39.105391554630863, 
    12.345973080428889, 
    6.2720835747231529, 
    8.2201363971725502e-05
  ]
}