{
  "warp_d": 0.18738924399375023, 
  "noise": 10.727608717375402, 
  "log_likelihood": -3922.1556520097397, 
  "nlpd": -4.3959417995730483, 
  "rmse": 19.513075224339165, 
  "mae": 15.254514662057959, 
  "pearsonr": [
    0.50481672977395631, 
    8.5195519259820084e-08
  ], 
  "variance": [
    0.95258272689543178
  ], 
  "warp_psi": [
    [
      6.8017456325380263e-11, 
      0.024668944613883172, 
      11.658926909955492
    ], 
    [
      5.7471819457249794e-10, 
      0.073419109197689597, 
      0.12125003787881727
    ], 
    [
      7.0937762726304543e-07, 
      0.24607240076200376, 
      1.4373805184413273
    ]
  ]
}