{
  "warp_d": 0.2840713545664387, 
  "noise": 13.69045178257984, 
  "log_likelihood": -3667.167130304891, 
  "nlpd": -3.9746344081866476, 
  "rmse": 12.833113640571419, 
  "mae": 9.3058538652967524, 
  "pearsonr": [
    0.29819277570252545, 
    0.0025841837079387275
  ], 
  "variance": [
    1.597770933020056
  ], 
  "warp_psi": [
    [
      5.6670583379418763e-09, 
      3.712226513199766, 
      2.1625119662761487
    ], 
    [
      4.0556092606441258e-07, 
      0.99566738657319687, 
      0.27394258024899759
    ], 
    [
      1.8773215181384987e-06, 
      0.19952015938919193, 
      -0.42695904451809957
    ]
  ]
}