{
  "regularization": 10.0, 
  "rmse": 9.9362704160482096, 
  "epsilon": 10.0, 
  "mae": 8.0534345843872899, 
  "pearsonr": [
    0.34493481914972857, 
    0.00044059880406399144
  ], 
  "gamma": 0.10000000000000001
}