{
  "warp_d": 0.12477640285781744, 
  "noise": 0.6182849883822107, 
  "log_likelihood": -3868.1320716437485, 
  "nlpd": -4.2987680392403025, 
  "rmse": 17.832335760082334, 
  "lengthscale": [
    2.3229206643243159
  ], 
  "mae": 14.107510359381537, 
  "pearsonr": [
    0.61313903361814326, 
    1.1935243320969194e-11
  ], 
  "variance": 9.747268331216684, 
  "warp_psi": [
    [
      1.2077133558245587e-05, 
      0.73297545980444967, 
      0.62361927927278848
    ], 
    [
      4.6297704325850995e-06, 
      0.11139071024581838, 
      2.9227662237609375
    ], 
    [
      1.7702203776693301e-05, 
      2.9713819218211959, 
      0.92551853768829928
    ]
  ]
}