{
  "noise": 0.06362236825129075, 
  "log_likelihood": -1017.7891600912826, 
  "nlpd": -604.58285920672222, 
  "rmse": 15.055197370591175, 
  "lengthscale": [
    2.1592575552447295
  ], 
  "mae": 11.284708846884673, 
  "pearsonr": [
    0.68498689696111248, 
    3.8555383329408757e-15
  ], 
  "variance": 1.0314224638105032
}