{
  "warp_d": 0.12777544359834692, 
  "noise": 1.4256849419611661, 
  "log_likelihood": -3838.8200887141493, 
  "nlpd": -4.3360819173308611, 
  "rmse": 17.712024066970248, 
  "lengthscale": [
    2.7353903924902432
  ], 
  "mae": 13.354040857395832, 
  "pearsonr": [
    0.57817440219746685, 
    2.9923012838308898e-10
  ], 
  "variance": 11.399515818165373, 
  "warp_psi": [
    [
      5.6376480070601263e-05, 
      3.9646347048731205, 
      6.9968215598204573
    ], 
    [
      8.2750201909782495e-06, 
      0.13314493121568904, 
      1.0938586561404879
    ], 
    [
      7.6428341947093851e-06, 
      0.36596808525558655, 
      0.98248025912889925
    ]
  ]
}