{
  "regularization": 100.0, 
  "rmse": 7.9984196794958402, 
  "epsilon": 1.0, 
  "mae": 5.3065894803572045, 
  "pearsonr": [
    0.58577581625661479, 
    1.5343203131666986e-10
  ], 
  "gamma": 0.10000000000000001
}