{
  "noise": 0.05469180196603406, 
  "log_likelihood": -1134.4218391468737, 
  "nlpd": -688.17452860626804, 
  "rmse": 16.009935570458726, 
  "weight_variance": [
    4272562.9314802047
  ], 
  "bias_variance": 18659.877999601562, 
  "mae": 12.238624973288939, 
  "pearsonr": [
    0.63282869133020803, 
    1.6229768989032613e-12
  ], 
  "variance": 2.314148947668033
}