{
  "noise": 31.26274438949998, 
  "log_likelihood": -3360.4777296324705, 
  "nlpd": -3.7045898632062011, 
  "rmse": 9.1624279453908368, 
  "lengthscale": [
    12.891468344601272, 
    13.37082768107887, 
    8.4091634632298451, 
    9.5869525343855084, 
    13.274945692055143, 
    11.475772864105743, 
    0.6900890148787493, 
    0.95227887958447144, 
    11.210148943603171, 
    1.1837116491352584, 
    12.353796478153317, 
    11.920178874059431, 
    8.7418029651711446, 
    8.0936040020665203, 
    0.74383341789279267, 
    0.4399875788189726, 
    1.5706017682142281, 
    11.309621426611089, 
    0.74339058586666762, 
    6.4023775657370185, 
    0.61680431228729593, 
    7.0681724017162626, 
    10.156337688845852, 
    0.81538769784910059, 
    12.743107820929231, 
    12.853627861093715, 
    2.5428240507587283, 
    9.6739180802816929, 
    13.565417785978529, 
    1.0909245152980191, 
    1.0879377488504407, 
    0.77057514991670495, 
    12.13596729982725, 
    10.586824313386206, 
    13.630221731408493, 
    0.85102966163518701, 
    10.880194562704506, 
    13.246740429418617, 
    9.4503558800501928, 
    10.235720376391777, 
    1.4612590805911254, 
    13.954916617281247, 
    18.574857613261219, 
    12.238798305535742, 
    7.4501009616745417, 
    8.1027516137405904, 
    12.971765106662282, 
    10.929405238285835, 
    11.654880460336333, 
    1.6870115191920299, 
    17.578426190266068, 
    12.773118787133164, 
    1.4013659937459686, 
    2.2371685412954481, 
    13.260239868447423, 
    4.6264034253907473, 
    13.811389464509922, 
    13.233917395903209, 
    10.451006480404047, 
    12.571086550407584, 
    0.62261346348658031, 
    11.618589109688804, 
    12.440942102930029, 
    11.635151448740919, 
    15.214563193329749, 
    9.7252077845360496, 
    12.626095295638825, 
    2.7519026908567077, 
    14.019950621099532, 
    2.7448981335930025, 
    10.555111562797121, 
    0.98355809541141836, 
    0.80591618835574474, 
    8.9407716294376769, 
    0.85795166871559825, 
    12.153476275620704, 
    0.63723522020783629, 
    7.388530333632314, 
    1.8433059840163402, 
    1.8700335455564643, 
    6.039870401130166, 
    0.86998203972039068, 
    13.596443580151389, 
    5.5751598719240105, 
    11.327338797086766, 
    7.7136094469487775, 
    12.320005903917764, 
    13.10122900085436, 
    6.5861279785905218, 
    6.8416123775359532, 
    9.8654128455215293, 
    12.387693736291657, 
    15.546153657416616, 
    12.578967212379835, 
    1.4980783916434948, 
    1.2919557008302804, 
    13.557350705986179, 
    0.51443648332564962, 
    1.1076076184807091, 
    20.958990773066674
  ], 
  "mae": 6.6392572998639583, 
  "pearsonr": [
    0.66700174700114623, 
    3.5510097972392645e-14
  ], 
  "variance": 126.45918482414835
}