{
  "noise": 0.08518041570331542, 
  "log_likelihood": -1149.5844473770167, 
  "nlpd": -126.65666575578527, 
  "rmse": 9.98112717877666, 
  "lengthscale": [
    1.4010852584359368
  ], 
  "mae": 6.1632981533555427, 
  "pearsonr": [
    0.52447713961482256, 
    2.1331867743298992e-08
  ], 
  "variance": 0.8879922343900363
}