{
  "regularization": 10.0, 
  "rmse": 12.021544547823162, 
  "intercept": 13.938630511247309, 
  "mae": 9.6309470817151741, 
  "pearsonr": [
    0.2496568362497828, 
    0.0049879440225658774
  ], 
  "coefs": [
    6.7663972059569266, 
    3.1837401713522087, 
    -3.6467603299770337, 
    1.0762638816273946, 
    -2.9396321685263485, 
    0.54924299222792472, 
    1.2294851906729363, 
    3.1054004624519154, 
    0.34383722676985806, 
    -2.8313266763645824, 
    -1.5785952790987148, 
    0.85759592992577494, 
    -0.12767843273329049, 
    2.0993056834143617, 
    4.4493355055336421, 
    0.81116591878708066, 
    -0.67767966316641159, 
    1.6408767373943509, 
    1.2606872123421495, 
    -0.2517960914845796, 
    -1.6353682370534548, 
    2.4512793292842927, 
    -3.6185235574963381, 
    1.7337597078982641, 
    -1.1935063308415625, 
    0.29656695134709987, 
    -0.1218666552721412, 
    -4.0801725770614494, 
    -0.068812133431554623, 
    -3.704148460565523, 
    2.9249765217892207, 
    1.3018737595254293, 
    -5.5622245355602296, 
    -3.0126439495327388, 
    1.8810478904379921, 
    2.1936533172590553, 
    -2.9181838216299174, 
    -0.52520772328505183, 
    1.9890891457479201, 
    -0.21308006527740481, 
    -4.5868330432731073, 
    0.81568599704789713, 
    1.8601027061487676, 
    1.0316548785892603, 
    -3.1294077488577261, 
    0.80727042013960504, 
    -0.29643703374934094, 
    1.1298560878243724, 
    2.7606447584552978, 
    -0.61046329473460381, 
    1.0383037940275628, 
    1.4098086973086528, 
    2.0545237988772342, 
    1.3767875084003083, 
    0.038417034780891479, 
    -1.455496423674413, 
    -4.80865821148703, 
    -1.9827741472113081, 
    0.65826919379450355, 
    -2.2746800803655964, 
    -1.4462878629496276, 
    1.2563711299757248, 
    2.88823505595265, 
    1.7262996276025089, 
    0.30702927068205971, 
    0.5081487256346936, 
    3.137328458995313, 
    -4.4550945701177707, 
    2.014650080360286, 
    0.42475576044768576, 
    7.222949961242759, 
    0.38861198702360966, 
    1.3229568565620458, 
    3.75497078281562, 
    0.74769506005470876, 
    0.052983015294560815, 
    2.7405341563534731, 
    -5.0271346678293636, 
    0.38383595907837004, 
    -0.65544589819709154, 
    -3.2631094253902964, 
    -4.5519387606681061, 
    -1.3408806142577989, 
    -2.4775727597774804, 
    0.4857275865668631, 
    4.7938718280787613, 
    4.5383405321149386, 
    0.69245556528177621, 
    -0.21396644809143606, 
    2.0963016148759026, 
    3.3512554507074888, 
    0.88119150858803041, 
    3.3590304837246983, 
    0.24513891542712227, 
    -0.74912054488932056, 
    -0.5957938381024328, 
    -4.3153687908536087, 
    -4.9317504244152488, 
    1.9967139894812751, 
    -1.3992783229853964
  ]
}