{
  "regularization": 10.0, 
  "rmse": 12.981023785339653, 
  "intercept": 14.323555788682707, 
  "mae": 10.738974415272576, 
  "pearsonr": [
    0.51460723955664855, 
    4.322009047254709e-08
  ], 
  "coefs": [
    5.1731459978250127, 
    2.9160380579206255, 
    -3.9516977312130419, 
    3.2916245039472192, 
    -3.9245340712182788, 
    0.57466595860102454, 
    2.1503428148346382, 
    4.6628399973192316, 
    0.6027441316928811, 
    -0.84116668642422898, 
    -2.4263528578795963, 
    -0.80240776495413568, 
    0.44389682018706922, 
    1.9050410200244592, 
    4.0287694970552295, 
    -0.089946238843663845, 
    -0.045292518196740579, 
    2.2477309298901238, 
    3.4792061228556115, 
    -0.1086575383290662, 
    -0.73937772545740943, 
    2.1234061816334164, 
    -2.9977841280124262, 
    -0.45087059525695922, 
    -1.2083534384637993, 
    -0.83531336893491615, 
    1.4593224974510346, 
    -2.6867683342099475, 
    -0.65506991347416033, 
    -2.766185225461391, 
    0.45726563776702189, 
    0.76130018836017188, 
    -4.0938772806352759, 
    -4.1748540363608049, 
    1.5520762117564595, 
    -0.29454997242108238, 
    -2.9188187734911808, 
    -0.55363793109007442, 
    1.564263372768097, 
    1.2391741557472997, 
    -4.3863519486991782, 
    0.24575423306097524, 
    2.034150254248968, 
    -1.349569408643059, 
    -4.90503636770298, 
    1.2881822890105514, 
    -1.0671642152247482, 
    1.6550067067797973, 
    1.879478667843288, 
    -0.92638688198270391, 
    1.9442504967533667, 
    0.010311344884952734, 
    4.154436721508354, 
    1.3477581725638128, 
    -0.49654974995896489, 
    -0.85783586575256221, 
    -3.6668002067451186, 
    -0.14733665623763259, 
    2.2271673271317938, 
    -3.1782637341068432, 
    -0.54737768084667848, 
    1.9501850936852769, 
    2.9302735498672421, 
    0.55170293060509579, 
    0.91713041149275909, 
    0.15827905516971791, 
    4.5324465643686649, 
    -6.0848652690421243, 
    1.1275132252141724, 
    0.20741043699294365, 
    6.5512233935668975, 
    -1.4447247546009772, 
    1.9627614963551285, 
    3.6176608709162292, 
    -1.9592136657985599, 
    3.4689528981509636, 
    1.3768036917341946, 
    -3.8499388262970355, 
    -0.30085182215590128, 
    -1.3478542622023073, 
    -2.5320639970701797, 
    -3.2500109627468161, 
    -1.4034183047136641, 
    -1.1271674792841608, 
    -1.2502472644825382, 
    3.5464427852092282, 
    3.3522482221173888, 
    0.082880654592334152, 
    -0.31311820273231589, 
    2.1469656510645252, 
    2.9984577163684887, 
    0.12698603491866767, 
    3.9610863219337267, 
    -0.2523252177689545, 
    -0.72965738192929508, 
    -1.5509545458797223, 
    -4.6558702941281842, 
    -5.1004346942636527, 
    0.009264084631786516, 
    -3.19397008798602
  ]
}