{
  "noise": 0.13889023375415405, 
  "log_likelihood": -929.5521387851131, 
  "nlpd": -801.08017791622376, 
  "rmse": 11.45434829354507, 
  "lengthscale": [
    1.4080705349073017, 
    1.865043473597795, 
    1.2133635061643346, 
    12.585031216765291, 
    28.301430809311565, 
    1.2332265797065858, 
    14.008020053251494, 
    2.979097018212753, 
    23.611944860152526, 
    0.88481396203593543, 
    7.2748474241514343, 
    20.834500274500851, 
    33.027188313957126, 
    10.362099904772478, 
    32.368790892718472, 
    29.873602911524912, 
    2.426769621025556, 
    29.319139597063106, 
    17.674141673580188, 
    17.975198794115322, 
    1.129752796742991, 
    16.734161102882688, 
    29.203961895158738, 
    24.854130669580236, 
    22.561582204546369, 
    3.305784255805241, 
    34.3167715228494, 
    2.5169406891969719, 
    1.3738627384072437, 
    1.8100922579846874, 
    2.7396153469513904, 
    18.854845883109359, 
    17.684627064747339, 
    26.38833532254473, 
    25.842507391130056, 
    1.0918765639978105, 
    28.38223083644295, 
    2.2083718288334691, 
    2.1661818789776697, 
    3.1008828701736424, 
    3.2791499871433345, 
    24.584624007240102, 
    1.465986872998676, 
    28.383803504394141, 
    1.2617998807070641, 
    14.633696988880413, 
    1.2946522876407347, 
    18.623096269470153, 
    30.88174127865312, 
    24.420082583730345, 
    2.0618194099735057, 
    9.4309897348695984, 
    19.003740363367864, 
    21.998264756691107, 
    1.0535778460117258, 
    42.089084517182322, 
    2.4533305111957833, 
    24.483787261088608, 
    27.829463830519302, 
    25.537593019279566, 
    29.199321323735738, 
    1.9425294356993357, 
    18.839012333673622, 
    3.302591392980863, 
    29.27244267927906, 
    0.82235355551498723, 
    3.4509185745567499, 
    23.474351232819963, 
    9.1461990582126358, 
    1.4128293667595262, 
    8.0437123394819743, 
    0.91475765436850998, 
    25.807475476641702, 
    20.391515138277754, 
    1.3758457015901675, 
    1.5543799212533158, 
    5.4828348315236122, 
    21.919679666754551, 
    21.014326815240889, 
    6.4952175562207453, 
    0.71171328048664573, 
    1.0399523856744008, 
    1.6617239782746491, 
    16.210442778993372, 
    32.564626408943781, 
    26.173292118559583, 
    1.996463398318219, 
    28.198117090119286, 
    1.0748803706047898, 
    30.031940885680203, 
    12.833592546198588, 
    1.0044011838578863, 
    1.6952687664439332, 
    20.941785581296653, 
    2.070182428789797, 
    25.305914457466201, 
    21.914895780145354, 
    17.295982597124205, 
    26.281704430103371, 
    1.8368724356053925
  ], 
  "mae": 7.7897288133115667, 
  "pearsonr": [
    0.83992742821778776, 
    9.2458237796814198e-28
  ], 
  "variance": 0.908204310189101
}