{
  "regularization": 10.0, 
  "rmse": 11.516368692405054, 
  "intercept": 2.0032537420992869, 
  "mae": 7.6603841948180049, 
  "pearsonr": [
    0.44010103814138041, 
    2.8120802850932277e-07
  ], 
  "coefs": [
    -2.2420607069714649, 
    -2.3128884344723977, 
    -2.0758789756909883, 
    -0.88528256734316613, 
    -0.055012972553714845, 
    1.5020390677951643, 
    -0.48405210976939583, 
    0.18177497513126367, 
    2.2846160340820192, 
    4.5814692753283053, 
    1.2938131507245827, 
    -0.92500173385121376, 
    -0.40640326567547291, 
    3.1461423430684681, 
    0.39596443940704062, 
    4.2776391366479718, 
    -0.67089819651274807, 
    0.27284680115229987, 
    -0.85920725304973555, 
    1.6947364524836359, 
    1.6000300201718396, 
    1.8662505536945611, 
    1.288749598415817, 
    -0.81932120006562104, 
    0.84062332087564406, 
    0.24950999300799348, 
    2.5418950379996743, 
    0.20149246301649704, 
    0.42544591685945005, 
    3.6946753970255153, 
    3.9115110835408955, 
    -1.0857087034014408, 
    1.6901347341850068, 
    -1.2044324929737391, 
    0.38032603351112249, 
    -2.2581710825324919, 
    -2.210189520910927, 
    -1.3978483954139782, 
    -0.88548368674773004, 
    0.98642559725843992, 
    -1.583375623748472, 
    -0.14815146469951812, 
    -1.7688599994662928, 
    0.021264040664132428, 
    -1.0322389466341133, 
    -1.6167449348198872, 
    1.1413140570471603, 
    0.68106759135470663, 
    0.064713276229301078, 
    -1.7748514260914474, 
    -0.86745921477256693, 
    1.7316290256546902, 
    -2.2239459106127195, 
    4.4849451593393219, 
    -3.0979840499151097, 
    1.2741943144651038, 
    -0.92269215827892714, 
    -3.1889594661442962, 
    0.45129323605893307, 
    -0.95876847287948874, 
    1.648315088303441, 
    -2.5354781342557899, 
    -1.9848136112000483, 
    -2.301001974152709, 
    0.18629631798812782, 
    -0.57986768882876027, 
    4.8803481372031499, 
    -0.3703050424956339, 
    0.53997127487339958, 
    1.3950776127923283, 
    0.83997159287329726, 
    -2.824829096355876, 
    -0.69128717689241936, 
    4.2700476540421741, 
    -1.731443576442302, 
    2.7304603452391016, 
    -0.46314016364167016, 
    2.4861863957258024, 
    -2.5733299026257273, 
    0.13639410029022775, 
    0.87376662168631913, 
    1.8731840215394537, 
    -0.26343749480065692, 
    1.5318296839006844, 
    -0.49928328880442507, 
    -4.4123890029985517, 
    -0.15404547374879352, 
    -1.7303732525672695, 
    1.7457935425786222, 
    -2.8829227414296721, 
    0.30180694811711734, 
    -2.6153970744846333, 
    3.3635367624571026, 
    -0.78388529294369425, 
    7.111873117727848, 
    -0.88467243056117328, 
    -2.436547083403251, 
    0.97650962799831909, 
    1.5277727118105264, 
    0.7026147884246281
  ]
}