{
  "regularization": 10.0, 
  "rmse": 8.2286689451788089, 
  "intercept": 0.19274523787440856, 
  "mae": 5.4376074717430649, 
  "pearsonr": [
    0.42732909630503974, 
    9.2432334879461264e-06
  ], 
  "coefs": [
    -1.4347672788329975, 
    0.39819930503830103, 
    -1.0352667056743305, 
    -0.36291982517264409, 
    -0.14896120163328894, 
    1.9540208169398714, 
    -0.64063216061334893, 
    0.7224139294218187, 
    1.9320224209911707, 
    3.5247199191235166, 
    0.44085334340864502, 
    -0.2136090371196443, 
    -2.9676343601007282, 
    2.1983017762675403, 
    -1.4628737607076385, 
    1.6108658947957017, 
    0.16593179218739912, 
    0.56164494229715101, 
    -0.94633948745967567, 
    1.393652803605044, 
    1.2230665194041679, 
    0.40289717698894617, 
    1.1278237787536394, 
    0.64974396647115917, 
    0.20415847273053905, 
    0.3839670522839882, 
    1.8156571834606621, 
    0.76222477867063576, 
    -0.31887073020837275, 
    3.3508203699942261, 
    4.8113756682321576, 
    -1.7368172682765564, 
    3.67550579098436, 
    -2.0411229644064388, 
    0.81988234796429071, 
    -0.48228767229952846, 
    -1.4092287548073741, 
    -2.8342487729061427, 
    -1.2075848114041627, 
    -0.13146416833032315, 
    -0.97044733104379655, 
    0.44001292696164163, 
    -0.19055524388434483, 
    -1.3612331611991511, 
    -0.47209104715638395, 
    -1.0164744886114589, 
    0.77201200587952079, 
    0.85979241587167021, 
    -0.24948644779668039, 
    -3.3980067246217822, 
    -1.1735454129448941, 
    1.1788984729639755, 
    -3.4502792413046843, 
    2.7557928268358198, 
    -2.4811993747142447, 
    1.123559178850392, 
    -0.87665432974053503, 
    -1.6183166019548545, 
    1.8508653809060707, 
    1.2780001555949274, 
    0.30349457883369185, 
    -1.6850514049975109, 
    -0.99879893129345254, 
    -2.1781002444597131, 
    -1.4844605100287109, 
    -1.039947444880897, 
    4.3528396052054097, 
    1.0209730411406186, 
    -0.56971999464788459, 
    1.1604080280860471, 
    -0.36133315204345362, 
    -2.8057368245187657, 
    1.0118946138899567, 
    4.2895132677831693, 
    -0.81515108141561332, 
    0.7027891350292168, 
    -0.69981735143110513, 
    1.37648107604044, 
    -1.5520563460593499, 
    0.84621505539541519, 
    0.50585401888982173, 
    2.0813692228085219, 
    1.5944403111866585, 
    0.73586906543982811, 
    -2.4465854332245756, 
    -2.1626324788819065, 
    0.24568244696865588, 
    -1.4708025877349398, 
    1.4138090237425585, 
    -2.5044553104302665, 
    -0.52615665051233562, 
    -1.4187007818018029, 
    1.025299308230333, 
    -0.1046761435449368, 
    6.9031721898661251, 
    -1.4745839902721665, 
    -4.9317439740282545, 
    1.3061497687222754, 
    0.91697371105710412, 
    -0.78765621510852046
  ]
}