{
  "noise": [
    40.32521757923061, 
    21.492942564976637, 
    51.717177658027154, 
    58.39870370040651, 
    70.98457369724662, 
    73.63646118851199
  ], 
  "kappa": [
    0.00017607378053274, 
    11.125741375360045, 
    47.22990177922916, 
    37.256058443782315, 
    32.54929435541879, 
    28.7040471577015
  ], 
  "log_likelihood": -21261.475482238064, 
  "joy": {
    "mae": 14.539400192402587, 
    "nlpd": 4.3322288572783663, 
    "pearsonr": [
      0.53991086477493988, 
      6.7522149174030071e-09
    ], 
    "rmse": 17.82878124650091
  }, 
  "weight_variance": [
    6.2989475134806083, 
    0.024021820419488041, 
    2.9645603170725043, 
    10.160420341693836, 
    15.627787654891579, 
    3.1660296374408459, 
    23.545427596185334, 
    5.9068683056740694, 
    19.332108116745527, 
    18.059625684379085, 
    7.2369750469437512e-06, 
    1.5746211907366456, 
    9.6043259493117317e-05, 
    5.5916083428855087e-07, 
    4.2373267813289335, 
    0.38226207843690457, 
    13.009043463560047, 
    2.0698401974949197, 
    4.4110120519746285, 
    1.961695127306702, 
    5.1135475840372964, 
    4.3907515589267074, 
    4.4991901243350823, 
    2.8041092354979709, 
    2.662040228777657e-06, 
    0.0036835760756844479, 
    41.037956892868323, 
    18.087046355821904, 
    11.319919651115741, 
    53.426518222426672, 
    16.538578114348514, 
    2.6446426622644355, 
    0.9334525815941801, 
    5.9442442546005658, 
    0.62967599317051914, 
    22.577407938421565, 
    0.036347209640484587, 
    25.406640676122962, 
    17.136420751045087, 
    1.0881084857831431, 
    4.9295112971323265, 
    0.0076334033647081348, 
    2.1022894205240417, 
    7.9760080618764528e-07, 
    40.31663612747883, 
    9.211236143832303e-08, 
    18.32884513912769, 
    0.00083585399222517584, 
    3.2612951989436127, 
    2.7737111426875827, 
    31.513901826197728, 
    11.093560442094123, 
    2.4562232880574628, 
    9.8637429621832275e-05, 
    4.4013682882335843, 
    0.00344549041977576, 
    0.91088196160352641, 
    8.0214420466416975e-05, 
    0.41369000148398338, 
    2.5816921103112596, 
    0.0031186777606912251, 
    2.6934217085448033e-05, 
    8.4695808172663085e-08, 
    3.4997328867268984, 
    2.7929424025851599, 
    21.44768506440224, 
    2.3867399532026443, 
    26.409399302031879, 
    2.0937195990145296, 
    26.924070567040982, 
    5.3632286753257379, 
    37.401297216214587, 
    3.4304634785687136, 
    14.654367357321005, 
    10.752096795967679, 
    0.073635464087908359, 
    1.79616238588021, 
    1.2634442861676716, 
    0.0037544943645893137, 
    11.325108091197741, 
    5.8783175961087739, 
    19.328986517130438, 
    12.210624261797642, 
    3.7900150848121937e-08, 
    0.0012224347856079445, 
    1.3684708667949974, 
    23.554538644708344, 
    7.9657788904114506, 
    17.596980484080611, 
    5.7331034654743763e-07, 
    20.496154451574668, 
    6.9389545155783576, 
    16.388821863587577, 
    2.4619079111636314e-08, 
    27.871377920824891, 
    4.5589595173900532, 
    36.862886541701762, 
    8.2108295774222686, 
    0.083261632542952907, 
    27.621574242282161
  ], 
  "bias_variance": 82.55993043187125, 
  "W": [
    [
      -2.70315706808208, 
      4.9805796979808354
    ], 
    [
      -1.4716242241935207, 
      2.9331991923038387
    ], 
    [
      -3.9685159581227643, 
      -0.088217755662256578
    ], 
    [
      8.3312898020787447, 
      0.32871672653464384
    ], 
    [
      -7.8909470511212199, 
      -1.140424439252502
    ], 
    [
      1.6706502998151702, 
      -0.34182775580746694
    ]
  ], 
  "sadness": {
    "mae": 12.102372286044972, 
    "nlpd": 4.1753564096749765, 
    "pearsonr": [
      0.5855080812556076, 
      1.5713068013847633e-10
    ], 
    "rmse": 15.506281237349093
  }, 
  "disgust": {
    "mae": 4.8368054526287469, 
    "nlpd": 3.4972341219647789, 
    "pearsonr": [
      0.70457251989592506, 
      2.8460621084895164e-16
    ], 
    "rmse": 7.904267044965418
  }, 
  "variance": 12.903712446799343, 
  "anger": {
    "mae": 6.5088820490796051, 
    "nlpd": 3.6230241006554547, 
    "pearsonr": [
      0.64225782916892182, 
      5.9304618244214992e-13
    ], 
    "rmse": 8.8113844646917716
  }, 
  "surprise": {
    "mae": 9.0004306231858795, 
    "nlpd": 3.8911682467182676, 
    "pearsonr": [
      0.50073805036169305, 
      1.1233116621448471e-07
    ], 
    "rmse": 11.801474788692424
  }, 
  "fear": {
    "mae": 10.484895137165967, 
    "nlpd": 4.1057493535450957, 
    "pearsonr": [
      0.6594961713566343, 
      8.5772454616397872e-14
    ], 
    "rmse": 14.380466677351738
  }
}