{
  "noise": 0.31227546289383196, 
  "log_likelihood": -1162.2688038367962, 
  "nlpd": -222.87611293168547, 
  "rmse": 9.9861810065824574, 
  "lengthscale": [
    1.5403157313580149
  ], 
  "mae": 8.0222864843315911, 
  "pearsonr": [
    0.38118173549942824, 
    9.1274025113250679e-05
  ], 
  "variance": 0.6485085327834984
}