{
  "regularization": 1.0, 
  "rmse": 17.374889067222803, 
  "epsilon": 0.10000000000000001, 
  "mae": 12.213348753284755, 
  "pearsonr": [
    0.8105377865295178, 
    1.6802979070795095e-24
  ], 
  "gamma": 0.10000000000000001
}