{
  "noise": [
    31.969949891529218, 
    30.898670782582226, 
    63.6549493130062, 
    73.69091057904309, 
    73.61199861572629, 
    90.30353652728208
  ], 
  "kappa": [
    11.157806913229418, 
    0.003851421757978555, 
    37.56244206350956, 
    43.908526918466485, 
    0.07537356792924482, 
    16.627303980458844
  ], 
  "log_likelihood": -21330.987512894848, 
  "joy": {
    "mae": 14.287633819778062, 
    "nlpd": 4.4045419894048763, 
    "pearsonr": [
      0.54565396139177624, 
      4.3355378859307983e-09
    ], 
    "rmse": 19.018424744282878
  }, 
  "weight_variance": [
    39.335302808242254
  ], 
  "bias_variance": 45.73708777624132, 
  "W": [
    [
      3.7649363476874278, 
      1.4032068777355782
    ], 
    [
      3.5800091406467711, 
      0.74865588259686167
    ], 
    [
      0.50048122715669607, 
      2.9804542935489051
    ], 
    [
      -1.5974687823804727, 
      -5.4691267468073503
    ], 
    [
      0.086424979570263696, 
      8.2373495386365132
    ], 
    [
      -0.44086398155970719, 
      -1.2800456552389146
    ]
  ], 
  "sadness": {
    "mae": 13.959651627586766, 
    "nlpd": 4.3556711650880198, 
    "pearsonr": [
      0.6895716777498383, 
      2.1336938972882747e-15
    ], 
    "rmse": 18.173006749004113
  }, 
  "disgust": {
    "mae": 6.4300350802912245, 
    "nlpd": 3.7436541767214324, 
    "pearsonr": [
      0.54723666423584227, 
      3.8316087196788743e-09
    ], 
    "rmse": 9.7879502431246284
  }, 
  "variance": 12.684167173767767, 
  "anger": {
    "mae": 6.2754633796494401, 
    "nlpd": 3.5989253523493114, 
    "pearsonr": [
      0.70609670789043666, 
      2.3029594942306648e-16
    ], 
    "rmse": 8.5450176787254382
  }, 
  "surprise": {
    "mae": 9.1498900652453248, 
    "nlpd": 3.9039077908485988, 
    "pearsonr": [
      0.52410716582091554, 
      2.1912949121007381e-08
    ], 
    "rmse": 11.970489514013577
  }, 
  "fear": {
    "mae": 9.5464199981074902, 
    "nlpd": 4.0751358182095228, 
    "pearsonr": [
      0.70059279590928802, 
      4.9161325077788639e-16
    ], 
    "rmse": 14.089865974281084
  }
}