{
  "warp_d": 0.16558511118076083, 
  "noise": 3.0006573540745856, 
  "log_likelihood": -3563.127625269362, 
  "nlpd": -3.9938222829190781, 
  "rmse": 12.925367482048333, 
  "lengthscale": [
    4.8712908063606113
  ], 
  "mae": 10.207766151742161, 
  "pearsonr": [
    0.47904574667790556, 
    4.6086965660857776e-07
  ], 
  "variance": 7.810067579153396, 
  "warp_psi": [
    [
      0.9768569592782842, 
      4.0262974166101331e-05, 
      1.9526595080835474
    ], 
    [
      1.1629458990714996e-06, 
      1.0633457304298235, 
      6.1286691622014651
    ], 
    [
      1.1450151598741411e-06, 
      0.80231046402680684, 
      2.1364036971624834
    ]
  ]
}