{
  "noise": 0.048312929373373246, 
  "log_likelihood": -885.4400749894958, 
  "nlpd": -1101.2473200239697, 
  "rmse": 16.557024129891388, 
  "lengthscale": [
    1.4719767103561687, 
    1.6749367117582463, 
    11.312821768049831, 
    1.4509547391467561, 
    12.285750116826568, 
    2.1057266298612833, 
    4.1890231783991005, 
    9.1100074124633128, 
    20.437492898224271, 
    1.7048697850800816, 
    17.506356544105078, 
    15.227206254051721, 
    17.924204222069129, 
    10.385402105372815, 
    22.268939919555887, 
    24.316694097827764, 
    2.4338681668475557, 
    19.228881272130685, 
    1.4202298149944241, 
    1.8912710286107841, 
    6.8223577219971361, 
    18.091228968349764, 
    24.15026165435718, 
    19.091732306537825, 
    23.904321291604344, 
    7.8639448126439211, 
    19.292486946624702, 
    1.7100575573323411, 
    16.382267695580943, 
    0.92363396031506473, 
    19.556161143905175, 
    1.6175890723565307, 
    0.75666975576424778, 
    17.63938759405459, 
    23.825365238986429, 
    1.403049150617971, 
    23.229154239545494, 
    4.1407757145979494, 
    1.2207637031224234, 
    11.812329969219205, 
    1.709398091492641, 
    18.659290208684574, 
    1.9716313023488425, 
    19.005901001908803, 
    1.2932638736139903, 
    15.068734179950347, 
    1.1398105460414256, 
    20.606294283973966, 
    19.508091747185588, 
    1.4860429434217435, 
    9.6194899356528154, 
    7.8803129933223941, 
    5.2690572301336429, 
    20.239087264130841, 
    1.6889392063174224, 
    32.811573198164957, 
    2.3970535742023049, 
    19.455596457275451, 
    20.162060637632123, 
    15.949712560404613, 
    13.65129971534081, 
    18.384034812616186, 
    14.389169544818367, 
    2.4130998822220104, 
    21.382386974405421, 
    0.6875367350809406, 
    3.3269746995175806, 
    21.325330912915671, 
    12.878652564044705, 
    3.3622970971177497, 
    11.810763480727688, 
    0.78930742759751726, 
    7.4047130474811569, 
    16.358430937614024, 
    11.919503411863809, 
    21.076397128764903, 
    19.37408451286084, 
    16.116171434168528, 
    24.262744310933627, 
    1.2816295016338439, 
    0.92133817166731435, 
    9.0850141447985653, 
    1.2970471131878816, 
    17.461729934116182, 
    25.878909034122074, 
    19.648966206902269, 
    1.1859440959598773, 
    21.530863625513071, 
    1.0696464013900799, 
    24.640904024741161, 
    19.158406666887423, 
    0.88791023781087186, 
    16.331236007597091, 
    17.675797828089021, 
    5.2557645886699014, 
    20.087898121002219, 
    1.3025100229052811, 
    2.2409494996373458, 
    17.990631238120496, 
    0.97947651773060851
  ], 
  "mae": 12.184599858382056, 
  "pearsonr": [
    0.60968481769441196, 
    1.6699852587922355e-11
  ], 
  "variance": 0.9433668862303431
}