{
  "log_likelihood": -4889.679447534901, 
  "nlpd": 4.2360952940833929, 
  "rmse": 16.816871335824811, 
  "rbf.lengthscale": 2.3150831919369628, 
  "Gaussian_noise.variance": 174.86133092809285, 
  "mae": 13.400920380692643, 
  "pearsonr": [
    0.60641650401536862, 
    6.6465223820202376e-14
  ], 
  "rbf.variance": 591.5902375844032
}