{
  "warp_d": 0.36411225705296657, 
  "noise": 7.601915680033232, 
  "log_likelihood": -3213.778818503605, 
  "nlpd": -3.6940498832616315, 
  "rmse": 9.3662242051353335, 
  "lengthscale": [
    27.371637389776623, 
    30.209605728439687, 
    30.248804707392853, 
    24.227443810618404, 
    23.226315659437681, 
    33.261436444671233, 
    25.388089647495313, 
    34.592843401220783, 
    36.454130561557513, 
    18.347488864843825, 
    28.944003905603807, 
    32.015353697688788, 
    35.588372635500825, 
    35.636821631775469, 
    38.472704689201926, 
    17.840549464874858, 
    39.126448089441922, 
    30.169736604436171, 
    37.576536012968603, 
    34.869613026818961, 
    43.008800768385278, 
    35.473845935043258, 
    38.761679983585339, 
    43.033348131144443, 
    32.474549625852049, 
    37.47271504204673, 
    1.2951307613617207, 
    32.344453129542522, 
    40.502085896832774, 
    1.4902906333700097, 
    3.5940745182091125, 
    28.829311051078776, 
    33.723076892616021, 
    29.105481208482512, 
    40.050490015485991, 
    2.037104656243518, 
    39.139888035415822, 
    32.604606890888846, 
    32.341828434571951, 
    26.32601655994722, 
    41.688618835608196, 
    36.916026441683421, 
    31.19501196929053, 
    32.157308578410742, 
    35.267287667949788, 
    33.903315415050223, 
    32.425801917229727, 
    27.326032142258647, 
    38.614162269714384, 
    30.637191550809792, 
    31.683744884777003, 
    26.432340324281896, 
    23.228886026236211, 
    41.793911362765684, 
    21.555840689126981, 
    43.565319802605231, 
    25.622900715259878, 
    31.757060623475901, 
    15.738773971162011, 
    31.762108346392189, 
    33.933413052340619, 
    29.691941554476461, 
    29.490573411805279, 
    36.545701380208463, 
    36.191673338758577, 
    26.087554547614957, 
    2.7824034259468773, 
    40.5333811578477, 
    32.699097627013359, 
    33.631866279809735, 
    31.735351933408122, 
    28.300012610199254, 
    28.968430903920687, 
    17.724264924757417, 
    20.502038321210286, 
    30.552268442925268, 
    34.857914821871489, 
    25.774564674977512, 
    38.51531363000241, 
    26.041995728495603, 
    30.125876712540929, 
    13.164142504293283, 
    36.968439972499063, 
    34.336959151099798, 
    41.644511335949176, 
    26.167996200505677, 
    38.426274850421976, 
    24.505306084240274, 
    31.280783816324806, 
    29.107881347825789, 
    34.38966218088602, 
    36.24100427261196, 
    28.815143061311524, 
    34.158038239541739, 
    2.0739267617446973, 
    32.285387583413069, 
    13.178148423568704, 
    30.514606421521261, 
    29.630632835694126, 
    26.982785275239465
  ], 
  "mae": 5.4745371118881447, 
  "pearsonr": [
    0.52709339991741433, 
    1.7623474812172907e-08
  ], 
  "variance": 136.86665266527396, 
  "warp_psi": [
    [
      2.2337520022362057e-24, 
      1.0709770944817107, 
      0.78901647088902971
    ], 
    [
      8.6575164898430716e-106, 
      4.7586526624682897, 
      1.092417706437165
    ], 
    [
      1.1058844018684451e-40, 
      0.32711639554268418, 
      4.0712609353923686
    ]
  ]
}