{
  "warp_d": 0.3200148255271928, 
  "noise": 25.977697144386383, 
  "log_likelihood": -3819.3151733359664, 
  "nlpd": -4.2547273248158071, 
  "rmse": 17.290006405704712, 
  "mae": 11.815908522457399, 
  "pearsonr": [
    0.60330830046212147, 
    3.0720501168181331e-11
  ], 
  "variance": [
    6.4812263100806504, 
    0.00053347226314146999, 
    7.0869679240517138, 
    0.0035839033509935132, 
    0.0011409837297469655, 
    0.00068409594244725621, 
    1.8106161322484677, 
    2.8229102030646773, 
    0.00019069932477430986, 
    34.676058993682865, 
    6.515490390459119, 
    0.00027323721600760998, 
    0.00099174754589979853, 
    0.00030730277651202039, 
    0.000714156265363371, 
    0.00034071793259381823, 
    1.6488518035729933, 
    0.00027798101389556846, 
    1.0426876205232896, 
    0.99037071599986204, 
    3.0900179101741143, 
    1.3789784363062869, 
    1.2962044770743637, 
    8.0532042064099212, 
    8.0232327506305143, 
    0.097864831570989783, 
    0.027082461982510776, 
    8.9371284898915544, 
    2.6124981605059912, 
    33.5313684521645, 
    0.0020523104561286178, 
    1.3808407988459441, 
    5.2507712099999111, 
    0.0016765228479819249, 
    0.63449412401541883, 
    9.9952273633486861, 
    0.00027561192514853085, 
    3.6027514005144701, 
    4.5965353215929481, 
    0.0061629619745453383, 
    0.0038569105595572667, 
    0.0003438159713360052, 
    7.2536070679889617, 
    0.00059306402307989815, 
    2.783863411008952, 
    0.00028723844609478301, 
    11.017483370768307, 
    0.0013343377629889094, 
    2.9997653086218392, 
    0.00051987757439166322, 
    0.00026576749272646014, 
    0.0022289828594560489, 
    0.00030243221667704669, 
    0.8375332885589164, 
    0.93594667955215782, 
    3.2102972300761619, 
    17.906254646277052, 
    0.00056957577692853074, 
    2.7786188901847213, 
    0.049869683229584676, 
    2.9869568800754713, 
    4.212353276357395, 
    0.0074960111656364181, 
    4.8916429024711503, 
    2.3867166800025434, 
    0.96961965388872717, 
    3.5463518221642865, 
    0.00020820119924319706, 
    0.00077860998509146683, 
    2.048994290965779, 
    2.8423864880123197, 
    0.00037077266529110796, 
    0.00037720309531488104, 
    1.382498409770671, 
    17.784002188551035, 
    0.0012853336116771458, 
    0.0012135641588946757, 
    0.0026474264019293731, 
    0.15624040917990295, 
    2.1679070236739126, 
    0.009312144251915561, 
    4.6991242879924728, 
    6.3603804683175138, 
    6.3031391247036161, 
    6.4266796417637515, 
    3.0644932441230885, 
    0.000254750904348148, 
    0.00018365897012807676, 
    0.00033689791609936657, 
    0.00034828559560213379, 
    0.54045709179061996, 
    1.8304902139727874, 
    0.0012155666505952866, 
    2.6827605205788601, 
    1.2647566325864481, 
    0.039785773234638465, 
    2.5633653089050998, 
    1.930837278902773, 
    0.01426425420332646, 
    1.7038775756762774
  ], 
  "warp_psi": [
    [
      1.4550820286228442e-38, 
      0.0066046188993310884, 
      0.3368431987111779
    ], 
    [
      4.5527792634511977e-17, 
      7.0265149104038199e-19, 
      0.3306596011467664
    ], 
    [
      1.2915081889389037e-26, 
      13.737332675661527, 
      57.161605160747584
    ]
  ]
}