{
  "log_likelihood": -4525.560737077655, 
  "nlpd": 4.1548516110173654, 
  "rmse": 15.105329309430349, 
  "rbf.lengthscale": 2.549566529738817, 
  "Gaussian_noise.variance": 144.55692622957025, 
  "mae": 11.133274799243292, 
  "pearsonr": [
    0.43373884041576838, 
    4.3493224346285943e-07
  ], 
  "rbf.variance": 116.48599716052946
}