{
  "warp_d": 0.7222362109487331, 
  "noise": 18.35998907505108, 
  "log_likelihood": -3211.5789147475425, 
  "nlpd": -3.4046292577754946, 
  "rmse": 7.0607772847407162, 
  "weight_variance": [
    0.00039229623283445054, 
    0.087464649038319311, 
    1.7819814932272078e-09, 
    1.0408044219435198e-06, 
    9.3022115294420507e-07, 
    5.6717995452008898, 
    8.6102809393570792e-07, 
    2.7036583761695975e-09, 
    9.6187180747731878e-06, 
    4.2339469002952645, 
    0.00013593028240434682, 
    1.6416488670349593e-08, 
    0.00069906529172476404, 
    3.9347828690347368, 
    4.5621394648527918e-09, 
    6.1227176451603897, 
    5.8217379092766211e-08, 
    8.8783356400638884e-07, 
    4.6330509246745679, 
    7.5457879628206668e-08, 
    4.0288870734732269e-08, 
    6.5870525227536904e-09, 
    6.5950725111993963e-06, 
    6.8048537617424329e-08, 
    6.978580927806734e-05, 
    5.1401108379286045e-11, 
    64.451310174237335, 
    0.0011942397058072179, 
    1.600327383097562e-12, 
    78.508942093696135, 
    6.0478581217225074, 
    0.00097953375608783523, 
    6.3793142217592198, 
    1.6584722360857669e-09, 
    3.0849000019271401e-09, 
    1.8272061611972706e-05, 
    4.5923297829140409e-09, 
    7.6307782075275332, 
    1.3289114566828929e-06, 
    1.6742191489507653e-07, 
    0.00017804261507633348, 
    1.5168459361664644e-10, 
    2.6095277231373281e-09, 
    5.2955007052598926e-05, 
    3.9576469617121461e-07, 
    4.8889937432095534e-07, 
    1.5198216809478504e-09, 
    0.0068347070153012149, 
    1.3026924579875901e-08, 
    1.4185227290329496, 
    7.5687644892086086, 
    4.8014891841479169e-08, 
    0.0035733911527882972, 
    3.9334092034333104, 
    16.013655489814095, 
    145.72067129566094, 
    0.0010677408402802221, 
    2.2282868679501595e-08, 
    86.281349467264462, 
    2.4090284483934183e-08, 
    4.1603630891635811e-08, 
    1.4141622214371378e-06, 
    1.8656059682144614e-06, 
    5.1337412145445537e-07, 
    3.9110584472178597e-07, 
    1.0034129867942483e-06, 
    35.038536952013381, 
    10.326053979261424, 
    5.8358171628210598e-08, 
    26.868427772949271, 
    0.000119300934683458, 
    20.41401753083726, 
    7.4759140671798288e-08, 
    20.063268995310192, 
    0.36558320375604336, 
    1.0748835378704106e-06, 
    1.242019444049938e-05, 
    30.770158850939083, 
    2.5892240917249612e-10, 
    0.028696641710096029, 
    10.665341972457426, 
    2.1787744995677572, 
    0.00033260976644299765, 
    1.6241113073405951e-07, 
    28.560092790123676, 
    7.6059308219061013, 
    5.7072312238618234e-09, 
    54.045536228374949, 
    2.0237262943901231e-10, 
    1.3929060920484102e-06, 
    1.0506560380522112e-09, 
    4.0490023079038723e-09, 
    5.4402965707471406e-05, 
    9.2250508464085565e-08, 
    60.341894700320331, 
    3.0435034325916564e-09, 
    46.439843090513968, 
    5.0983805855689185e-06, 
    1.2297133179165491e-06, 
    1.3148075747675594e-08
  ], 
  "bias_variance": 224.3136087983905, 
  "mae": 5.1009568842846917, 
  "pearsonr": [
    0.29481219305026524, 
    0.0029057988080352501
  ], 
  "variance": 288.0949223064502, 
  "warp_psi": [
    [
      9.2995387862513044e-90, 
      2.5723762762167377, 
      -1.0413461764700576
    ], 
    [
      1.0255109041889887e-106, 
      10.792318076197544, 
      0.25676979930759414
    ], 
    [
      5.3297543572534743e-85, 
      0.26174161396593287, 
      -2.5717342040938402
    ]
  ]
}