{
  "noise": 0.0724401423019568, 
  "power": [
    1.5283589301988463
  ], 
  "nlpd": -135.93655426625853, 
  "rmse": 10.411270534410704, 
  "lengthscale": [
    1.2760072265296627
  ], 
  "mae": 6.1815495669208351, 
  "pearsonr": [
    0.62515761079367593, 
    3.5905881917445579e-12
  ], 
  "variance": 0.9215390325868323, 
  "log_likelihood": -1154.906674369459
}