{
  "regularization": 100.0, 
  "rmse": 18.691834244312208, 
  "epsilon": 10.0, 
  "mae": 15.037898376009055, 
  "pearsonr": [
    0.5500492616841508, 
    3.0713495822392403e-09
  ], 
  "gamma": 0.10000000000000001
}