{
  "regularization": 100.0, 
  "rmse": 16.629250049496083, 
  "epsilon": 10.0, 
  "mae": 13.559609317375379, 
  "pearsonr": [
    0.65153363368594974, 
    1.9078609462850115e-16
  ], 
  "gamma": 0.10000000000000001
}