{
  "regularization": 10.0, 
  "rmse": 12.252931891058868, 
  "intercept": -0.20601468192109598, 
  "mae": 9.4372724960720795, 
  "pearsonr": [
    0.43672189562169178, 
    5.5574731105283747e-06
  ], 
  "coefs": [
    0.33399227702984186, 
    0.22153985188378522, 
    -0.22567380680644039, 
    0.15399815104306386, 
    -0.26584815382451232, 
    0.04635898597328892, 
    0.1390116642901737, 
    0.33162082650419383, 
    0.027487618328149284, 
    -0.073358181524907626, 
    -0.18677468573460754, 
    -0.0034438451093640066, 
    0.014400454551735838, 
    0.065355326801772237, 
    0.30000326274055117, 
    0.087573661128276109, 
    0.011226521221777344, 
    0.15231458288642055, 
    0.12378608202548091, 
    0.044422408065341298, 
    -0.069923385257129489, 
    0.15136066358983549, 
    -0.17163636366324955, 
    -0.020856559137757774, 
    -0.090414865059985014, 
    -0.1163895857566736, 
    0.040014342648194465, 
    -0.21352551483093521, 
    0.023739222836872065, 
    -0.19434231925254161, 
    0.12653774966093334, 
    0.090260991357066819, 
    -0.13744644370965065, 
    -0.34984867614151477, 
    0.064600595002766034, 
    -0.055588811042585201, 
    -0.17779369508211554, 
    -0.023161232483816251, 
    0.17871991498548109, 
    0.067895151828041914, 
    -0.31332369667885357, 
    0.066184703812471962, 
    0.19144904494441098, 
    -0.051601219159957093, 
    -0.24416914312037236, 
    0.058541306637912065, 
    -0.11190868086423172, 
    0.08674019605925741, 
    0.10260851550693847, 
    -0.092459734120735174, 
    0.10921633616638846, 
    -0.059616730279426405, 
    0.23299133683151624, 
    0.017194541496248123, 
    -0.094354627939731386, 
    -0.058493655054464702, 
    -0.24272872378712618, 
    -0.015443738087981907, 
    0.14651212897934629, 
    -0.21056873682602706, 
    -0.036018869745321043, 
    -0.00070849400235863244, 
    0.25008231955506499, 
    0.030268429429115708, 
    0.01093996274720027, 
    0.053038420456113095, 
    0.35460532350687557, 
    -0.49019360231202808, 
    0.12437596639287549, 
    -0.094701533422906284, 
    0.55573446636683843, 
    -0.079669871170748502, 
    0.18716813118097558, 
    0.25208296742445535, 
    -0.065943807970957904, 
    0.13254709704923442, 
    0.089255616130519702, 
    -0.29054449920565623, 
    -0.043189033469096492, 
    -0.16666453994304997, 
    -0.28473251170802155, 
    -0.23582500706501583, 
    -0.13377815403625018, 
    -0.024769810444372115, 
    -0.10581120736390533, 
    0.23842133599642792, 
    0.19223907248112385, 
    0.066699862513697861, 
    -0.03637671128724794, 
    0.19596498007906771, 
    0.13237060735875694, 
    -0.0071257596754638703, 
    0.39532952396345789, 
    -0.047977789072697244, 
    -0.045566514837629239, 
    -0.091810534136254104, 
    -0.36351119572807539, 
    -0.28226990324246193, 
    0.087591013298249407, 
    -0.14553970456366461
  ]
}