{
  "regularization": 10.0, 
  "rmse": 14.332055965012733, 
  "intercept": -0.57299757362098935, 
  "mae": 9.8835970195428597, 
  "pearsonr": [
    0.7377177757968254, 
    2.0531485715254279e-18
  ], 
  "coefs": [
    -0.1854764873957544, 
    0.036843955013944357, 
    -0.17071565807535433, 
    -0.19841525835084442, 
    -0.14563120058354823, 
    0.098541729959366359, 
    -0.17412336596450617, 
    -0.22653282922998363, 
    0.013896770210476302, 
    0.47802272474753793, 
    0.14764696604937511, 
    0.030135580930588973, 
    0.09918578258975691, 
    0.061207574318359791, 
    -0.061818763699396762, 
    0.0088826050088314651, 
    -0.19526557731675168, 
    -0.0015756430175248269, 
    -0.1690338493593537, 
    0.020270865194402594, 
    0.14390027965522664, 
    0.066947588120130505, 
    0.27894437465100708, 
    -0.075397508036180158, 
    -0.11814817364457889, 
    0.29008104065144941, 
    0.086132659409936835, 
    0.30076073563592093, 
    0.00022809939266894147, 
    0.34584326098999763, 
    0.13790174194104377, 
    -0.035184654347279458, 
    0.090695969679595423, 
    0.052338898107678417, 
    -0.22092453685617491, 
    -0.34301731424688053, 
    0.069058692071648151, 
    -0.49384958861834788, 
    0.17804532780235682, 
    0.17702566549331106, 
    -0.013765263376005747, 
    0.013762739962095783, 
    -0.17599890471922675, 
    -0.052341504624688603, 
    0.3322853527990704, 
    -0.0098199376171932626, 
    0.32817516623951259, 
    0.037145685556582278, 
    -0.10255332186231535, 
    0.12980650009645361, 
    -0.14992561979708677, 
    0.16790501916132333, 
    -0.036574161085412761, 
    0.11005404936365354, 
    -0.1717482808593549, 
    -0.14571966470847092, 
    0.17061886765229708, 
    -0.074267535250240907, 
    -0.036593558989952736, 
    0.14621495177181579, 
    0.12324996559098406, 
    0.22939667532780025, 
    0.019645612708570501, 
    -0.13846684736203993, 
    -0.016458327809164452, 
    0.15823514976108466, 
    -0.26023911446933085, 
    0.0021209968464384627, 
    0.023851355407009216, 
    0.21992727145567154, 
    -0.072330729314094677, 
    -0.24387311815998264, 
    0.015794275526593991, 
    0.29555301335538575, 
    0.20274972922983917, 
    -0.025841081144551265, 
    0.31750783657715342, 
    -0.072204192248342097, 
    -0.077812519718653494, 
    0.13359750509611337, 
    0.36104424332443341, 
    -0.35545185067852891, 
    -0.33534938680913196, 
    0.08240340985481158, 
    0.087955393283271829, 
    0.085160264122020657, 
    0.12911486557711915, 
    0.08851570113875934, 
    -0.1308813342745497, 
    -0.10510407016371226, 
    -0.12170381998744692, 
    0.26166433070139683, 
    -0.045602771817978366, 
    -0.080123228514564937, 
    -0.16127935392603171, 
    0.074193666253154128, 
    0.085070500342664612, 
    -0.057924468760757242, 
    0.019118836008006436, 
    -0.18277173686577305
  ]
}