{
  "log_likelihood": -4716.536581633413, 
  "nlpd": 4.1144968256825587, 
  "rmse": 14.777948290713448, 
  "Gaussian_noise.variance": 225.1153840444525, 
  "mae": 10.652565604289133, 
  "pearsonr": [
    0.68128948774766218, 
    2.2632926823965943e-18
  ], 
  "linear.variances": 17.357306636601713
}