{
  "noise": 202.27208133911367, 
  "log_likelihood": -3734.7313905646197, 
  "nlpd": -4.198118383530959, 
  "rmse": 15.932931387691683, 
  "mae": 12.121832760311458, 
  "pearsonr": [
    0.70375985636705751, 
    3.184463600971525e-16
  ], 
  "variance": [
    17.007419065783232
  ]
}