{
  "log_likelihood": -4576.884913107818, 
  "nlpd": 4.0632581287135929, 
  "rmse": 14.074350936830776, 
  "Gaussian_noise.variance": 180.82928541637966, 
  "mae": 11.37623110176682, 
  "pearsonr": [
    0.35331024178894932, 
    5.3091044217225886e-05
  ], 
  "linear.variances": 8.496500783587871
}