{
  "noise": 153.84749732062392, 
  "log_likelihood": -3603.5083049977607, 
  "nlpd": -3.9709151780261043, 
  "rmse": 12.887410281470443, 
  "mae": 9.8210117091994924, 
  "pearsonr": [
    0.37204037347908453, 
    0.00013818641428620489
  ], 
  "variance": [
    10.168631825588992
  ]
}