{
  "warp_d": 0.15230702737662538, 
  "noise": 3.5177829420130977, 
  "log_likelihood": -3733.8315808232155, 
  "nlpd": -4.000301890012282, 
  "rmse": 13.100609933859312, 
  "lengthscale": [
    3.4316610581689138
  ], 
  "mae": 10.244089933848873, 
  "pearsonr": [
    0.76766884758757581, 
    1.1994384260435748e-20
  ], 
  "variance": 13.59014653935362, 
  "warp_psi": [
    [
      7.9409897296441554e-07, 
      0.140531755105613, 
      -0.26189752801669663
    ], 
    [
      1.0367345374306081e-07, 
      0.044231903074994056, 
      0.14829854624223135
    ], 
    [
      3.2212243252610582e-10, 
      7.5217778683576313, 
      3.6989495615822623
    ]
  ]
}