{
  "noise": 0.25442851647061504, 
  "log_likelihood": -993.9386216844716, 
  "nlpd": -310.02109161940371, 
  "rmse": 12.781303149479099, 
  "lengthscale": [
    20.712006918270205, 
    50.519555614342501, 
    48.963503807487356, 
    32.003178478824118, 
    47.030041810903434, 
    59.326415987604051, 
    0.52049484515607336, 
    1.8882611518443002, 
    30.925004041569292, 
    0.43616949754642914, 
    32.918446352542702, 
    40.384483774576083, 
    39.500673397513729, 
    0.57217837742780531, 
    4.827819822122521, 
    0.35947271719551449, 
    1.9355358907477502, 
    36.32628712464318, 
    0.59262202492353333, 
    0.74971898905758283, 
    0.90099459308329466, 
    36.26066475314375, 
    43.509072435699743, 
    0.36554964143331609, 
    46.756435053961262, 
    47.619281112931681, 
    29.064649986959836, 
    25.641536255737137, 
    12.092537546423458, 
    1.0770472572251564, 
    0.91003518623873281, 
    16.833309848885254, 
    37.322382600729554, 
    40.979349483976208, 
    52.005976023455958, 
    17.965768909950839, 
    21.835030463881115, 
    45.927605372327925, 
    39.2548635181804, 
    4.6116415220905118, 
    1.5520258715261714, 
    37.460261455488094, 
    42.987028540548849, 
    26.009479114615292, 
    14.862706648779639, 
    28.555851057836723, 
    32.38325005195194, 
    30.155986542200115, 
    36.825298737297345, 
    25.140052999372656, 
    22.310801173526698, 
    35.753531149020901, 
    1.4968301109341104, 
    41.096910898927234, 
    31.694746361542887, 
    72.820459783347388, 
    44.532699568024228, 
    46.182754737829001, 
    40.452632941386916, 
    40.40731915318603, 
    9.9616731014757534, 
    48.556799940909094, 
    38.176988567459254, 
    25.167461326442137, 
    44.405964564333871, 
    14.72379154363782, 
    0.57514696797456821, 
    1.700387966552136, 
    40.933246801206032, 
    26.239759045108514, 
    39.891902052693048, 
    32.637366501201619, 
    0.45030642244396718, 
    31.528057793836737, 
    18.286192056964303, 
    39.553135725392394, 
    23.408293418243506, 
    25.488578535940231, 
    21.185333769724647, 
    0.89794631003632386, 
    43.317083155787913, 
    0.73316497385947943, 
    45.80168927687145, 
    40.621992308599587, 
    50.395659415252716, 
    21.892897525566234, 
    41.9127693066741, 
    42.282130987050131, 
    36.61931146222225, 
    1.4526141380775848, 
    20.407782126812794, 
    19.418867590644755, 
    47.156663990838673, 
    33.240215591857677, 
    1.0468027951956982, 
    32.355398041749339, 
    42.214776520667456, 
    0.66885351471216625, 
    44.474544863265621, 
    24.903526489667204
  ], 
  "mae": 9.0566086423955667, 
  "pearsonr": [
    0.47844931242376093, 
    4.7845913707781422e-07
  ], 
  "variance": 0.5648921400273579
}