{
  "noise": 0.6579665469604565, 
  "log_likelihood": -1157.5568042840978, 
  "nlpd": -591.09639979587655, 
  "rmse": 18.646389928739303, 
  "mae": 15.334482545708275, 
  "pearsonr": [
    0.46937887504694897, 
    8.3843831848616025e-07
  ], 
  "variance": [
    0.056575235523310972
  ]
}