{
  "regularization": 10.0, 
  "rmse": 15.979366409511949, 
  "intercept": 5.8256152161870247, 
  "mae": 12.137855443336656, 
  "pearsonr": [
    0.69942171481967697, 
    5.7641456918332484e-16
  ], 
  "coefs": [
    -2.6422172842029732, 
    -0.31635793738389023, 
    -2.5424529988747668, 
    -4.4157360278859361, 
    -1.7105148526251917, 
    1.9941534577775635, 
    -3.248376698490425, 
    -5.5731267880865509, 
    0.67661908522632419, 
    8.8323928983274751, 
    1.1617229503203481, 
    1.3498252229333079, 
    2.480908705696474, 
    2.0579146821607939, 
    -1.4798930525739182, 
    0.91594015728736133, 
    -3.5736300501175284, 
    -1.1905057957697693, 
    -3.3742819840021183, 
    0.091418954434662192, 
    3.0831927069158334, 
    0.23311577373452896, 
    4.0237345855896622, 
    -2.1983333096371931, 
    -2.6554267142652273, 
    6.5808434721801961, 
    2.3171324719562798, 
    6.4328046611728622, 
    -0.68344279269887576, 
    7.1069989450689297, 
    2.183200546604076, 
    -2.2748888415464781, 
    1.3714831763907194, 
    0.70588531648569064, 
    -3.6390620387995756, 
    -6.5780833808202273, 
    2.9514074735879574, 
    -9.4530646507291785, 
    1.9313553139067208, 
    2.6086638573191281, 
    -0.20783087861264626, 
    0.050036706877764264, 
    -2.7935803091466482, 
    -1.6196870976022337, 
    5.3899189727854404, 
    -0.15115135872209612, 
    7.0309379370181464, 
    0.55248367075149474, 
    -0.89922524190336262, 
    2.028880729073089, 
    -0.80406387451862349, 
    0.76329211771730354, 
    0.055512328429355939, 
    3.0815396866841747, 
    -3.9797748355089704, 
    -2.1002404727960013, 
    4.8475315734367674, 
    0.2161499064822745, 
    -0.79966478916594741, 
    3.8667569253403569, 
    2.8049973167562312, 
    4.3813668246788167, 
    0.6813766430494983, 
    -1.8210120656846485, 
    -0.83752838957998121, 
    5.2138924808247182, 
    -6.9893452116704404, 
    1.0377224894129919, 
    1.7082646972811038, 
    5.4022996327299841, 
    -1.7453518877797294, 
    -5.2926377325945078, 
    1.7036436302526266, 
    4.3882253786415228, 
    3.9214224309218553, 
    -0.55626558753261979, 
    5.8774201224448346, 
    -1.5138756447742692, 
    -2.6803936327926752, 
    3.011065064310412, 
    7.3614622518113881, 
    -6.3404997779262491, 
    -7.2301057510824815, 
    -0.54999940761175037, 
    1.6898412098084701, 
    2.1444403644494252, 
    2.0067115574339631, 
    0.78801064938327248, 
    -2.5015224062430286, 
    -0.21266312784595187, 
    -0.91980259772945971, 
    4.4635022043082504, 
    -1.1000641596105063, 
    -2.0325395772230199, 
    -2.2868106124457648, 
    2.1751076781683842, 
    0.32606023807800416, 
    -1.1638133447458205, 
    -0.38818376304672642, 
    -5.0994289028557365
  ]
}