{
  "regularization": 100.0, 
  "rmse": 13.920563317806378, 
  "epsilon": 1.0, 
  "mae": 10.435836168350702, 
  "pearsonr": [
    0.79772379839776275, 
    2.9760398711999105e-23
  ], 
  "gamma": 0.10000000000000001
}