{
  "noise": 109.17278626427729, 
  "log_likelihood": -3453.1399863654647, 
  "nlpd": -3.8635573633616582, 
  "rmse": 11.455043849183483, 
  "mae": 8.0965696450707032, 
  "pearsonr": [
    0.64743685698714071, 
    3.3607327457377603e-13
  ], 
  "variance": [
    8.1098641493498338
  ]
}