{
  "log_likelihood": -4420.784929062674, 
  "nlpd": 3.9340692922641494, 
  "rmse": 12.34033727113062, 
  "Gaussian_noise.variance": 134.59605786549415, 
  "mae": 8.7112768633736302, 
  "pearsonr": [
    0.5519368995626579, 
    2.5277059848119511e-11
  ], 
  "linear.variances": 8.553817959564878
}