{
  "regularization": 10.0, 
  "rmse": 9.4618137659991692, 
  "epsilon": 0.10000000000000001, 
  "mae": 6.0114892271871838, 
  "pearsonr": [
    0.68895252593035627, 
    2.3126430498470764e-15
  ], 
  "gamma": 0.10000000000000001
}