{
  "noise": 33.50100355326602, 
  "power": [
    0.33420690212859849
  ], 
  "nlpd": -4.2959519462438092, 
  "rmse": 17.719760436166798, 
  "lengthscale": [
    1.0819904409972585
  ], 
  "mae": 13.453821829313119, 
  "pearsonr": [
    0.71028720548597235, 
    1.2776650455365369e-16
  ], 
  "variance": 868.6513885482751, 
  "log_likelihood": -3819.859902789861
}