{
  "noise": 0.3006837120839873, 
  "log_likelihood": -1161.5863771478141, 
  "nlpd": -415.73817889105601, 
  "rmse": 12.825163364216271, 
  "lengthscale": [
    1.542339693708076
  ], 
  "mae": 10.2239280414136, 
  "pearsonr": [
    0.49011052742079902, 
    2.2706439474999696e-07
  ], 
  "variance": 0.6690330036253843
}