{
  "log_likelihood": -4842.4929467207685, 
  "nlpd": 4.1374583988380991, 
  "rmse": 14.987073649941204, 
  "rbf.lengthscale": 2.3923969105033938, 
  "Gaussian_noise.variance": 191.60774932746847, 
  "mae": 11.63737386700164, 
  "pearsonr": [
    0.79675092747597687, 
    1.1157510457976751e-28
  ], 
  "rbf.variance": 432.92831117806605
}