{
  "lengthscale": [
    2.05788228785869
  ], 
  "noise": [
    41.02419459840216, 
    39.55350936387788, 
    37.257943843250835, 
    52.27206120270304, 
    38.90412899044115, 
    80.96208180752677
  ], 
  "kappa": [
    7.561697519718922, 
    3.8720035418039815, 
    22.737450139429328, 
    18.46068105580441, 
    23.237645350969206, 
    10.60373445682673
  ], 
  "log_likelihood": -21380.699168179715, 
  "joy": {
    "mae": 14.9512172844072, 
    "nlpd": 4.4251565652755787, 
    "pearsonr": [
      0.54872866915754615, 
      3.4083074003865942e-09
    ], 
    "rmse": 19.103532653455666
  }, 
  "W": [
    -1.9402891214066122, 
    -1.2811383036974893, 
    -2.4852555944899555, 
    4.81428129468401, 
    -4.0963982823577245, 
    0.9818749755353587
  ], 
  "sadness": {
    "mae": 12.786888117051991, 
    "nlpd": 4.3124366647925614, 
    "pearsonr": [
      0.60166771503898853, 
      3.5858463678375199e-11
    ], 
    "rmse": 17.267891621868145
  }, 
  "disgust": {
    "mae": 5.2350083248669863, 
    "nlpd": 3.5394393184183959, 
    "pearsonr": [
      0.7165981460844828, 
      5.1572147188744903e-17
    ], 
    "rmse": 8.2853225529252104
  }, 
  "variance": 13.549466043323946, 
  "anger": {
    "mae": 6.5432733722454772, 
    "nlpd": 3.6502514668758246, 
    "pearsonr": [
      0.64185901601754858, 
      6.19281198464988e-13
    ], 
    "rmse": 9.09843577495079
  }, 
  "surprise": {
    "mae": 9.7215370785843351, 
    "nlpd": 3.952702816859226, 
    "pearsonr": [
      0.37359869996171768, 
      0.00012886547225439648
    ], 
    "rmse": 12.528386769246309
  }, 
  "fear": {
    "mae": 8.4580620317605923, 
    "nlpd": 3.9339822750132742, 
    "pearsonr": [
      0.74376305164602496, 
      7.7032739809408825e-19
    ], 
    "rmse": 11.865020946409176
  }
}