{
  "noise": 310.3478696373484, 
  "log_likelihood": -3909.1420806183096, 
  "nlpd": -4.1922093605552471, 
  "rmse": 15.746913236759475, 
  "mae": 13.271030472124163, 
  "pearsonr": [
    0.53869983226635865, 
    7.4055823249531087e-09
  ], 
  "variance": [
    41.785228262584219, 
    3.7465397562569604e-05, 
    3.2704220361228143e-05, 
    102.13964053003113, 
    158.17544490928699, 
    38.196311650611008, 
    0.00077954401098056147, 
    7.298733923936598e-05, 
    8.8105205261179389, 
    88.114883452567696, 
    1.5414675291337302e-05, 
    10.066727587801367, 
    3.5599275251792918e-05, 
    26.759339139118769, 
    1.3700921919460167, 
    3.3658158200561018e-05, 
    1.189448401791421e-08, 
    3.7975679534915569e-05, 
    3.2375037342295164e-05, 
    18.859390715784652, 
    14.182856964615416, 
    6.8256554870503594, 
    4.1071971485654678e-05, 
    5.6667471174611197e-06, 
    20.658442195633157, 
    2.7965855718002483e-05, 
    18.694532097715332, 
    3.1764665275911742e-05, 
    3.1713700261456046e-05, 
    307.19201599446399, 
    174.61475473747427, 
    3.3065152155869727e-05, 
    4.1864534698824406e-05, 
    226.66243105914685, 
    72.010394657330536, 
    23.420041973339618, 
    2.4270673550836866e-05, 
    3.6591132440663677e-05, 
    88.746281778420354, 
    1.3550984104777266e-07, 
    135.44381361774683, 
    4.0135503827905497e-05, 
    152.73958235706442, 
    17.031584121528518, 
    1.0274243856556286e-06, 
    4.0777162609521727e-05, 
    31.476842499527251, 
    0.00027846777919439452, 
    25.308228518859149, 
    3.5617863558645559e-05, 
    140.56086360348274, 
    17.356443708792575, 
    3.9106991298780856e-05, 
    18.908713857288124, 
    5.3626328693678318e-05, 
    14.010087950388803, 
    24.266507568190256, 
    1.7603391896372547e-07, 
    2.0942918468070517, 
    70.852753088666702, 
    58.597092928758471, 
    106.16154551378548, 
    4.7195007168165609e-05, 
    11.797724516395496, 
    0.00011883026373783723, 
    5.8294621614842073e-05, 
    1.7415515892476428e-05, 
    1.9034515753461756e-08, 
    68.66999205476381, 
    37.448823398995962, 
    219.2789728564795, 
    12.40458671755235, 
    74.417776703121731, 
    2.6897183126718566e-05, 
    25.028509248455563, 
    3.5637271433213414e-05, 
    4.5662514548659088, 
    0.00012013655348595783, 
    21.476291391305658, 
    125.94645575326736, 
    8.2829367925705952, 
    1.3638543772166653e-06, 
    0.00015564360965094807, 
    110.65899707578994, 
    21.576729389343296, 
    15.080521753724552, 
    186.09787315908923, 
    23.248507421168721, 
    39.836291150171256, 
    3.6579059393934408e-12, 
    14.463576151759877, 
    64.97984637934232, 
    4.0871630337807519e-05, 
    7.0876804031723569e-05, 
    4.7004993998279234, 
    19.907902013194711, 
    3.7203537125225383e-05, 
    15.063784630596992, 
    3.0222698174682946e-05, 
    3.4725144572759814e-05
  ]
}