{
  "regularization": 100.0, 
  "rmse": 9.5842292991096265, 
  "epsilon": 1.0, 
  "mae": 6.607446219845249, 
  "pearsonr": [
    0.72860075942929203, 
    8.5671048753269406e-18
  ], 
  "gamma": 0.10000000000000001
}