{
  "noise": 0.47185370748713873, 
  "log_likelihood": -1170.2682612728186, 
  "nlpd": -215.7851512683261, 
  "rmse": 10.093122129997681, 
  "weight_variance": [
    7394731.5238209814
  ], 
  "bias_variance": 5.562684646268137e-309, 
  "mae": 8.1791734065416239, 
  "pearsonr": [
    0.35769791465959561, 
    0.00025852041176538669
  ], 
  "variance": 0.8868522968430609
}