{
  "regularization": 10.0, 
  "rmse": 9.5033341707947656, 
  "epsilon": 0.10000000000000001, 
  "mae": 6.2462657678353048, 
  "pearsonr": [
    0.58000164777997054, 
    2.5524224813147446e-10
  ], 
  "gamma": 0.10000000000000001
}