{
  "warp_d": 0.2260208943186087, 
  "noise": 15.917211190433347, 
  "log_likelihood": -3914.267745886634, 
  "nlpd": -4.3389778606716609, 
  "rmse": 18.60883277325641, 
  "mae": 14.766374864779948, 
  "pearsonr": [
    0.45942437474668202, 
    1.5237264286539565e-06
  ], 
  "variance": [
    6.665098870006271, 
    0.0065995496192993381, 
    2.4911564981096368, 
    2.3796116093972186, 
    0.77905192196740813, 
    0.040823801024505113, 
    0.0050583023894352911, 
    0.30482138154508814, 
    7.9194592452015034, 
    0.0082112912164624494, 
    0.23510063126990804, 
    0.69574857169466631, 
    0.015452179820825078, 
    0.06678928463943587, 
    0.013630563466335316, 
    0.0054677452199108191, 
    0.0050165300855818523, 
    0.0084619071051519126, 
    3.248166835347623, 
    2.9072516928388339, 
    0.018369119143707965, 
    0.0051148492337474575, 
    8.6071037585345156, 
    0.0032025276302541051, 
    0.0063197346212558641, 
    0.0042575273052596011, 
    0.0056476937477486795, 
    4.3275070120891757, 
    2.8880956462360081, 
    5.9302763769381306, 
    9.0069387314464908, 
    0.0061155726827043701, 
    0.0061075621668838743, 
    1.6922445507631652, 
    10.407485815477298, 
    0.0063805303648299472, 
    0.070663639126060954, 
    0.041804122826387076, 
    0.56152361159089048, 
    0.0056735291731315621, 
    0.0077622310315398945, 
    0.029059604111153787, 
    0.28787727699567822, 
    1.1264135122885275, 
    0.02663632594134643, 
    2.5611290062890117, 
    0.034912787476915647, 
    0.015135271343521599, 
    11.744323195662952, 
    4.7130346634874654, 
    0.041148815388970431, 
    5.3633861716466216, 
    0.0054947705413055563, 
    0.0083431505523742042, 
    0.39389378014228593, 
    1.8292489123619893, 
    0.010600210812993623, 
    0.0047236766746202863, 
    1.3399447169767036, 
    8.5339222762261553, 
    3.0780887457799828, 
    0.0034139114330169942, 
    0.0067791324604006388, 
    0.33551866978527028, 
    14.273939992609323, 
    5.7594008658146363, 
    0.0034194650184531557, 
    0.0043660398565183332, 
    4.3146628713127404, 
    0.0086990237016368478, 
    0.88608812864777475, 
    0.04405207917434046, 
    0.0069016320740856296, 
    7.6526009988925852, 
    8.0660084397012835, 
    5.5093396157134489, 
    0.0057369336159200611, 
    0.019986949227112347, 
    0.027452399945247188, 
    1.4081293207476662, 
    0.21262950631309283, 
    15.990308993360655, 
    0.0065597112315054756, 
    4.3198824864653966, 
    0.21952604362509934, 
    0.0044982355463768766, 
    3.9343799011809222, 
    3.085535400116957, 
    0.021297913343195661, 
    0.0040285041012852697, 
    1.413771058995261, 
    0.064081767791577579, 
    1.3149921708568379, 
    0.011024873894042797, 
    0.0069371070582561105, 
    4.2946120028369403, 
    0.0097155759271106996, 
    1.3955415923194645, 
    0.0062079340439123729, 
    8.8111839784492805
  ], 
  "warp_psi": [
    [
      1.5033997491869069e-10, 
      1.3942079034210439, 
      -2.876289978283638
    ], 
    [
      1.3100709704478446e-10, 
      2.4169103590437024, 
      1.8554135191722185
    ], 
    [
      4.5578617962741588e-12, 
      0.13388015204083753, 
      1.4571799293932322
    ]
  ]
}