{
  "regularization": 10.0, 
  "rmse": 18.093286309204323, 
  "epsilon": 0.10000000000000001, 
  "mae": 13.864185604077102, 
  "pearsonr": [
    0.56789665554050894, 
    7.1878928431282568e-10
  ], 
  "gamma": 0.10000000000000001
}