{
  "noise": 0.2780404386066442, 
  "power": [
    1.7904936041291781
  ], 
  "nlpd": -413.01923897077415, 
  "rmse": 12.50654901060863, 
  "lengthscale": [
    1.5769946952879108, 
    6.9149845945507602, 
    0.98133051821045703, 
    2.0209558960024085, 
    0.9248217561058234, 
    14.101908498644494, 
    11.097210756863234, 
    1.3027346967705986, 
    15.227710808779989, 
    16.814956768590527, 
    12.297443294555018, 
    0.7621117079868418, 
    10.025894985424225, 
    12.03749731357901, 
    2.1120500923410517, 
    9.3920410920453783, 
    9.7617753861852172, 
    9.6768937371281414, 
    4.8461065348199615, 
    11.111885049192541, 
    0.91029850103461651, 
    12.929794548966616, 
    9.7122875499065859, 
    14.799113892622518, 
    12.51440325053615, 
    11.602393054081372, 
    7.0524162495124525, 
    14.776033416048815, 
    14.729932451770029, 
    0.61069615719192694, 
    0.98490773664894093, 
    3.9979867185079661, 
    1.7628413617325021, 
    1.5350325741717827, 
    13.385051363869772, 
    11.023886833071241, 
    1.2752467701890362, 
    4.2221421502388727, 
    1.4114324157239069, 
    12.818528430425779, 
    1.2867163449610919, 
    16.219384837103284, 
    4.2618574681513843, 
    13.556542738440417, 
    1.2222277363154681, 
    12.580549210415537, 
    12.92898644688224, 
    12.030655452192583, 
    10.138718361944864, 
    11.409202764808597, 
    10.8664169122475, 
    12.41234237444435, 
    9.2981799347892, 
    11.703229352937676, 
    11.288144437578158, 
    11.066728748738454, 
    2.3247181397596455, 
    9.5564154404622528, 
    1.531399911038499, 
    10.440746255302903, 
    11.071525636231407, 
    6.7547865688114088, 
    2.8831270126049438, 
    20.57425442198727, 
    1.4041276932370672, 
    7.1492760576707086, 
    1.7657661464796477, 
    0.88508592595947844, 
    12.419811249615869, 
    15.571678743503158, 
    1.3484909580695881, 
    0.56775853756581207, 
    0.38394946262545426, 
    2.1197800960793893, 
    8.9959013707010307, 
    10.195898654482702, 
    10.466011439116942, 
    1.0648883456494205, 
    12.519193638875876, 
    1.1383105309646244, 
    2.0759655750762138, 
    1.7133333248173683, 
    16.243382677891692, 
    12.464403448029261, 
    12.193335114354666, 
    1.6153091496358236, 
    6.8406446149480544, 
    12.746863979380603, 
    7.4095914169182358, 
    2.59251144558442, 
    1.1289980379298652, 
    1.2186621016140058, 
    1.3841102763717792, 
    4.0281371693590238, 
    4.3714177891703025, 
    10.010181792928538, 
    1.0037334107754601, 
    1.7961242339409944, 
    10.139450407076302, 
    0.74260313100599173
  ], 
  "mae": 9.9053018944911191, 
  "pearsonr": [
    0.3862773918313685, 
    7.2046066597742994e-05
  ], 
  "variance": 0.7055832294746798, 
  "log_likelihood": -1111.8375170655024
}