{
  "noise": 0.04342000248792791, 
  "log_likelihood": -1061.2983305153637, 
  "nlpd": -1004.2378761452796, 
  "rmse": 19.691967866617322, 
  "lengthscale": [
    3.8495293466785911, 
    0.72891047646237339, 
    8.5790267787696237, 
    2.4505095011409379, 
    1.7942842203131728, 
    1.1586453586649275, 
    1.4350747248450679, 
    15.496885459413164, 
    2.0514574659725495, 
    2.1280109921858115, 
    8.5595567293804482, 
    8.9847164555155388, 
    13.962256571223925, 
    12.641867091849891, 
    0.41251863242805153, 
    5.8378109957947224, 
    5.0066157308352031, 
    11.671971002294102, 
    16.072423490696554, 
    16.733517004550933, 
    4.6127280078970214, 
    0.84841924481670672, 
    11.758465379551186, 
    14.07162991613065, 
    15.420629091920201, 
    16.690685566073853, 
    13.013360747272436, 
    14.098934549355404, 
    3.2633579172579075, 
    1.1006944709573336, 
    2.5684798691863358, 
    11.923116894222815, 
    1.0196487450784602, 
    2.2697362680276219, 
    1.051917963373457, 
    12.514161392486173, 
    1.2551014149823467, 
    15.032615187449789, 
    11.174294658265435, 
    12.562273404255455, 
    3.0847043309960211, 
    3.3204701146927897, 
    3.1991544080349219, 
    7.2533525433032597, 
    2.5745432179114189, 
    15.662415806980059, 
    16.73760721142235, 
    14.096278832235379, 
    11.6094647068916, 
    15.602660208045402, 
    0.94431111227587339, 
    3.2842642445438357, 
    7.2591658744018233, 
    17.65763356153645, 
    12.825208803573256, 
    18.072533262978432, 
    11.701856431026913, 
    3.5802919606988337, 
    19.947532693013429, 
    1.331751704373884, 
    12.452583811429784, 
    2.3065919141673734, 
    17.94660588747012, 
    16.51353816407893, 
    15.951565294026242, 
    13.711322736431962, 
    13.547727842591755, 
    0.76735080485991147, 
    1.7766720491594941, 
    2.5062289565046685, 
    0.77462334415525147, 
    0.95754548326289179, 
    8.2186089393042661, 
    15.260643187095898, 
    13.455334351086888, 
    14.366028466439122, 
    3.3457992208225469, 
    16.99467357171967, 
    9.858132674448246, 
    0.77881637753528266, 
    1.2596646094873112, 
    3.1969249316012949, 
    2.161871035400297, 
    10.341128792368629, 
    15.525931440382845, 
    14.155862629609111, 
    2.2144711031395512, 
    16.810986146451253, 
    1.0143956093305229, 
    17.993670080544973, 
    1.0544206616066745, 
    1.9079946231621481, 
    13.580806393963712, 
    17.271385299070118, 
    1.0660145986778011, 
    1.976937163407545, 
    1.4367233870146121, 
    16.64119868773691, 
    11.570138269563424, 
    0.87513870448382614
  ], 
  "mae": 15.405302605622152, 
  "pearsonr": [
    0.50874735836979001, 
    6.504294014967271e-08
  ], 
  "variance": 1.2321798396592367
}