{
  "noise": 0.056174057244701016, 
  "log_likelihood": -962.9652339443026, 
  "nlpd": -706.17047945571221, 
  "rmse": 15.228727678848495, 
  "lengthscale": [
    8.7504018235407237, 
    7.3910456100884074, 
    1.1344442314945431, 
    12.526364398750653, 
    6.6358016810759182, 
    1.2587093279481891, 
    0.68659393726718521, 
    8.0602641428691992, 
    1.0724248485376828, 
    12.621166882250622, 
    0.82413095405619197, 
    1.4806667190275649, 
    2.2070618411958618, 
    14.670732732883138, 
    1.5733849382764762, 
    11.843090815589129, 
    12.516259065488292, 
    10.864630449508665, 
    2.0381442456954644, 
    1.2886916838966185, 
    9.8337958534328216, 
    1.0711044814379105, 
    1.291553728016539, 
    11.060359964297939, 
    13.152852480880574, 
    13.951601068515153, 
    5.8711131571791633, 
    14.793583758526708, 
    2.7720388386883306, 
    1.0548509736199367, 
    1.2382593678386247, 
    14.300285318381658, 
    5.7863920061814484, 
    12.783963233054187, 
    1.2650238891855616, 
    1.0099933269597068, 
    11.178431917682294, 
    10.045761672806675, 
    12.397644275133615, 
    7.4786774530364974, 
    14.04949820552323, 
    5.7749595502897071, 
    1.3682574131951899, 
    3.7826326288594703, 
    1.1069003792544738, 
    1.8723727712406484, 
    12.516242707996211, 
    2.9563493573375705, 
    0.71927899853361676, 
    3.6442624876471514, 
    13.129829492753281, 
    10.692500711579369, 
    9.3820209437307192, 
    15.821163425026965, 
    0.65292614084206768, 
    11.74965319338216, 
    0.87368145767771721, 
    15.599310384398656, 
    9.8490568230174453, 
    5.7126428100032873, 
    4.9846639435207969, 
    14.222257643627538, 
    15.413402817837254, 
    2.4230457641494634, 
    1.4596443212537242, 
    4.9373384737214501, 
    15.742059389243028, 
    13.445010906552433, 
    10.61571207935577, 
    10.142180656297583, 
    12.371987358484875, 
    5.6213428546428208, 
    8.9390092283338642, 
    2.0173570074151321, 
    1.3397945262783386, 
    0.72470243214036434, 
    11.976140961297112, 
    2.3917238936355254, 
    10.864312515799545, 
    13.748175375622445, 
    1.4167052513969443, 
    4.7413626096961003, 
    12.822641848617049, 
    12.8891714800682, 
    7.2824232486741431, 
    0.72097904665081114, 
    0.94293835513170066, 
    1.9005412697793838, 
    1.0326054429321099, 
    3.6364613057161144, 
    0.81223124359782128, 
    5.8955377924075112, 
    1.0511720197132117, 
    4.4947060226833155, 
    1.2013669132228888, 
    3.1891886437858963, 
    0.87466392231384238, 
    2.0820623919968204, 
    2.1715670329714341, 
    1.6933088292487977
  ], 
  "mae": 11.80714787611522, 
  "pearsonr": [
    0.68145258809487341, 
    6.0392750478411124e-15
  ], 
  "variance": 0.8979973384042856
}