{
  "regularization": 10.0, 
  "rmse": 14.032071680034527, 
  "epsilon": 0.10000000000000001, 
  "mae": 10.890057890267016, 
  "pearsonr": [
    0.79222136884887639, 
    9.6043098245557246e-23
  ], 
  "gamma": 0.10000000000000001
}