{
  "regularization": 10.0, 
  "rmse": 16.055552146598185, 
  "intercept": 25.725754946911284, 
  "mae": 12.952036159113389, 
  "pearsonr": [
    0.62425580424291804, 
    3.9362830533296552e-12
  ], 
  "coefs": [
    5.9978417145288736, 
    -1.9566233562555051, 
    -1.0020837143868744, 
    7.9746930084160947, 
    10.072761185947119, 
    -7.7548541919307921, 
    3.3355492887310829, 
    -3.1998715137530094, 
    -3.5231500154657014, 
    -4.6645633594548244, 
    0.18944494308153012, 
    -5.5993831296336865, 
    -0.60313654280235707, 
    0.37556689248077468, 
    -0.7932649826892787, 
    -2.2657124887611682, 
    3.1904649225159698, 
    1.5960955134186372, 
    0.69606851102095324, 
    0.42808416649115427, 
    -2.5350815245217206, 
    -4.1365820060418539, 
    -0.83389983228162678, 
    0.99293459633935344, 
    1.0857093157146107, 
    -0.62921631950370027, 
    -2.1438634976489963, 
    1.5813370438334393, 
    3.9378603786659072, 
    -11.451739040406725, 
    -8.9539616490804494, 
    -4.6118493910614555, 
    1.3421035895005506, 
    7.6831384585054829, 
    8.551796443984502, 
    -2.2077449207738837, 
    -2.3091243372237096, 
    -0.290511722710391, 
    -4.0265870131495589, 
    -3.1331197526252321, 
    7.2593418370948681, 
    -3.4791643982288685, 
    6.8323822520511159, 
    -2.4367845453755925, 
    1.8656439672011937, 
    -0.53290778066252065, 
    -2.9978434982976649, 
    0.097278460081913681, 
    0.93328455679251665, 
    -1.1997364431008837, 
    -8.7451353432326915, 
    -5.801777118000234, 
    0.63492061853812576, 
    -0.77777853644372152, 
    1.2677122782755583, 
    0.03407946304473819, 
    -2.1988519569466809, 
    5.4457566040295031, 
    -0.0914306328650758, 
    -6.4092718944710709, 
    -1.7312351286832814, 
    4.1432638562255235, 
    -1.0659315778752778, 
    -3.650384119288332, 
    0.18646955680802463, 
    -0.046327880021022755, 
    -3.3705777074334282, 
    -1.9345526561661497, 
    4.28271415130855, 
    -3.4709865792449457, 
    6.8157150388146697, 
    4.5678311068372279, 
    -4.5458889319500733, 
    -3.1435432375843124, 
    -2.7054682449232557, 
    2.7104082713602788, 
    -8.3137497720061155, 
    0.82392220753918866, 
    4.0653583671510898, 
    -8.029494168950519, 
    -5.7309473263061053, 
    6.4334934090815477, 
    3.4837541926573308, 
    4.0762974635156803, 
    -1.7935218454876463, 
    0.46123956568912722, 
    6.7561888445839244, 
    -4.6774181705462068, 
    -6.2239929059511621, 
    2.3073276259916602, 
    -2.0701921994918426, 
    -4.089115934653698, 
    -0.39412976403176597, 
    -2.1918484643207012, 
    -4.7682419536552239, 
    -2.5571453796026362, 
    1.1372454880725118, 
    -0.10195196503142195, 
    -1.0342427632383941, 
    2.2026852002078603
  ]
}