{
  "noise": 0.09867252194022966, 
  "log_likelihood": -932.2215006842487, 
  "nlpd": -753.18437527877438, 
  "rmse": 12.492789102553528, 
  "weight_variance": [
    11.560297017046084, 
    1.3754753134791748, 
    34.5885680070771, 
    1.2964830480104578e-05, 
    1.1737487369286659e-10, 
    42.851772901556821, 
    22.055037585930805, 
    2.0163825615751598, 
    5.0504768983630786e-09, 
    73.352704863888334, 
    1.7350792620103464e-09, 
    1.6398772894539924, 
    3.1580227665716809e-10, 
    0.00060749789084540778, 
    5.4460824543221266e-11, 
    7.0678420813542577e-15, 
    18.163855458669385, 
    7.351676399271467e-08, 
    14.480830148948215, 
    3.6133006917177819e-06, 
    0.0012778495149944982, 
    5.5457887817783504, 
    5.987655777491636e-12, 
    4.5941397435120969e-09, 
    2.4803420187344769e-07, 
    2.6133739203387822, 
    1.1571046626336032e-11, 
    6.7492032884002437, 
    1.3736685649272207e-06, 
    76.97692151922638, 
    34.187779360604374, 
    0.067308610555776471, 
    33.652931739548301, 
    2.5739793243118732e-13, 
    1.0077190753977668e-10, 
    48.799276829572676, 
    9.8335240948821708e-11, 
    7.7642661590775557, 
    0.92680239532765196, 
    0.7781559399709842, 
    9.1838173843821842, 
    2.599814863619497e-05, 
    17.691880260509596, 
    2.129720915070564e-13, 
    76.867037243845076, 
    6.764424806977432e-12, 
    33.637052471255309, 
    7.3721106004134649e-08, 
    7.1500970104577152e-12, 
    5.3231250492744813e-11, 
    13.352020179634266, 
    8.9111029431125792e-07, 
    1.368150772906176e-07, 
    1.9209273398440335e-10, 
    12.625630370431388, 
    1.9926313208958164e-08, 
    19.725467524440806, 
    5.9948590778680265e-09, 
    1.0343723630365615e-19, 
    5.4586105227986139e-13, 
    1.3172691373559819e-09, 
    7.3024334389182606, 
    2.7165940229526979e-09, 
    0.00069539624112735846, 
    8.1790409465045882e-13, 
    36.379803642666452, 
    4.6234058588151523, 
    15.969461767411072, 
    11.392609205646432, 
    13.457081523540285, 
    9.6509254135349123e-07, 
    39.305760018839869, 
    4.1738771792413256e-05, 
    2.5357270781304206e-08, 
    15.498726963013254, 
    7.0064851319670847e-06, 
    3.3188453854042832, 
    7.2211300207230408e-11, 
    0.17176734893838869, 
    0.0012947020744619724, 
    20.409814329987487, 
    47.449265960155657, 
    13.830474385563759, 
    0.0002067327811910825, 
    2.796494901797018e-06, 
    9.8664521037462269e-08, 
    5.1125700582329365, 
    9.6226528687521187e-14, 
    3.429522374360801, 
    1.3417233204031393e-16, 
    19.990962171698939, 
    34.245235140293694, 
    1.0636266421978389e-05, 
    1.3829269726948759e-08, 
    15.172905822392016, 
    5.7452539657917615e-11, 
    4.6537319707100995e-05, 
    5.7334836708505224, 
    0.002999316203853766, 
    11.382856022573121
  ], 
  "bias_variance": 104.32943568839461, 
  "mae": 9.7414210206816065, 
  "pearsonr": [
    0.78561171985165623, 
    3.747765644521894e-22
  ], 
  "variance": 2.2591659954796084
}