{
  "noise": 0.08446834467496545, 
  "power": [
    0.35852309960663514
  ], 
  "nlpd": -607.94104465965017, 
  "rmse": 13.704206043310183, 
  "lengthscale": [
    1.0036312400595451
  ], 
  "mae": 9.7796079670198264, 
  "pearsonr": [
    0.69731645578243451, 
    7.6584960841391141e-16
  ], 
  "variance": 1.2195044563775508, 
  "log_likelihood": -963.1369042454528
}