{
  "noise": 0.2463889179763738, 
  "log_likelihood": -1023.2955994609825, 
  "nlpd": -294.91920658796909, 
  "rmse": 9.6914919531894732, 
  "lengthscale": [
    7.1214062575738932, 
    13.441971943534961, 
    8.7652755848743471, 
    13.18695675989143, 
    13.321971421262187, 
    14.223324992239668, 
    1.7410378509907161, 
    1.223786248724591, 
    11.359437833610139, 
    0.76938076091305418, 
    7.1330850521262743, 
    9.1731091462942853, 
    8.6928536881816516, 
    6.1694814091730272, 
    1.139365775708723, 
    6.0538569647109419, 
    1.4749514267913462, 
    3.5902108988284058, 
    0.52721502909236628, 
    2.3177246668660261, 
    0.78355118582734851, 
    7.2442442191785013, 
    12.31815469082064, 
    11.277737952481019, 
    12.476517511577391, 
    14.432633082254746, 
    0.76063270092434088, 
    1.1578203129767668, 
    10.405132125786235, 
    1.229619600859559, 
    3.9058451050629257, 
    0.72918821713747572, 
    8.9816123062044344, 
    11.502912165201158, 
    10.571688308248053, 
    8.4011279822929943, 
    6.4685068078784704, 
    8.4264612875382916, 
    9.2154500127257286, 
    8.7202311610561551, 
    0.90145273885901156, 
    10.199791944133015, 
    8.9308417234588919, 
    9.5945999872169967, 
    9.2199969337594432, 
    1.2218801380346258, 
    14.440584995519014, 
    1.2822766501339311, 
    8.5291046576611613, 
    11.33339161119544, 
    0.84515594784534442, 
    10.081037960614958, 
    2.2687072377853625, 
    1.5702671388455083, 
    9.4879323488084193, 
    2.09692143150665, 
    7.9345618067954042, 
    11.164488220939353, 
    10.43811253364481, 
    11.442153857344895, 
    0.64946383397265939, 
    12.893435600104194, 
    11.963509202280877, 
    7.1682260625190297, 
    13.781019828505643, 
    0.60714490834025037, 
    0.87856521202099724, 
    0.76722196735636705, 
    11.886447342813771, 
    6.9112311863624116, 
    3.9477774563265218, 
    10.07363844984096, 
    0.52585492937105149, 
    0.90419879751170584, 
    9.1308409767991812, 
    2.5357445311057569, 
    0.85701942169992362, 
    8.0331555233853607, 
    1.0596825844676725, 
    0.86540619742223246, 
    6.0968815956319347, 
    0.66571631745166859, 
    10.794237982534506, 
    6.0106597372687656, 
    12.638115743623876, 
    0.59748569657886252, 
    11.615882908528441, 
    12.634900070539778, 
    10.827731563120521, 
    1.6348454757284301, 
    9.9384324187183886, 
    9.2111385910998358, 
    10.982677490029896, 
    10.199257014799912, 
    1.1198100338268242, 
    9.9280009735197758, 
    13.205605066401978, 
    0.43162730917769515, 
    9.0193352229580537, 
    0.9876856771601279
  ], 
  "mae": 6.7944064241415383, 
  "pearsonr": [
    0.73205240328072141, 
    5.0225715789724398e-18
  ], 
  "variance": 0.5523603534762032
}