{
  "warp_d": 0.04989077805704593, 
  "noise": 0.05875303134538295, 
  "log_likelihood": -2159.8695440570036, 
  "nlpd": -1.8696292352475499, 
  "rmse": 16.773051033850628, 
  "lengthscale": [
    2.3852691821063186, 
    2.5658294797703998, 
    2.4120646038899562, 
    2.6855324543555188, 
    2.6988717908745663, 
    3.1801516309863689, 
    2.8356858433537071, 
    2.4966593857967445, 
    3.0526333139361497, 
    2.4509142811104718, 
    2.2153699831026414, 
    2.5469615208350245, 
    2.7942908919297018, 
    2.6788571419252816, 
    2.3198540801822434, 
    2.3260892454145319, 
    3.0508842562579312, 
    2.5160926706197433, 
    2.7451096476478019, 
    2.945839497945947, 
    2.781239699415559, 
    2.4620615495323483, 
    2.1647975644658368, 
    3.3096346241081802, 
    2.6745692494240072, 
    3.0218836687206956, 
    2.5934210057222935, 
    2.791930048676198, 
    3.3880515210200937, 
    2.2791950934126608, 
    3.2148659438149401, 
    2.9866588068069544, 
    2.3438397465896128, 
    2.4505103014477041, 
    2.2092994497740421, 
    2.3616888371114886, 
    2.7826823369136058, 
    3.0136826526964309, 
    2.6086083167355802, 
    2.4398978321047431, 
    2.6099522905676857, 
    2.5105116144186157, 
    3.400826400219592, 
    2.8047523149605418, 
    2.6469035617159054, 
    2.5504504269291126, 
    2.5807208476511123, 
    2.7554140571266177, 
    2.6139785688347756, 
    2.9314216693559771, 
    2.2233370746397942, 
    2.150454436410179, 
    2.4658982186875398, 
    2.7796144802856526, 
    3.001832169508527, 
    5.3632055584852569, 
    2.7544086071791973, 
    2.6151213577506409, 
    3.9307748812840826, 
    2.009445057247472, 
    2.6846047985921078, 
    3.3591877654332323, 
    2.6461774070528201, 
    2.8627608863487151, 
    2.6519650474440839, 
    2.3240459857300411, 
    2.8229341357666033, 
    2.8325789435901982, 
    2.9529808758110754, 
    2.3743861327568339, 
    2.3294168929976409, 
    2.6158646603913511, 
    2.4769183978604321, 
    3.4066588745458257, 
    2.2541384639827382, 
    2.6847485887795992, 
    2.8783402837369705, 
    2.6346781682889957, 
    2.879470792709018, 
    2.0405692886840812, 
    2.245907448153194, 
    2.4600185560434613, 
    3.0486804129602278, 
    2.5233532943777761, 
    3.3211917914498268, 
    2.626924739376888, 
    2.8016397696012216, 
    3.1339377167030316, 
    2.5851221538784825, 
    2.929738593188314, 
    2.6344971866546438, 
    2.4714933023517354, 
    2.7140839441344036, 
    2.9441283307662487, 
    2.9992312014777491, 
    2.3399764770088898, 
    2.7408928154777685, 
    3.1230596050897867, 
    3.0017894270307903, 
    2.6292849105708638
  ], 
  "mae": 13.467059535660967, 
  "pearsonr": [
    0.55223649897806204, 
    2.5823653697757095e-09
  ], 
  "variance": 12.40133196681974, 
  "warp_psi": [
    [
      8.1719039031155052e-05, 
      0.15295515707575871, 
      0.66943334996058379
    ], 
    [
      2.763139881046718, 
      31.39464798839839, 
      0.030705439790725812
    ], 
    [
      5.6494937291477693e-05, 
      9.8298064474096289, 
      0.13991184087252373
    ]
  ]
}