{
  "noise": 36.72490572932134, 
  "power": [
    0.23129504849829444
  ], 
  "nlpd": -3.8988871826355784, 
  "rmse": 11.494665843130237, 
  "lengthscale": [
    0.90350729641572547
  ], 
  "mae": 8.8937499901982733, 
  "pearsonr": [
    0.81693513501695203, 
    3.6827271713624449e-25
  ], 
  "variance": 692.5206805579795, 
  "log_likelihood": -3695.9748471270586
}