{
  "regularization": 10.0, 
  "rmse": 15.30755394181811, 
  "intercept": 25.817704988729727, 
  "mae": 12.990469428632487, 
  "pearsonr": [
    0.58130279221124714, 
    2.2778286599581783e-10
  ], 
  "coefs": [
    5.1514616244847682, 
    -0.76732995894876477, 
    -2.8282980809589708, 
    7.3429087291483164, 
    11.109504417683125, 
    -7.8807723055024343, 
    2.1794130765662922, 
    -1.0287755445113449, 
    -3.6428481010460696, 
    -5.1520099447213124, 
    0.17358906494280785, 
    -3.8582819085171849, 
    -1.5515557179767114, 
    2.4864459576165792, 
    -2.0231137844884572, 
    -0.98654019666133941, 
    3.0061232554378274, 
    0.0089062892025004135, 
    0.9393612956718953, 
    1.0549184036549895, 
    -3.5411370164415628, 
    -3.6722214997106026, 
    -2.1573847418733361, 
    -0.28923941678878468, 
    0.94950634348570551, 
    -0.82898547405619682, 
    -2.962889416884039, 
    1.382838876985149, 
    4.2720254728492328, 
    -11.52687392023649, 
    -8.7888240624175147, 
    -3.1938122145787675, 
    2.599856684283735, 
    7.3776928380927842, 
    8.797399663981448, 
    -3.5258448475660638, 
    -1.7398092264349005, 
    1.2336955526257409, 
    -5.1741477111544798, 
    -4.3876237305987473, 
    7.6574563921315324, 
    -2.7521854555777461, 
    7.4389818380300863, 
    -1.2276334027559423, 
    1.8625457098485851, 
    -0.97186603365459368, 
    -3.202788273880449, 
    0.014643114618639427, 
    1.5462783845107662, 
    -1.3713120078483583, 
    -7.3098247600791399, 
    -4.6477041618271731, 
    0.42304079805070322, 
    -1.0062326598197977, 
    1.7541211485988526, 
    -0.78030177199198025, 
    -2.2620754516826036, 
    4.9030904664587833, 
    0.22062490278878655, 
    -7.0447189283681055, 
    -2.7995989447109908, 
    4.8602583317900354, 
    0.86328916999342442, 
    -4.7684276954718099, 
    0.35418889869891218, 
    0.83600213293992665, 
    -2.4758746976525186, 
    -2.6859419035819427, 
    4.4941764420530088, 
    -3.9433919627597089, 
    8.7543161538550613, 
    3.678634437182152, 
    -4.946107975575682, 
    -3.7559410041669778, 
    -1.4226226022898485, 
    1.6673028205077416, 
    -7.3214265149567952, 
    -0.53871810092767358, 
    5.0718459638118123, 
    -7.9747597324118029, 
    -7.1147600988275288, 
    5.3069572956662716, 
    3.1847478941687859, 
    2.5518479724910139, 
    -1.0928502220343563, 
    0.9812668703525661, 
    7.1951456215994778, 
    -5.013598120677182, 
    -6.9928805800008877, 
    3.4889439918759204, 
    -2.9595798277709044, 
    -5.0931718110794062, 
    -1.0458418971116685, 
    -0.39737978889180564, 
    -4.763628728460187, 
    -2.9783183649455141, 
    -0.30986628100447833, 
    1.6484762981688819, 
    0.2581376629065168, 
    0.98746670328659314
  ]
}