{
  "warp_d": 0.9874276528065826, 
  "noise": 227.63785347601404, 
  "log_likelihood": -3843.5785142270656, 
  "nlpd": -4.1148848376146692, 
  "rmse": 16.416276201204148, 
  "lengthscale": [
    2.81208303892697
  ], 
  "mae": 12.595459166263536, 
  "pearsonr": [
    0.60350490910652965, 
    3.0154610678690693e-11
  ], 
  "variance": 403.3914136837725, 
  "warp_psi": [
    [
      0.40951964448180161, 
      1039.2322487581462, 
      3.0000363578774216
    ], 
    [
      5.5626846462681369e-309, 
      2.1852630159109385e-90, 
      -163.88422927230411
    ], 
    [
      5.5626846462681369e-309, 
      770.15942679444834, 
      -161.83234921148173
    ]
  ]
}