{
  "noise": 0.34949925547577043, 
  "log_likelihood": -1125.8625553894058, 
  "nlpd": -477.28537797894563, 
  "rmse": 13.502473589526694, 
  "lengthscale": [
    4.5562476077335745, 
    0.34525626589438529, 
    1.02303915184943, 
    0.57343973616050004, 
    1.5402476184980536, 
    25.010137978625952, 
    18.127140647858837, 
    0.90733068148943385, 
    15.094635382559163, 
    0.47509347005202002, 
    24.316892770231345, 
    0.82815858971336487, 
    14.887240371491256, 
    23.567884245327434, 
    5.6362361299174619, 
    12.139906738084619, 
    21.345358705949014, 
    0.58014565220125514, 
    13.790454610591885, 
    18.914514266255214, 
    7.9878675788199285, 
    7.5946320903887212, 
    14.968041565825484, 
    24.04154500126392, 
    17.372410373473841, 
    25.543015421744066, 
    1.0875642500167815, 
    0.76748808740669183, 
    9.7180947912459423, 
    0.353730049294532, 
    0.67502869409799759, 
    0.5786957476980289, 
    17.133613770128431, 
    1.2791410325366557, 
    14.222797517440439, 
    17.661387966794589, 
    1.0242937219820036, 
    10.470915674302518, 
    1.0031142402207371, 
    0.68917501279316384, 
    4.3015541228992777, 
    11.498843011734891, 
    27.042544740929515, 
    13.000344533056538, 
    11.720663558698915, 
    16.298755126365126, 
    19.130305159881306, 
    8.8608232632406043, 
    21.317196321659626, 
    25.253852093185049, 
    16.579613294831418, 
    18.378280873283707, 
    20.395316744578604, 
    0.70116575105708034, 
    16.907867245575162, 
    36.941356351580708, 
    1.0882584045316261, 
    27.025029983443719, 
    23.203264047609157, 
    1.8784796757379465, 
    27.451321326848131, 
    11.274124268229112, 
    10.124694979492867, 
    1.0348089040935649, 
    5.2824348557040617, 
    15.461329741079014, 
    0.98172253857073433, 
    0.60172103066283777, 
    12.649640040123298, 
    7.6932033435896754, 
    8.5090285328770818, 
    0.52438855184211308, 
    9.529596996016835, 
    7.2871081846353549, 
    15.26619099538604, 
    26.074332988644375, 
    17.509338115352755, 
    4.8407691223209284, 
    16.030636532497716, 
    8.3518510815550577, 
    17.557844090415092, 
    12.774597485952498, 
    17.248329348694849, 
    15.956061920521039, 
    8.7571459376179508, 
    9.8300261793073922, 
    25.119256417079843, 
    21.592135061559144, 
    21.945420306259663, 
    1.151802243004135, 
    1.1973292985078514, 
    10.375756543171187, 
    0.6258983270701135, 
    17.141396887805101, 
    14.265642273136757, 
    5.724346925092461, 
    0.69683862518530382, 
    1.4517980286359806, 
    15.644286844389276, 
    2.5788330473658458
  ], 
  "mae": 10.487662966310111, 
  "pearsonr": [
    0.40226197947286996, 
    3.3434572780375517e-05
  ], 
  "variance": 0.5516110932775771
}