{
  "warp_d": 0.1829103751235473, 
  "noise": 10.203752792733873, 
  "log_likelihood": -3925.1434950660155, 
  "nlpd": -4.3807549751172798, 
  "rmse": 19.317230975032992, 
  "mae": 15.329393363809427, 
  "pearsonr": [
    0.33137077450449842, 
    0.00075791061293033039
  ], 
  "variance": [
    1.0053394786794165
  ], 
  "warp_psi": [
    [
      1.5211589479646505e-07, 
      0.122913843250747, 
      7.4381833139845028
    ], 
    [
      5.0471773778549101e-07, 
      0.82969652696790652, 
      2.4000515036166394
    ], 
    [
      1.1041460486517382e-06, 
      0.7191994018449982, 
      -0.69491954907599096
    ]
  ]
}