{
  "noise": [
    105.41922772038811, 
    72.34513671952894, 
    210.68021328220067, 
    321.21047085995104, 
    296.10152378700826, 
    151.8038351133904
  ], 
  "kappa": [
    4.855443410105455e-05, 
    1.6819102842160023, 
    23.9975158064766, 
    41.77469894607417, 
    48.60459306338358, 
    19.436118806139692
  ], 
  "log_likelihood": -21809.682206616602, 
  "joy": {
    "mae": 13.312384781247919, 
    "nlpd": 4.2012096752421133, 
    "pearsonr": [
      0.5258478315112991, 
      1.9304761680002338e-08
    ], 
    "rmse": 15.806480331594681
  }, 
  "W": [
    4.343266097751626, 
    1.976526024629196, 
    3.670727136309743, 
    -4.362749103030528, 
    3.9277701204231334, 
    -1.1173986420155613
  ], 
  "sadness": {
    "mae": 13.334818318226093, 
    "nlpd": 4.2992571358429172, 
    "pearsonr": [
      0.76258096109007678, 
      3.0298934859511608e-20
    ], 
    "rmse": 17.817065667750981
  }, 
  "disgust": {
    "mae": 7.0818408944028839, 
    "nlpd": 3.8820729099456477, 
    "pearsonr": [
      0.4900899117265507, 
      2.2736936522253824e-07
    ], 
    "rmse": 10.980817839512184
  }, 
  "variance": [
    0.71604509138005412, 
    0.00040080831006495868, 
    0.21605005248099515, 
    0.51519745321989785, 
    1.0651129433888236, 
    1.5222924966356009e-07, 
    0.34179168595298848, 
    0.53028634222144344, 
    0.10008668809556188, 
    1.394350913803863, 
    3.1506854396228395e-05, 
    0.25404740019014121, 
    3.2868969951519721e-05, 
    1.3437930767789829e-05, 
    0.87299653325763149, 
    0.45605734184772895, 
    1.4607280479310792e-05, 
    0.00021567778653929968, 
    0.65501668826433468, 
    0.77005197794283609, 
    0.44569908926215462, 
    8.9823668199528827e-05, 
    0.56634888958394924, 
    0.25952029963312906, 
    0.00014208293840753007, 
    0.26318237320110738, 
    0.71855669837463854, 
    0.71406221823683225, 
    0.15658650175693323, 
    1.6005514417522162, 
    1.2777038013134996, 
    0.06436793447584073, 
    0.48813982037458592, 
    0.72241423935687366, 
    0.68445139317045101, 
    0.58129783807732227, 
    0.00063328205898720063, 
    0.60480543819458288, 
    0.27273620150712247, 
    8.6688980742344997e-07, 
    0.98671973670620472, 
    0.11679361586829599, 
    0.39599342374306018, 
    0.00012142820401177972, 
    0.67963507583962879, 
    0.39971511319347086, 
    0.14471737310503527, 
    0.35987514457206093, 
    0.29037936126408315, 
    0.19754982985898756, 
    0.39589440132112408, 
    0.15997872718248735, 
    0.68392282497081247, 
    1.5591918418989972, 
    0.00013417018746620681, 
    0.29435933920533147, 
    0.53381029048093853, 
    3.5675933532818275e-07, 
    0.1908146962461687, 
    0.59523354973199993, 
    3.5451249615092543e-08, 
    0.7239825554855549, 
    0.001532239829091716, 
    8.2725886381049998e-05, 
    0.51363287716238204, 
    8.0210805605263126e-08, 
    2.6011327629825169, 
    0.49416981968011947, 
    0.21493108723124438, 
    3.287741873697343e-05, 
    2.2778757068640614, 
    0.20476640112569147, 
    0.25660813110532965, 
    1.5036661969436023, 
    1.6834660219367827, 
    0.28348360031937825, 
    0.52252727956163159, 
    0.28658200647024373, 
    0.38251041690821608, 
    0.41806132248810557, 
    0.46623485567819195, 
    1.6654474530816228, 
    1.1288454495435118, 
    0.61451900424533024, 
    0.61576799515189162, 
    0.00015543629916242328, 
    0.69128065524500859, 
    0.18217312051264251, 
    0.75178076514530601, 
    0.79385032740209105, 
    0.81248899796227159, 
    0.18229002911822478, 
    0.26286201305742191, 
    0.00026631946161385586, 
    3.3822858984181128, 
    0.25749302655741207, 
    2.0390050261832084, 
    1.615258997395665, 
    0.032806509353024343, 
    0.45407622756844301
  ], 
  "anger": {
    "mae": 9.3045515615055958, 
    "nlpd": 3.9771873169800425, 
    "pearsonr": [
      0.51152693970827323, 
      5.3630742618066868e-08
    ], 
    "rmse": 12.488746856881214
  }, 
  "surprise": {
    "mae": 11.379442748695789, 
    "nlpd": 4.0883769474811524, 
    "pearsonr": [
      0.40138757419764115, 
      3.4904339388384912e-05
    ], 
    "rmse": 14.22405886205423
  }, 
  "fear": {
    "mae": 10.579982568616066, 
    "nlpd": 4.0753173595861965, 
    "pearsonr": [
      0.67870442798195108, 
      8.5243458916140675e-15
    ], 
    "rmse": 14.208727598510917
  }
}