{
  "noise": 0.07009873341381676, 
  "log_likelihood": -1037.4874065258928, 
  "nlpd": -897.17316109297292, 
  "rmse": 15.031833755882003, 
  "lengthscale": [
    2.0246422951523075
  ], 
  "mae": 11.578417542029204, 
  "pearsonr": [
    0.76683842570897631, 
    1.397526646531779e-20
  ], 
  "variance": 0.9775450257940951
}