{
  "noise": 49.96900043967052, 
  "power": [
    0.42304340132169482
  ], 
  "nlpd": -4.1328131017154206, 
  "rmse": 13.985114961172551, 
  "lengthscale": [
    0.70121994593853376, 
    64.443522957984158, 
    0.55959143026586822, 
    74.084671584103802, 
    14.122289491830797, 
    28.485189277500702, 
    11.71748759459725, 
    0.66078622586868407, 
    29.388096288437996, 
    57.157959623412403, 
    15.822105851304224, 
    0.22417517888995958, 
    87.412858974713657, 
    16.006148691182318, 
    0.78376800827552517, 
    17.704686874825015, 
    23.287705300613659, 
    72.646695947479841, 
    17.711191154729672, 
    36.356340318517248, 
    66.774964013543411, 
    18.448717169334536, 
    1.2632082385472412, 
    14.828394134278419, 
    16.115406126423782, 
    13.680530104723479, 
    37.349250306086191, 
    8.5985483936489242, 
    79.677640207313502, 
    33.156755988084811, 
    44.953405332384051, 
    1.8350266514932976, 
    27.563348632491156, 
    0.53630250047720529, 
    79.669404119687457, 
    22.815104191312731, 
    93.667845093891245, 
    34.432461035635242, 
    26.578450641909516, 
    0.31739128103614167, 
    23.475827330118999, 
    50.581504865356209, 
    8.8178225232224641, 
    0.70475771286598343, 
    54.62456063150654, 
    25.82263111034629, 
    21.595030214580813, 
    14.82204266717623, 
    55.828344677751225, 
    14.95950364458705, 
    49.606052751142357, 
    16.727696867330629, 
    27.331843250781663, 
    63.655865661906184, 
    17.104591252234489, 
    17.733302547321472, 
    24.179206469342226, 
    23.673129670232793, 
    0.46070857143143107, 
    0.74071060610057593, 
    18.258215071218288, 
    0.42668554341061099, 
    0.53075687950011741, 
    0.64143439185865447, 
    23.127295396010989, 
    25.397582826602623, 
    0.83894832374481898, 
    0.25179617770697882, 
    33.834796541477331, 
    94.336921010506131, 
    0.52821731622416102, 
    0.25816138195824961, 
    0.2279112786177574, 
    13.667140541037956, 
    22.904941349792448, 
    17.26406262221823, 
    59.080948711320985, 
    0.36505481228317527, 
    31.334416638557336, 
    55.786664412768864, 
    0.64957085636887169, 
    0.68417814913697972, 
    79.506323495991708, 
    10.480228144691193, 
    24.486289290265766, 
    19.883564695812236, 
    10.931528153164534, 
    15.960435278462807, 
    9.7106207179340398, 
    0.23993749784883148, 
    0.87582658592671381, 
    22.296788828902617, 
    0.42200595331422636, 
    45.805061112376727, 
    15.044435901257504, 
    11.176436828579407, 
    0.53986360337818395, 
    0.39802931341568976, 
    14.57237964747061, 
    55.42734302491268
  ], 
  "mae": 10.663276792343229, 
  "pearsonr": [
    0.36228748673574684, 
    0.00021224015446755424
  ], 
  "variance": 213.81237504964722, 
  "log_likelihood": -3509.2673679054847
}