{
  "noise": 92.47249692095392, 
  "log_likelihood": -3554.798517037017, 
  "nlpd": -3.9698380578690098, 
  "rmse": 12.83159402420709, 
  "weight_variance": [
    9248534.3171620741
  ], 
  "bias_variance": 90076540.50886193, 
  "mae": 10.372462190825338, 
  "pearsonr": [
    0.5042591494228329, 
    8.849636725111796e-08
  ], 
  "variance": 233.98913646704796
}