{
  "pearsonr": [
    0.29718811786446253, 
    0.00076360739595830675
  ], 
  "nlpd": 3.9421088767479624, 
  "rmse": 12.337231474595288, 
  "Gaussian_noise.variance": 124.48259779427951, 
  "mlp.variance": 232.29773840292467, 
  "mlp.weight_variance": 61900.38982853205, 
  "mae": 9.6296039172871826, 
  "log_likelihood": -4545.715942207528, 
  "mlp.bias_variance": 593575.5584591869
}