{
  "noise": 91.18995422641329, 
  "log_likelihood": -3561.116804107556, 
  "nlpd": -3.9119044408800274, 
  "rmse": 12.103940309304825, 
  "weight_variance": [
    2382211.2615627223
  ], 
  "bias_variance": 23991709.24133111, 
  "mae": 9.6581195874774668, 
  "pearsonr": [
    0.40712707226640305, 
    2.6259328312701428e-05
  ], 
  "variance": 250.34089268417975
}