{
  "noise": 5.620005145583274, 
  "log_likelihood": -3229.2447820350803, 
  "nlpd": -3.5132875840787152, 
  "rmse": 7.7560669811612746, 
  "lengthscale": [
    1.3983863291701815
  ], 
  "mae": 5.0604420500077483, 
  "pearsonr": [
    0.62569105898171595, 
    3.4000908605008753e-12
  ], 
  "variance": 94.74509308217772
}