{
  "pearsonr": [
    0.64560889279966382, 
    4.3519265258513233e-16
  ], 
  "nlpd": 3.6469223368523953, 
  "rmse": 9.3449082301311392, 
  "Mat32.lengthscale": 1.41857981407091, 
  "Gaussian_noise.variance": 6.625568560736827, 
  "mae": 6.1740423228673063, 
  "Mat32.variance": 138.73582264286216, 
  "log_likelihood": -4219.320588762254
}