{
  "log_likelihood": -4657.485583335173, 
  "nlpd": 4.0560525256628255, 
  "rmse": 13.75745000709705, 
  "rbf.lengthscale": 2.238617830727632, 
  "Gaussian_noise.variance": 122.48089025440687, 
  "mae": 10.260290945894814, 
  "pearsonr": [
    0.75184502263119735, 
    5.3430854090906091e-24
  ], 
  "rbf.variance": 330.42597701095946
}