{
  "noise": 108.05441047844666, 
  "log_likelihood": -3692.942906121188, 
  "nlpd": -4.0288798357058759, 
  "rmse": 13.597821567703301, 
  "lengthscale": [
    2.254220053715088
  ], 
  "mae": 9.0649418249690505, 
  "pearsonr": [
    0.72353111067007791, 
    1.8496837773263138e-17
  ], 
  "variance": 314.6242423544628
}