{
  "warp_d": 1.9727950374855974, 
  "noise": 392.8965339418145, 
  "log_likelihood": -3578.814872690488, 
  "nlpd": -3.7653551327366457, 
  "rmse": 10.007670635001569, 
  "weight_variance": [
    32.342441638579508
  ], 
  "bias_variance": 13477.904100360438, 
  "mae": 8.1244900074391815, 
  "pearsonr": [
    0.37589528512067083, 
    0.00011618743418171581
  ], 
  "variance": 4091.4835781552633, 
  "warp_psi": [
    [
      5.5626846462681369e-309, 
      1.2366669396961619e-122, 
      6033.0424587210991
    ], 
    [
      5.5626846462681369e-309, 
      24.571643663625693, 
      -1744.8120745048677
    ], 
    [
      5.5626846462681369e-309, 
      5.5626846462681369e-309, 
      -250.37971517333884
    ]
  ]
}