{
  "noise": 0.21391846759708616, 
  "log_likelihood": -1109.7449426159446, 
  "nlpd": -492.81568500362152, 
  "rmse": 12.874786060143311, 
  "lengthscale": [
    1.3937011042264409, 
    1.4711218535081818, 
    1.0960312723440484, 
    7.0884754812271078, 
    0.76558472770567632, 
    12.608434015695217, 
    11.569026104242807, 
    0.92883213485368044, 
    8.6139045029172578, 
    7.5929029634194105, 
    13.539153806026643, 
    0.40293914659532198, 
    7.9670604644471155, 
    12.607614367585054, 
    5.3189061301704692, 
    10.493169617224792, 
    10.782323331907907, 
    6.2137802307108023, 
    15.194617630255301, 
    11.1266136135172, 
    4.9769055136243008, 
    9.9911915808674578, 
    8.9011004899620083, 
    11.119729569214257, 
    8.5897784491125115, 
    14.206456714974202, 
    0.81846564567620494, 
    1.4876881015139731, 
    6.7009666449816478, 
    1.2314451775515178, 
    6.2414342877341165, 
    2.0916157399902899, 
    12.191578353519937, 
    1.8349664849831522, 
    9.9683299050001253, 
    10.58319242997317, 
    2.2548201887923782, 
    5.7859436742811452, 
    1.1459697391483508, 
    2.8898538565084997, 
    0.80239290977327049, 
    7.4602216214375163, 
    13.722800956944653, 
    8.6417584842281894, 
    0.35169278081625255, 
    12.155580799604476, 
    10.231733035367897, 
    7.9967398915658823, 
    11.102021291739481, 
    15.423748545282196, 
    10.323267763793742, 
    11.830909015134189, 
    11.488282240059249, 
    10.362692735380399, 
    11.075315129262629, 
    23.373118416518043, 
    1.5500987986545522, 
    15.623220689577639, 
    13.080001301085231, 
    5.719785751544828, 
    15.049806487736914, 
    11.859951197237395, 
    7.3587888998098707, 
    2.518044989392378, 
    2.9992121792580404, 
    7.5363220195778728, 
    1.147822099698216, 
    0.64847942478051535, 
    12.394215420032545, 
    7.4713177361212502, 
    0.96943326829650911, 
    0.57035028262061827, 
    0.38418212702382848, 
    1.9100548416112098, 
    9.518374557309965, 
    12.990169083977747, 
    9.3490973195504274, 
    6.0033588430708225, 
    12.707469201665097, 
    5.7493584416163017, 
    4.3117162117891565, 
    1.0739513528239186, 
    9.3620493258770079, 
    9.3782147285928819, 
    9.4913514607442266, 
    4.0857657791529229, 
    12.644372011666913, 
    13.517914477517166, 
    12.781457418056048, 
    1.0303374810889003, 
    0.8968885021176346, 
    0.60432260094135182, 
    0.63402898738959546, 
    9.3502988056981042, 
    10.273392231874505, 
    1.7125537021792461, 
    0.68490990538778596, 
    0.9916489317544519, 
    10.721356485166394, 
    1.0012845043854204
  ], 
  "mae": 10.07061792853907, 
  "pearsonr": [
    0.40877943129898148, 
    2.4170157129667395e-05
  ], 
  "variance": 0.7579598789611321
}