{
  "warp_d": 0.04048604426539056, 
  "noise": 0.01678731098764043, 
  "power": [
    0.017161034683332323
  ], 
  "nlpd": -4.3518220178500719, 
  "rmse": 18.471487553233267, 
  "lengthscale": [
    0.80686118765924109, 
    0.16825136640492305, 
    0.45496813258234337, 
    0.7490864497023374, 
    0.61296691289886795, 
    0.37326595728558698, 
    0.22543249076516456, 
    1.3587923979721961, 
    0.22871710972457493, 
    0.98501684658151167, 
    3.0279408883269077, 
    0.86825177615405102, 
    1.9730927254649815, 
    3.4649786858620439, 
    1.4781301334127686, 
    2.004136169048488, 
    0.43998154330465999, 
    0.26458226430664195, 
    4.5880248479312984, 
    4.1773608904262511, 
    0.31506704128991669, 
    2.524699946429156, 
    2.7696390384095455, 
    3.3961077592600706, 
    0.20625814708148429, 
    2.4635674978488185, 
    3.3894053914372373, 
    0.69553972337350056, 
    0.86824130514006492, 
    0.32258357111641039, 
    0.50578725019750037, 
    3.2069421067915584, 
    0.65909648616231109, 
    0.98723926253465843, 
    1.3713608833418922, 
    1.5190049338060772, 
    2.9528411234798515, 
    3.8140576493347802, 
    1.5362991352858035, 
    1.021949502705946, 
    0.89647085366162016, 
    0.3769586659082686, 
    0.90242931518226022, 
    1.9682921973164669, 
    3.9059657584032919, 
    4.0697523178316022, 
    4.0181531678590376, 
    4.2976912224567032, 
    1.8095371818512092, 
    2.8096368330806598, 
    0.52064297344934285, 
    1.8120131835530815, 
    0.20453861295124984, 
    4.7134712152823965, 
    1.4419283289172031, 
    1.1847466251661247, 
    1.9753827693795885, 
    0.46351295619105071, 
    1.2676978987414516, 
    0.42899921034432098, 
    2.9924385235479334, 
    0.46075498086600886, 
    2.8524236912670387, 
    1.2495158785375495, 
    4.073582218400146, 
    3.4461181738584776, 
    4.1918204175893754, 
    0.75011459303149219, 
    0.66068040026257413, 
    0.34586898408579048, 
    0.46813311746606234, 
    0.84720295511566091, 
    3.5234734921133897, 
    0.92275075651561267, 
    3.7281480728965626, 
    1.5624564223547368, 
    0.80088265604731967, 
    3.6444654721262615, 
    2.7070669216092824, 
    0.47683258772082349, 
    0.47558638483001631, 
    1.770344152500742, 
    0.92059290464208743, 
    3.2841701172267577, 
    1.4906836491906068, 
    0.57079697655747996, 
    1.4461460752050539, 
    1.1486402545178473, 
    0.26821097241672054, 
    2.5071147587681235, 
    1.3170883581696129, 
    0.39479095896865157, 
    2.2077063664807368, 
    3.0830042641823185, 
    0.29846246190824421, 
    0.77365038571473865, 
    0.46468456829792959, 
    3.9866833075855239, 
    3.550687550447627, 
    2.9277134507713822
  ], 
  "mae": 14.495447513483541, 
  "pearsonr": [
    0.49723060737875474, 
    1.4207637927213671e-07
  ], 
  "variance": 13.290501803095962, 
  "warp_psi": [
    [
      7.2794028560203296e-05, 
      0.12165597095695004, 
      -0.031513825608137522
    ], 
    [
      0.022002090614579761, 
      16.690346260595277, 
      0.99967697256945365
    ], 
    [
      1.2601009798896901e-05, 
      0.079457186268055383, 
      -1.1396529016976342
    ]
  ], 
  "log_likelihood": -3806.3108086858365
}