{
  "warp_d": 3.213248333674568, 
  "noise": 1029.1865362737153, 
  "log_likelihood": -3566.8785890167883, 
  "nlpd": -3.8786545526767084, 
  "rmse": 11.723789036790237, 
  "weight_variance": [
    50.420172366965602
  ], 
  "bias_variance": 6350.240350376309, 
  "mae": 8.7357858613737225, 
  "pearsonr": [
    0.49836563961647812, 
    1.3171398731058844e-07
  ], 
  "variance": 5900.426390404902, 
  "warp_psi": [
    [
      5.5626846462681369e-309, 
      8.3197274680299796e-269, 
      -752.95311374244545
    ], 
    [
      5.5626846462681369e-309, 
      97.294229847232188, 
      468.34845347170841
    ], 
    [
      5.5626846462681369e-309, 
      1.4383545657178931, 
      -356.09728140939427
    ]
  ]
}