{
  "warp_d": 0.059387382621140766, 
  "noise": 0.05833566775082572, 
  "power": [
    0.047873132605213198
  ], 
  "nlpd": -4.1574608389087224, 
  "rmse": 15.492469918956161, 
  "lengthscale": [
    0.50517267664314136, 
    0.58195969383758661, 
    2.667639629446608, 
    0.64695380676630843, 
    0.67708140754177892, 
    0.40890480763398146, 
    0.33363693726394716, 
    0.70445796331755206, 
    0.65363719543740051, 
    0.57225530531724289, 
    2.9717051506203758, 
    0.5831298406597698, 
    2.3172032847623774, 
    2.498698081919537, 
    2.3336908162579491, 
    1.1538895018549906, 
    0.27060360370420311, 
    0.22494905382700203, 
    3.5597378385065452, 
    2.9767843654064339, 
    0.73393623261422614, 
    0.77957590327206594, 
    1.4517332065550244, 
    2.2391031302889788, 
    0.30270476272111774, 
    1.6834609656898101, 
    1.5854902979955012, 
    0.36168517058282951, 
    0.84064846067137833, 
    0.31473305676064689, 
    0.43878269418530674, 
    2.7322634817669726, 
    2.394356176817376, 
    0.45777509421093759, 
    0.82684544914708158, 
    3.0383266273891416, 
    1.7908707196628646, 
    3.2655851338448412, 
    2.031077843754554, 
    2.0320100483389827, 
    0.36783975909006006, 
    0.60441358026343295, 
    0.92087151967731851, 
    2.1215445362107457, 
    3.0055087475520832, 
    3.5115450084679396, 
    1.2306940351254698, 
    3.5740218633614935, 
    0.4060790118568019, 
    2.7389761743358623, 
    0.46442077742124105, 
    0.57174804434732296, 
    1.2043593959124217, 
    3.4687844456663104, 
    2.2475159914828842, 
    2.5976542679131382, 
    1.1450900937915987, 
    0.64424028813306911, 
    3.6455409569938109, 
    0.36323050205076934, 
    2.7779806047950846, 
    0.30550172493617433, 
    2.5510664545329007, 
    3.3535492003593577, 
    3.3884092226392051, 
    2.6165701051531718, 
    2.9711650830658196, 
    1.3187538681933628, 
    0.90638281352808914, 
    0.31518688562751274, 
    0.5906467152360706, 
    1.7667136070426639, 
    2.918959265889395, 
    1.1197513956063236, 
    3.5070658007436619, 
    2.4441915179504656, 
    0.3285074869441994, 
    1.8359445607696809, 
    2.0566273000343926, 
    0.63014143921526189, 
    0.61479328682264167, 
    0.94050687263979627, 
    1.4521877313528042, 
    2.3207189993213837, 
    1.7129424100689454, 
    2.9922198764937651, 
    0.98970186174254715, 
    0.70697108127358721, 
    0.32215936013442625, 
    1.6631093069460867, 
    0.86506323910644667, 
    0.55742007009379757, 
    2.6374126429189033, 
    3.1600465788209737, 
    0.36095441394197758, 
    2.0486054916832557, 
    0.26852593700678595, 
    3.3459269383829491, 
    0.48434924150358888, 
    0.73677525796088705
  ], 
  "mae": 12.112077884803334, 
  "pearsonr": [
    0.6595573202205075, 
    8.5167026184480219e-14
  ], 
  "variance": 12.682677535278458, 
  "warp_psi": [
    [
      7.7840955151751813e-06, 
      1.7494287731803162, 
      0.55053896827955706
    ], 
    [
      5.6220034617721665e-06, 
      0.97714647848868275, 
      -0.10219536640596699
    ], 
    [
      3.2439505010108269e-06, 
      0.013117646497019356, 
      -0.8700466329499299
    ]
  ], 
  "log_likelihood": -3826.888654043889
}