{
  "noise": 89.391337429335, 
  "log_likelihood": -3515.761330368574, 
  "nlpd": -3.9632639165036143, 
  "rmse": 12.712603352740498, 
  "lengthscale": [
    5.1075156186151167, 
    34.241715675766798, 
    2.4265917352488424, 
    24.605149177227762, 
    1.2536601087037524, 
    33.101566970474458, 
    18.583539003984196, 
    4.5431255981874514, 
    26.316975947751104, 
    43.172676467686323, 
    26.409436482176709, 
    0.8820584854911262, 
    33.491944938882256, 
    22.122438933729047, 
    13.006203460156065, 
    28.821895167453427, 
    32.231275953787517, 
    36.776641991973584, 
    9.4505386016706918, 
    41.195223309632638, 
    13.865341713651942, 
    24.24311154933779, 
    12.107593314061042, 
    33.592372203273811, 
    26.967710103426029, 
    24.823898130021174, 
    1.4661312115802625, 
    19.463293575075806, 
    12.724455977980945, 
    2.7193715725922534, 
    34.087970063809017, 
    14.466175522795528, 
    23.028616458856035, 
    3.4486063943914207, 
    64.577768913865754, 
    25.899090988892418, 
    29.280098447406235, 
    44.117260405738833, 
    9.9512042051273806, 
    1.2321113709923246, 
    5.7440390794261891, 
    60.629444421587905, 
    26.444497393012625, 
    33.417784954672996, 
    1.3472307335057436, 
    26.574476130639535, 
    32.304979621943851, 
    19.111139380516491, 
    27.57982658972475, 
    26.508149795940351, 
    29.156329969905446, 
    25.578187327917913, 
    14.530677619625349, 
    35.51508510695011, 
    25.128521874133515, 
    38.781941697695203, 
    4.1555097076739029, 
    27.229227098147351, 
    22.932256337483405, 
    48.442857470670056, 
    26.974049179810812, 
    23.616846927515038, 
    3.1774929499951932, 
    57.469158032261419, 
    30.216201156032053, 
    21.030860980312156, 
    2.8226860159824763, 
    0.93921806777479622, 
    39.613587155676498, 
    21.093216105612306, 
    2.6949021071023971, 
    42.481780779152231, 
    0.70131771550974409, 
    10.605770162848708, 
    23.741003386441719, 
    11.32219887874426, 
    52.441095448508662, 
    5.0785275411822166, 
    29.447572297582965, 
    2.4395832028326119, 
    25.399748370526193, 
    3.1520428793299895, 
    1.4451382416260625, 
    19.704150539283869, 
    22.060723763188566, 
    9.8758442092947352, 
    18.583582116829657, 
    28.357542823164696, 
    35.761894824359814, 
    15.066878709061962, 
    2.7265188185845233, 
    2.0376528654484884, 
    1.2987837093028101, 
    5.9180429577941451, 
    13.823282360251097, 
    15.023480885166784, 
    1.3516684383204414, 
    2.1736718015407979, 
    25.951476324336152, 
    1.5083461431658118
  ], 
  "mae": 9.5545027609440201, 
  "pearsonr": [
    0.46695746808615751, 
    9.7125429579941067e-07
  ], 
  "variance": 232.9050091887191
}