{
  "noise": 0.41843905520218544, 
  "log_likelihood": -1173.3530218157803, 
  "nlpd": -419.39433848315736, 
  "rmse": 12.301329699063917, 
  "lengthscale": [
    1.4575563066407162
  ], 
  "mae": 10.007431476888776, 
  "pearsonr": [
    0.60105496054465912, 
    3.7982125647899949e-11
  ], 
  "variance": 0.5256278387162708
}