{
  "regularization": 100.0, 
  "rmse": 6.9664875605769723, 
  "epsilon": 1.0, 
  "mae": 4.9409672533569626, 
  "pearsonr": [
    0.36057929760954766, 
    0.0002284875083347084
  ], 
  "gamma": 0.10000000000000001
}