{
  "noise": 0.5108023953410281, 
  "log_likelihood": -1043.4890827423344, 
  "nlpd": -563.64101891698476, 
  "rmse": 14.483151330211053, 
  "mae": 10.010885369137027, 
  "pearsonr": [
    0.7299826662990927, 
    6.9249112352298179e-18
  ], 
  "variance": [
    0.043652145492481649
  ]
}