{
  "noise": 0.07119496812233103, 
  "log_likelihood": -1123.282826881871, 
  "nlpd": -656.07784605621566, 
  "rmse": 18.714817789794871, 
  "lengthscale": [
    1.6590266286479434
  ], 
  "mae": 14.026693687271539, 
  "pearsonr": [
    0.57100674085305991, 
    5.531109288481579e-10
  ], 
  "variance": 1.0429047559956786
}