{
  "log_likelihood": -4653.268388500595, 
  "nlpd": 4.0289406145639388, 
  "rmse": 13.106630409085179, 
  "Mat52.variance": 361.6123330800229, 
  "Mat52.lengthscale": 2.234159299180288, 
  "Gaussian_noise.variance": 77.37958454134053, 
  "mae": 9.6000975070784929, 
  "pearsonr": [
    0.77444790269860042, 
    3.212893286014634e-26
  ]
}