{
  "noise": 73.81771699132314, 
  "log_likelihood": -3680.8947002344457, 
  "nlpd": -4.0992654583921784, 
  "rmse": 14.933881685893848, 
  "lengthscale": [
    2.2405259063376195
  ], 
  "mae": 11.10033452817431, 
  "pearsonr": [
    0.74811677600035442, 
    3.7377548253484225e-19
  ], 
  "variance": 308.6069951468119
}