{
  "noise": 27.741197738404253, 
  "power": [
    1.1090452929340817
  ], 
  "nlpd": -4.4597879206934499, 
  "rmse": 19.742513481906773, 
  "lengthscale": [
    0.8194850779094438, 
    0.37578479824787764, 
    54.702430225355968, 
    34.141441992194387, 
    1.1157627254143505, 
    0.57918638190827676, 
    44.877253766679431, 
    25.670995221473568, 
    0.9839696543823413, 
    1.8794730979758247, 
    52.668634374036856, 
    14.722709337045478, 
    57.957793097827384, 
    66.441354896645336, 
    0.30591958115049661, 
    24.715863694646202, 
    1.3458375951113877, 
    47.13112730435514, 
    72.351802947214665, 
    35.835786298830222, 
    0.64014771427834893, 
    0.46790632530616294, 
    17.424900502532232, 
    36.46724933946885, 
    27.299978415694849, 
    31.622874682275384, 
    43.147960755161471, 
    84.117337797688165, 
    36.328434134234904, 
    0.42684421552962815, 
    1.2463299255389049, 
    20.743883928701038, 
    67.180006193696599, 
    0.57822470284726046, 
    0.40185276380260593, 
    64.046251677808783, 
    0.59996296910236036, 
    48.872323701644561, 
    81.051086663406721, 
    66.493816749163429, 
    17.81411252317514, 
    7.3533969358358053, 
    20.345129548243943, 
    32.821461682030581, 
    37.321327610975779, 
    49.480111222036207, 
    27.53950372065573, 
    42.912560734658349, 
    14.389339335742859, 
    20.568007840346223, 
    0.43666770565580859, 
    0.65664161464880577, 
    53.157363832735953, 
    22.318590906060507, 
    50.260224686052069, 
    23.24478370499617, 
    64.279228320397905, 
    1.3232155783466246, 
    24.430477523875609, 
    0.52121403891205231, 
    60.490171757702356, 
    45.23988965586306, 
    31.775193372518583, 
    42.194635303610362, 
    72.267903418338264, 
    59.359598981419282, 
    52.416724598652031, 
    68.492633887947008, 
    9.8171877834012271, 
    0.54856621674862915, 
    0.47537519301164455, 
    0.54521925524405468, 
    1.3958768501081602, 
    31.893797876963287, 
    64.589288758371467, 
    35.463393244433639, 
    1.2389338455883665, 
    33.739453919229376, 
    32.036233440474263, 
    0.43309462520628855, 
    0.7067592759145459, 
    0.77671746029010058, 
    1.0919319710793747, 
    45.386430657844357, 
    42.283905461212804, 
    27.949340216965307, 
    0.89860435149261308, 
    21.081537411753629, 
    0.63185395174936221, 
    27.651930123059913, 
    7.9052049896033481, 
    22.732977891742109, 
    29.800929123658904, 
    32.34301946758417, 
    0.42986825724100453, 
    54.876810411303317, 
    55.813170454706132, 
    29.760660422457221, 
    43.040139532226036, 
    53.426663937920914
  ], 
  "mae": 14.830179582997872, 
  "pearsonr": [
    0.50008876349686837, 
    1.1734712181887951e-07
  ], 
  "variance": 350.24391700769746, 
  "log_likelihood": -3825.0735286142635
}