{
  "noise": 20.620864817508153, 
  "log_likelihood": -3336.82432527575, 
  "nlpd": -3.9854138007788169, 
  "rmse": 12.228087775048982, 
  "weight_variance": [
    6.7419914402791809e-09, 
    6.4248548087773587e-09, 
    8.3527827887417949, 
    2.9951739214528885e-06, 
    5.2478588417776644, 
    3.6439548398486037e-08, 
    81.244379144197254, 
    9.7020079185472396e-09, 
    2.0643717004468981e-09, 
    55.996428840879915, 
    1.6497869256375047e-08, 
    8.6685348556491369e-09, 
    1.1367922207437826e-08, 
    9.4917601840127109e-10, 
    37.798868746671403, 
    1.5283332726743325e-08, 
    9.3980104908013757, 
    1.2842425405968924e-08, 
    56.028176120079195, 
    8.7406333465209372, 
    37.325306465440121, 
    5.984058735999777e-12, 
    4.2301195653774772e-10, 
    113.46513525428853, 
    2.429777846570107, 
    7.5817559606498893e-13, 
    2.1449382877376415, 
    88.083930663341548, 
    3.1607578001261834e-09, 
    190.22819175615297, 
    4.2223922817067265, 
    4.4910094703346911e-10, 
    3.3518015695038335e-08, 
    4.8701931084154864e-14, 
    2.7678802089960667e-09, 
    1.5454451955268568e-07, 
    5.0194719055049474e-09, 
    1.4897625790226006e-10, 
    4.7975094153830666e-11, 
    2.332028763911623e-10, 
    4.3640217590358317, 
    7.3111633955674322e-13, 
    9.9725856636475806e-09, 
    1.3466623812847749e-08, 
    1.6619558319776637e-08, 
    5.8880830130442732, 
    3.4105708626080623e-09, 
    3.850807375008708e-09, 
    13.420886937077935, 
    1.0648606357334851e-07, 
    2.3212460847245192e-22, 
    15.678491972770058, 
    10.529036309902821, 
    1.1232487048903807e-07, 
    3.4385058948704651e-09, 
    3.2635571581360053e-11, 
    2.8174491306591654e-07, 
    1.1868848749891835e-08, 
    1.4413051689254976e-11, 
    6.6034889207087669e-09, 
    482.40152645504975, 
    2.7965433800139403e-10, 
    8.3147906165331813e-09, 
    8.2204192839685621, 
    3.2150881330626404e-09, 
    1.7401529472518551e-06, 
    30.629284968708436, 
    3.8559169848365405e-12, 
    1.1571125475808091e-09, 
    169.5149949404765, 
    6.5055250355355977e-09, 
    3.4006277529781106e-07, 
    5.8342795306334458e-10, 
    39.776716029393455, 
    7.5596777859497352e-08, 
    1.6757137680252469e-09, 
    108.73246021669254, 
    5.4439732099547935e-10, 
    5.0435298831069488, 
    164.70603877116741, 
    4.7351371045333783, 
    28.35415724733808, 
    2.5380644809358692e-09, 
    8.2126684396073278e-08, 
    1.6324962170979504e-07, 
    247.37420551230915, 
    3.7945320725380205e-09, 
    7.5847217747504859e-09, 
    9.5728815982784669e-11, 
    2.5322990277162418, 
    138.69076530701847, 
    4.6955390162837989e-10, 
    9.8556184640410009, 
    2.0935582675414768e-09, 
    14.02719021037162, 
    18.811308143964482, 
    1.3851866329915931e-08, 
    480.9130604732652, 
    8.6774849667279714e-09, 
    229.7669535266466
  ], 
  "bias_variance": 1.582011187594901, 
  "mae": 7.5030607153598803, 
  "pearsonr": [
    0.58371354634163009, 
    1.8422871769776668e-10
  ], 
  "variance": 313.80684886853624
}