{
  "RatQuad.variance": 167.9564914975286, 
  "log_likelihood": -4193.353535563942, 
  "nlpd": 3.8008312292246225, 
  "rmse": 10.777884318354662, 
  "Gaussian_noise.variance": 7.930784765492138, 
  "RatQuad.lengthscale": 0.6634519261901816, 
  "mae": 6.8279543507149825, 
  "pearsonr": [
    0.55370971399454783, 
    2.1183936433304216e-11
  ], 
  "RatQuad.power": 0.45442660023550824
}