{
  "noise": 0.6229195076409577, 
  "log_likelihood": -1126.640970783426, 
  "nlpd": -210.98102027689939, 
  "rmse": 10.573703681222675, 
  "mae": 7.6146506681297419, 
  "pearsonr": [
    0.65400018864286247, 
    1.6105292467377156e-13
  ], 
  "variance": [
    0.043981483880649791
  ]
}