{
  "noise": 105.66396715113835, 
  "log_likelihood": -3512.41159536894, 
  "nlpd": -4.1066945248222648, 
  "rmse": 13.919721557570123, 
  "lengthscale": [
    2.1608683585786137, 
    65.265139008401988, 
    4.0474037702899821, 
    61.888964431282929, 
    1.3528553132021148, 
    31.090571101793888, 
    37.150165012308847, 
    7.0761634794696189, 
    44.062778864335797, 
    82.291553250408867, 
    35.790213891981274, 
    34.659765646577824, 
    38.790090477232759, 
    31.911729296317393, 
    2.9180166771801823, 
    29.52009461969136, 
    25.705760824016636, 
    35.598423711745575, 
    32.56486775704608, 
    45.765533251556668, 
    1.9998203183360841, 
    6.8068725481208849, 
    3.909713123238248, 
    39.278639916600866, 
    34.851200498416276, 
    32.819851445922964, 
    12.344711396541792, 
    29.756762678113727, 
    74.829475271878536, 
    78.841520095749658, 
    37.24809604660593, 
    42.653225962872362, 
    31.774105068988522, 
    1.8422160347456651, 
    1.5405320814841452, 
    36.422659585096405, 
    3.456939587089324, 
    42.000976551383808, 
    2.4058449061235962, 
    43.596621564253503, 
    5.7904699525905201, 
    40.048034761108305, 
    33.307956711931567, 
    29.518850950964605, 
    22.435899440196025, 
    35.069327015315707, 
    39.490495360353428, 
    29.715349833822405, 
    39.158325836380016, 
    35.288921447230621, 
    49.112449705571272, 
    30.938527853475513, 
    4.1775089788160082, 
    46.145884956189811, 
    31.208274736654769, 
    59.563957518774281, 
    42.71025765978748, 
    49.27967254156227, 
    2.7181249764742925, 
    22.535562886777296, 
    34.528240156180324, 
    36.868260755739719, 
    4.574012574242313, 
    76.900985789949416, 
    69.262559915747872, 
    18.583659549072621, 
    5.5777123391888779, 
    1.051705672876913, 
    38.224971701219062, 
    26.010483947704429, 
    5.6225234310635059, 
    72.494117590379147, 
    0.87889510462128206, 
    6.8508210976999528, 
    29.893332609643238, 
    17.468463461047694, 
    37.606000705344165, 
    4.4768497074657985, 
    34.595545166895235, 
    57.240967629656794, 
    11.339526522801172, 
    5.1569131219639646, 
    27.531246490519973, 
    15.409517020533556, 
    30.324889863470773, 
    8.440524966647283, 
    35.263999216451133, 
    35.949790137535643, 
    31.95588941824137, 
    35.507613520626748, 
    4.1243490603350583, 
    48.408030110234293, 
    43.001737756738862, 
    2.7890483544391302, 
    24.921179095880806, 
    74.631632147253541, 
    27.342751872933473, 
    2.1630815578498193, 
    30.853253768767647, 
    34.3103377037366
  ], 
  "mae": 10.356268044204093, 
  "pearsonr": [
    0.59028120338205592, 
    1.0242626422718101e-10
  ], 
  "variance": 283.2090579157924
}