{
  "noise": 0.16611514657656348, 
  "power": [
    0.36792818967322777
  ], 
  "nlpd": -259.44899633616001, 
  "rmse": 11.20500641682411, 
  "lengthscale": [
    0.88413833926523044
  ], 
  "mae": 7.8409562404565962, 
  "pearsonr": [
    0.63252435962620479, 
    1.6756213899415067e-12
  ], 
  "variance": 1.1273353887227875, 
  "log_likelihood": -1063.4087957270876
}