{
  "noise": 7.241476886222026, 
  "log_likelihood": -3162.7342624596786, 
  "nlpd": -3.3146729496154608, 
  "rmse": 6.109712736126216, 
  "lengthscale": [
    11.534116101201725, 
    3.9482568302537575, 
    8.1762190152678844, 
    0.93476116883785876, 
    13.455962958701516, 
    1.9616604684765515, 
    0.58069867633185535, 
    11.077028600813286, 
    11.467089558683366, 
    1.063238189247254, 
    4.0204357757659137, 
    12.21399398597257, 
    8.7800222473441085, 
    9.0652830763949588, 
    12.567970225288686, 
    0.39188555374081169, 
    8.2527846052028018, 
    9.8151740147715945, 
    6.7151907518128926, 
    10.125892236981116, 
    5.1366464020312943, 
    10.965301257471303, 
    10.752922235312287, 
    9.6159293817951177, 
    19.071622947850155, 
    12.157790088019588, 
    3.8747491334832915, 
    0.63472614767844404, 
    11.891119095539741, 
    0.60818164551438803, 
    0.72748873668699643, 
    10.482144307483976, 
    6.1541588388846193, 
    7.5140994532399548, 
    11.675347066125649, 
    7.1932929520819551, 
    12.571126578731208, 
    2.5270696874937819, 
    9.1992242574923626, 
    13.998214469344981, 
    10.698596859529694, 
    12.935518223515848, 
    12.54345854131722, 
    7.4399777972397283, 
    10.838475747691772, 
    1.9900387531622263, 
    10.886738120606392, 
    0.99850777814564129, 
    9.7094823548432068, 
    2.1080447525451187, 
    9.5029106330322115, 
    9.5176415300724031, 
    1.0884155228615009, 
    2.7209642490270469, 
    0.94900744740421772, 
    11.513453194201977, 
    12.229853540124138, 
    8.5242581147517598, 
    2.370482339667594, 
    11.205846436172585, 
    19.859230093791613, 
    13.245452225491833, 
    13.164593232256031, 
    2.2338554606685372, 
    12.864042557493535, 
    1.8108631133696798, 
    2.4352984782563389, 
    17.120102889030292, 
    9.3072424551709858, 
    1.8467087515653424, 
    12.840396106312983, 
    0.64861488523211752, 
    1.8943388436527304, 
    1.7604111464988781, 
    8.8863008536019308, 
    10.452404736098524, 
    0.31066138745128247, 
    1.1978665531399584, 
    10.622889223097173, 
    2.106099225189753, 
    2.2212458207933974, 
    2.2122112978017419, 
    10.395263317033411, 
    9.7199157389301103, 
    11.126513100077156, 
    1.4864223671535797, 
    7.4086521232918958, 
    0.92424274491361835, 
    12.85447798478083, 
    12.966763052304094, 
    11.022531197557502, 
    10.293130014043346, 
    19.579512950018248, 
    12.490095553929638, 
    0.85485639585306838, 
    10.452514434452558, 
    0.58536356750064955, 
    4.07579423646298, 
    10.786841989016573, 
    10.938862113249447
  ], 
  "mae": 4.4286809473526176, 
  "pearsonr": [
    0.51568658526437283, 
    4.0051892623248311e-08
  ], 
  "variance": 107.52817792580737
}