{
  "regularization": 100.0, 
  "rmse": 10.389732543881415, 
  "epsilon": 1.0, 
  "mae": 6.9172068005891845, 
  "pearsonr": [
    0.53158066291196115, 
    1.7875578898485319e-10
  ], 
  "gamma": 0.10000000000000001
}