{
  "regularization": 10.0, 
  "rmse": 15.078224396526782, 
  "intercept": 7.5538360725394611, 
  "mae": 11.264740260823418, 
  "pearsonr": [
    0.68425973866980694, 
    1.4124479952380122e-18
  ], 
  "coefs": [
    -1.6407314758369989, 
    0.23062921057125471, 
    -1.448353016506813, 
    -6.13644830420467, 
    -0.07531285626744888, 
    0.48507005544980963, 
    -2.8340784490112259, 
    -5.1549718422588855, 
    1.0719999846927695, 
    11.409124493579204, 
    1.7937971589818988, 
    0.36337821875290638, 
    3.5544154270954582, 
    0.8509120597158415, 
    -1.7337717231777008, 
    1.9056533397790019, 
    -4.7928988112191293, 
    -1.3051603454066152, 
    -3.5765811281192783, 
    -0.69230399904389628, 
    2.7990359292550933, 
    0.27355701241972508, 
    5.9149908549917125, 
    -2.7635245999140285, 
    -3.2430231989410645, 
    5.343832188122275, 
    2.7268627155462566, 
    5.1912400491650867, 
    1.3180125773138269, 
    6.7328020294453976, 
    1.8880315181939853, 
    -0.91043980836311666, 
    2.7135794198404408, 
    -0.23349643266399764, 
    -5.2944113434989211, 
    -7.0007125773516536, 
    0.32124991602094105, 
    -9.4458129948751015, 
    3.1452598461721388, 
    4.5327618788939104, 
    -0.73068276083393624, 
    2.1263164939228734, 
    -3.4370345786814731, 
    -2.5455739110560103, 
    7.5363911713734426, 
    -1.1451827716454643, 
    6.5781298008283446, 
    0.58778139650934758, 
    -0.020343362117953623, 
    0.86427395458180833, 
    -1.230080359059158, 
    5.0907414266452093, 
    -2.2395115419218463, 
    4.0663525112400238, 
    -1.3937097838595289, 
    -0.64117291528523368, 
    4.3539957199451358, 
    -3.08627579189401, 
    -1.0862168340461422, 
    3.1941457442404788, 
    3.8521859933914211, 
    6.1266805770211512, 
    -0.57604313372209681, 
    -3.1618415213385478, 
    0.88308916418903616, 
    5.3592800143092987, 
    -6.8133668640520657, 
    1.4257423414491488, 
    1.6191369748638724, 
    3.7911284161067975, 
    -4.6219677260880561, 
    -2.446880165335422, 
    -0.65239897256362833, 
    4.7655164159536918, 
    3.8796862309494538, 
    -1.7739882696528029, 
    5.2941970729945789, 
    -0.95949677533674826, 
    -1.3022907318374171, 
    1.4179457265166633, 
    3.3685012034105704, 
    -6.8354198104611319, 
    -7.1770153636680583, 
    0.50588472821623309, 
    1.9359827687380367, 
    1.4162682148297392, 
    2.0449379380499066, 
    2.0247505603104661, 
    -0.95692848800263863, 
    1.8161460474435138, 
    -0.18202712878573113, 
    2.1681342209005248, 
    1.8233949069458446, 
    -2.1331335595839858, 
    -4.1253842481197918, 
    2.2146012897349827, 
    4.2454018319170785, 
    -0.20771060505666744, 
    2.6133962871282685, 
    -4.1355773348839824
  ]
}