{
  "warp_d": 0.525083223051158, 
  "noise": 20.27861640155744, 
  "log_likelihood": -3687.310229073497, 
  "nlpd": -3.9321105520694526, 
  "rmse": 12.128044304014718, 
  "lengthscale": [
    2.8633800275009387
  ], 
  "mae": 8.895546061261058, 
  "pearsonr": [
    0.77319705441577125, 
    4.2651356607207166e-21
  ], 
  "variance": 114.2190563447202, 
  "warp_psi": [
    [
      7.5571962036891855e-100, 
      11.820886722008973, 
      1.5700130975661706
    ], 
    [
      2.1115447606964023e-94, 
      2.7415117905862505e-10, 
      -2.6441296639116501
    ], 
    [
      0.084285613542681811, 
      111.11746774419082, 
      1.9988735862271223
    ]
  ]
}