{
  "noise": 20.2222237601935, 
  "log_likelihood": -3357.037213983691, 
  "nlpd": -3.6910240190127257, 
  "rmse": 9.7898544397960752, 
  "weight_variance": [
    5.5626846462681369e-309, 
    5.5626846462681369e-309, 
    2349.3450401067257, 
    5.5626846462681369e-309, 
    1659.3637143108353, 
    5.5626846462681369e-309, 
    31468.695556390194, 
    28666.978988705254, 
    5.5626846462681369e-309, 
    13080.786156247164, 
    5.5626846462681369e-309, 
    435.53408530139109, 
    5.5626846462681369e-309, 
    5.5626846462681369e-309, 
    35852.135269830535, 
    30300.489983246072, 
    245.02882276408963, 
    7.9103206714672042e-281, 
    2528.1162450976308, 
    330.21917868274795, 
    14509.726670047168, 
    10721.060952145894, 
    5.5626846462681369e-309, 
    14053.342039429755, 
    1146.3915342297053, 
    5.5626846462681369e-309, 
    3744.9571048220287, 
    949.1869791096442, 
    5.5626846462681369e-309, 
    5.5626846462681369e-309, 
    13474.534644910429, 
    5.5626846462681369e-309, 
    5.5626846462681369e-309, 
    5.5626846462681369e-309, 
    5.5626846462681369e-309, 
    5.5626846462681369e-309, 
    5.5626846462681369e-309, 
    14674.536794846514, 
    5.5626846462681369e-309, 
    5.5626846462681369e-309, 
    3628.5909441138519, 
    5.5626846462681369e-309, 
    5.5626846462681369e-309, 
    5.5626846462681369e-309, 
    5.5626846462681369e-309, 
    1824.959079080827, 
    5.5626846462681369e-309, 
    5.5626846462681369e-309, 
    5.5626846462681369e-309, 
    5.5626846462681369e-309, 
    5.5626846462681369e-309, 
    5.5626846462681369e-309, 
    8768.2621850808973, 
    1087.1354761283174, 
    5.5626846462681369e-309, 
    5.5626846462681369e-309, 
    5.5626846462681369e-309, 
    5.5626846462681369e-309, 
    5.5626846462681369e-309, 
    5.5626846462681369e-309, 
    51036.172316053358, 
    5.5626846462681369e-309, 
    5.5626846462681369e-309, 
    36660.426554090001, 
    5.5626846462681369e-309, 
    5.5626846462681369e-309, 
    986.78440505020353, 
    5.5626846462681369e-309, 
    989.25912153653348, 
    13688.524429663285, 
    5.5626846462681369e-309, 
    5.5626846462681369e-309, 
    5.5626846462681369e-309, 
    692.40917559361662, 
    1810.723805494099, 
    5.5626846462681369e-309, 
    44192.715706687304, 
    5.5626846462681369e-309, 
    5.5626846462681369e-309, 
    1576.0068401072574, 
    5.5626846462681369e-309, 
    5.5626846462681369e-309, 
    4609.4692787628128, 
    5.5626846462681369e-309, 
    5.5626846462681369e-309, 
    666.97477500317018, 
    5.5626846462681369e-309, 
    5.5626846462681369e-309, 
    5.5626846462681369e-309, 
    764.47054518755283, 
    5.5626846462681369e-309, 
    5.5626846462681369e-309, 
    5.5626846462681369e-309, 
    5.5626846462681369e-309, 
    4068.2316872699394, 
    5.5626846462681369e-309, 
    5.5626846462681369e-309, 
    135995.22649862521, 
    2026.2103029025625, 
    5.5626846462681369e-309
  ], 
  "bias_variance": 5.562684646268137e-309, 
  "mae": 6.6263166647160539, 
  "pearsonr": [
    0.72427782820283493, 
    1.6532149786300085e-17
  ], 
  "variance": 260.1838066808353
}