{
  "noise": 59.73298220473521, 
  "log_likelihood": -3618.222894367246, 
  "nlpd": -4.349330071065908, 
  "rmse": 16.300629086832409, 
  "lengthscale": [
    1.4077404713509722, 
    1.1499887189832261, 
    5.4159835522840769, 
    4.2621764363898231, 
    12.393744821738748, 
    1.0456248432055522, 
    11.49609362623921, 
    3.3067166399137355, 
    1.1875584920390072, 
    0.68544907716024528, 
    12.832151515003194, 
    10.951556528436555, 
    12.903073034203345, 
    15.337678979171701, 
    13.401112572802091, 
    14.498792702563632, 
    1.7369760897744375, 
    13.398563779609521, 
    12.281375198654821, 
    13.893685236566215, 
    8.5301145123701438, 
    10.514935708244572, 
    8.8062837286309747, 
    7.022340691906888, 
    6.3044216653307936, 
    2.2056985842174894, 
    17.341661057823018, 
    1.9461537226710997, 
    6.4625087653910995, 
    1.6236422806064887, 
    1.4219225195749272, 
    1.5758979404162361, 
    13.358083320078933, 
    15.400733945988016, 
    14.370425590236904, 
    1.3266683111378781, 
    8.1988081592612314, 
    2.3863039583602896, 
    2.5212319505388878, 
    5.2381282246389773, 
    0.87686342212737378, 
    11.443088602527837, 
    10.09496961665069, 
    14.090647890630827, 
    0.99693779477362487, 
    18.401852914070318, 
    1.1569155629280936, 
    32.129649548625963, 
    13.283992189695974, 
    23.888157199890983, 
    10.845611030889197, 
    4.53980431198333, 
    23.490167553753601, 
    12.712708386153455, 
    1.1776330218244488, 
    16.93209605266907, 
    2.1602612906727772, 
    13.007534048432039, 
    10.39450522335037, 
    9.0894374235518001, 
    14.391155763624695, 
    2.2154029175540964, 
    13.296197131818698, 
    14.845986542232126, 
    13.192084230208426, 
    0.71377918825854769, 
    2.1803021942473539, 
    14.107130637410492, 
    1.7611722892553821, 
    1.4211361621535061, 
    2.9641489703760899, 
    0.76384354617318295, 
    9.4051568268802939, 
    5.0097831340334968, 
    2.1813497984752361, 
    13.017569085382622, 
    2.8943999312103972, 
    9.0938737635034652, 
    8.6997700609509874, 
    5.4025384103936265, 
    0.61220762498934167, 
    1.0990510238417333, 
    1.1170578854696895, 
    12.976393329901304, 
    6.2303764405684667, 
    6.3456405579710751, 
    1.6590200875974639, 
    15.047708614746359, 
    25.665161968919161, 
    15.517592171035828, 
    10.362833612519612, 
    0.85150542656576977, 
    5.2419932415878403, 
    11.500869846434432, 
    1.5382242131595165, 
    16.011032404933946, 
    13.735732977088567, 
    1.8030320564870268, 
    13.289459778993731, 
    0.95182377326372969
  ], 
  "mae": 12.374598496215697, 
  "pearsonr": [
    0.67901258354193339, 
    8.2027248702911346e-15
  ], 
  "variance": 244.31101399183885
}