{
  "warp_d": 0.13001777872913123, 
  "noise": 2.793562312053176, 
  "log_likelihood": -3868.3228585040233, 
  "nlpd": -4.2688404788467498, 
  "rmse": 16.920358294989622, 
  "lengthscale": [
    2.8911276904079743
  ], 
  "mae": 12.292696525988461, 
  "pearsonr": [
    0.64247564191245521, 
    5.7917466728585489e-13
  ], 
  "variance": 13.663484496388271, 
  "warp_psi": [
    [
      7.1717296472972499e-08, 
      0.53184714860496762, 
      -0.48379171508254204
    ], 
    [
      5.5946509836243314e-07, 
      1.0754040915583791, 
      3.2713472093111542
    ], 
    [
      1.6260122878855603e-11, 
      5.0862406671606077, 
      1.5445186654963361
    ]
  ]
}