{
  "noise": 0.0671602231441287, 
  "log_likelihood": -1118.2496710080363, 
  "nlpd": -688.15570824665144, 
  "rmse": 18.941970825720539, 
  "lengthscale": [
    1.8357539919416226
  ], 
  "mae": 14.942418181282076, 
  "pearsonr": [
    0.56179184042990404, 
    1.1927703401802562e-09
  ], 
  "variance": 1.0853048028219563
}