{
  "mixed_noise.Gaussian_noise_3.variance": 36.99723831185713, 
  "mixed_noise.Gaussian_noise_4.variance": 41.7260806325306, 
  "mixed_noise.Gaussian_noise_2.variance": 55.434012665216855, 
  "mixed_noise.Gaussian_noise_0.variance": 28.351443299536804, 
  "mixed_noise.Gaussian_noise_5.variance": 63.10324726622512, 
  "joy": {
    "mae": 13.642991331804691, 
    "nlpd": 4.326338553671139, 
    "pearsonr": [
      0.66845009996297444, 
      1.6325067630098357e-17
    ], 
    "rmse": 17.256637491159239
  }, 
  "ICM.B.kappa": [
    4.067167351254656, 
    4.5815670532046111, 
    19.886086138551136, 
    32.443385556207772, 
    28.652526804414499, 
    14.69661572625759
  ], 
  "ICM.sum.Mat52.lengthscale": 1.5908704109209868, 
  "ICM.sum.Mat52.variance": 11.546396907381807, 
  "sadness": {
    "mae": 11.247644401061871, 
    "nlpd": 4.1121765676489428, 
    "pearsonr": [
      0.76046301739017064, 
      8.1282409056237477e-25
    ], 
    "rmse": 13.972667314905092
  }, 
  "mixed_noise.Gaussian_noise_1.variance": 25.680019395439647, 
  "disgust": {
    "mae": 6.4660059274105164, 
    "nlpd": 3.6827893444832451, 
    "pearsonr": [
      0.68754978518586285, 
      8.323542690982161e-19
    ], 
    "rmse": 9.4300001079636235
  }, 
  "ICM.B.W": [
    [
      3.2764350178938328
    ], 
    [
      2.5261111714006281
    ], 
    [
      2.0497353219940542
    ], 
    [
      -2.8975839140035626
    ], 
    [
      2.8945859967901346
    ], 
    [
      -1.0160847956604897
    ]
  ], 
  "anger": {
    "mae": 8.0101871932059669, 
    "nlpd": 3.8794066373812575, 
    "pearsonr": [
      0.74289986324684998, 
      3.4829236314819201e-23
    ], 
    "rmse": 11.388273202142226
  }, 
  "surprise": {
    "mae": 9.3829419254441042, 
    "nlpd": 3.9250395606277193, 
    "pearsonr": [
      0.35169886536198841, 
      5.773646475267015e-05
    ], 
    "rmse": 12.099935259565449
  }, 
  "fear": {
    "mae": 9.2470064357286379, 
    "nlpd": 4.002485278696291, 
    "pearsonr": [
      0.77006920778020038, 
      9.0541120240857262e-26
    ], 
    "rmse": 12.871383075971465
  }, 
  "ICM.sum.bias.variance": 16.953087201696412, 
  "log_likelihood": -27101.913781279254
}