{
  "warp_d": 0.20509158228789454, 
  "noise": 10.608663723559062, 
  "log_likelihood": -3840.7059497334517, 
  "nlpd": -4.3201555245449343, 
  "rmse": 18.137490558644011, 
  "mae": 14.182437098548608, 
  "pearsonr": [
    0.58389765888297362, 
    1.8125402663225972e-10
  ], 
  "variance": [
    1.0800590573002882
  ], 
  "warp_psi": [
    [
      2.6743923962360335e-07, 
      1.9268586037750695, 
      1.5462050067032866
    ], 
    [
      4.3033937131847737e-07, 
      0.64152691262995987, 
      2.0999344498570833
    ], 
    [
      1.4061745625818372e-07, 
      0.40489237840603332, 
      4.0216585924958883
    ]
  ]
}