{
  "noise": 131.7312219620811, 
  "power": [
    1.5209814403508537
  ], 
  "nlpd": -4.1739220822728917, 
  "rmse": 15.791296928167695, 
  "lengthscale": [
    2.5394329244045628
  ], 
  "mae": 11.022547962375977, 
  "pearsonr": [
    0.67443837532122353, 
    1.4448833866010227e-14
  ], 
  "variance": 454.18767708673295, 
  "log_likelihood": -3842.7337024562485
}