{
  "noise": 0.4887961465935505, 
  "log_likelihood": -1027.1366150348829, 
  "nlpd": -615.09333800073739, 
  "rmse": 15.464086493068308, 
  "mae": 10.95664494073373, 
  "pearsonr": [
    0.61693685948863097, 
    8.2106977935922895e-12
  ], 
  "variance": [
    0.045660929913476922
  ]
}