{
  "noise": 111.98742802881104, 
  "log_likelihood": -3876.4726873999125, 
  "nlpd": -4.2357206420258793, 
  "rmse": 16.483411007547701, 
  "lengthscale": [
    2.4120307105008041
  ], 
  "mae": 13.352162242701027, 
  "pearsonr": [
    0.52438767967425925, 
    2.1471008646449007e-08
  ], 
  "variance": 543.5681088171168
}