{
  "log_likelihood": -4869.126355867264, 
  "nlpd": 4.2394566877577295, 
  "rmse": 16.768358499927558, 
  "Mat52.variance": 604.1145754152686, 
  "Mat52.lengthscale": 1.88701004818867, 
  "Gaussian_noise.variance": 37.009144679857485, 
  "mae": 13.532416656295807, 
  "pearsonr": [
    0.6079989789343222, 
    5.4979586187668351e-14
  ]
}