{
  "warp_d": 0.35892970336312224, 
  "noise": 31.91578121754535, 
  "log_likelihood": -3811.9521583227956, 
  "nlpd": -4.2979548124859361, 
  "rmse": 17.65727009672419, 
  "mae": 12.404392035819214, 
  "pearsonr": [
    0.60207740336631421, 
    3.4502880033067623e-11
  ], 
  "variance": [
    6.6338475415529743, 
    2.7632839757307283e-05, 
    20.748148716956038, 
    1.5521378083070869, 
    8.9581206641208913e-06, 
    2.9189068089029289, 
    4.4268789837584741, 
    4.8423724028927184, 
    5.5501747628176997e-06, 
    29.864439619115107, 
    12.26975022671904, 
    8.1488292313776967e-06, 
    4.0722329569524272, 
    1.1722140210903893e-05, 
    0.10870868934790454, 
    9.6737095278975176e-06, 
    3.847509973549931, 
    0.0081353137720902025, 
    2.2302008003912102, 
    2.6819237303242067, 
    7.5600938039195311, 
    2.2511315027956993, 
    1.7093002403104947, 
    15.063959399743551, 
    13.78859406417078, 
    9.8767764933035355e-05, 
    0.054344903543034721, 
    2.1359151829047369, 
    1.8740723944930333, 
    33.232938002922054, 
    4.2394885826352132e-05, 
    5.656187835977672e-05, 
    6.1546637308786094, 
    0.00043571762407730607, 
    0.00056362541625367118, 
    9.3362940553069276, 
    7.7975362273070407e-06, 
    6.064835418623149, 
    4.2173096464195501, 
    0.00013073430270887817, 
    1.4776393087766295e-05, 
    3.3747733453256701e-05, 
    10.502047394009118, 
    1.4585323561146734e-05, 
    5.6732275264366665, 
    1.0312034814012947e-05, 
    11.863037759115903, 
    0.00019673429239841302, 
    3.9596294301737323, 
    1.5588636747151324e-05, 
    7.2644119090230818e-06, 
    7.8443051158525476e-05, 
    1.421131536082301e-05, 
    3.9281144063813684, 
    1.7561144866075149, 
    3.015077429850173, 
    21.999728327627892, 
    1.7051986237523198, 
    8.3635881876673928, 
    0.00017868987816238916, 
    3.126144813802183, 
    2.6953292488199221, 
    3.4296320862558738, 
    1.1118209765090088, 
    1.6379430927694634, 
    10.271283615533713, 
    9.5956076010578357, 
    6.148418217644995e-06, 
    1.5608204344138311e-05, 
    10.250025990331837, 
    0.10882261172535325, 
    2.7244110224312396e-05, 
    1.7308980120681116e-05, 
    3.7564385424368876, 
    22.811832140216808, 
    6.8891673723620107e-05, 
    0.11393138847924657, 
    2.3394667279391102e-05, 
    6.4827219677212415, 
    4.7932387040770319, 
    0.10401147976375526, 
    0.00019962562976083177, 
    5.6319839145044934, 
    9.511952243030418, 
    4.2693075312300834, 
    3.0170009473114772, 
    6.195576933547083e-05, 
    5.0663198190072727e-06, 
    6.7487575851498768e-06, 
    6.2259565685242475e-06, 
    6.1376436195952306e-06, 
    4.3396406646949854, 
    0.0001876141173282343, 
    0.0002044411383577141, 
    0.0025512378706828271, 
    0.00015611717713114655, 
    0.0001154282202040304, 
    0.057185527666140552, 
    7.9076922082302765e-05, 
    4.7658591382169355
  ], 
  "warp_psi": [
    [
      2.989204232840561e-43, 
      6.5264743806933883, 
      -16.399603377252294
    ], 
    [
      2.6597473469709311e-40, 
      0.028584813950274245, 
      5.1580851716019103
    ], 
    [
      1.1726892546388429e-40, 
      0.027561731171798672, 
      -1.5744483449332822
    ]
  ]
}