{
  "noise": 86.09448453164012, 
  "log_likelihood": -3552.8630237251627, 
  "nlpd": -3.9858335938935379, 
  "rmse": 12.837605759477679, 
  "lengthscale": [
    2.6820425141767781
  ], 
  "mae": 10.254492611967002, 
  "pearsonr": [
    0.49379738402992457, 
    1.7835501880694311e-07
  ], 
  "variance": 168.00675381357928
}