{
  "warp_d": 0.04133854357738215, 
  "noise": 0.03615256870663213, 
  "power": [
    0.0029023690079214891
  ], 
  "nlpd": -3.5431909097224588, 
  "rmse": 8.2208849236679082, 
  "lengthscale": [
    2.1771652693574581, 
    2.2272345026390119, 
    1.3202001691121632, 
    2.0821812767969878, 
    2.2295536303610892, 
    1.0180879589697753, 
    0.16193480001043151, 
    0.30689087256230546, 
    1.745138545379727, 
    0.15794138550729506, 
    2.224826339858875, 
    2.1379522007673399, 
    1.6938957431940527, 
    1.401953535880196, 
    0.15913145434171527, 
    0.13315570424054712, 
    0.5761378657424443, 
    1.8555125316237278, 
    0.17768429113477674, 
    0.61047961285530039, 
    0.17391027835216963, 
    0.75101048636016143, 
    1.8063303330586866, 
    0.18789732204071447, 
    1.9135721424387995, 
    1.9145363233185115, 
    1.0818466250983259, 
    1.0663158115701175, 
    1.6446244115448672, 
    0.33835978722188409, 
    0.28265818069564641, 
    1.5004420430170484, 
    1.7166199060359939, 
    0.76954065672534289, 
    2.2199978257123454, 
    0.6449897856883483, 
    2.0591857688767203, 
    2.0968051345157606, 
    1.0774129616519452, 
    1.1845207834529408, 
    0.5040988560693509, 
    1.7549151628535182, 
    1.6601062746519017, 
    2.2596393326464286, 
    1.9161651327914861, 
    0.91830736158251858, 
    2.0583505134537523, 
    1.6867761085502944, 
    2.0331160870450051, 
    1.6471457321350085, 
    1.647557360986283, 
    1.6944266027877388, 
    0.52461474759483462, 
    0.58815638675521509, 
    2.1167079531856503, 
    1.4743988223948203, 
    1.707067167777832, 
    2.243592184079187, 
    0.54682163454253807, 
    1.8986823137416922, 
    0.19746564674741357, 
    2.2316457792670779, 
    2.259930626378067, 
    0.37328714178505995, 
    2.2619801970252511, 
    0.30931337900647682, 
    0.29959806611219891, 
    0.34657484244359338, 
    1.9880590475657303, 
    1.5148905659704621, 
    1.9122308100398855, 
    2.0275890852328367, 
    1.7093184786668267, 
    0.63080458537272421, 
    0.36905286723894487, 
    1.8798252012071937, 
    0.22906408813909729, 
    0.69439937797940898, 
    0.63733770669610024, 
    0.28585417479812109, 
    1.756570325496235, 
    0.1472638859403996, 
    1.3203497554418633, 
    1.9351933218728392, 
    2.5041424115451645, 
    0.3869467665244522, 
    1.5014605130038006, 
    2.2880815977028135, 
    0.91866485321721481, 
    0.39084004407943446, 
    0.41362048637977678, 
    1.7924561010610063, 
    0.66636066925850934, 
    2.2584659245687639, 
    0.4222584985761757, 
    0.57357114339742343, 
    2.154452422197263, 
    0.15198579887049687, 
    0.93369380916875389, 
    1.5402849469870654
  ], 
  "mae": 6.0787697977091026, 
  "pearsonr": [
    0.69060893239624632, 
    1.8635498045778081e-15
  ], 
  "variance": 18.12910697258276, 
  "warp_psi": [
    [
      3.1090446178006764e-12, 
      0.0062068314449769063, 
      3.5751343398329301
    ], 
    [
      4.4642403712516455e-07, 
      0.46509125270455709, 
      -0.81383915448197197
    ], 
    [
      2.2620842259339071e-07, 
      0.49695403684680883, 
      -0.43802113259318903
    ]
  ], 
  "log_likelihood": -3376.1889764850325
}