{
  "noise": 48.365486460357296, 
  "log_likelihood": -3364.771602157834, 
  "nlpd": -3.7096719121965736, 
  "rmse": 9.1869613895585438, 
  "lengthscale": [
    11.723092616465346, 
    12.4005348495755, 
    8.2921494742131348, 
    8.9925294782868477, 
    12.322449501489126, 
    11.373370551151366, 
    0.72802729845626502, 
    1.1781380656521814, 
    10.409947084723363, 
    1.3535022279699012, 
    11.142286260764291, 
    11.116932251824698, 
    6.596567862145398, 
    8.0219532427848836, 
    0.8532341874786441, 
    0.41247351276652, 
    1.5475562251893402, 
    10.466919335572038, 
    0.74980239026016304, 
    3.1447199194174003, 
    0.63586050561105056, 
    5.8191048096168236, 
    8.3212451819260131, 
    0.72848699571883568, 
    12.132064724069458, 
    11.117435825600147, 
    1.7989601099231465, 
    9.9331107082480976, 
    12.195093618962821, 
    1.1868100641131525, 
    1.0924354155153848, 
    0.89105891769416457, 
    11.562066822304701, 
    10.324113309544302, 
    12.194606076955907, 
    0.8535184950030974, 
    9.847178988921069, 
    11.556487993294226, 
    10.425726665220466, 
    11.172842927642352, 
    1.7753502010744726, 
    10.616155887868395, 
    19.116527263387379, 
    11.366850776302336, 
    7.741465376269514, 
    7.0122426796384492, 
    12.229479490829929, 
    9.3385508630219789, 
    11.114953975542811, 
    1.6556779339157224, 
    5.4134580511419843, 
    11.574595858548651, 
    1.4538417814297828, 
    2.0833967018270791, 
    12.134075054671046, 
    4.19916091990385, 
    12.599712999176749, 
    12.303779523710396, 
    5.3505340740628435, 
    11.426569411413105, 
    0.68555107383250302, 
    7.840911132841093, 
    11.444917041769607, 
    3.4257780896580976, 
    20.20873428799338, 
    11.540417698714142, 
    1.9211862974242773, 
    6.4722580291837337, 
    12.818607488269304, 
    3.0461915962020303, 
    7.7542956767419646, 
    1.0567781417039752, 
    0.74717602409375394, 
    6.4666416977822028, 
    0.8791149592983496, 
    10.907520965049629, 
    0.8406069892284701, 
    3.6558821772477463, 
    1.8506855122593922, 
    1.4918258299744487, 
    6.6509463289110045, 
    0.85210551024009162, 
    13.138299643651191, 
    1.5454052303636758, 
    10.188267172486855, 
    10.13760794339994, 
    10.849709268602385, 
    11.960864695014902, 
    9.203117423138421, 
    7.5709018526420246, 
    8.9703172013163623, 
    13.201443670118817, 
    14.841466253858897, 
    11.845722178047689, 
    1.484831103004953, 
    1.315303411574696, 
    12.268938132998523, 
    0.47309351155954282, 
    0.94418824037879645, 
    16.105022021217092
  ], 
  "mae": 6.5336072529578386, 
  "pearsonr": [
    0.66322902282516671, 
    5.5492799188555376e-14
  ], 
  "variance": 117.05366086164955
}