{
  "noise": 6.227211635213485, 
  "log_likelihood": -3157.476802346376, 
  "nlpd": -3.5919159663090245, 
  "rmse": 7.9870169579899155, 
  "lengthscale": [
    11.049768591774109, 
    21.406523279128741, 
    9.6798228505242516, 
    0.47031567160027143, 
    10.612380331342365, 
    5.6919610325637464, 
    0.36876305544401483, 
    9.4100235895701214, 
    7.6759298435470953, 
    0.49602709510731324, 
    2.3574117461467194, 
    13.762849184834558, 
    10.02474965759547, 
    10.297670920007231, 
    15.263755851817949, 
    0.2629264338543047, 
    7.8859547612623482, 
    1.4685240342654098, 
    5.7930642895140343, 
    13.1976754980063, 
    8.5384132645080797, 
    10.950449589731603, 
    10.21748211449756, 
    9.9943036466337389, 
    11.506335390529294, 
    13.465021479975906, 
    0.66127984701867704, 
    0.65167797001168037, 
    13.265383982594285, 
    0.49954437229774012, 
    0.55041923055912023, 
    10.013946246972841, 
    7.3550146121529609, 
    3.6438333668297478, 
    10.660968009009702, 
    13.530525957675966, 
    0.54836935923950703, 
    1.5111791082641473, 
    9.2930831452860296, 
    25.046158490872116, 
    7.9945617649983038, 
    11.260579861958496, 
    10.814770868155847, 
    12.460192369127805, 
    12.944873291834002, 
    1.6301901444196372, 
    11.752635568381537, 
    0.70490639016640289, 
    8.2166040550234705, 
    15.817045562925289, 
    7.9428942104968208, 
    9.8488874322660589, 
    8.367491943012535, 
    8.1520356756584054, 
    1.0217856758727604, 
    20.646952800933907, 
    12.042347744017679, 
    8.9692150983832573, 
    9.325676306381764, 
    11.478859964839753, 
    28.665582880638734, 
    13.148046901924047, 
    11.203035793376799, 
    2.3729912266400603, 
    12.383510358154867, 
    0.73807802497135122, 
    2.0012908924759687, 
    29.551778664714057, 
    9.7856144095227204, 
    3.3512709311444393, 
    10.413016172919585, 
    0.51075235221983106, 
    12.240161474516734, 
    1.0265910764724011, 
    3.9760242091709879, 
    10.272657808774829, 
    0.19650960481112417, 
    8.2079703095324152, 
    10.096125237273514, 
    5.6038644771377717, 
    0.97152983969951545, 
    0.44662306680713437, 
    11.478046488125662, 
    9.9246529157432057, 
    10.829836813063856, 
    0.73409732156290464, 
    9.837302035495112, 
    1.1432580758063045, 
    16.101607164587101, 
    10.550134828257928, 
    8.7589181243563168, 
    9.754479153312948, 
    40.898021647534215, 
    12.562751932125208, 
    1.1519437160781403, 
    9.4289984052858635, 
    0.71319789952769319, 
    1.2597353703152367, 
    10.161962731811023, 
    5.3428181933610741
  ], 
  "mae": 5.138648798715316, 
  "pearsonr": [
    0.69693421251939425, 
    8.0618794188853978e-16
  ], 
  "variance": 90.0559339847363
}