{
  "noise": 0.06909666521419734, 
  "log_likelihood": -1029.4623869183692, 
  "nlpd": -529.24229622781434, 
  "rmse": 15.314008217566323, 
  "weight_variance": [
    2245209.7048091134
  ], 
  "bias_variance": 203463.34806558117, 
  "mae": 12.269228179709385, 
  "pearsonr": [
    0.60424022452030013, 
    2.81258698693348e-11
  ], 
  "variance": 1.7205011868157503
}