{
  "noise": 7.905498615265373, 
  "log_likelihood": -3219.414592492517, 
  "nlpd": -3.619182878028687, 
  "rmse": 8.831732692634473, 
  "lengthscale": [
    1.503990384806271
  ], 
  "mae": 5.6009722378091666, 
  "pearsonr": [
    0.24407574929485654, 
    0.014396952585939605
  ], 
  "variance": 94.73022180513497
}