{
  "pearsonr": [
    0.64895696551835114, 
    2.7369786204786051e-16
  ], 
  "nlpd": 3.8007207675050236, 
  "rmse": 11.146224064912342, 
  "Mat32.lengthscale": 1.389293439905076, 
  "Gaussian_noise.variance": 9.523126115803633, 
  "mae": 6.2378135014893887, 
  "Mat32.variance": 126.61362449988484, 
  "log_likelihood": -4204.711136409252
}