{
  "warp_d": 1.5928480153156925, 
  "noise": 37.21843323730479, 
  "log_likelihood": -3787.2787295639073, 
  "nlpd": -4.3523472904282636, 
  "rmse": 18.882136999252406, 
  "lengthscale": [
    2.4139896542457633
  ], 
  "mae": 14.894114456360994, 
  "pearsonr": [
    0.55645238181658685, 
    1.8421084958527777e-09
  ], 
  "variance": 1873.2937091909002, 
  "warp_psi": [
    [
      5.5626846462681369e-309, 
      9.164133112913594e-299, 
      -73.559568597626452
    ], 
    [
      5.5626846462681369e-309, 
      7.4552363995907616, 
      298.42294539278294
    ], 
    [
      0.50717381409277484, 
      4823.9954469603663, 
      3.0000136553901537
    ]
  ]
}