{
  "noise": 5.834922191750687, 
  "power": [
    1.4926454547561065
  ], 
  "nlpd": -3.9507136533065368, 
  "rmse": 10.673048920150235, 
  "lengthscale": [
    8.6512108268140171, 
    2.0221390523672342, 
    9.0331311467875839, 
    6.2543439309124302, 
    8.8345250759056899, 
    14.758823107453043, 
    0.41741030703667353, 
    7.7398652215908053, 
    9.6928215261590474, 
    0.66251160589205693, 
    1.6450425238972655, 
    8.5461689814078685, 
    1.5158844326143506, 
    9.2843572301873447, 
    7.3444657449712061, 
    0.26073843984277145, 
    3.0418735380711794, 
    5.7461880037955515, 
    8.7993555471632803, 
    1.4563462853319613, 
    13.656410525967361, 
    6.1350213784483971, 
    9.1026444570362113, 
    8.6000863946283701, 
    19.360989196305152, 
    6.4751343872505718, 
    1.2508146117903793, 
    0.49801923019867034, 
    8.9484119930784427, 
    0.56570279374799826, 
    0.51762524103740004, 
    11.661951405902904, 
    1.7143022663506171, 
    5.7591867288485492, 
    7.7684176973949031, 
    13.266784683014755, 
    4.3524630147582659, 
    13.819706202026795, 
    8.3434821888439448, 
    12.77093192938286, 
    7.2675023387098516, 
    9.1871435661576548, 
    9.0669199375662792, 
    6.5601683710615442, 
    8.2280226556092106, 
    2.6148617907049068, 
    9.6848170063983989, 
    5.9663969277732631, 
    5.3602430940710928, 
    1.4654391823590318, 
    8.9474789446346268, 
    5.3704760790280854, 
    1.0086351626107832, 
    5.9475797384684288, 
    0.53863406138827541, 
    11.828188531246935, 
    6.6966668023741622, 
    6.7996865253490872, 
    10.238508814834965, 
    9.1308827274883999, 
    15.356506083403328, 
    11.460810776113563, 
    9.1616929846882815, 
    3.0807682725875605, 
    10.602575636175565, 
    1.2471702664400595, 
    17.890381986762428, 
    14.59342815599855, 
    8.2303118170873493, 
    13.227921400596374, 
    12.780745759018885, 
    0.42790145666128193, 
    6.6173114575466618, 
    1.789640530698505, 
    1.2350367823404234, 
    5.4040241592609686, 
    0.25435871914353381, 
    9.6909487595376405, 
    6.6159662037133247, 
    1.2641859271181444, 
    3.7458996448753519, 
    8.3607546141493021, 
    8.5575696519275404, 
    6.0107303930043878, 
    12.840875611396175, 
    0.79151166951005314, 
    7.6631025256146543, 
    0.77060704390280454, 
    9.2838652022938675, 
    7.5844292888548086, 
    11.886959682385827, 
    7.7899239912591742, 
    15.212947614153416, 
    10.021264068800686, 
    0.89187140882637328, 
    7.0436229628202058, 
    0.49692894021631717, 
    1.2171063394218335, 
    9.2150752246820034, 
    9.178649250375301
  ], 
  "mae": 6.174885952610417, 
  "pearsonr": [
    0.53416152452537269, 
    1.0434742578993844e-08
  ], 
  "variance": 86.02649364643591, 
  "log_likelihood": -3110.1209385740394
}