{
  "noise": 0.06759147991740871, 
  "log_likelihood": -964.861760713403, 
  "nlpd": -647.6543078311513, 
  "rmse": 15.791475796812795, 
  "lengthscale": [
    1.026371484606694, 
    9.192883223713082, 
    0.713940863667196, 
    14.376134737686378, 
    16.42829153768546, 
    0.83075926030105796, 
    0.86440940091944785, 
    13.907756722234668, 
    0.83535499731719409, 
    7.9820684566789097, 
    0.99656598383199768, 
    2.0541707468227726, 
    2.7581107732513614, 
    18.743189603695683, 
    1.2820284375193953, 
    5.6491760862880653, 
    15.627940414518807, 
    2.9748218229716294, 
    1.1532085069529021, 
    1.5031719281190519, 
    12.249400317858415, 
    1.2591875933184871, 
    0.89746482807492478, 
    14.8069045489631, 
    16.868187364429925, 
    16.54730580048043, 
    0.97233005008835405, 
    12.669975005126659, 
    2.7996756723580143, 
    2.5920057704300863, 
    1.1836049892302081, 
    15.953032832793742, 
    7.7962798981676436, 
    15.574466303994644, 
    1.2326707497209095, 
    1.2236143956557535, 
    14.991809324227477, 
    12.89290343855756, 
    8.2321666147144601, 
    13.284562352503894, 
    18.065710474913569, 
    4.7244526272767322, 
    1.8020734905291156, 
    7.5513555380760211, 
    0.95235626168033949, 
    1.3615208937624526, 
    0.75551009068839603, 
    3.2556961272640978, 
    0.61836225728993433, 
    2.0921708351571939, 
    1.6615265440916223, 
    1.1536994468958026, 
    7.0310746838298304, 
    19.207672694958031, 
    0.884976825872965, 
    16.920522907005736, 
    6.794392201504607, 
    16.069132811772711, 
    13.149110820897942, 
    1.1417630648287609, 
    6.0246943988945922, 
    10.175458864821206, 
    16.541555011866926, 
    1.5342465687125768, 
    1.1362805198351802, 
    10.530307063441962, 
    17.656140908115482, 
    13.409058628688108, 
    2.3155754867413916, 
    1.2021453066697085, 
    14.856353218866673, 
    11.593660077278427, 
    12.068069806456675, 
    1.4757837397423863, 
    2.0872397831617806, 
    0.63674763710714055, 
    16.086388659307332, 
    6.4906482631461806, 
    15.900571583056786, 
    5.8368615764140799, 
    1.4066634580854351, 
    1.4588009201423113, 
    15.079140851187459, 
    14.206440573408527, 
    8.2831631160886356, 
    0.81602354587488324, 
    0.78266672337835086, 
    0.84876742346251599, 
    1.9728582433693422, 
    6.8342460731032659, 
    0.82866012922509225, 
    1.5936791401562449, 
    9.5189508007465573, 
    4.5184794134262347, 
    1.0501064728479625, 
    12.081570067778866, 
    1.1165767638230353, 
    9.8420646225221908, 
    13.344619758563327, 
    0.84017125680188687
  ], 
  "mae": 12.217457973589596, 
  "pearsonr": [
    0.56892674029786328, 
    6.5924157777971323e-10
  ], 
  "variance": 0.9123304888029284
}