{
  "regularization": 10.0, 
  "rmse": 17.662789016724787, 
  "intercept": 14.619873799799063, 
  "mae": 12.750167198071788, 
  "pearsonr": [
    0.76569093459639825, 
    1.7243970687746706e-20
  ], 
  "coefs": [
    -4.4184249934453881, 
    2.7278717773071532, 
    -2.0255611648376002, 
    -5.6445910451003627, 
    -3.4946283965779834, 
    3.9594633362447116, 
    1.9461234819181825, 
    3.1473512532813492, 
    5.8218247731070436, 
    1.0066830891757941, 
    1.2900070669018366, 
    5.5661592264156221, 
    3.9048408343895535, 
    -1.3826859893378358, 
    1.8248685187866542, 
    1.4834759132913784, 
    -1.2112577454294244, 
    2.7078948597853776, 
    -4.0204320661722939, 
    7.6897238734399407, 
    1.7101409020685592, 
    1.6570969793349863, 
    9.1937074072030178, 
    4.0474820922156862, 
    3.5313626391656898, 
    0.54172198628687473, 
    -2.7919364371049262, 
    4.5464838864858326, 
    6.0793953600526081, 
    6.5926873995438591, 
    8.7021575231894772, 
    3.5507994451795977, 
    -0.40273990990235597, 
    -3.0421058021278773, 
    -10.518490572528112, 
    -2.178566041729729, 
    -1.4776966209130804, 
    -4.0530602510675067, 
    2.6072743332052122, 
    2.9118465084501319, 
    -2.8570596474307846, 
    3.2978784438533499, 
    -2.3946196526685055, 
    1.4725707599305484, 
    4.1946055662754933, 
    7.2796714011539123, 
    -1.3920477023250042, 
    4.6308660049059798, 
    -9.2554541291310564, 
    6.1205329677892895, 
    1.4635424914771988, 
    -4.9554718658043786, 
    -1.8007081389717352, 
    4.6385928264912826, 
    3.0170855834431212, 
    0.7079383966370969, 
    -0.65721871933578202, 
    -1.364938174996746, 
    -0.68480293728097386, 
    6.5783913036087256, 
    2.5416035923459614, 
    -1.9792839590436386, 
    1.8955281456621407, 
    -2.3716768885293482, 
    -8.6713355526042015, 
    3.922889043527273, 
    2.6581431828260977, 
    0.49437665507012302, 
    -1.8377695362001116, 
    0.87062170680703332, 
    -4.0560709235974786, 
    -0.45550079228848528, 
    -1.5932939612296995, 
    9.3516760217274157, 
    6.3319594448406589, 
    -6.5830798084525348, 
    3.7011375925159822, 
    3.3233348786182324, 
    -2.3243270571938623, 
    3.2060747954695179, 
    7.0527019343087423, 
    7.5186810144035645, 
    2.6561822094284158, 
    0.67880619799952091, 
    1.5251348824155109, 
    -2.4817697526675047, 
    -2.3796446362940169, 
    -5.3177020233454337, 
    -5.2344911702401813, 
    -0.10729706461396732, 
    5.1752632477593785, 
    4.3906011349911358, 
    1.8517421175611475, 
    5.1069249197712256, 
    -2.442050725692678, 
    7.1125824306819609, 
    3.4451771874588379, 
    4.0571933613447806, 
    0.79915340631972243, 
    -8.0888402475313192
  ]
}