{
  "noise": 0.760751244387198, 
  "log_likelihood": -1201.4179225203866, 
  "nlpd": -426.85080934213204, 
  "rmse": 14.484793573442408, 
  "mae": 10.491029797696275, 
  "pearsonr": [
    0.61085229017929332, 
    1.4914355832160725e-11
  ], 
  "variance": [
    0.032223118559732901
  ]
}