{
  "warp_d": 0.02847352102082053, 
  "noise": 0.011302520150584437, 
  "power": [
    0.3406253161532849
  ], 
  "nlpd": -4.1783889914071963, 
  "rmse": 16.076871301208346, 
  "lengthscale": [
    0.87576851238758557
  ], 
  "mae": 12.344305826237576, 
  "pearsonr": [
    0.62511123149904402, 
    3.6076287053074179e-12
  ], 
  "variance": 0.6910710478381736, 
  "warp_psi": [
    [
      2.353816912386937e-14, 
      0.015609932946758423, 
      -3.0055045390254493
    ], 
    [
      6.8248348821535405e-05, 
      0.00025382882719263096, 
      3.2537632874951465
    ], 
    [
      0.017452927932250444, 
      179.17478132093987, 
      0.99976887844118323
    ]
  ], 
  "log_likelihood": -3821.889498493556
}