{
  "noise": 57.09293668094433, 
  "power": [
    0.25416870223788873
  ], 
  "nlpd": -3.9364572218988023, 
  "rmse": 12.250508065667383, 
  "lengthscale": [
    0.64986908513961006
  ], 
  "mae": 9.9946268215403489, 
  "pearsonr": [
    0.60302881412612275, 
    3.1542572784737497e-11
  ], 
  "variance": 251.09472032549144, 
  "log_likelihood": -3551.620848118014
}