{
  "lengthscale": [
    2.0900607826725182
  ], 
  "noise": [
    28.324231521848215, 
    28.866170280343137, 
    25.99472204785927, 
    37.478108609246654, 
    26.288349007439553, 
    60.47624611345233
  ], 
  "kappa": [
    7.5599920117914605, 
    4.117852600835666, 
    18.20626201095306, 
    15.921988380398533, 
    19.670890265815448, 
    9.880091858898554
  ], 
  "log_likelihood": -21360.159377736436, 
  "joy": {
    "mae": 14.855675236435168, 
    "nlpd": 4.4137195212162199, 
    "pearsonr": [
      0.55923022804922595, 
      1.4707216879164133e-09
    ], 
    "rmse": 18.980024893638411
  }, 
  "W": [
    -1.7158977233002237, 
    -1.1368209966881782, 
    -2.14760868453524, 
    4.117850656753475, 
    -3.527906777349372, 
    0.883319005266036
  ], 
  "sadness": {
    "mae": 12.674836259427156, 
    "nlpd": 4.3050452733364448, 
    "pearsonr": [
      0.60355452491004102, 
      3.0013398230945918e-11
    ], 
    "rmse": 17.20282543314439
  }, 
  "disgust": {
    "mae": 5.2099335611646165, 
    "nlpd": 3.529985086204821, 
    "pearsonr": [
      0.7222131135601334, 
      2.2531437524593583e-17
    ], 
    "rmse": 8.1955619823955264
  }, 
  "variance": 16.329428086718785, 
  "anger": {
    "mae": 6.6086501112491867, 
    "nlpd": 3.6591463224137608, 
    "pearsonr": [
      0.63665068274475423, 
      1.0836693830461157e-12
    ], 
    "rmse": 9.170991090341122
  }, 
  "surprise": {
    "mae": 9.7004539603577147, 
    "nlpd": 3.9512085175821863, 
    "pearsonr": [
      0.38040257415599443, 
      9.4603682733753608e-05
    ], 
    "rmse": 12.478054515782288
  }, 
  "fear": {
    "mae": 8.4670152245870192, 
    "nlpd": 3.9313488297345538, 
    "pearsonr": [
      0.7439373134548759, 
      7.4855953868305341e-19
    ], 
    "rmse": 11.846501279167304
  }
}