{
  "warp_d": 0.14914858943659634, 
  "noise": 1.572316592667136, 
  "log_likelihood": -3258.814486875215, 
  "nlpd": -3.8320897301950314, 
  "rmse": 10.648197448626824, 
  "lengthscale": [
    16.823520126901975
  ], 
  "mae": 6.8309294170310952, 
  "pearsonr": [
    0.5584701061565156, 
    1.5645065993501538e-09
  ], 
  "variance": 17.402387014491925, 
  "warp_psi": [
    [
      7.1730248119929907e-08, 
      0.017228357130347375, 
      -0.53246363030292021
    ], 
    [
      1.8944754677051092e-07, 
      0.97174604091776862, 
      0.95838776461087671
    ], 
    [
      6.6366733040423102e-06, 
      1.0951577532349503, 
      1.1621070421701785
    ]
  ]
}