{
  "regularization": 10.0, 
  "rmse": 12.847197573917974, 
  "intercept": 14.496330089980059, 
  "mae": 9.9857828973388099, 
  "pearsonr": [
    0.43921770018234718, 
    2.9891983134386324e-07
  ], 
  "coefs": [
    5.4738445000046134, 
    3.0485753575468344, 
    -3.0503950407740903, 
    0.3548774659456474, 
    -3.0034370563847563, 
    -0.35082524596431408, 
    1.9153922858306436, 
    3.2201110710343519, 
    1.6047659118408544, 
    -3.7162399023141188, 
    -1.8628819195673887, 
    1.0927215353256881, 
    -0.66231963476580724, 
    2.4278436325417503, 
    4.8661830511660638, 
    1.6741611029250811, 
    -0.12254395935250231, 
    2.1008985000510112, 
    1.3714047048016225, 
    -0.007184430846095647, 
    -1.8998311061476625, 
    1.9303441000321182, 
    -3.179196653912669, 
    1.258630035083883, 
    -2.6709152933097182, 
    -0.29771311817927937, 
    0.40766780588361673, 
    -3.9298892329532875, 
    1.2552942851159823, 
    -3.6419914861305762, 
    2.2016903380138939, 
    1.1410772117961818, 
    -4.483484208871011, 
    -3.3349922647475738, 
    0.84359599776883532, 
    2.5478207248349367, 
    -3.0154836631273865, 
    -1.599698253810095, 
    1.4648905452087257, 
    -0.28768662624918873, 
    -4.3097056143146126, 
    1.1363348139385792, 
    1.5901750907013361, 
    1.9440468446579087, 
    -2.5424154815807878, 
    1.2832283104665281, 
    -0.99361693276345897, 
    1.6121977060521533, 
    1.5040028773118048, 
    -1.037387565103572, 
    0.4300588018843774, 
    1.6899389031308027, 
    2.4809004895697182, 
    1.6032786566733812, 
    -0.29319069302210987, 
    -0.70308414187540547, 
    -4.5680411060067199, 
    -0.99352934846404262, 
    1.4526336129486894, 
    -1.5370778079511667, 
    -1.5088620328025661, 
    1.2365546687073647, 
    3.5154431358685101, 
    1.6637150463172214, 
    0.54265754167671232, 
    -0.23015917654879697, 
    3.0227312988199775, 
    -3.8794299633798994, 
    0.53885573907574602, 
    -0.61999432813387012, 
    6.3826805986626596, 
    0.25164073278368615, 
    2.1868499444340932, 
    3.2451278704360922, 
    1.4837499348001337, 
    0.4805693723458429, 
    1.9814620634022122, 
    -6.1179277016347307, 
    0.58616622861560463, 
    -0.15225753753960489, 
    -2.6404935234013078, 
    -3.513210704954294, 
    0.12161417448695036, 
    -0.76048203541358728, 
    0.26547521351285763, 
    4.3549139850333951, 
    4.0524173446385108, 
    -0.83718490729828487, 
    -1.1367512777194353, 
    1.7837541783464768, 
    3.6402089825031512, 
    1.9394727240871854, 
    2.3551147196735718, 
    0.97354638621788825, 
    -0.43199396179635186, 
    -0.67858638852934783, 
    -4.878927610107338, 
    -4.8559645060842271, 
    1.2196863426900504, 
    -2.4043474516768453
  ]
}