{
  "noise": 0.6251241657663913, 
  "log_likelihood": -1128.3654820764073, 
  "nlpd": -228.63604625694205, 
  "rmse": 11.352491807194113, 
  "mae": 7.8567343176606652, 
  "pearsonr": [
    0.65634662542777389, 
    1.2326566991846154e-13
  ], 
  "variance": [
    0.04428026266857607
  ]
}