{
  "lengthscale": [
    0.49494640420671226
  ], 
  "noise": [
    26.250820770379804, 
    8.020534478640378, 
    28.602343759677574, 
    23.459138412192186, 
    31.439889151644014, 
    44.58515566907434
  ], 
  "kappa": [
    29.132394955617038, 
    26.68013576851991, 
    9.747042628882463, 
    38.04784151421553, 
    77.62190742640058, 
    47.87756864709619
  ], 
  "log_likelihood": -21370.79793680386, 
  "power": [
    0.012790829183196514
  ], 
  "joy": {
    "mae": 11.792203456286586, 
    "nlpd": 4.166974423223003, 
    "pearsonr": [
      0.69936618098571601, 
      5.8076978421880713e-16
    ], 
    "rmse": 14.704697924607842
  }, 
  "W": [
    [
      2.6598640069627426, 
      0.47209380360253383
    ], 
    [
      1.5888796467548016, 
      0.81121756015799651
    ], 
    [
      6.2618372623982248, 
      -5.4163187468918963
    ], 
    [
      -8.7927420334959159, 
      -3.640545784290258
    ], 
    [
      6.3885284741065584, 
      1.5618394876562922
    ], 
    [
      -1.6665776519522855, 
      0.51394841310226125
    ]
  ], 
  "sadness": {
    "mae": 11.597885625917556, 
    "nlpd": 4.1713504423147878, 
    "pearsonr": [
      0.76532705944685442, 
      1.8427788071477177e-20
    ], 
    "rmse": 15.060134342877983
  }, 
  "disgust": {
    "mae": 5.1112522631354098, 
    "nlpd": 3.5166820773318395, 
    "pearsonr": [
      0.60757729024938767, 
      2.0457696589049577e-11
    ], 
    "rmse": 7.8561938019997601
  }, 
  "variance": 78.83962803952573, 
  "anger": {
    "mae": 6.5493647696889186, 
    "nlpd": 3.735766887807443, 
    "pearsonr": [
      0.70973635212483588, 
      1.3813691189503529e-16
    ], 
    "rmse": 10.025116739601643
  }, 
  "surprise": {
    "mae": 8.0687032896853115, 
    "nlpd": 3.7624361848044185, 
    "pearsonr": [
      0.39056100540967098, 
      5.8875074486369534e-05
    ], 
    "rmse": 9.9891482468294903
  }, 
  "fear": {
    "mae": 9.3066079327651661, 
    "nlpd": 4.0810000215496443, 
    "pearsonr": [
      0.76904187476206765, 
      9.3028178908401524e-21
    ], 
    "rmse": 13.918179456048094
  }
}