{
  "warp_d": 6.549737856082793, 
  "noise": 7469.044887902955, 
  "log_likelihood": -3634.974579214465, 
  "nlpd": -4.0086028959161419, 
  "rmse": 13.333550691926, 
  "mae": 10.226758025584715, 
  "pearsonr": [
    0.37872610380740346, 
    0.00010215432329973529
  ], 
  "variance": [
    830.18873748372573, 
    3.8421577560015656e-118, 
    2551.6761648666379, 
    757.89249863365342, 
    494.23401309271708, 
    1.6127115270394592e-279, 
    1.51362178817768e-179, 
    1020.5639783726505, 
    1.7129752217538948e-165, 
    2.9608722302432151e-161, 
    1.2299113649209391e-176, 
    2.0548152976961559e-86, 
    2.6906471946937782e-159, 
    2.2435825580575707e-269, 
    403.67989865868594, 
    5.5594098794050837e-252, 
    6.5040417090011601e-298, 
    1.1240091446800793e-233, 
    768.25777925499608, 
    805.46164655641735, 
    1.9842962464312519e-212, 
    513.78728681241364, 
    527.13203396945573, 
    529.54961122291672, 
    482.35922958041817, 
    4.7430176002249453e-144, 
    6.9016573614421712e-194, 
    3.4156575798521653e-219, 
    245.13546435728267, 
    4.3949063775231806e-270, 
    5.5626846462681369e-309, 
    5.0313033910238208e-292, 
    1.4937877378686538e-261, 
    2557.2245725037274, 
    1.3607743854358249e-229, 
    3.2301841064621624e-252, 
    336.30725984719504, 
    206.17832682054018, 
    550.86617227805596, 
    1.5240431414790036e-207, 
    3.186341022356874e-186, 
    1.0461286861950978e-212, 
    4.5589452461956562e-140, 
    1.8585563696362867e-193, 
    2119.6804097471959, 
    2.4201889707783433e-273, 
    8.9545798815121849e-304, 
    1.0224230098521111e-268, 
    448.08711627731299, 
    1.8669171467502075e-279, 
    151.43907594471594, 
    4.0940782201700679e-246, 
    1271.3535142187179, 
    1457.8012039620564, 
    8.1907654605935203e-289, 
    2909.9860987612833, 
    4.6446935874953073e-285, 
    2.5958657012949725e-297, 
    1.7234790220616212e-246, 
    500.81895235242007, 
    7.6103400417321372e-220, 
    1.9776985656240341e-238, 
    4.2768082520468469e-106, 
    3.9129885402893962e-291, 
    9.2651406170077362e-237, 
    86.840604058345434, 
    1576.1630145127892, 
    2688.0281774128216, 
    8.0423735240105991e-298, 
    2.0360154531325019e-287, 
    1674.914178566391, 
    2.7901188668436625e-93, 
    511.44303824482836, 
    2.3086687858279214e-143, 
    720.50554128350518, 
    1.2377206747074619e-217, 
    3.3563171961455613e-282, 
    704.95444948822217, 
    1.8180488480857927e-244, 
    356.13911671736315, 
    3689.1452042793958, 
    5.9511184182119784e-263, 
    1.2446426946368583e-223, 
    2377.1607911544975, 
    1.2858386614559455e-144, 
    2705.6007494945175, 
    8.4216340287474401e-186, 
    1.0674973614219988e-178, 
    3.3351959207944838e-274, 
    1.1972235802451897e-48, 
    164.68613249992194, 
    2.8207577207991152e-226, 
    2713.8844109154461, 
    2.7023958816553755e-80, 
    6.2606347702625293e-305, 
    1.2237504334978066e-216, 
    524.49053915774493, 
    2564.5575211934315, 
    8.5035209725049832e-188, 
    573.62805332688094
  ], 
  "warp_psi": [
    [
      5.5626846462681369e-309, 
      33.248327706475678, 
      -2228.5717611418258
    ], 
    [
      5.5626846462681369e-309, 
      3.9394746522434884e-19, 
      32.368403486633625
    ], 
    [
      5.5626846462681369e-309, 
      5.5626846462681369e-309, 
      -6037.3101784284236
    ]
  ]
}