{
  "warp_d": 4.858889530485417, 
  "noise": 840.1895054652398, 
  "log_likelihood": -3683.2172316177434, 
  "nlpd": -4.1593748918619751, 
  "rmse": 14.861340574764016, 
  "weight_variance": [
    157.55220516993913
  ], 
  "bias_variance": 23349.61013753379, 
  "mae": 11.35686233441178, 
  "pearsonr": [
    0.74489244034838209, 
    6.3946201676025031e-19
  ], 
  "variance": 46032.75991947701, 
  "warp_psi": [
    [
      5.5626846462681369e-309, 
      5.5626846462681369e-309, 
      -3049.4853706015269
    ], 
    [
      5.5626846462681369e-309, 
      5.5626846462681369e-309, 
      2948.5785872741399
    ], 
    [
      5.5626846462681369e-309, 
      5.5626846462681369e-309, 
      1404.771148386719
    ]
  ]
}