{
  "log_likelihood": -4886.168509319907, 
  "nlpd": 4.2758596898290673, 
  "rmse": 17.541629069656857, 
  "rbf.lengthscale": 2.605531790967078, 
  "Gaussian_noise.variance": 206.34537245501338, 
  "mae": 13.566640254801039, 
  "pearsonr": [
    0.62275165525945331, 
    8.9032659897130116e-15
  ], 
  "rbf.variance": 576.1795121594687
}