{
  "noise": [
    109.43303180071999, 
    78.14520334769087, 
    205.3520208899385, 
    305.6703749484422, 
    289.84632924859727, 
    155.05077214213307
  ], 
  "kappa": [
    45.92129603808972, 
    17.710127119654768, 
    95.89657429590422, 
    13.42724630726518, 
    52.87687129592925, 
    105.28648594082402
  ], 
  "log_likelihood": -21823.12772889867, 
  "joy": {
    "mae": 15.481895217452845, 
    "nlpd": 4.369193153160694, 
    "pearsonr": [
      0.3399740125012739, 
      0.00053881283269246701
    ], 
    "rmse": 19.041517913853387
  }, 
  "W": [
    [
      1.1817260906356908, 
      4.6458741094231613
    ], 
    [
      0.037106147711994081, 
      2.1939767767378933
    ], 
    [
      -1.4298201506684709, 
      9.3756459829035368
    ], 
    [
      -11.408190338666865, 
      -14.643316843218946
    ], 
    [
      -6.0792584314671156, 
      15.966731288549658
    ], 
    [
      -4.9234579541122789, 
      -1.3540721207808408
    ]
  ], 
  "sadness": {
    "mae": 15.085992897705063, 
    "nlpd": 4.3466429959148805, 
    "pearsonr": [
      0.61920721984898541, 
      6.5496818016974027e-12
    ], 
    "rmse": 18.608633024254285
  }, 
  "disgust": {
    "mae": 5.2977202177812686, 
    "nlpd": 3.592077514662499, 
    "pearsonr": [
      0.53546432344517103, 
      9.4614078717691418e-09
    ], 
    "rmse": 8.7793164189791604
  }, 
  "variance": [
    0.13308163637579026, 
    2.8772106357864395e-06, 
    0.028435968306416298, 
    0.13549168424743643, 
    0.12743087276529863, 
    0.084498602352836419, 
    0.087191265784775984, 
    0.14077513110455023, 
    0.019355100187829696, 
    0.42211712437596544, 
    1.0223704237586129e-07, 
    0.045273856599930586, 
    0.012666667996511597, 
    0.049605590985442496, 
    0.16855609412096467, 
    2.5857789046088682e-09, 
    0.021675032909133706, 
    1.5393986836661546e-07, 
    0.29210141449012128, 
    0.18530734396642082, 
    0.095177670663995517, 
    4.8940058322320835e-07, 
    0.092947195810656205, 
    0.082628674952443054, 
    2.6296659075368942e-10, 
    1.0965376707416573e-08, 
    1.7085318909260021e-06, 
    0.11729946612052619, 
    9.9721650511014724e-06, 
    0.29618141861669528, 
    0.23446279896499161, 
    1.0282985726975795e-05, 
    8.2289832393432047e-09, 
    0.15125785944082701, 
    0.11205489476319472, 
    0.084921076021817643, 
    3.6448967501490506e-08, 
    0.24796210841937844, 
    8.823270209473297e-08, 
    1.2117865555489113e-05, 
    0.12567804806524452, 
    2.7508598023916566e-05, 
    0.063817693095645278, 
    1.3403210962435671e-07, 
    0.15392381671917824, 
    0.14426595048481178, 
    0.032892989802151176, 
    0.081139019504359255, 
    0.066282128595770942, 
    0.081564909851800899, 
    0.1708945851642546, 
    1.8589378249535671e-06, 
    1.5764661462426663e-07, 
    0.35097563435901313, 
    4.0775123396801447e-08, 
    0.057467133576813899, 
    0.089989704865757608, 
    0.029369769093253603, 
    0.037790277411111718, 
    0.12021260622566964, 
    0.051869976593573626, 
    0.093134425031012255, 
    2.8864347964744254e-07, 
    7.6596159748560259e-08, 
    0.06790901033850294, 
    0.0083350401150512135, 
    0.51225014711784578, 
    0.062648323198849998, 
    0.015725666475583752, 
    8.9721448673184785e-09, 
    0.31105640087209607, 
    0.086384546413687285, 
    0.088751411416570475, 
    0.19935814403654004, 
    0.12283092738543666, 
    0.034242112569957461, 
    0.10129546121177825, 
    2.0218083861814457e-09, 
    0.050758912006086197, 
    0.18399509060563407, 
    0.16722414759429011, 
    0.39975997860771667, 
    0.24854947645538869, 
    0.11631451397317989, 
    0.11929234969123367, 
    1.2847134396253511e-08, 
    0.12684469290996311, 
    3.5493947460242883e-06, 
    0.12034231820778936, 
    0.086045956993536163, 
    0.085152404251201019, 
    0.068996757247235557, 
    0.12563423381000305, 
    0.018828315322071826, 
    0.8737910563342699, 
    0.095941370196879233, 
    0.24099375282304242, 
    0.30844689382108265, 
    2.0426030270060643e-07, 
    0.070653036311630044
  ], 
  "anger": {
    "mae": 8.9475811629197946, 
    "nlpd": 3.9933246679698424, 
    "pearsonr": [
      0.54637789271608539, 
      4.0976277454372214e-09
    ], 
    "rmse": 12.702347345877135
  }, 
  "surprise": {
    "mae": 8.9100204271753256, 
    "nlpd": 3.9577951738579205, 
    "pearsonr": [
      0.38809799780652032, 
      6.6144374728493863e-05
    ], 
    "rmse": 12.661012145588389
  }, 
  "fear": {
    "mae": 11.945532062645206, 
    "nlpd": 4.1841576780172405, 
    "pearsonr": [
      0.64423290783343579, 
      4.7816670978973746e-13
    ], 
    "rmse": 15.795397319670277
  }
}