{
  "regularization": 10.0, 
  "rmse": 17.702288752104717, 
  "intercept": 25.130534941207074, 
  "mae": 14.606112553362074, 
  "pearsonr": [
    0.57441087687738668, 
    2.4875223375389789e-12
  ], 
  "coefs": [
    3.2146360116324288, 
    -2.1023283834111148, 
    -3.266757937262899, 
    7.0845713483951656, 
    13.4455154330469, 
    -8.4672666493518349, 
    4.291464774134977, 
    -4.0924007296374274, 
    -4.5718978984081149, 
    -5.3102471089783085, 
    4.1609279720014527, 
    -4.4194630423053507, 
    -1.2268901377054335, 
    2.9060509574137754, 
    -4.3486092101051401, 
    -1.7463857412544341, 
    3.6536677406013029, 
    0.29796403037989244, 
    1.7385335463148439, 
    0.83217807173884262, 
    -2.2571185668699054, 
    -3.9396845650675885, 
    -2.8823773103476791, 
    -1.1590063921071869, 
    3.3773839247652719, 
    1.9838220508196962, 
    -3.4732413493689527, 
    0.072804889404295053, 
    3.9148591135790762, 
    -7.0650172885670512, 
    -8.7765161352202608, 
    -5.7452808259621664, 
    2.472580319067653, 
    6.8228481478265426, 
    10.853921967654907, 
    -5.2933538095415589, 
    -0.79794519413805731, 
    0.7105933997741164, 
    -8.9742662772201776, 
    -2.3240171136459482, 
    6.1841580847480264, 
    -2.6918143301971571, 
    7.2083945030703598, 
    -0.60780747126399404, 
    2.0089478886102405, 
    -0.42457008199553414, 
    -4.2871664776240719, 
    -1.7864734352666498, 
    0.5994841985828484, 
    0.34071253272238766, 
    -7.7638018694946176, 
    -8.654909411106221, 
    3.3332197723226202, 
    -0.44829805362617381, 
    1.9270809200167707, 
    -0.2888625670849535, 
    -1.1728851433419887, 
    4.2768167302235023, 
    0.37162790918884331, 
    -7.8589575817613344, 
    -3.7320843571787332, 
    3.6656711539388276, 
    -3.2565049360253773, 
    -2.9400278578053043, 
    -2.127540757961691, 
    -0.58489368795443619, 
    -2.3558499658978227, 
    -4.7204174784277315, 
    3.5114453291399306, 
    -4.309778366226408, 
    8.015762662228143, 
    5.9065840071193989, 
    -5.4527307507596152, 
    -4.3135262820926252, 
    -0.42794190314443603, 
    3.1131173582154377, 
    -6.2743430796372346, 
    -1.481306530508623, 
    2.7701568649592265, 
    -9.2817528741705022, 
    -8.6237084867521165, 
    6.2597816678318523, 
    3.5482853319866399, 
    2.7683749461656753, 
    -3.0839506391612206, 
    2.3510092001639635, 
    7.8883951906924965, 
    -2.9595360599400862, 
    -7.9107263499172813, 
    0.7023201328397376, 
    -0.61939991418533435, 
    -4.245564912085956, 
    -2.1411011756296627, 
    -3.2812773107835276, 
    -6.4526917631697422, 
    -1.8278779965907672, 
    -1.8918513147712861, 
    0.43100937848328386, 
    0.020786884743460909, 
    1.0608011648214044
  ]
}