{
  "noise": 75.68629176696146, 
  "log_likelihood": -3276.568153678616, 
  "nlpd": -3.6368441350475216, 
  "rmse": 9.1455909373617104, 
  "mae": 5.4089972174465633, 
  "pearsonr": [
    0.37712680213637206, 
    0.0001098758762175411
  ], 
  "variance": [
    3.8353385637903097
  ]
}