{
  "warp_d": 0.19072780539128079, 
  "noise": 1.4741767437806315, 
  "log_likelihood": -3776.250725139132, 
  "nlpd": -4.4680505984621455, 
  "rmse": 19.48116208758314, 
  "lengthscale": [
    2.5449799249772891, 
    6.7328852020280907, 
    1.4951275425322836, 
    7.9341922418187547, 
    7.5595340249520913, 
    1.2704628496837771, 
    8.4522944972369398, 
    7.3676323260591996, 
    1.2388385544158904, 
    9.9191185886543618, 
    1.0681711962517242, 
    3.28909448064557, 
    7.4370498183139997, 
    11.108518936741312, 
    5.8249494803079838, 
    1.8156762756829006, 
    11.247334407569785, 
    8.3352950651684576, 
    1.2235773025147165, 
    1.7472306709490619, 
    7.2917559122367592, 
    3.9824909966239765, 
    2.62691652153512, 
    6.703326938711573, 
    11.445113274680244, 
    11.216954710661545, 
    0.9867522827576487, 
    7.8876349263979098, 
    6.6427146949164673, 
    2.8227026600718723, 
    2.1021213406469372, 
    9.9801408242296201, 
    8.1913210465714155, 
    11.548113910890907, 
    1.3845755850858312, 
    10.166305170172423, 
    9.0601198079479062, 
    8.8114939431493013, 
    8.3618760321723649, 
    11.139639495324694, 
    10.814201756187892, 
    2.6827211845964944, 
    2.4006856209258087, 
    10.529850828397619, 
    1.9461324062561567, 
    8.3158752623709482, 
    1.6285819869899603, 
    3.5893502561910697, 
    1.5452188613265314, 
    2.6137399260612422, 
    5.2193781250524491, 
    2.3585493878057049, 
    7.3345247628143211, 
    9.5695603188103053, 
    6.6144453926421116, 
    13.310461916635505, 
    1.3162911671074446, 
    11.535846671349038, 
    6.0464003046080963, 
    2.6557962156725039, 
    6.9655964770866872, 
    7.8854708144066077, 
    10.259363296951415, 
    5.8561269992744505, 
    1.7895850206764605, 
    7.2621487995201592, 
    11.821369846056077, 
    7.6077384367661027, 
    8.5700938150508588, 
    1.1457677911783153, 
    10.478697827883629, 
    2.564857469564561, 
    9.5215465142287208, 
    2.7861325344704468, 
    3.0243256427496692, 
    1.1292183799609881, 
    11.153312331382427, 
    3.2843706184580266, 
    9.1663236454158241, 
    4.6926792786290328, 
    1.3930907010902187, 
    2.0182703802348265, 
    9.4340293655528455, 
    9.2540002409548343, 
    9.5565560383111947, 
    1.3647241542868902, 
    2.014897724974706, 
    1.0986383614853465, 
    4.8332333390576032, 
    9.5276730359869966, 
    1.2799897196713721, 
    4.2452285966974603, 
    2.4678049201601717, 
    2.4251714328691363, 
    1.7177485263540215, 
    2.2880081021516858, 
    3.9070114694075504, 
    7.4085902755179491, 
    10.081081794544023, 
    3.5291948912244848
  ], 
  "mae": 14.544686440803362, 
  "pearsonr": [
    0.63486175160993219, 
    1.3101021309232451e-12
  ], 
  "variance": 28.767005295712266, 
  "warp_psi": [
    [
      1.1919106754390352e-07, 
      0.057988815750503596, 
      4.7119344238365848
    ], 
    [
      1.0850028396207097e-07, 
      4.6040344410091301, 
      -5.9946146106287541
    ], 
    [
      8.3435914219167641e-25, 
      1.5263291440915077, 
      -3.1589765420088813
    ]
  ]
}