{
  "noise": 112.87478767174706, 
  "log_likelihood": -4055.7917874713094, 
  "nlpd": -4.4009673526327262, 
  "rmse": 19.350582636532415, 
  "lengthscale": [
    1.0243970336588388, 
    9.6296222685469637, 
    0.022437584930997425, 
    17.934681063742541, 
    2.0619956154939452, 
    1.1422608578601423, 
    44.428924173493151, 
    19.815401721246726, 
    1.529752234818242, 
    22.769340165668179, 
    15.003577580388312, 
    2.1682997718826438, 
    3.476189971521237, 
    21.324430373222629, 
    12.349366074875697, 
    18.547916060184772, 
    5.2460561943967274, 
    21.140215685824558, 
    0.92147692506575829, 
    1.2903347282794102, 
    9.5406472973574736, 
    25.910332155106307, 
    1.0060489548975735, 
    2.3196695295542358, 
    21.154759420209764, 
    13.455035672010625, 
    8.2986504909724665, 
    2.5735945748091589, 
    1.1519084334408061, 
    44.956534420364669, 
    1.5535299320899165, 
    74.28000121152283, 
    22.372836672620714, 
    1.8170614063739947, 
    1.6224015100376945, 
    1.1802044091087356, 
    6.2995921424709271, 
    9.9613787987010376, 
    20.820468793979568, 
    11.391023408648099, 
    5.7049498051870353, 
    1.2140156376466369, 
    18.810905463977324, 
    21.168818299731544, 
    1.0735421671286756, 
    1.4311118379427235, 
    24.112407101208529, 
    1.2079101524303459, 
    0.88254604330288844, 
    2.0228556795598287, 
    18.626287259764759, 
    1.6509990171710767, 
    37.206831688250375, 
    12.298859555372854, 
    0.28214055568535323, 
    54.442851212170922, 
    16.165256324786831, 
    22.25259492234683, 
    22.102135512739949, 
    1.3828551247121532, 
    2.3209308169461016, 
    14.59128111758427, 
    20.32472272763416, 
    2.3512085865627101, 
    1.0914761387240108, 
    12.594575020375286, 
    6.631515133687258, 
    19.931662002084444, 
    16.974716779154186, 
    1.0017283283678158, 
    18.419161022758722, 
    1.7610024707094463, 
    20.617106367216607, 
    1.7721483610906983, 
    1.9041000622523643, 
    0.65258647399264125, 
    17.562047581624824, 
    19.295322253338558, 
    19.777594651788579, 
    15.419297635445485, 
    2.3587645010259006, 
    1.4413370935333851, 
    21.804839507080484, 
    19.070523723518789, 
    43.198690940564731, 
    0.99176013433178078, 
    16.608474644264856, 
    1.0097132696724436, 
    1.5742998552131258, 
    1.5393333735610866, 
    1.6776328585748121, 
    3.4048222180404943, 
    1.8402503826153049, 
    11.237180849019136, 
    1.2642755987031702, 
    4.7956136487610994, 
    1.1403938125397286, 
    1.4202541556066179, 
    29.305231253577112, 
    1.3012590872349354
  ], 
  "mae": 14.306880027473206, 
  "pearsonr": [
    0.45197764189127076, 
    2.3534734993089444e-06
  ], 
  "variance": 464.446763487976
}