{
  "warp_d": 0.3008701220847154, 
  "noise": 16.297786468612056, 
  "log_likelihood": -3674.390056301527, 
  "nlpd": -3.9704480011905394, 
  "rmse": 12.773296203852409, 
  "mae": 9.7315952750876615, 
  "pearsonr": [
    0.41410585403273903, 
    1.8446751456531426e-05
  ], 
  "variance": [
    1.0813600811731086
  ], 
  "warp_psi": [
    [
      5.4736122249588742e-09, 
      0.047620547053837378, 
      0.051406039099663174
    ], 
    [
      3.1530976170669093e-06, 
      0.055837796534706212, 
      0.22050855413886311
    ], 
    [
      3.9294187155679472e-08, 
      3.5000023876154911, 
      -2.0343514026715392
    ]
  ]
}