{
  "noise": 0.5634536135284064, 
  "log_likelihood": -1091.1557601680065, 
  "nlpd": -800.97142949062049, 
  "rmse": 18.255340405973307, 
  "mae": 15.06525456622107, 
  "pearsonr": [
    0.63737852279051455, 
    1.0028005850534062e-12
  ], 
  "variance": [
    0.052936588058874363
  ]
}