{
  "noise": 125.55634776595558, 
  "power": [
    15.847104346809758
  ], 
  "nlpd": -4.2584401691472316, 
  "rmse": 16.307258005080136, 
  "lengthscale": [
    31.747486496431982, 
    47.806388724146082, 
    7.7849803978959642, 
    26.87290953984121, 
    11.281888200015482, 
    6.08707221199671, 
    2.8693066201272761, 
    49.629498487809286, 
    5.0937704347820816, 
    52.746285713717562, 
    58.896391982661854, 
    6.400412208675502, 
    11.744173835814168, 
    44.99789985038484, 
    79.476337521038175, 
    36.054956013226501, 
    10.778325608521325, 
    46.539191018068848, 
    4.0506572573727517, 
    3.7948414319792918, 
    44.051780232630435, 
    37.308209515794807, 
    5.123814939508434, 
    27.58797478857635, 
    39.159644671322376, 
    37.819270774731521, 
    30.000487787850616, 
    27.50795970688333, 
    8.0367513657823242, 
    4.7807106921432876, 
    6.4715463301508311, 
    62.207911327582686, 
    45.898070608559664, 
    55.131699753000696, 
    5.3858435543031655, 
    18.68295812818609, 
    55.78885887023813, 
    32.405526737968891, 
    70.375403890741183, 
    30.534892493939648, 
    28.272480687045324, 
    4.5034193541203908, 
    44.256129056106943, 
    7.930540979728014, 
    4.0068496062641801, 
    6.8083798867849472, 
    47.396900435902047, 
    7.9758649838929498, 
    4.1029900754805357, 
    7.5038138408309134, 
    46.037327872097777, 
    23.295774946319092, 
    95.489257632473041, 
    40.8206125708572, 
    6.8642950486655119, 
    52.309839592305032, 
    61.510338362181614, 
    35.627371500188723, 
    39.879904121041292, 
    21.176780167502617, 
    23.715445734968995, 
    69.992298529098534, 
    63.890994318697871, 
    23.038969014141447, 
    4.3203125229775754, 
    12.837700736841676, 
    37.702731899999648, 
    39.545033864177547, 
    34.725507665289378, 
    28.829509035984756, 
    48.850538654319216, 
    82.080507255421125, 
    48.933307425340963, 
    6.6297590381796079, 
    6.5030306194743472, 
    2.0886618421393988, 
    31.212084279250121, 
    22.76575219766287, 
    11.0900221363691, 
    56.703561427714583, 
    6.3512370339275881, 
    7.7367936615965309, 
    47.519130514874874, 
    51.571545694798807, 
    17.239449321132799, 
    2.9396171697921512, 
    46.48847784700655, 
    5.6674676408238813, 
    3.4520115751855522, 
    7.5142580570031896, 
    3.0368255878722072, 
    42.518079295033864, 
    17.470152817095855, 
    37.124072927344628, 
    46.778045002432478, 
    6.88464240670001, 
    4.951212638319527, 
    8.6373481960498211, 
    6.4562824738805062, 
    7.3932034964172493
  ], 
  "mae": 12.34955242158326, 
  "pearsonr": [
    0.66624097045529374, 
    3.8875391210132032e-14
  ], 
  "variance": 432.952828960932, 
  "log_likelihood": -3796.980216469744
}