{
  "noise": 43.31150250790087, 
  "log_likelihood": -3343.0951467541354, 
  "nlpd": -3.9789331329530335, 
  "rmse": 11.641882341865797, 
  "lengthscale": [
    6.3255534829810038, 
    12.876959441166518, 
    1.7408093812688179, 
    9.3285543724429676, 
    11.006947020523153, 
    10.675367285992408, 
    0.67173936482874907, 
    1.4592502631141171, 
    14.864420403403368, 
    1.4132170808661479, 
    12.074396834098886, 
    5.7172422402435368, 
    13.083580091840949, 
    12.16530087348344, 
    4.1350942815667571, 
    0.3909021399051254, 
    1.4936493784914868, 
    10.549937782345586, 
    0.66886688336439537, 
    2.6133093466769375, 
    0.5482065197029129, 
    22.938940380031742, 
    10.842041890776414, 
    10.159861694234403, 
    12.543556045209421, 
    1.2182319528019461, 
    4.0376702295502582, 
    0.95372659319926878, 
    12.73969760084287, 
    0.87864549390105195, 
    1.6279583999102594, 
    0.74040433678344642, 
    10.804325719151212, 
    10.245052059438569, 
    13.73163284144524, 
    10.751101993089586, 
    11.262213987394897, 
    11.519382289353519, 
    8.3986880289896533, 
    15.085360167506099, 
    0.97879067367252071, 
    7.3098189899695978, 
    15.86421744658192, 
    9.9764508800955394, 
    12.94364045481716, 
    4.713685239608651, 
    15.212550853801162, 
    5.2974839234878743, 
    15.086889352045192, 
    11.182518348881183, 
    7.9953841103182244, 
    11.471837065814837, 
    1.0385270067794794, 
    1.8035826550396421, 
    12.325050116589798, 
    5.3649812497547398, 
    13.749789583719954, 
    12.050772475658331, 
    3.6167477172418998, 
    8.7504660606964038, 
    6.8937486365153449, 
    14.540005948775333, 
    10.451072985916435, 
    1.7546290850547819, 
    13.951721173305245, 
    0.73015563294021169, 
    6.3425358147774453, 
    7.1418187221993925, 
    6.5558390726041296, 
    9.5731061509586706, 
    6.8103676567816889, 
    11.463431872482003, 
    10.988643755760767, 
    0.77508636047348478, 
    15.190436445407746, 
    9.1785475353433927, 
    0.89867047154787227, 
    0.75245257737885418, 
    0.83403519229050183, 
    2.054927200571333, 
    2.138445727224584, 
    0.77049014434091478, 
    11.140138479376173, 
    12.37111238202962, 
    12.845137204882432, 
    24.048345818131899, 
    11.688898972793677, 
    13.422230439447707, 
    1.0530311592369712, 
    7.4939624703752008, 
    11.508202570521755, 
    12.720932147206971, 
    3.6923952439782308, 
    12.188416315973473, 
    1.5539352589460065, 
    1.3817756955399321, 
    12.391887316596218, 
    0.53252190623085827, 
    4.0795150573671428, 
    3.9545958919415489
  ], 
  "mae": 7.8329498367719728, 
  "pearsonr": [
    0.63808560130548853, 
    9.2983841471984226e-13
  ], 
  "variance": 116.7155151758838
}