{
  "noise": 85.79357754134068, 
  "log_likelihood": -3631.3785370353075, 
  "nlpd": -4.2658630094489869, 
  "rmse": 15.506081701555521, 
  "lengthscale": [
    1.8583684680408799, 
    35.764463868808022, 
    10.654025824099561, 
    5.1203412243093505, 
    25.665204796785741, 
    39.42289845109142, 
    23.659128847025446, 
    5.2126076849925722, 
    18.413110313407614, 
    1.2341757984907902, 
    16.957995752670676, 
    1.568179402107271, 
    19.381168012993029, 
    65.737218338040108, 
    22.827048128192239, 
    23.068504369788759, 
    1.8103520773449322, 
    21.712265794230305, 
    2.8994612790790777, 
    25.866283066030949, 
    20.680106502719038, 
    19.740462516074668, 
    21.742379765203882, 
    4.5921154083834388, 
    1.7760575378003147, 
    5.2625227341076837, 
    24.384595395051477, 
    22.990683678539902, 
    8.48501734797156, 
    1.7226700406178539, 
    1.514254214664625, 
    5.4229127373220587, 
    30.358781446647576, 
    22.740063629684563, 
    21.673704361238826, 
    2.1124697875070884, 
    37.697471438514235, 
    1.6607061457401917, 
    9.8880179415003635, 
    55.513274662033176, 
    45.161537017962786, 
    14.208201207572367, 
    1.5475251712198732, 
    20.937136456487814, 
    1.1813669070259212, 
    22.315198669405266, 
    1.0721465996255439, 
    39.320737012997363, 
    23.90167932334073, 
    38.59777744099592, 
    1.4812787863398094, 
    32.502856263545198, 
    6.5464295996331723, 
    1.7600168680462427, 
    3.3488249372433945, 
    29.005614861474719, 
    3.3681871592204105, 
    21.256333529178459, 
    26.499946775246567, 
    19.434383181470121, 
    27.029044896683516, 
    1.6609615582508033, 
    26.265221501881438, 
    3.9372049817958321, 
    20.258658599888268, 
    20.691018813752628, 
    4.5884581639560054, 
    25.880740268410069, 
    2.6765684592285681, 
    2.0013502334639708, 
    21.818619295916385, 
    12.774050626384193, 
    23.483961499328245, 
    17.417530659261001, 
    2.2958862492898593, 
    6.6819580097070492, 
    1.5128022808877637, 
    20.923203488780111, 
    6.7411417415815054, 
    5.2076143292561845, 
    1.2716605822575771, 
    1.5843370448569332, 
    2.4257652302968751, 
    30.41952909240511, 
    24.540958572535338, 
    8.3692579466313806, 
    9.8932362562979179, 
    24.602816791730326, 
    18.824839626837303, 
    22.878555671528801, 
    20.369958620785436, 
    0.80127903292219294, 
    20.374858947414275, 
    20.480891505980281, 
    1.4811484363566521, 
    23.550477770994217, 
    37.344734255920081, 
    1.4477774720107996, 
    1.8509815811835648, 
    2.3744892412852914
  ], 
  "mae": 10.721847072134004, 
  "pearsonr": [
    0.71332158641037846, 
    8.2850696599684244e-17
  ], 
  "variance": 429.67258220648245
}