{
  "noise": 0.06464177333027975, 
  "log_likelihood": -1173.7547912492048, 
  "nlpd": -122.80294683020961, 
  "rmse": 7.0835845171230352, 
  "lengthscale": [
    1.3782272770430475
  ], 
  "mae": 4.4359437551395065, 
  "pearsonr": [
    0.79770796841581448, 
    2.9862422654070403e-23
  ], 
  "variance": 0.967133850950745
}