{
  "lengthscale": [
    0.5229213078498729
  ], 
  "noise": [
    20.079803343948072, 
    15.615461897328748, 
    17.993314195266173, 
    24.560025394963944, 
    27.086272488446813, 
    45.0797900545976
  ], 
  "kappa": [
    21.386401706991585, 
    16.840056176405152, 
    47.664106890495916, 
    43.65680149754829, 
    50.230354262458214, 
    30.71304534018592
  ], 
  "log_likelihood": -21349.843808019767, 
  "power": [
    0.022478277560431491
  ], 
  "joy": {
    "mae": 13.421131191955331, 
    "nlpd": 4.276885861555531, 
    "pearsonr": [
      0.51508072151190654, 
      4.1801902111416889e-08
    ], 
    "rmse": 16.652074169091051
  }, 
  "W": [
    2.4482810859732247, 
    1.657751138272451, 
    3.4118509982752143, 
    -6.830529361036545, 
    5.792801377307788, 
    -1.3878087496478841
  ], 
  "sadness": {
    "mae": 13.208293483476771, 
    "nlpd": 4.2619687524301133, 
    "pearsonr": [
      0.72093115370714933, 
      2.7268858430003864e-17
    ], 
    "rmse": 16.495326882216858
  }, 
  "disgust": {
    "mae": 4.5387074967070582, 
    "nlpd": 3.3530864154123936, 
    "pearsonr": [
      0.79999723831539227, 
      1.8146970348961118e-23
    ], 
    "rmse": 6.4404796170996121
  }, 
  "variance": 66.70419876544845, 
  "anger": {
    "mae": 7.3211090030463772, 
    "nlpd": 3.8564491627318254, 
    "pearsonr": [
      0.70361317775256371, 
      3.2495651861060891e-16
    ], 
    "rmse": 11.0691734851418
  }, 
  "surprise": {
    "mae": 8.7332034339218136, 
    "nlpd": 3.926493804949573, 
    "pearsonr": [
      0.4459862622575877, 
      3.3144836858798603e-06
    ], 
    "rmse": 12.164162638904646
  }, 
  "fear": {
    "mae": 10.612731693867367, 
    "nlpd": 4.1375302156681881, 
    "pearsonr": [
      0.71727595891379736, 
      4.6715777938108381e-17
    ], 
    "rmse": 14.420974985748309
  }
}