{
  "noise": 95.03406494473067, 
  "log_likelihood": -3576.2140608500176, 
  "nlpd": -3.7667428025746208, 
  "rmse": 10.022619452203143, 
  "weight_variance": [
    7257129.5505760377
  ], 
  "bias_variance": 66054690.21877803, 
  "mae": 8.088885557044307, 
  "pearsonr": [
    0.37600039423777409, 
    0.00011563588620576083
  ], 
  "variance": 250.04543257373754
}