{
  "log_likelihood": -4422.041846485233, 
  "nlpd": 3.92875518918768, 
  "rmse": 12.250756140416083, 
  "Gaussian_noise.variance": 135.01509910413944, 
  "mae": 8.8302573428921125, 
  "pearsonr": [
    0.59257952842413042, 
    3.3420324960220507e-13
  ], 
  "linear.variances": 8.464273104478266
}