{
  "warp_d": 0.5645677201705694, 
  "noise": 53.981168347485436, 
  "log_likelihood": -3623.630614068394, 
  "nlpd": -4.1223577541497125, 
  "rmse": 14.733456142384735, 
  "mae": 11.516412201851187, 
  "pearsonr": [
    0.30213441889350923, 
    0.0022499067737540629
  ], 
  "variance": [
    5.2214315161838769, 
    0.00063203564471388685, 
    13.348785039439536, 
    5.7811144973115089, 
    2.4162704871830045, 
    0.0008592800898957456, 
    2.9443242434075705, 
    9.6188007869612164, 
    0.00037521848498610176, 
    0.00041940455057128513, 
    0.00058613502459081701, 
    0.0085166215187568086, 
    1.0562847304379399, 
    0.0004756887865912362, 
    12.221667398548819, 
    0.00072550668907044816, 
    0.00099866769078769003, 
    0.0065709208184135696, 
    0.0060777225227874173, 
    9.3623010076510145, 
    0.00033749622519303285, 
    4.4312864075706306, 
    5.3337930717828224, 
    9.871839727106666, 
    4.7860917230338709, 
    0.0059177704740308607, 
    0.004952639630301678, 
    0.00065276605271316526, 
    1.9460337388397113, 
    0.00065426183684210945, 
    0.000325001945241141, 
    0.00033125753970512543, 
    0.00079901922027650449, 
    19.380783742603406, 
    0.0056725156289036249, 
    0.00065904225228238127, 
    0.0014460266629158038, 
    0.079102015103377402, 
    2.6135939492226878, 
    0.00064150824038761503, 
    0.0013900516893773608, 
    0.0064835920472243796, 
    0.00062166765173578178, 
    0.00076649963658932967, 
    7.8769251983440469, 
    0.0010380853970926496, 
    0.00025508564776761852, 
    0.0049201758840658298, 
    1.3535225855433692, 
    0.00083111908550098797, 
    0.89173522046569853, 
    0.0018538633661984013, 
    8.0973287691340392, 
    10.632430851791067, 
    0.00051704666509673556, 
    18.744291754025525, 
    0.00033077519826582124, 
    0.0045366089090802591, 
    0.00021472641779545279, 
    0.093585580306362076, 
    0.00096186495991786827, 
    0.00039864237867326462, 
    0.03850625839670118, 
    0.0035625422815439797, 
    0.00049109402148124915, 
    0.0080931265478175144, 
    6.5598306545288958, 
    18.871520902188418, 
    0.002427478265519924, 
    0.00039391090298954531, 
    17.444894208605294, 
    0.00055133063025443441, 
    3.8208418430251041, 
    0.9787711498970989, 
    4.1839842535803164, 
    0.00045726729264853672, 
    0.00077320458302075265, 
    8.9390881123455834, 
    0.00070540748700990258, 
    0.0046957418983198359, 
    26.497613946945364, 
    0.00047562558872598151, 
    3.5457513120427313, 
    16.26405573925669, 
    0.00053785072260317487, 
    7.0680510796274865, 
    0.0010568779410511525, 
    0.00091131480840934617, 
    0.00043053028134334184, 
    0.065593585466317439, 
    0.10066593250087458, 
    0.0007717653376804178, 
    17.524654421562332, 
    0.0035049592698035955, 
    0.00025703769760696129, 
    0.004479644924356728, 
    13.705741643259023, 
    14.690125485610631, 
    0.0016280561813511018, 
    0.0068076318011432643
  ], 
  "warp_psi": [
    [
      2.2522253717959709e-26, 
      0.0076924624117651382, 
      -0.1810736348229102
    ], 
    [
      7.6262171821325695e-23, 
      0.43742951348792242, 
      -4.7824459760242002
    ], 
    [
      8.2426817672560082e-27, 
      1.0068689645355091, 
      -6.3386933321820136
    ]
  ]
}