{
  "warp_d": 0.3834368718352553, 
  "noise": 17.237055651840635, 
  "log_likelihood": -3552.601265832436, 
  "nlpd": -3.9550191221686544, 
  "rmse": 12.55920144923569, 
  "mae": 9.2054963266069212, 
  "pearsonr": [
    0.12704628099777429, 
    0.20781334038296745
  ], 
  "variance": [
    2.2338469528252793, 
    0.21596465536089676, 
    1.9073802960959572, 
    0.39085864151641814, 
    0.18142352132611159, 
    0.35965074173217743, 
    0.26901690296777403, 
    0.2205913283230467, 
    0.79130455868517491, 
    5.5267727500988064, 
    1.3504453633053732, 
    0.32553440780500709, 
    1.353443463292116, 
    0.17849612626618333, 
    0.26363655181388362, 
    0.18822885105556525, 
    0.17597939630253071, 
    0.18991279340169925, 
    1.1675062969346162, 
    1.4395694864897624, 
    0.94391269296130342, 
    1.1988504884809066, 
    0.22782801144430267, 
    2.1923942854398382, 
    2.1797335639319049, 
    1.2208525448952547, 
    1.1745224925201081, 
    0.29329173435736855, 
    1.7852734718946675, 
    8.1715049353479614, 
    1.43701211580694, 
    2.3295156022150802, 
    5.7333248049286638, 
    2.8049584314195388, 
    0.37450336584798721, 
    0.18787016188900663, 
    0.27839503849421271, 
    0.20891455629941957, 
    0.25666630738769858, 
    0.25630948494087302, 
    0.71973826032479737, 
    0.20169357588053793, 
    0.60104165973527024, 
    0.42952607032038215, 
    1.4825497396900491, 
    0.21360244178758608, 
    0.30677678649736684, 
    0.25845807613747668, 
    1.8722527222044199, 
    1.6404493774172606, 
    0.30118306120615507, 
    0.19725792764196584, 
    0.27478878334295237, 
    2.3738327670821109, 
    0.29254809830956174, 
    8.0138004103818208, 
    2.8239617126109824, 
    0.23039943216010758, 
    0.22931958413627118, 
    0.23077678375087399, 
    1.4761856380846956, 
    1.092166400298781, 
    2.1463803011156086, 
    1.4812847384153573, 
    2.3337648846753671, 
    0.24504326095040191, 
    1.8567340861262085, 
    0.18395481032672803, 
    1.5751564889147349, 
    0.7892141002837505, 
    0.8025562128532352, 
    0.39475700160140342, 
    0.25448262249099746, 
    0.27410371828272106, 
    1.5541442690105287, 
    0.20718365179160614, 
    2.4063215015369468, 
    0.22027596072540337, 
    1.5830611125228411, 
    0.30745926653051026, 
    2.62031421380305, 
    5.0596785843441729, 
    0.51408360389785801, 
    4.4633350460903838, 
    0.49474237141474908, 
    0.25297021736078379, 
    0.98733704883594142, 
    1.140968337142241, 
    1.0014883909324626, 
    0.34967651013843831, 
    0.20626437640985096, 
    0.42013504793145018, 
    0.18889890959765943, 
    1.7075565323636723, 
    4.1710851325849641, 
    0.21990964641442803, 
    1.5496763264626534, 
    0.27093311557222927, 
    1.4539851793241727, 
    0.21901455865293606
  ], 
  "warp_psi": [
    [
      1.9894267569748629e-07, 
      1.7188275991194142, 
      1.8986071011753218
    ], 
    [
      1.2543275910717426e-08, 
      0.55256052173244652, 
      4.0177380024952383
    ], 
    [
      2.8292373576764838e-07, 
      2.1260207120599315, 
      2.0086481683743518
    ]
  ]
}