{
  "regularization": 10.0, 
  "rmse": 14.332055965012655, 
  "intercept": 4.7439015769119219, 
  "mae": 9.8835970195427727, 
  "pearsonr": [
    0.73771777579682818, 
    2.0531485715245134e-18
  ], 
  "coefs": [
    -3.7654686631793965, 
    0.7479910795193172, 
    -3.4658002737845046, 
    -4.0281463602584253, 
    -2.9565457588619939, 
    2.0005543634527583, 
    -3.5349821816911997, 
    -4.5989779169517755, 
    0.28212661066472178, 
    9.704624104099107, 
    2.9974690144210339, 
    0.61180038092222944, 
    2.0136296595792258, 
    1.242611428979908, 
    -1.2550195487037032, 
    0.18033105585395531, 
    -3.9642028092488237, 
    -0.031988067545173422, 
    -3.4316568731493415, 
    0.41153091012650639, 
    2.9214053019472743, 
    1.3591428686262523, 
    5.6630159232926269, 
    -1.5306897266513113, 
    -2.3985964567103841, 
    5.8891080141324963, 
    1.748630429863532, 
    6.1059228641493482, 
    0.0046307816545814173, 
    7.0211700680471605, 
    2.7996254143463619, 
    -0.7143046282022929, 
    1.8412729101154501, 
    1.0625631499548709, 
    -4.4851206324839206, 
    -6.963798839734471, 
    1.4020016475786643, 
    -10.025934695962826, 
    3.6146042653631478, 
    3.593903493391235, 
    -0.27945681207655859, 
    0.27940558274743027, 
    -3.5730586112518186, 
    -1.0626160664094624, 
    6.7459228971092244, 
    -0.19936040352662934, 
    6.6624795512320691, 
    0.75411669101315282, 
    -2.0819960804710962, 
    2.6352790871398173, 
    -3.0437293215990961, 
    3.408739818829301, 
    -0.7425138322538205, 
    2.2342728178295705, 
    -3.4867641640793501, 
    -2.9583417217620709, 
    3.4638352737457105, 
    -1.5077494759735728, 
    -0.74290764066955095, 
    2.9683968394888502, 
    2.5021709742676945, 
    4.6571185626417604, 
    0.39883728693463705, 
    -2.811097956144136, 
    -0.33413031745369803, 
    3.2124260395741495, 
    -5.2832692931958531, 
    0.043059620505564555, 
    0.48422057491211346, 
    4.4648745534946057, 
    -1.4684292248644577, 
    -4.9510134525239193, 
    0.3206489964741992, 
    6.0001977917736449, 
    4.116143035715762, 
    -0.52461518243474603, 
    6.4459157369858273, 
    -1.4658603205115663, 
    -1.5797183174945848, 
    2.7122425380257766, 
    7.3297742659891831, 
    -7.2162397713692297, 
    -6.8081276768620604, 
    1.6729207130462631, 
    1.7856348360701275, 
    1.728889253845624, 
    2.6212378027404717, 
    1.7970099796325125, 
    -2.6570999360924867, 
    -2.1337803412763572, 
    -2.4707817512962071, 
    5.3122034569566878, 
    -0.92580903728425346, 
    -1.626629393302083, 
    -3.2742282418283084, 
    1.5062498174582652, 
    1.7270669058865595, 
    -1.175959147234344, 
    0.38814287932362224, 
    -3.7105579113888831
  ]
}