{
  "regularization": 10.0, 
  "rmse": 14.430531077907849, 
  "epsilon": 10.0, 
  "mae": 11.212281921567255, 
  "pearsonr": [
    0.41594422367355005, 
    1.406277748530514e-06
  ], 
  "gamma": 0.10000000000000001
}