{
  "noise": 297.5814687394142, 
  "log_likelihood": -3890.710417523999, 
  "nlpd": -4.4157219258061335, 
  "rmse": 19.770772943681269, 
  "mae": 16.209206532831502, 
  "pearsonr": [
    0.43106657327609366, 
    7.5630090679928668e-06
  ], 
  "variance": [
    60.228699314870461, 
    5.8667562267005185e-05, 
    4.7294020516128521e-05, 
    124.47283046281007, 
    165.21084834624605, 
    76.261362257423201, 
    25.248870367717803, 
    0.0003492573117620707, 
    36.366291904155382, 
    37.801666149232496, 
    1.4201337366635028e-05, 
    5.6659695798033692e-05, 
    4.9433834289939419e-05, 
    16.906444035330907, 
    24.524502670006804, 
    7.0021293647781342e-05, 
    6.1206747482253467, 
    5.3698215070761032e-05, 
    4.9583485836963666e-05, 
    60.188533028438535, 
    6.6828680183409805e-10, 
    1.0794422475264271, 
    5.250378923340205e-05, 
    2.9102401818865786e-09, 
    25.671447422173902, 
    4.9986782188002159e-05, 
    6.8201733657623822e-05, 
    4.3925454213953461e-05, 
    4.3633523338410036, 
    225.35170941178046, 
    145.61224158193789, 
    7.6248194070440618e-05, 
    0.00010109955885535339, 
    158.13496241220824, 
    43.193063758964044, 
    94.676359356461688, 
    4.0876125367332685e-05, 
    4.983490645983338e-05, 
    132.25947611234736, 
    13.534376094028248, 
    60.680524754131824, 
    0.0002117171191315298, 
    113.44951503534099, 
    15.318723441700678, 
    5.8320326954239585e-09, 
    5.6295782315585836e-05, 
    5.5101213881514512, 
    0.00014383311487736386, 
    17.553416602552058, 
    6.2578406476677766e-05, 
    145.59858305480762, 
    50.32045115951874, 
    5.4842807305463048e-05, 
    3.4875273134055442, 
    3.1499438359315716e-05, 
    25.027092471139174, 
    3.8952309474082966e-05, 
    13.755398152247233, 
    35.163589888519489, 
    120.17125499137207, 
    0.00040828579921592509, 
    62.157080749068534, 
    5.7112509407339212e-05, 
    11.812660747524825, 
    5.7376646616971821e-05, 
    6.0310074064505868e-05, 
    3.8031885259067063e-05, 
    6.6479625361733659, 
    56.843576091483726, 
    24.127776520613917, 
    109.00477355698193, 
    5.0741533862374115e-05, 
    83.020104386872219, 
    14.078077380627041, 
    8.7253807365382752, 
    4.3544868608471603, 
    35.082361477138257, 
    4.2127901527534792e-05, 
    16.443155847985572, 
    207.74000956476073, 
    39.491976480316566, 
    2.0895170611760245e-07, 
    3.8619587868151704, 
    63.218105746733485, 
    5.6353388279586101, 
    4.844895631746928e-05, 
    193.77781836129151, 
    7.2219523283389533, 
    97.653384439982233, 
    8.5835255043082838e-06, 
    30.185201631193113, 
    16.679780946821687, 
    4.7005093251777483e-05, 
    7.2378398233611456e-05, 
    0.0031762822223386443, 
    67.939458936391759, 
    4.9389590526617546e-05, 
    4.6625892255351718e-05, 
    5.3834030246057313e-05, 
    4.7116670740610773e-05
  ]
}