{
  "noise": 0.5408404703106482, 
  "log_likelihood": -1048.5604673463777, 
  "nlpd": -606.86819756467298, 
  "rmse": 17.556318980515201, 
  "mae": 12.722530096071051, 
  "pearsonr": [
    0.56718137736649277, 
    7.6314110083917292e-10
  ], 
  "variance": [
    0.076794644854190103, 
    2.7321154855456817e-06, 
    0.00017150282979951613, 
    0.058683255195080435, 
    0.063217402471972287, 
    0.058556975555347904, 
    6.0811404906641301e-05, 
    9.2122793487812223e-05, 
    0.10880388028781603, 
    1.2190441384825775e-06, 
    2.4998291986651602e-06, 
    0.051334331378654223, 
    0.042603487005730252, 
    1.2403424232080538e-06, 
    2.0959952667881213e-06, 
    3.7959840192384531e-05, 
    1.6689547359694852e-06, 
    3.0643666155685505e-06, 
    0.063638581444255965, 
    0.25902324231925977, 
    0.043001876848644829, 
    1.3640518554357277e-06, 
    0.37832103544833434, 
    0.012651188795179125, 
    4.336121090689323e-06, 
    1.2201942783917207e-06, 
    1.1215875580412661e-06, 
    0.086715715986786429, 
    0.034376010584700231, 
    0.1188151605135918, 
    0.16577118658072185, 
    0.0075604967072894968, 
    1.9596981293442189e-06, 
    0.00033116411168221513, 
    0.61654238854709487, 
    1.7912701075553624e-06, 
    2.5825375913364978e-05, 
    0.039347759756226265, 
    2.9109414061139984e-06, 
    0.021557131871874882, 
    2.0905191224564672e-06, 
    0.047508972340733341, 
    6.0933343846246177e-07, 
    2.9816737667721995e-05, 
    4.4817934221953877e-06, 
    0.1763330845774112, 
    1.3029757864542641e-06, 
    0.10440417739956154, 
    0.24112640623443521, 
    0.18813252759620649, 
    2.5422492256000273e-06, 
    0.17890189601281681, 
    8.1077900295506009e-06, 
    0.046339502178722618, 
    0.006743856089226315, 
    2.654871791492729e-07, 
    8.5361313830216331e-07, 
    8.5012704876308572e-07, 
    1.6752657160775812e-06, 
    0.16349410418531002, 
    0.022991908406131956, 
    7.020676493404365e-07, 
    1.2416731619691872e-06, 
    0.00023860366989733348, 
    0.60056773629055349, 
    0.086003154164410234, 
    3.6552029206847958e-06, 
    3.349239350083228e-06, 
    0.031477167992137567, 
    5.5783627438330713e-05, 
    3.7188798453289704e-06, 
    1.101135187771294e-06, 
    2.2399765029326039e-06, 
    0.50615414008660942, 
    0.15754317339476345, 
    0.10093467677573596, 
    0.054492231446365877, 
    0.030488519151862351, 
    4.1517803537493294e-06, 
    0.07193427225601412, 
    0.19442990091380138, 
    0.13078725180526729, 
    1.6620782969047637e-06, 
    2.9665356084773864e-06, 
    1.1241800140048658e-05, 
    5.1092138733677427e-06, 
    0.0094335203109084768, 
    0.042404379242761629, 
    0.00067544643415067397, 
    1.3314031945269257e-06, 
    0.00022399992259174384, 
    0.046047256740935141, 
    0.086646728556475816, 
    0.055250632112293002, 
    0.015715524649902762, 
    0.13163017789165585, 
    5.8111732158451881e-05, 
    0.030828327636068679, 
    1.6578305971357495e-06, 
    0.13626033849262964
  ]
}