{
  "regularization": 10.0, 
  "rmse": 15.254785251725076, 
  "epsilon": 10.0, 
  "mae": 11.093140019922755, 
  "pearsonr": [
    0.42284874992115434, 
    8.9902653792274605e-07
  ], 
  "gamma": 0.10000000000000001
}