{
  "regularization": 10.0, 
  "rmse": 11.951558762803653, 
  "epsilon": 10.0, 
  "mae": 8.5225240039759953, 
  "pearsonr": [
    0.4689843215407794, 
    8.5883641256493253e-07
  ], 
  "gamma": 0.10000000000000001
}