{
  "log_likelihood": -4427.09172831975, 
  "nlpd": 3.8911302183395127, 
  "rmse": 11.892300623097755, 
  "Gaussian_noise.variance": 136.3786376130835, 
  "mae": 7.7580492932618226, 
  "pearsonr": [
    0.49951588700488669, 
    3.027995702652569e-09
  ], 
  "linear.variances": 8.470653752252753
}