{
  "noise": 106.08599326822022, 
  "log_likelihood": -3444.5250388173945, 
  "nlpd": -3.9537468300408873, 
  "rmse": 12.298398672779424, 
  "mae": 9.159272524548264, 
  "pearsonr": [
    0.5256300393537745, 
    1.961406250888132e-08
  ], 
  "variance": [
    8.9590718267742773
  ]
}