{
  "warp_d": 0.11309719214727447, 
  "noise": 0.4827780869022753, 
  "power": [
    0.10070397182374927
  ], 
  "nlpd": -4.0812418791889886, 
  "rmse": 14.692842274224294, 
  "lengthscale": [
    0.76482893703636956
  ], 
  "mae": 11.161353177461628, 
  "pearsonr": [
    0.75863182854151467, 
    6.1225484859997564e-20
  ], 
  "variance": 14.987193479927654, 
  "warp_psi": [
    [
      3.5373471282990422e-08, 
      0.052633674329067834, 
      -0.80978305276709561
    ], 
    [
      5.0786911792118828e-07, 
      0.71795632934044118, 
      2.3859395180789789
    ], 
    [
      4.2269821666344375e-08, 
      4.3901386846233867, 
      4.5097102580768436
    ]
  ], 
  "log_likelihood": -3678.888451422081
}