{
  "log_likelihood": -4894.413568560409, 
  "nlpd": 4.2106833454263697, 
  "rmse": 16.1003188650322, 
  "Gaussian_noise.variance": 306.2256227451656, 
  "mae": 12.515087882072624, 
  "pearsonr": [
    0.75416456492713058, 
    3.2434242455312436e-24
  ], 
  "linear.variances": 26.836527531119298
}