{
  "noise": 290.1541289201879, 
  "log_likelihood": -3903.8964087047993, 
  "nlpd": -4.2578870820988266, 
  "rmse": 17.105952470920172, 
  "mae": 12.191103709377366, 
  "pearsonr": [
    0.66773235461331182, 
    3.2544685907221786e-14
  ], 
  "variance": [
    29.698484223870775
  ]
}