{
  "noise": 0.39114176733338124, 
  "log_likelihood": -1122.5084531290727, 
  "nlpd": -398.61452288730243, 
  "rmse": 12.267074657860562, 
  "lengthscale": [
    0.83339390628362064, 
    2.9868518289797357, 
    0.94674364671809197, 
    8.599732141936423, 
    0.65219973349262339, 
    20.122348959666713, 
    8.4244455642452536, 
    0.97255062474009635, 
    10.584089870446682, 
    7.0223267876879758, 
    17.591973465202368, 
    0.44147100849494669, 
    13.877464412830118, 
    12.059344303050555, 
    1.0463422995908662, 
    10.982461129744607, 
    9.6448450953102185, 
    10.463387416173017, 
    15.47566485291361, 
    12.363426507480099, 
    9.2150032292950268, 
    9.8062721332992915, 
    6.978994226689192, 
    12.70970081672677, 
    7.9530844258998172, 
    10.706160541304103, 
    3.8620270652951074, 
    11.867600287790149, 
    9.6079049190692807, 
    0.55009522371576036, 
    11.259204743343226, 
    0.72314274738037521, 
    10.90293488866358, 
    1.8862756996345806, 
    10.429840524073946, 
    9.0739195513087889, 
    1.5650468342552246, 
    1.2466253892311818, 
    1.0968076902947954, 
    0.67352859068473658, 
    0.76897670180287681, 
    7.2363015095426144, 
    16.919062941588543, 
    9.205777536942632, 
    0.69664233084268545, 
    14.594507857490809, 
    14.395231033032143, 
    8.3219456793469995, 
    11.238266603278138, 
    17.703128336596066, 
    12.422314521499771, 
    12.913601483152259, 
    6.964143302841677, 
    12.175541914229072, 
    13.947575566056418, 
    28.427900328195562, 
    11.071043249697793, 
    15.204723413530823, 
    19.806561687310097, 
    9.154313876730745, 
    18.195791372587244, 
    5.7500973012499417, 
    0.99253764845608183, 
    1.2443075371599046, 
    7.2090886113053427, 
    10.497893616146717, 
    11.578242153593328, 
    0.61393029806755173, 
    15.430016773406045, 
    2.7460494169615948, 
    1.1295281538563029, 
    0.51941074966477563, 
    0.74513801254522871, 
    10.661395248990525, 
    6.3753332053571024, 
    18.163263615793532, 
    11.452166601408468, 
    6.8549272792895248, 
    15.886443711081325, 
    11.019554096503848, 
    4.7143794062006528, 
    2.1052884947777009, 
    1.3089808286582421, 
    12.379057874524024, 
    12.259667983331131, 
    10.206401291991993, 
    11.347928321976424, 
    17.20368546880054, 
    14.839134526508664, 
    10.42311145881609, 
    0.88319528034224271, 
    7.9049210927288458, 
    0.57367028571177014, 
    2.0843032319563246, 
    10.156137565905244, 
    11.016862771013161, 
    0.69188228756160886, 
    0.94892908561870071, 
    12.106200889655764, 
    2.236182657811181
  ], 
  "mae": 9.2279501796099925, 
  "pearsonr": [
    0.49111466197491277, 
    2.1267219935443302e-07
  ], 
  "variance": 0.5896268998765386
}