{
  "warp_d": 0.15490973799093616, 
  "noise": 2.1216488199475583, 
  "log_likelihood": -3457.4301203635114, 
  "nlpd": -3.6610843269897102, 
  "rmse": 9.0783440198840299, 
  "lengthscale": [
    5.6854789088914561
  ], 
  "mae": 6.699229915532352, 
  "pearsonr": [
    0.6590305330237386, 
    9.0521228256073308e-14
  ], 
  "variance": 10.32517854688491, 
  "warp_psi": [
    [
      6.0708193507379879e-07, 
      0.55764887754135384, 
      -0.54727256764609411
    ], 
    [
      9.5593755162573323e-08, 
      0.25136963006936297, 
      2.6229348343650849
    ], 
    [
      1.8451667244557984e-07, 
      0.67567700664880215, 
      0.19190710696494301
    ]
  ]
}