{
  "noise": 0.0899827135197155, 
  "log_likelihood": -1161.4861913750835, 
  "nlpd": -134.28577780987959, 
  "rmse": 10.65745594024949, 
  "lengthscale": [
    1.1669303064824788
  ], 
  "mae": 6.301072066387202, 
  "pearsonr": [
    0.59692182305131436, 
    5.5814864633184569e-11
  ], 
  "variance": 0.8366795465993869
}