{
  "noise": 28.11722649446354, 
  "log_likelihood": -3779.4748681291844, 
  "nlpd": -4.2753329821229924, 
  "rmse": 16.986094693308264, 
  "weight_variance": [
    3.1694216325951083e-11, 
    0.00086358210062464447, 
    6.232858549365659e-08, 
    1.8716333371593704e-11, 
    6.7805401576882476, 
    1.6925975247039483e-09, 
    163.92977144039799, 
    0.41087374095200824, 
    5.8564652190058384, 
    2.4821901543759845e-08, 
    8.6989505075136366e-10, 
    17.716607775970459, 
    18.705214568314275, 
    4.3865617077113791e-08, 
    2.9538957578673435e-06, 
    2.861070223866603e-08, 
    4.075835840825861, 
    1.3563233923249786e-07, 
    33.691911398229884, 
    34.427388558397283, 
    5.3574099305567597e-38, 
    1.968595135929643e-08, 
    15.974891205418322, 
    3.9932953456847963e-10, 
    7.5469877173897358e-12, 
    1.8393702863577881e-07, 
    1.487283693047832e-07, 
    3.4044111729083136e-09, 
    7.3626489594340319, 
    248.4883047210958, 
    26.939794052349267, 
    3.0405943719467475e-07, 
    1.5609024728030108e-07, 
    8.2011348977864416e-09, 
    42.517748687970546, 
    237.56739673955167, 
    1.1583560498555468e-07, 
    3.131528866236359e-08, 
    3.6889461353697915e-09, 
    4.1979251794588919, 
    2.7942407239406236e-06, 
    45.257542836469064, 
    4.3285132393386429e-08, 
    1.0805091255246264e-09, 
    1.1528240543040564, 
    18.624766318086202, 
    4.8227309863700933e-09, 
    11.928701772689934, 
    65.895961533338294, 
    7.7937229770682777, 
    1.0619728715133354e-07, 
    3.067841258964444e-06, 
    1.2376527561588046e-12, 
    2.7004674826978513e-17, 
    6.4515921971819058e-35, 
    2.1354769281681158e-08, 
    7.775927209823259e-10, 
    2.8809337804388744e-08, 
    1.0457933376173926e-09, 
    3.6528229491767825, 
    4.6458273215215797, 
    1.0545910549539017e-08, 
    7.5661472676888774e-08, 
    29.725509415161255, 
    28.933654089239024, 
    9.3216611855696048, 
    1.1475927200031431, 
    1.4837289091487343e-07, 
    6.644439936182523e-09, 
    1.1497212827655237e-08, 
    1.8969046791424067e-08, 
    6.2139001053254088e-08, 
    2.7542738103325298e-07, 
    19.786345157742861, 
    13.628641817449893, 
    234.61573872285985, 
    6.9008078269737798e-08, 
    6.2122601511469426, 
    1.4757368249103589e-06, 
    2.8915511167933456e-08, 
    14.214108885818296, 
    2.3292867673106707, 
    1.7943480525912119e-07, 
    1.4282316473385738e-07, 
    3.0436627480246625e-15, 
    31.006408298112685, 
    1.4582276743018204e-10, 
    85.988266530867719, 
    159.3462144505028, 
    106.81196547543495, 
    127.60949175207175, 
    2.4849280100998947, 
    122.50015447727242, 
    6.8396869658888093, 
    3.5157487654339255e-05, 
    1.0727344888417887, 
    202.0507800181648, 
    71.364297049705797, 
    4.6876337389592594e-07, 
    76.196739622363665
  ], 
  "bias_variance": 15.28621802038365, 
  "mae": 12.495313758436277, 
  "pearsonr": [
    0.62198756083582585, 
    4.9536994441952458e-12
  ], 
  "variance": 923.6215993440803
}