{
  "noise": [
    113.52536259224166, 
    73.10427981458005, 
    202.41327489404705, 
    297.8199220539134, 
    280.8039325793014, 
    152.0427703948836
  ], 
  "kappa": [
    0.40342996943657616, 
    2.270543314851746, 
    25.793518251213914, 
    43.904285460368556, 
    51.71229018150709, 
    21.570221800793288
  ], 
  "log_likelihood": -21792.846559168203, 
  "joy": {
    "mae": 15.693818206851965, 
    "nlpd": 4.4590049835898879, 
    "pearsonr": [
      0.43372548541055017, 
      6.5475318726453332e-06
    ], 
    "rmse": 20.452726593653715
  }, 
  "W": [
    -4.484661315987638, 
    -2.133832017458507, 
    -4.275926818014692, 
    4.797148740100764, 
    -4.728104462318546, 
    1.724288152549896
  ], 
  "sadness": {
    "mae": 15.590310106057203, 
    "nlpd": 4.4659698012119646, 
    "pearsonr": [
      0.58276279000393838, 
      2.003525579051342e-10
    ], 
    "rmse": 20.407307181401602
  }, 
  "disgust": {
    "mae": 6.9614659200506663, 
    "nlpd": 3.8058295357454379, 
    "pearsonr": [
      0.44209038845384374, 
      4.1267653883545013e-06
    ], 
    "rmse": 10.466966524042615
  }, 
  "variance": [
    0.86166580498400758, 
    7.0639158283627068e-06, 
    0.086885475402048287, 
    0.47562902727433853, 
    0.86042660443287344, 
    0.51436062466052124, 
    0.56090192980103426, 
    0.23666178067286922, 
    0.060310986681353901, 
    0.934152597832687, 
    1.0531153958598208e-06, 
    0.36981327984750018, 
    0.00035931011803521929, 
    0.35732368803404224, 
    0.31400674381787314, 
    0.11420380788528701, 
    0.15690242691796161, 
    6.6023738978769725e-05, 
    0.66766045102839722, 
    0.70175151968053151, 
    1.0895541818069554e-06, 
    1.848369105776976e-05, 
    0.40508364257383378, 
    0.27043929971434955, 
    0.0096568570397587185, 
    0.1458961190714464, 
    0.20795127773011279, 
    0.46270570818854895, 
    0.064481754246314499, 
    0.96584094026298584, 
    0.82609433026363321, 
    0.10898020896554271, 
    0.22615221051361462, 
    0.67031188322293989, 
    0.66013608772986188, 
    0.28713003135431292, 
    0.0098479629960696608, 
    0.83375903493934289, 
    0.2383810122470286, 
    3.1989613454456317e-06, 
    0.96665822500316345, 
    0.00068173166896847554, 
    0.29807024946345811, 
    0.00056236604080912259, 
    0.76367524494917782, 
    0.00019884328243046691, 
    0.30603730298439996, 
    0.41219289116037511, 
    0.15780417519215567, 
    0.11917155471375286, 
    0.32420199489543466, 
    0.23649313311439757, 
    0.25988463130970751, 
    1.3060578229403088, 
    1.7457609676301759e-05, 
    0.23671833654720356, 
    0.6726569238811051, 
    0.11979795098702875, 
    0.31123880668608289, 
    0.50643687074839372, 
    0.30076033130691404, 
    0.95742970647715109, 
    0.48369788423704418, 
    1.9428144766282964e-05, 
    0.67802507126624012, 
    0.39296243617080578, 
    2.6507634341923647, 
    0.52507056039366806, 
    0.15347897466538807, 
    0.22553711095662818, 
    2.9020411906703512, 
    0.00017078017934300921, 
    0.39331595116871609, 
    1.3355683116899866, 
    1.1404377707366713, 
    0.15356180895241367, 
    0.63665362817935278, 
    5.2810378333811671e-05, 
    0.42215823269058028, 
    0.53757046956372112, 
    0.39073693993037184, 
    1.6477019120847922, 
    1.0683104895067475, 
    0.38621387366494514, 
    0.74882857430947891, 
    0.3684432395330961, 
    0.56647863273490251, 
    0.2695262279474876, 
    0.4208597499892065, 
    0.36743860002225998, 
    0.67416642452465159, 
    0.40157616939158269, 
    0.54176995858393684, 
    0.14287076139800461, 
    2.5996266663025742, 
    0.48143953854282168, 
    0.97179537308138975, 
    1.1761900271183323, 
    0.33640680661015726, 
    0.46145155011907968
  ], 
  "anger": {
    "mae": 7.5900970318473187, 
    "nlpd": 3.7407714133661072, 
    "pearsonr": [
      0.54250624909646739, 
      5.5327842445018782e-09
    ], 
    "rmse": 10.144579157709998
  }, 
  "surprise": {
    "mae": 9.557096232908453, 
    "nlpd": 3.9557223598599567, 
    "pearsonr": [
      0.44418706724292223, 
      3.668802260496059e-06
    ], 
    "rmse": 12.636733247550515
  }, 
  "fear": {
    "mae": 11.253233144860882, 
    "nlpd": 4.1690441737795743, 
    "pearsonr": [
      0.61099270824135743, 
      1.4712431845569404e-11
    ], 
    "rmse": 15.578390485708502
  }
}