{
  "noise": 13.900401663464201, 
  "log_likelihood": -3835.869929041844, 
  "nlpd": -4.1046645395050891, 
  "rmse": 13.966484657364877, 
  "weight_variance": [
    7.4420236534084348e-05, 
    9.4337480991939202e-08, 
    21.35243028979199, 
    36.202620640483154, 
    29.833564451269197, 
    70.602914556104395, 
    4.6412349477145822e-26, 
    7.1017921761846881e-09, 
    4.2285255291439343, 
    42.170432599817602, 
    1.6557207292450682e-08, 
    8.064674950003127, 
    2.1712963279754269e-08, 
    1.3819431018293699e-09, 
    2.4541568011460625e-18, 
    7.9489341910456386e-09, 
    11.203694894217364, 
    1.1944217881945234e-08, 
    7.2635842408960293e-10, 
    5.6212107065503486e-09, 
    34.878264025412001, 
    114.19362201813783, 
    2.5677351003000525e-09, 
    4.0496881816380014e-10, 
    4.1612535223450168e-09, 
    2.4076302318265313e-09, 
    5.5012886298747011e-54, 
    2.7664955593443964e-08, 
    5.5478897917937857, 
    27.74155462762636, 
    33.313950915646707, 
    4.9164293350411173e-09, 
    1.1113651596871923e-40, 
    129.34064177728533, 
    0.0014782032637840775, 
    38.686173073876063, 
    2.0969017993839698e-08, 
    1.1460856799518549e-08, 
    7.577631717396546, 
    8.5109371892084453e-08, 
    144.66193434102348, 
    1.9764203531431943e-09, 
    13.808572596095749, 
    4.0032519118324136e-10, 
    1.3659788967171581e-14, 
    1.5514296124706518e-08, 
    1.6333301451659958e-14, 
    7.7483620724492024e-10, 
    4.580647062147559, 
    1.9735209010346874e-10, 
    155.62975909933979, 
    76.802728732373026, 
    6.2289989183071077e-10, 
    6.7076118641013416e-11, 
    2.6039610948687265e-08, 
    6.1326966632890551e-14, 
    194.68457212284713, 
    18.788680067784668, 
    3.4417956639780054e-12, 
    155.2778839055932, 
    1.4567009576183129e-10, 
    4.3083130683281476, 
    7.1219150143763513e-09, 
    3.2526722960121618e-06, 
    5.4071767922349844e-09, 
    5.10499833736042e-09, 
    4.2231851162130474e-10, 
    3.8836711119545429e-09, 
    38.776707659906073, 
    208.52978572282109, 
    112.18784773632714, 
    63.419621895541326, 
    3.0995484422318547e-09, 
    1.083134513010689e-10, 
    3.4545805397867658e-14, 
    2.1589606163292152e-09, 
    327.24092551098147, 
    3.3928773391364819e-09, 
    6.6511718000667489e-07, 
    295.0435736336363, 
    134.71653486061243, 
    2.6545936326263444, 
    3.09191763209017, 
    7.8334798753306987e-19, 
    6.7431797683588635e-12, 
    4.5725409212267357e-09, 
    22.388426448591609, 
    1.3572516803095573, 
    164.03077842821671, 
    1.1414039772778798e-10, 
    4.1156544099531192e-08, 
    0.080301685786225888, 
    7.8133153812878046e-09, 
    9.965467429153316e-09, 
    84.268191201095263, 
    12.102099278395119, 
    1.4093744703854321e-08, 
    6.807623706308648e-13, 
    2.3959265246701103e-10, 
    5.1810353198213046e-09
  ], 
  "bias_variance": 48.14540558255667, 
  "mae": 11.106278997344086, 
  "pearsonr": [
    0.67655823177859165, 
    1.1128394185782889e-14
  ], 
  "variance": 1304.5495143905903
}