{
  "noise": 0.1022432295510134, 
  "power": [
    0.48412757239057924
  ], 
  "nlpd": -781.87786941984587, 
  "rmse": 13.300320138275175, 
  "lengthscale": [
    1.2011406894676431
  ], 
  "mae": 9.0355334953455646, 
  "pearsonr": [
    0.73710671515225212, 
    2.2636233602108313e-18
  ], 
  "variance": 1.1052181947952977, 
  "log_likelihood": -966.4720703425529
}