{
  "warp_d": 0.37673074173515253, 
  "noise": 7.659070106757292, 
  "log_likelihood": -3200.4709637475694, 
  "nlpd": -3.7774903123105794, 
  "rmse": 9.8448591518692758, 
  "lengthscale": [
    25.728697023143102, 
    27.714274842641807, 
    32.713885458929838, 
    26.267705118286827, 
    18.954293963725707, 
    32.855098697542886, 
    28.913077119014694, 
    30.895260177841621, 
    35.672110858680689, 
    25.161733101987174, 
    28.114411671888977, 
    26.129227116905792, 
    32.270500064504972, 
    30.901940959006204, 
    33.076625964681604, 
    20.252272290767856, 
    33.247717493631626, 
    27.653998851031346, 
    28.699643248800506, 
    34.288558980065815, 
    33.227121331343582, 
    32.992203964115681, 
    32.537594048003342, 
    34.030281415678814, 
    24.958115766112094, 
    35.209118639391058, 
    1.269189151277567, 
    25.724184826512456, 
    36.070477040169813, 
    0.9041728220979709, 
    3.1897891860095111, 
    20.042706361238938, 
    25.960067728425972, 
    28.530880394395862, 
    30.547255354133483, 
    1.9598226757145756, 
    34.957605412210853, 
    27.332515971380023, 
    31.987087884195279, 
    26.527681193862414, 
    35.394531874958808, 
    31.793989853011517, 
    33.550625112853162, 
    28.043752975959148, 
    30.810642529299525, 
    28.850037153843832, 
    32.258696419372001, 
    25.497270990501608, 
    36.035445299832453, 
    25.257334853928775, 
    29.607752268226591, 
    25.085240638700888, 
    14.098781705041475, 
    30.596963798324985, 
    24.699731919316712, 
    42.875302897853452, 
    13.121456889319042, 
    29.760604778268348, 
    25.295390835149327, 
    27.219388688012831, 
    26.815599153538166, 
    27.824323937194784, 
    25.342168207298887, 
    33.026517063947665, 
    29.336051811748021, 
    21.463871619405221, 
    2.7766471042901752, 
    33.194050058087242, 
    31.491881404946334, 
    32.92129839080873, 
    29.833750767360097, 
    30.141429730672264, 
    26.461179177462625, 
    19.605207937810196, 
    27.837188045033677, 
    28.15225021157082, 
    26.105370748884614, 
    18.875412326936711, 
    33.151529836327121, 
    26.316742674591929, 
    30.735716433885379, 
    10.124960244803869, 
    26.061320214033252, 
    28.003904190436526, 
    31.413948059276425, 
    26.019729871920731, 
    32.947526262853131, 
    11.779933284748639, 
    30.321604661130657, 
    22.78565467886277, 
    30.480032310320556, 
    28.52774846769643, 
    23.508042171924227, 
    32.670802917957388, 
    3.165272198950948, 
    28.633223927044138, 
    2.3355965479599416, 
    28.866250821986153, 
    27.938798084604592, 
    23.853292337233995
  ], 
  "mae": 6.4946853485192957, 
  "pearsonr": [
    0.53274685636434693, 
    1.1599945072039436e-08
  ], 
  "variance": 131.25470735402573, 
  "warp_psi": [
    [
      2.5257466547303198e-56, 
      1.7950874133048402, 
      1.8217674940583986
    ], 
    [
      7.7107106351107229e-65, 
      1.0941404748761672, 
      2.8795913660176358
    ], 
    [
      6.2663121624653206e-54, 
      0.94700309719150721, 
      2.9918425353728972
    ]
  ]
}