{
  "noise": 0.1610400981529857, 
  "log_likelihood": -979.8541320253785, 
  "nlpd": -643.67262011917558, 
  "rmse": 11.473720104730186, 
  "lengthscale": [
    2.1124774831709936
  ], 
  "mae": 8.976662831890529, 
  "pearsonr": [
    0.81835697746065106, 
    2.6070849149931158e-25
  ], 
  "variance": 0.7558190322440399
}