{
  "regularization": 10.0, 
  "rmse": 14.164411566286658, 
  "intercept": 14.93037082077476, 
  "mae": 11.452601409892015, 
  "pearsonr": [
    0.33898975565383527, 
    0.00011014181343623506
  ], 
  "coefs": [
    5.7622633566845414, 
    2.9126847774668807, 
    -3.1041301664268652, 
    0.31310586558223641, 
    -3.6549757730899963, 
    -0.68957956429693601, 
    0.84813276079915378, 
    2.511113820766762, 
    0.72892270997758446, 
    -3.4612185970867921, 
    -1.3882604782029857, 
    -0.2313816890553676, 
    0.2523993658295911, 
    2.3201457055741961, 
    3.7144740843073256, 
    1.5711917813603158, 
    0.17182894914257174, 
    0.25871631462768135, 
    3.0302069453683518, 
    -0.72111775809629874, 
    -1.1861777665408242, 
    3.223248061387384, 
    -3.9829494796662863, 
    1.1777134018560591, 
    -2.4517544462394345, 
    -0.82072080020037574, 
    0.024752481206978788, 
    -3.0863165216378055, 
    1.1929873190997111, 
    -3.2083394316320173, 
    2.9995209302075048, 
    0.69624225939049156, 
    -5.2755911685677859, 
    -4.9351278573814312, 
    1.7169539701954055, 
    1.4089582002097565, 
    -2.5219802666393556, 
    -0.41550124551938955, 
    2.5427146187120506, 
    -0.18969675663820729, 
    -4.3603917340452236, 
    1.1915094591943529, 
    1.2338469663455893, 
    0.70520177890356095, 
    -2.9282333170760948, 
    2.0231039701667561, 
    -0.036455209150907941, 
    0.85880480137589343, 
    2.1771930705616267, 
    -0.46595086956653359, 
    1.0014513940204712, 
    0.77483930601339512, 
    3.259053279374732, 
    2.1071689020526359, 
    -0.67604301365537744, 
    -1.1164174855442626, 
    -5.1638968743373326, 
    -1.381465799752998, 
    0.31842691343073715, 
    -2.019949195464696, 
    -2.424151785390209, 
    0.26367267575286996, 
    2.5934083156875052, 
    2.0552714952240456, 
    0.78297245472695598, 
    1.4907201549903597, 
    3.6072526274276973, 
    -2.947675498607679, 
    0.67262950144726052, 
    -0.89400081753988336, 
    6.4953200946794638, 
    0.19302993190900661, 
    1.5342952858508343, 
    3.2231448398538265, 
    0.65574359207549981, 
    0.29400297109028345, 
    2.748026091555237, 
    -4.4171539216281639, 
    -0.14119115180222586, 
    -2.2020636717308339, 
    -2.9960975555941398, 
    -4.7416247721577669, 
    0.64752433081485128, 
    -1.7305817641844399, 
    0.43148496309645357, 
    4.7349877096632831, 
    3.8688252899005091, 
    -1.2611855483919754, 
    -2.3926113553199713, 
    2.6796116138790742, 
    2.7804203413804918, 
    0.54915257808733831, 
    3.065315609877568, 
    0.12246116742015653, 
    -0.34190548850481023, 
    -0.97948078732092536, 
    -5.6934525147001747, 
    -3.9258712094286623, 
    2.6513054446585578, 
    -1.4107048393726509
  ]
}