{
  "warp_d": 0.2016162641690017, 
  "noise": 4.4871356612169775, 
  "log_likelihood": -3570.50075862472, 
  "nlpd": -3.9166475995811991, 
  "rmse": 12.144670756425024, 
  "lengthscale": [
    4.8421719897962587
  ], 
  "mae": 9.7433810373094154, 
  "pearsonr": [
    0.40495299880635283, 
    2.9266272012635307e-05
  ], 
  "variance": 11.889544651527439, 
  "warp_psi": [
    [
      4.5682428279560905e-07, 
      3.4929650756719948, 
      0.95589695665629981
    ], 
    [
      7.5469312151271329e-08, 
      1.1679305819433665, 
      -1.0855644201613091
    ], 
    [
      2.4204516018511798e-07, 
      0.8488544080829501, 
      4.212356923342039
    ]
  ]
}