{
  "warp_d": 0.7559080572985144, 
  "noise": 94.00557997953995, 
  "log_likelihood": -3639.022049870162, 
  "nlpd": -4.1483419064234264, 
  "rmse": 15.108086626597862, 
  "mae": 11.050043653104831, 
  "pearsonr": [
    0.35887949260726698, 
    0.0002457892376425931
  ], 
  "variance": [
    9.0730950617464909
  ], 
  "warp_psi": [
    [
      2.7499031675098489e-31, 
      1.1281354943669644e-39, 
      4.7025913436570637
    ], 
    [
      2.6719221464773471e-93, 
      0.29489569780810099, 
      3.0699974020285015
    ], 
    [
      0.25009444323529895, 
      56.050798004606449, 
      3.9998483098826592
    ]
  ]
}