{
  "noise": 55.93378771134238, 
  "power": [
    0.32395027860911241
  ], 
  "nlpd": -3.9706102705177693, 
  "rmse": 12.540978020563889, 
  "lengthscale": [
    0.56506446448910752, 
    11.316922524760308, 
    0.30201950876559086, 
    0.69207428449318609, 
    0.32493270654877077, 
    34.524008044350495, 
    32.194239610309076, 
    0.5092731309940175, 
    33.843169382779621, 
    36.670479133820919, 
    20.075599623807545, 
    17.600746223685938, 
    64.9723746916778, 
    20.23027323862744, 
    16.686834565137456, 
    23.020750876030263, 
    25.185713049714025, 
    71.540535559609864, 
    18.380135052464585, 
    46.161581579591569, 
    0.50983915722375905, 
    22.755123881849077, 
    28.956854491455239, 
    26.032967123772938, 
    31.77417504963816, 
    17.730609564044514, 
    17.387774578659673, 
    24.918750528394643, 
    59.839824531522545, 
    0.24033828342158167, 
    0.36509530467634993, 
    8.2870135761730186, 
    13.630242847542045, 
    0.67439573523435814, 
    39.56163338432205, 
    23.193481579616254, 
    0.4722564086643064, 
    47.288606320270837, 
    0.5843264053527466, 
    28.763142378152935, 
    0.42286851112983748, 
    55.301561732389388, 
    13.023686026032225, 
    38.660646225565692, 
    0.53314867565072066, 
    27.526978744374595, 
    31.178467800549466, 
    24.399210684983075, 
    52.055458042114466, 
    21.007160479103593, 
    46.211891467742426, 
    24.531387315863387, 
    21.570483964725732, 
    67.401742504566627, 
    18.6760267213688, 
    21.842265276665469, 
    8.1460908730057628, 
    22.833630316922903, 
    0.54189981387744612, 
    53.968941138246691, 
    21.193172748739187, 
    71.074938184800317, 
    17.798772065365213, 
    44.401283267320061, 
    28.511307669206609, 
    29.451685329526097, 
    0.65232748790341188, 
    0.36703574061232647, 
    56.41268804099527, 
    24.583922359910765, 
    0.57068830666191916, 
    0.27444332615833988, 
    0.15677481159023973, 
    0.62086570880608916, 
    23.330718893634806, 
    22.222589794614962, 
    34.537145992827988, 
    0.57129831698619837, 
    27.667254931604798, 
    0.41482312068134714, 
    8.8394941316244111, 
    0.90876807699629369, 
    33.880233602213139, 
    25.71834702451898, 
    22.025314035957784, 
    11.64771736757973, 
    16.569528481818185, 
    23.14678814427187, 
    14.693066247747565, 
    6.1053390460163097, 
    0.55784395004791199, 
    9.8097719229133631, 
    0.36608161358215996, 
    62.825243457027931, 
    16.766126512267032, 
    62.332491073803546, 
    0.44101680741607602, 
    0.83690956086887192, 
    20.539332430858437, 
    0.31557157994698176
  ], 
  "mae": 9.9589459299401817, 
  "pearsonr": [
    0.38437455039203611, 
    7.8735815486372438e-05
  ], 
  "variance": 238.61434556722736, 
  "log_likelihood": -3512.6469705331274
}