{
  "warp_d": 0.09648305249523614, 
  "noise": 0.2710058624261627, 
  "power": [
    0.015765451547255796
  ], 
  "nlpd": -3.8575302737371793, 
  "rmse": 11.259512760621904, 
  "lengthscale": [
    0.55071946029505503
  ], 
  "mae": 7.9488132849811475, 
  "pearsonr": [
    0.62603882386426513, 
    3.2811942741272595e-12
  ], 
  "variance": 22.748467177824402, 
  "warp_psi": [
    [
      1.7477918278338321e-15, 
      3.7045327428268173, 
      -9.2027477502099817
    ], 
    [
      3.5728901466125788e-07, 
      1.4289380910625107, 
      0.54124538265112299
    ], 
    [
      2.0310999438918901e-07, 
      2.3875109501687892, 
      0.8689443896938791
    ]
  ], 
  "log_likelihood": -3400.1263442682334
}