{
  "noise": 43.17280427611825, 
  "log_likelihood": -3423.0563671755153, 
  "nlpd": -3.6179220887636365, 
  "rmse": 8.4685668393787861, 
  "lengthscale": [
    1.8728677427596705
  ], 
  "mae": 5.936399099963686, 
  "pearsonr": [
    0.69041295075513776, 
    1.9119123473932264e-15
  ], 
  "variance": 131.3143977618676
}