{
  "log_likelihood": -4367.091043534295, 
  "nlpd": 3.8783186184377185, 
  "rmse": 11.328561739157404, 
  "Mat52.variance": 180.85678894452013, 
  "Mat52.lengthscale": 1.6354358526127046, 
  "Gaussian_noise.variance": 25.628178177472346, 
  "mae": 7.8140670107544778, 
  "pearsonr": [
    0.66870685384123973, 
    1.5707682430918127e-17
  ]
}