{
  "noise": 0.025499300705487865, 
  "power": [
    0.030739548935544116
  ], 
  "nlpd": -786.98773586279435, 
  "rmse": 13.19873363023739, 
  "lengthscale": [
    6.0099744827889694, 
    0.74105700455917667, 
    0.37276744429663117, 
    1.4118380566153246, 
    8.4905459924169744, 
    0.48683737304390889, 
    8.5876057076176231, 
    3.3549142677882391, 
    6.76205389653936, 
    0.35494999272447159, 
    6.5870016770638262, 
    4.3153384653044622, 
    10.560978957783911, 
    0.35764699391254218, 
    10.772119764696264, 
    7.1624742105078063, 
    0.95278375824192141, 
    6.0898260490329115, 
    6.1725704725512349, 
    10.699496317166547, 
    7.3685769779401449, 
    8.1172211728317798, 
    9.7554249520057699, 
    3.3617240093048113, 
    1.3142797836311466, 
    1.223029931565585, 
    9.6108053094901731, 
    0.85831246728703681, 
    0.76918406324637623, 
    0.40995606004803298, 
    2.2425838701560665, 
    1.2822135410628566, 
    0.25213957652111108, 
    9.8131371110321428, 
    9.1602542876899165, 
    0.96628280468934014, 
    9.0690563907006947, 
    0.83974779473317973, 
    1.0480873620424869, 
    0.67411442966674096, 
    0.70705253397572143, 
    10.334098846188505, 
    0.5113774091126404, 
    7.6815800181713492, 
    0.35953365914702085, 
    2.8697757341234951, 
    0.44775687926611929, 
    5.0272997382741069, 
    9.7004959231922623, 
    6.6225713398647263, 
    6.3671200511664248, 
    1.2753853860703213, 
    5.2314045455990295, 
    0.60181260729344943, 
    0.62443920343635217, 
    13.874742698685964, 
    0.7312845787372676, 
    0.66514914190754282, 
    3.3299880072645518, 
    9.5116495536324628, 
    8.6573317759209782, 
    1.2183679619528642, 
    5.1762455285689937, 
    2.0656864103429835, 
    9.5245669708030682, 
    0.33174840449644921, 
    1.2565759108673744, 
    9.8109096615480773, 
    5.3884997939345922, 
    0.60271598902429613, 
    8.1870271127756489, 
    0.29383907689490812, 
    7.9346002798554025, 
    2.405309526813256, 
    0.62818444582301469, 
    3.080967364053703, 
    0.96986459466028418, 
    8.5689068145827854, 
    8.6133271922926387, 
    0.62431921274389834, 
    0.23689456105732234, 
    0.52095882349303024, 
    0.56632811947624628, 
    0.35075745846989259, 
    9.9975005794226224, 
    6.9816481537857635, 
    0.93611993436323226, 
    9.8568740463593851, 
    2.8885804482115263, 
    10.624328361281647, 
    0.70054466978150387, 
    0.37901726870266855, 
    0.58776146404728213, 
    9.4680473733477228, 
    0.69559269344247121, 
    8.9065680533897815, 
    8.436802476738043, 
    8.0340163800351974, 
    10.088065645211767, 
    0.9124890019031594
  ], 
  "mae": 9.9234102776951065, 
  "pearsonr": [
    0.68552492064658277, 
    3.5989423325380855e-15
  ], 
  "variance": 11.13806410869228, 
  "log_likelihood": -899.5859332837114
}