{
  "noise": 0.054135135480638925, 
  "log_likelihood": -951.2405001540252, 
  "nlpd": -988.67128689539629, 
  "rmse": 18.537760786130068, 
  "lengthscale": [
    13.158427467254599, 
    17.967886144720921, 
    6.0230778386629025, 
    15.511385567642192, 
    3.0464019056328726, 
    1.4265753237663206, 
    0.94029527808094882, 
    16.246013322788869, 
    1.4813282672944375, 
    15.70264717847277, 
    13.921191083643709, 
    2.0180143136738331, 
    2.4857628950000592, 
    20.81245494503198, 
    6.9866349264826288, 
    17.289547147405628, 
    18.237670846872746, 
    15.172660660627345, 
    1.2964823433199328, 
    1.8622164946016591, 
    13.242815537723089, 
    1.3658426939589345, 
    0.95510803883821604, 
    16.861140182505672, 
    18.222490238101962, 
    16.920455851437154, 
    2.8403950883552702, 
    1.7202640450326985, 
    18.21056615895219, 
    1.7175966079436402, 
    1.0196918059372164, 
    11.393749992457394, 
    9.8616049769281098, 
    19.004997711427464, 
    2.6487793965966189, 
    1.2285347941522811, 
    14.714330763818316, 
    14.509766038877888, 
    16.095102381805326, 
    18.237104606449115, 
    16.305239235625361, 
    7.8397045408181993, 
    2.6006433191670268, 
    11.287003549965956, 
    1.6003903864413935, 
    1.5056192517008635, 
    14.691968810355853, 
    2.4139309294528593, 
    0.81515778177065745, 
    1.8784288894651597, 
    15.713531863628003, 
    16.524962741497884, 
    14.063527265652738, 
    19.547251320806808, 
    0.86366323012960344, 
    19.022307456597169, 
    9.0531075043340579, 
    20.31093678740168, 
    17.873357168564372, 
    1.9593325523376608, 
    11.198545859607952, 
    1.5733461159312934, 
    19.346590090832517, 
    2.3488928988116897, 
    1.0925060190901772, 
    16.84685492727095, 
    17.956372723821243, 
    14.31771030411822, 
    16.45066083492825, 
    14.949793135125629, 
    17.768655832113332, 
    1.6954904008944391, 
    16.238300923505651, 
    1.8444628535248491, 
    2.4343090589710319, 
    1.1454151958846959, 
    16.928830921122156, 
    7.9657757470837973, 
    13.996330018641061, 
    7.9025906725730559, 
    2.7399323585597606, 
    2.0442945272502557, 
    17.200507594411491, 
    14.127478111268051, 
    11.417507369973947, 
    1.1188150983034371, 
    1.8302372682444696, 
    1.085160004288733, 
    9.9746872720536288, 
    1.9517682538718912, 
    0.75796437164878683, 
    2.1983356428971805, 
    5.4838713797364509, 
    8.3891178274291356, 
    1.2707024894378824, 
    8.9062604899787843, 
    1.406295763386771, 
    11.842040618848415, 
    1.0621660380778419, 
    1.3628723112500778
  ], 
  "mae": 13.351358894958105, 
  "pearsonr": [
    0.53842485792281458, 
    7.5621472946940921e-09
  ], 
  "variance": 1.0190289735847222
}