{
  "noise": 0.16389311372439344, 
  "log_likelihood": -1126.8959646706871, 
  "nlpd": -113.62746591225779, 
  "rmse": 8.7370251910006473, 
  "weight_variance": [
    5.5626846462681369e-309, 
    5.5626846462681369e-309, 
    5.5626846462681369e-309, 
    5.5626846462681369e-309, 
    5.5626846462681369e-309, 
    5.5626846462681369e-309, 
    5.5626846462681369e-309, 
    5.5626846462681369e-309, 
    234057.21291020664, 
    287783.56447443989, 
    5.5626846462681369e-309, 
    5.5626846462681369e-309, 
    5.5626846462681369e-309, 
    5.5626846462681369e-309, 
    5.5626846462681369e-309, 
    943308.65808471385, 
    5.5626846462681369e-309, 
    5.5626846462681369e-309, 
    44435.643186674584, 
    5.5626846462681369e-309, 
    5.5626846462681369e-309, 
    5.5626846462681369e-309, 
    5.5626846462681369e-309, 
    5.5626846462681369e-309, 
    5.5626846462681369e-309, 
    5.5626846462681369e-309, 
    905591.02488407656, 
    201748.27670451009, 
    5.5626846462681369e-309, 
    1506908.997498529, 
    1553251.7235787709, 
    183565.00647446612, 
    5.5626846462681369e-309, 
    80654.390889673727, 
    5.5626846462681369e-309, 
    436956.51833887736, 
    5.5626846462681369e-309, 
    130060.79199051391, 
    5.5626846462681369e-309, 
    5.5626846462681369e-309, 
    5.5626846462681369e-309, 
    5.5626846462681369e-309, 
    5.5626846462681369e-309, 
    5.5626846462681369e-309, 
    106084.97300371421, 
    5.5626846462681369e-309, 
    5.5626846462681369e-309, 
    5.5626846462681369e-309, 
    5.5626846462681369e-309, 
    220347.17892214324, 
    5.5626846462681369e-309, 
    5.5626846462681369e-309, 
    242394.94244821428, 
    5.5626846462681369e-309, 
    208599.91770958088, 
    340628.56430252898, 
    5.5626846462681369e-309, 
    5.5626846462681369e-309, 
    497940.66352251876, 
    5.5626846462681369e-309, 
    5.5626846462681369e-309, 
    5.5626846462681369e-309, 
    5.5626846462681369e-309, 
    235582.33643455777, 
    5.5626846462681369e-309, 
    5.5626846462681369e-309, 
    713428.91467463493, 
    82218.140523330047, 
    122501.7501901346, 
    509488.16097550228, 
    5.5626846462681369e-309, 
    331856.25230487279, 
    5.5626846462681369e-309, 
    829514.03103097028, 
    5407.2646491442947, 
    5.5626846462681369e-309, 
    5.5626846462681369e-309, 
    5.5626846462681369e-309, 
    5.5626846462681369e-309, 
    5.5626846462681369e-309, 
    146836.57333494598, 
    630607.4402254161, 
    5.5626846462681369e-309, 
    5.5626846462681369e-309, 
    5.5626846462681369e-309, 
    644635.95223180647, 
    5.5626846462681369e-309, 
    59600.475936002025, 
    5.5626846462681369e-309, 
    5.5626846462681369e-309, 
    5.5626846462681369e-309, 
    5.5626846462681369e-309, 
    5.5626846462681369e-309, 
    5.5626846462681369e-309, 
    3749165.497586804, 
    5.5626846462681369e-309, 
    1139083.9647794529, 
    5.5626846462681369e-309, 
    5.5626846462681369e-309, 
    5.5626846462681369e-309
  ], 
  "bias_variance": 155168.50590374166, 
  "mae": 5.233238439510429, 
  "pearsonr": [
    0.60852267015556805, 
    1.8680906304418392e-11
  ], 
  "variance": 2.771840339113198
}