{
  "noise": 0.237289806259255, 
  "log_likelihood": -1028.573945471675, 
  "nlpd": -519.96452349303263, 
  "rmse": 14.950225645165435, 
  "lengthscale": [
    1.9404153712842673
  ], 
  "mae": 11.874072000675248, 
  "pearsonr": [
    0.61578273395987126, 
    9.2040258825782697e-12
  ], 
  "variance": 0.7845132016728411
}