{
  "warp_d": 0.13887121549819595, 
  "noise": 0.43577067608759057, 
  "log_likelihood": -3868.392493196146, 
  "nlpd": -4.2934692963014403, 
  "rmse": 17.892909920572251, 
  "lengthscale": [
    2.1832307048949224
  ], 
  "mae": 14.039079062518754, 
  "pearsonr": [
    0.59813436898504124, 
    4.9883122045930941e-11
  ], 
  "variance": 12.1299902200119, 
  "warp_psi": [
    [
      6.4416577996656588e-07, 
      0.095624574975910037, 
      -0.27972603459626094
    ], 
    [
      8.9649169424612486e-07, 
      0.25352032803102592, 
      -0.84768044250154506
    ], 
    [
      6.4552434191586591e-07, 
      0.083270461966194004, 
      1.6452305547806185
    ]
  ]
}