{
  "warp_d": 0.08961648370938705, 
  "noise": 0.3881205766351826, 
  "power": [
    0.022597245545258698
  ], 
  "nlpd": -3.9626406355757835, 
  "rmse": 12.481143832276009, 
  "lengthscale": [
    0.35807575088071508, 
    0.98476489889003327, 
    0.16760207675361591, 
    0.45028874039014266, 
    0.1934945010111328, 
    2.6780680463762798, 
    2.4394794408834715, 
    0.32464638856404404, 
    2.3848940838041237, 
    1.8987320995694723, 
    2.9528112076940265, 
    0.94501969050649415, 
    2.320768544632811, 
    2.5624735155743408, 
    0.40678889587313494, 
    2.0415555604787787, 
    1.9604527805840029, 
    1.7189997371528649, 
    1.4473741572633008, 
    2.5873167734884923, 
    0.25255650802166685, 
    2.0093923617523637, 
    1.2973229295264113, 
    2.586435569941496, 
    2.5917748237773686, 
    2.9577456665344264, 
    2.2162878115485753, 
    2.5276086994376614, 
    2.3893113979178158, 
    0.15930744552520082, 
    0.26256857062222283, 
    0.80647883542865317, 
    0.42895281019614484, 
    0.41493974697714553, 
    2.7514808822615646, 
    2.3461500863751632, 
    0.2672001163176394, 
    1.6994065349912475, 
    0.31420109385498479, 
    2.1127508309080181, 
    0.33876228475176251, 
    2.3411116728095576, 
    2.3617472814173932, 
    1.9657666807383074, 
    0.29567110382222078, 
    2.7733358713836735, 
    2.629998867986723, 
    2.0805511548732847, 
    1.9574167722134486, 
    3.0954192798155495, 
    1.9937896951448288, 
    2.4294623360606424, 
    2.0230186871679909, 
    2.318021172427374, 
    2.1709573353861393, 
    3.8017938601226122, 
    0.50008353017710394, 
    2.8145167151327715, 
    0.31955211532609867, 
    2.1921454110825724, 
    3.1312963601483146, 
    0.88817051949055537, 
    0.53708410612036306, 
    2.4132912358151466, 
    0.74543957292761676, 
    1.9600258405927138, 
    0.36412019070536572, 
    0.25037768609512201, 
    2.094228968849007, 
    1.3929529504846228, 
    0.37910247656186097, 
    0.14410517085622535, 
    0.090609324721216397, 
    0.31254515692028073, 
    2.1962329835165502, 
    2.6470577524532688, 
    2.5915786690059766, 
    0.25139849270037468, 
    2.7150511775281427, 
    0.77475171836320367, 
    0.25518818057606962, 
    0.55353422919083028, 
    2.17428405313093, 
    2.6753077208567348, 
    2.9077931093564953, 
    0.43135764295759882, 
    1.8887598031679242, 
    3.1101083836402581, 
    2.565135193417849, 
    0.61093570420716581, 
    0.3136763691070773, 
    1.1158048801180391, 
    0.31792722385581934, 
    0.53826589741033848, 
    0.88352223246158312, 
    2.3626585067977119, 
    0.34471698597833283, 
    0.41901555887000086, 
    2.4154129210332549, 
    0.2450432110638483
  ], 
  "mae": 9.9141295086460062, 
  "pearsonr": [
    0.38645640613256593, 
    7.1444743334468322e-05
  ], 
  "variance": 14.4695805305022, 
  "warp_psi": [
    [
      8.0018718708430557e-05, 
      0.758358617059125, 
      -0.074277688036579859
    ], 
    [
      1.0342441332235035e-05, 
      0.043094107226807357, 
      2.9803893962732624
    ], 
    [
      0.00011111880336304581, 
      0.56788245708825469, 
      2.8386628399865743
    ]
  ], 
  "log_likelihood": -3512.116412155576
}