{
  "noise": 0.05581822965890254, 
  "log_likelihood": -949.6111140873097, 
  "nlpd": -1023.6201292750936, 
  "rmse": 18.426034593571835, 
  "lengthscale": [
    17.364761355333428, 
    25.004191539951467, 
    4.6909353581172653, 
    20.668541167714004, 
    11.54956339420411, 
    1.0567737216897324, 
    0.7484395700659322, 
    22.398848720602444, 
    1.3886712202157843, 
    21.06084549617929, 
    16.890168001324497, 
    1.5985509453575109, 
    1.5062512487808928, 
    28.532104143009995, 
    1.3318076057326889, 
    23.316368031311288, 
    26.204209815358944, 
    21.879405490835687, 
    1.126003807144385, 
    1.6263732952934726, 
    14.395997119536409, 
    1.1210170734224958, 
    0.8320083856714563, 
    24.356336383821766, 
    25.653452306891882, 
    22.713734991200539, 
    2.1039400925764049, 
    1.5348894722649242, 
    23.974894207977638, 
    1.3672308977324157, 
    0.92381652299654771, 
    16.192828085428253, 
    12.346685361452925, 
    26.985132209673832, 
    2.6997510572411287, 
    1.0071380434063602, 
    20.391931852101429, 
    17.344100909835806, 
    22.89586762775123, 
    24.240380920695646, 
    23.456233379834185, 
    13.677675439678824, 
    1.5058543705506493, 
    14.77478991479178, 
    1.8724035274929542, 
    1.6132670628612409, 
    15.021975468261736, 
    1.8648510387140782, 
    0.70640894623802641, 
    2.4197800263110461, 
    21.86656222122042, 
    22.133443295691233, 
    17.330211145366807, 
    26.285345593899489, 
    0.65698452018223286, 
    22.499281828366996, 
    5.794137961569267, 
    25.708384500108494, 
    19.474383637592467, 
    1.6551561274705007, 
    16.124319763101973, 
    1.5767165162287418, 
    26.930229584980506, 
    1.947860356334213, 
    1.0182343747725962, 
    24.682333307226607, 
    24.885530178639453, 
    16.084043634343175, 
    22.012099526208491, 
    16.195121895035722, 
    23.64228582899386, 
    1.1133629410642267, 
    22.120074053717417, 
    1.4400019745061103, 
    1.5999438427807993, 
    0.9339910908169331, 
    22.27153595148669, 
    9.9437637149942031, 
    15.747876855713049, 
    7.9774380866655266, 
    2.5354469798209984, 
    1.7218849695688578, 
    22.604039295147185, 
    20.129302334089779, 
    4.6508155209275355, 
    1.0338256596678226, 
    1.3458076146172344, 
    1.2865389386452031, 
    5.1746963717015264, 
    1.8486247846309998, 
    0.75134065807130224, 
    4.2646023203732817, 
    8.4371251710698107, 
    13.323546002018281, 
    1.0967589161980493, 
    12.89997930978482, 
    1.1300056193636774, 
    16.972764712826031, 
    0.96730173287044507, 
    1.2033392738150119
  ], 
  "mae": 13.358391091908862, 
  "pearsonr": [
    0.54624274978035259, 
    4.1410694574314761e-09
  ], 
  "variance": 0.9295438111647164
}