{
  "noise": 11.555190964332848, 
  "power": [
    0.33003378277642892
  ], 
  "nlpd": -3.9741911616156544, 
  "rmse": 11.866444166361863, 
  "lengthscale": [
    0.87517652207810182
  ], 
  "mae": 8.6193949884998275, 
  "pearsonr": [
    0.7425757896332793, 
    9.3589075540850611e-19
  ], 
  "variance": 570.3854989688937, 
  "log_likelihood": -3690.2492484748236
}