{
  "noise": 0.4402810040921456, 
  "log_likelihood": -1133.236030555655, 
  "nlpd": -234.54984707047254, 
  "rmse": 10.034313327591979, 
  "weight_variance": [
    437938.24933917692, 
    5.5626846462681369e-309, 
    138788.82672933288, 
    88299.854999833478, 
    190869.81466401994, 
    5.5626846462681369e-309, 
    5.5626846462681369e-309, 
    414490.48830447521, 
    5.5626846462681369e-309, 
    53001.753601307901, 
    5.5626846462681369e-309, 
    5.5626846462681369e-309, 
    5.5626846462681369e-309, 
    5.5626846462681369e-309, 
    288656.74969449954, 
    5.5626846462681369e-309, 
    5.5626846462681369e-309, 
    25756.409565282247, 
    20190.114544583972, 
    5.5626846462681369e-309, 
    5.5626846462681369e-309, 
    5.5626846462681369e-309, 
    79328.325146011033, 
    5.5626846462681369e-309, 
    5.5626846462681369e-309, 
    5.5626846462681369e-309, 
    5.5626846462681369e-309, 
    5.5626846462681369e-309, 
    5.5626846462681369e-309, 
    114857.22580711995, 
    5.5626846462681369e-309, 
    49913.793577404147, 
    109481.57950849833, 
    329381.37132659327, 
    5.5626846462681369e-309, 
    5.5626846462681369e-309, 
    126152.17415217437, 
    5.5626846462681369e-309, 
    260649.93602044016, 
    5.5626846462681369e-309, 
    227879.00959328588, 
    5.5626846462681369e-309, 
    5.5626846462681369e-309, 
    5.5626846462681369e-309, 
    182476.60023909237, 
    5.5626846462681369e-309, 
    5.5626846462681369e-309, 
    5.5626846462681369e-309, 
    5.5626846462681369e-309, 
    5.5626846462681369e-309, 
    58308.496175001623, 
    5.5626846462681369e-309, 
    48448.286253855571, 
    5.5626846462681369e-309, 
    5.5626846462681369e-309, 
    5.5626846462681369e-309, 
    80520.507354128553, 
    5.5626846462681369e-309, 
    198295.51184431603, 
    68070.583601940176, 
    5.5626846462681369e-309, 
    5.5626846462681369e-309, 
    311270.16922755248, 
    45532.132471022938, 
    5.5626846462681369e-309, 
    5.5626846462681369e-309, 
    293742.10917782137, 
    1092496.5682613947, 
    5.5626846462681369e-309, 
    5.5626846462681369e-309, 
    767917.74837018515, 
    5.5626846462681369e-309, 
    370720.93397523905, 
    222369.43178305842, 
    5.5626846462681369e-309, 
    5.5626846462681369e-309, 
    5.5626846462681369e-309, 
    142472.3910826729, 
    5.5626846462681369e-309, 
    5.5626846462681369e-309, 
    370973.28658001596, 
    133648.85519064541, 
    105741.41740025762, 
    5.5626846462681369e-309, 
    5.5626846462681369e-309, 
    70807.473372667868, 
    5.5626846462681369e-309, 
    5.5626846462681369e-309, 
    5.5626846462681369e-309, 
    5.5626846462681369e-309, 
    169225.19139524226, 
    5.5626846462681369e-309, 
    452334.05856669787, 
    5.5626846462681369e-309, 
    5.5626846462681369e-309, 
    5.5626846462681369e-309, 
    369225.34521190828, 
    262050.3848575388, 
    5.5626846462681369e-309, 
    5.5626846462681369e-309
  ], 
  "bias_variance": 5.562684646268137e-309, 
  "mae": 7.963942405381224, 
  "pearsonr": [
    0.3645558283490804, 
    0.00019231374901786989
  ], 
  "variance": 0.8831735762333853
}