{
  "regularization": 10.0, 
  "rmse": 17.222455654111965, 
  "intercept": 23.574363654642973, 
  "mae": 13.825513840958582, 
  "pearsonr": [
    0.57519432705606399, 
    2.2870526054514017e-12
  ], 
  "coefs": [
    3.9929764922833035, 
    -1.9978468626323402, 
    -3.3623104662601229, 
    7.0775986701861457, 
    12.602293194222639, 
    -7.3135663181810395, 
    5.1411496498648912, 
    -4.0712480954702359, 
    -6.5165396245470921, 
    -4.8997422288579209, 
    2.4742663897200039, 
    -4.5118042114543373, 
    -1.522151729167966, 
    1.9664569786284636, 
    -3.2258882305779255, 
    -1.2789084634263226, 
    3.511291306608491, 
    -0.77681913960364923, 
    0.69618215432020769, 
    1.8661895252251688, 
    -2.2752805764354074, 
    -2.9458004545656609, 
    -4.6117141674713036, 
    -0.69285476986694794, 
    3.0045142168188406, 
    1.760364550458817, 
    -3.7464265912051182, 
    0.66996778355592201, 
    3.3037101724880502, 
    -8.5604189300610702, 
    -9.4056518087879155, 
    -6.256523513319884, 
    2.1551378731397222, 
    7.5869278558720721, 
    10.563005286833894, 
    -6.0123439771444529, 
    0.5108177669272419, 
    0.66091350555031769, 
    -9.4782813481293129, 
    -3.9965844928150185, 
    5.6855512148420626, 
    -3.3121682392864882, 
    7.1484761013590967, 
    -0.78310489412834272, 
    2.8333198892061597, 
    -0.39451360940531838, 
    -4.4819811973514474, 
    -0.88454093570946901, 
    1.0184634980444824, 
    -2.4871934606520312, 
    -7.3575886046062617, 
    -8.004577894595954, 
    3.790858741964267, 
    -0.61407476006226425, 
    0.77992895089077163, 
    -0.31411989611220931, 
    -1.5310045751720922, 
    5.9272797186787161, 
    2.2956866971450984, 
    -8.6156714766018716, 
    -3.1645382759839018, 
    4.4636943493179357, 
    -1.5939152955633211, 
    -2.2485932784818981, 
    -4.0321930917906412, 
    -0.67107652030340248, 
    -1.3330290674525958, 
    -3.0631851879874779, 
    2.3590588269470301, 
    -4.6808105503694497, 
    6.5999224106133658, 
    5.480391683010386, 
    -5.2730704876287335, 
    -2.4101582597401396, 
    0.15283314470747392, 
    3.5691257266899892, 
    -6.6076586420024173, 
    -1.4145969655835986, 
    3.9041786942131025, 
    -8.2568561048973788, 
    -8.6213604445822138, 
    4.1237436023948728, 
    4.2307373866133222, 
    3.2632861458301683, 
    -2.6192710156229557, 
    3.2005705251426724, 
    7.4346345509605376, 
    -3.3392843788047282, 
    -7.8780494020252751, 
    0.64205691996777836, 
    -0.37621281158284686, 
    -4.3715127525456685, 
    -0.75048815740182784, 
    -2.2968259932376744, 
    -6.6150121433534235, 
    -1.6844091417703202, 
    -0.11632267305441893, 
    -1.3636034613891943, 
    -0.2049758950294186, 
    2.6964478370880069
  ]
}