{
  "regularization": 10.0, 
  "rmse": 18.689484721995655, 
  "intercept": 24.715170032521137, 
  "mae": 15.122765052973556, 
  "pearsonr": [
    0.34686949789365829, 
    0.00040697561358863646
  ], 
  "coefs": [
    4.1338827608739761, 
    -1.352219967006967, 
    -1.2443446435208987, 
    9.3416284924490451, 
    10.280371316865979, 
    -8.4179664119791635, 
    4.1621532887323056, 
    -1.0223500032625299, 
    -3.152873470888808, 
    -5.5309545321413038, 
    -0.12228815810506935, 
    -5.7757756374812814, 
    -1.3972607792177167, 
    1.4577596403577966, 
    -2.9867564664560864, 
    -0.10059668045286084, 
    3.117646129160224, 
    0.42002251095054488, 
    0.32154456203227544, 
    3.2115449898734538, 
    -4.5779846881865174, 
    -3.9433853307421325, 
    -1.7316717081170692, 
    0.54647100330264509, 
    -0.32950636946334089, 
    -0.084107044192982011, 
    -2.464232580412947, 
    -0.42457411603849893, 
    4.6348754720965353, 
    -10.135730250764214, 
    -8.1497315557857704, 
    -3.8020309841639865, 
    3.1203159010059829, 
    6.7021568112367937, 
    8.0476807012778622, 
    -3.6185258155886699, 
    -2.2687404975516117, 
    0.1449997880700718, 
    -7.6821142595747522, 
    -3.3897458724071385, 
    8.4870558055179082, 
    -3.1214047958012294, 
    6.5598313051776893, 
    -1.6068020959427349, 
    3.3117024397372399, 
    -0.80044974814375403, 
    -4.0138397191080122, 
    1.7920181862741011, 
    2.9398534924055428, 
    -1.4526361732709281, 
    -9.5247242694301679, 
    -5.2584150571036252, 
    -0.25001886034540705, 
    0.20655727455330702, 
    0.6296633899819013, 
    -0.20959670644046796, 
    -1.3094461444475967, 
    5.5209368040472802, 
    1.0361579535251975, 
    -7.5610426713525483, 
    -4.2591574750729135, 
    4.9373271990645238, 
    0.55677762143395482, 
    -3.4568872682407146, 
    -0.95050844387517608, 
    1.2326182521691731, 
    -4.0803651661246008, 
    -2.2160915091204489, 
    3.2360385443442525, 
    -2.0326999998765043, 
    6.260114062511331, 
    4.1958486253633733, 
    -6.779989735503583, 
    -2.9650237319730195, 
    -1.2432911254280912, 
    1.3277889579534614, 
    -8.0988149522005184, 
    0.41322930120474261, 
    4.0427756942234581, 
    -10.022587460642978, 
    -7.8039131131724382, 
    4.9201379025694454, 
    1.9328556265166588, 
    3.125512658211774, 
    -2.2532836980315434, 
    0.88690649707475466, 
    7.5100357937911175, 
    -5.1927087884213101, 
    -7.1919948608337911, 
    1.976198322381201, 
    -2.765135523084512, 
    -4.481589708972626, 
    -0.48077115567530493, 
    -0.30895801478214963, 
    -4.1065028352684427, 
    -5.6821705678418457, 
    0.1245236899797075, 
    1.5475603752794409, 
    0.1810189220431678, 
    -0.77227264706721277
  ]
}