{
  "pearsonr": [
    0.75799005038963208, 
    1.4065572453703523e-24
  ], 
  "nlpd": 3.6695776850215043, 
  "rmse": 9.0326620608540651, 
  "Mat32.lengthscale": 1.7483295615172347, 
  "Gaussian_noise.variance": 30.67130629739297, 
  "mae": 6.1443386642985924, 
  "Mat32.variance": 181.81649256204867, 
  "log_likelihood": -4389.832464537514
}