{
  "noise": 38.551017515515014, 
  "log_likelihood": -3422.476851586259, 
  "nlpd": -3.6077585291349994, 
  "rmse": 8.3979246456365413, 
  "lengthscale": [
    1.8958324336204908
  ], 
  "mae": 5.9689503008659894, 
  "pearsonr": [
    0.72130345910820293, 
    2.5801511272207486e-17
  ], 
  "variance": 131.62039845048008
}