{
  "warp_d": 0.1123055449203533, 
  "noise": 0.36314295258960394, 
  "power": [
    0.014567672507037988
  ], 
  "nlpd": -3.6070373079740023, 
  "rmse": 8.4733461146061124, 
  "lengthscale": [
    0.46908343016800269
  ], 
  "mae": 6.0524972487299689, 
  "pearsonr": [
    0.71594899551449342, 
    5.6680498735203472e-17
  ], 
  "variance": 31.605935000397356, 
  "warp_psi": [
    [
      3.1761780940261557e-07, 
      1.5842443033826663, 
      -0.49189959469863614
    ], 
    [
      8.5222763267706408e-07, 
      1.102204642977598, 
      1.2816590385453348
    ], 
    [
      4.3145821998591808e-17, 
      0.11467364625376804, 
      -5.7472553032277842
    ]
  ], 
  "log_likelihood": -3425.173018726733
}