{
  "warp_d": 0.31813268842795295, 
  "noise": 17.79479247129993, 
  "log_likelihood": -3662.9786890019445, 
  "nlpd": -4.0928238789251994, 
  "rmse": 14.576319914529785, 
  "mae": 10.816596931436187, 
  "pearsonr": [
    0.21117378398193024, 
    0.034941630958648384
  ], 
  "variance": [
    1.1417523910178842
  ], 
  "warp_psi": [
    [
      3.0189136375152537e-08, 
      0.35105219205104043, 
      0.10225042310191196
    ], 
    [
      3.1615810504623838e-08, 
      1.2471243953883044, 
      -1.2925285015158614
    ], 
    [
      8.6321956401222478e-07, 
      0.69805132088746258, 
      -0.20667992506155763
    ]
  ]
}