{
  "noise": 75.51380568246061, 
  "log_likelihood": -3840.6299891713797, 
  "nlpd": -4.1970820747407398, 
  "rmse": 15.958663941013354, 
  "lengthscale": [
    2.1405616412217898
  ], 
  "mae": 11.645510477011364, 
  "pearsonr": [
    0.82044621833622855, 
    1.5607474604712906e-25
  ], 
  "variance": 491.63827500739245
}