{
  "warp_d": 0.9728539413124987, 
  "noise": 247.08312222043597, 
  "log_likelihood": -3812.2800012777257, 
  "nlpd": -4.2826450352989811, 
  "rmse": 18.807599174413408, 
  "lengthscale": [
    6.9217816287754106
  ], 
  "mae": 15.225852638755974, 
  "pearsonr": [
    0.55412013890792877, 
    2.2218954392883479e-09
  ], 
  "variance": 2361.6811851604766, 
  "warp_psi": [
    [
      5.5626846462681369e-309, 
      5.4901895667908439e-55, 
      2168.4235187348959
    ], 
    [
      5.5626846462681369e-309, 
      1.3144777171304183e-192, 
      -60.914434381888221
    ], 
    [
      0.55844649592478024, 
      5206.837354128621, 
      1.0000490485854199
    ]
  ]
}