{
  "noise": 16.089048386632008, 
  "log_likelihood": -3207.61769572811, 
  "nlpd": -3.862410153267942, 
  "rmse": 10.684381121110038, 
  "lengthscale": [
    1.2789865778137057
  ], 
  "mae": 6.194878732720376, 
  "pearsonr": [
    0.5886056345094699, 
    1.191234149805578e-10
  ], 
  "variance": 74.26738963662247
}