{
  "regularization": 10.0, 
  "rmse": 16.563019296021096, 
  "epsilon": 10.0, 
  "mae": 12.013958923940212, 
  "pearsonr": [
    0.43452633156385745, 
    4.1227581169214088e-07
  ], 
  "gamma": 0.10000000000000001
}