{
  "noise": 0.2508135402459102, 
  "log_likelihood": -993.7863926936561, 
  "nlpd": -656.73218155930704, 
  "rmse": 11.601231948040493, 
  "lengthscale": [
    1.9657075888527065
  ], 
  "mae": 7.691028787400171, 
  "pearsonr": [
    0.84278773806363338, 
    4.1102822827205493e-28
  ], 
  "variance": 0.6496385342467634
}