{
  "log_likelihood": -4943.435124113389, 
  "nlpd": 4.3028244907597157, 
  "rmse": 17.844579794053949, 
  "Gaussian_noise.variance": 332.95309510000976, 
  "mae": 14.111433234055401, 
  "pearsonr": [
    0.52973321668795725, 
    2.1212427311371905e-10
  ], 
  "linear.variances": 30.854349392035317
}