{
  "noise": 302.63364827800115, 
  "log_likelihood": -3924.0008412383713, 
  "nlpd": -4.3848533421670028, 
  "rmse": 19.280583739178745, 
  "mae": 15.619829521762279, 
  "pearsonr": [
    0.3090121481143272, 
    0.0017587670808677756
  ], 
  "variance": [
    31.887192523874564
  ]
}