{
  "warp_d": 0.1250499232588643, 
  "noise": 0.9103820081531506, 
  "power": [
    0.040273691730191297
  ], 
  "nlpd": -3.9363407860023276, 
  "rmse": 12.259058891174103, 
  "lengthscale": [
    0.44822719279320777
  ], 
  "mae": 10.043775417192553, 
  "pearsonr": [
    0.59975347492281705, 
    4.2901974315751394e-11
  ], 
  "variance": 15.231805896051961, 
  "warp_psi": [
    [
      2.9155736670378874e-05, 
      3.5978775244135517, 
      1.2009691587407227
    ], 
    [
      3.610397269632075e-05, 
      1.4791512742530721, 
      2.2071817735789274
    ], 
    [
      3.7791878044668041e-06, 
      1.292362100314322, 
      1.6488681747474219
    ]
  ], 
  "log_likelihood": -3553.1717902789296
}