{
  "noise": [
    106.00393918613712, 
    77.77888156232662, 
    211.57109609242312, 
    301.9776681828617, 
    290.440729070066, 
    154.66718126885561
  ], 
  "kappa": [
    6.57525496967299, 
    4.646618011627875, 
    48.05402549107685, 
    70.30010346409945, 
    71.8668687176314, 
    46.06243070370683
  ], 
  "log_likelihood": -21862.770272025944, 
  "joy": {
    "mae": 15.490306913814122, 
    "nlpd": 4.3725028726836808, 
    "pearsonr": [
      0.32686125527778903, 
      0.00090281557563587356
    ], 
    "rmse": 19.101672709568621
  }, 
  "W": [
    -4.63511961832946, 
    -2.5064550975231543, 
    -4.0884671917162, 
    6.430571066221706, 
    -4.408049950330611, 
    1.0254555278887176
  ], 
  "sadness": {
    "mae": 14.958951791710046, 
    "nlpd": 4.3340941385299692, 
    "pearsonr": [
      0.63131190497120426, 
      1.9022037606547982e-12
    ], 
    "rmse": 18.413629026322976
  }, 
  "disgust": {
    "mae": 5.3793437048601778, 
    "nlpd": 3.6021701403810904, 
    "pearsonr": [
      0.52342190927777454, 
      2.3029395149075831e-08
    ], 
    "rmse": 8.870818418841079
  }, 
  "variance": [
    0.26794292730439084
  ], 
  "anger": {
    "mae": 8.6850595014904179, 
    "nlpd": 3.9568489936568554, 
    "pearsonr": [
      0.58110320206524402, 
      2.3180231507468644e-10
    ], 
    "rmse": 12.337016378937516
  }, 
  "surprise": {
    "mae": 8.7717939263929043, 
    "nlpd": 3.937605085862447, 
    "pearsonr": [
      0.41455051345983868, 
      1.8031513153657327e-05
    ], 
    "rmse": 12.386414447108324
  }, 
  "fear": {
    "mae": 11.547644196028953, 
    "nlpd": 4.1517837933051238, 
    "pearsonr": [
      0.66813371434199553, 
      3.1019150154901616e-14
    ], 
    "rmse": 15.36574207087785
  }
}