{
  "noise": 194.49656321278331, 
  "log_likelihood": -3852.3812884698127, 
  "nlpd": -4.3200301206807543, 
  "rmse": 18.092102816655821, 
  "lengthscale": [
    1.4372267506159944, 
    1.9391265011302914, 
    4.0129672020012901, 
    2.0408644332155097, 
    1.9587845221507982, 
    1.5226779021941421, 
    14.402915768850722, 
    19.874524587589846, 
    9.3810461764476827, 
    1.5128001655034795, 
    15.061613265516222, 
    2.0792861797531974, 
    13.84429831297866, 
    15.121036250155774, 
    27.625954604353939, 
    30.816301027856557, 
    1.0021717221971491, 
    1.1766089328002387, 
    15.180151265083859, 
    15.695977654188098, 
    14.852275046278468, 
    1.6710764773727456, 
    9.8049013193179118, 
    16.575507721908952, 
    15.234913384570108, 
    15.601763772891969, 
    14.834599331972436, 
    15.19000082160357, 
    13.54590198986291, 
    0.78690717776383923, 
    1.3371361716179335, 
    10.796602148365043, 
    15.192572499621006, 
    2.115511381843187, 
    20.979456493408961, 
    7.4384384317258272, 
    14.119945463014759, 
    15.697491920913846, 
    1.7859458286438268, 
    19.114677525231599, 
    1.0536104787313707, 
    15.348261746372392, 
    2.6042361869007, 
    13.806803430402706, 
    38.478829886009827, 
    14.338976463455589, 
    17.261010429136405, 
    16.433941871774817, 
    5.4603091210444399, 
    14.711925189677281, 
    0.81061664827155067, 
    12.772399021144219, 
    23.256045702785883, 
    14.892626991890431, 
    13.478170040421924, 
    18.315709169407992, 
    31.646090979899132, 
    1.0026412607160522, 
    13.519287251977918, 
    5.1864934129219318, 
    15.933565552443767, 
    12.396344971748837, 
    14.076771368861623, 
    9.8312762225656414, 
    12.102543910898573, 
    14.608372696722713, 
    20.327118367195698, 
    47.057846399159565, 
    5.0045960587973726, 
    0.6629859426438327, 
    1.4063265387844053, 
    1.1900595239873515, 
    2.2454885296791955, 
    17.100868968415082, 
    7.6872183067702311, 
    16.475024230052764, 
    0.85220341971362945, 
    15.368407663303351, 
    17.486154082992321, 
    1.4024927894288948, 
    1.154902935202919, 
    1.0719775676780845, 
    8.5427885949198021, 
    8.7616252145554903, 
    17.514408981376921, 
    11.127033255627243, 
    1.2633213599948423, 
    11.50564416387636, 
    0.98563284425742625, 
    17.209654317232609, 
    17.754696611432944, 
    9.0175761008457194, 
    15.986301349308103, 
    15.634848991805406, 
    0.75856383033910069, 
    2.0038172012411306, 
    15.855099156818046, 
    13.793894760907088, 
    15.159934222363031, 
    15.123098741444339
  ], 
  "mae": 13.563991160932563, 
  "pearsonr": [
    0.50510929318921327, 
    8.3510835772493118e-08
  ], 
  "variance": 263.9448980219201
}