{
  "noise": 0.19946892952747505, 
  "log_likelihood": -1070.0957049588417, 
  "nlpd": -290.27214688114378, 
  "rmse": 11.053152255900551, 
  "lengthscale": [
    1.7181162594523123
  ], 
  "mae": 7.315933709598335, 
  "pearsonr": [
    0.70719636956340337, 
    1.9750425345000919e-16
  ], 
  "variance": 0.6932511111432572
}