{
  "noise": 0.04937512389481613, 
  "log_likelihood": -976.088198779725, 
  "nlpd": -1083.5925180208219, 
  "rmse": 16.205401172926713, 
  "lengthscale": [
    1.6479671309796742, 
    2.8508941053949868, 
    1.0496949239567952, 
    12.352733516080033, 
    13.647497517159245, 
    1.1756436456825783, 
    0.84275617774900491, 
    12.495704190052567, 
    0.83202851773965292, 
    12.473713225017834, 
    0.80386343346063183, 
    2.7037763602695755, 
    2.4131187964994094, 
    17.038753240099233, 
    0.8789731144940961, 
    7.0234932900402072, 
    15.136127127254561, 
    13.093834251779732, 
    1.2859781558047572, 
    2.0824354682200714, 
    15.854881395385803, 
    9.6026716091399358, 
    0.96599245265909528, 
    10.668833479974852, 
    15.308608241785553, 
    15.814165749514137, 
    0.76540586658865251, 
    9.8882256809434654, 
    3.1070397210532708, 
    1.6747650005263059, 
    1.5050309068091638, 
    13.153891954808605, 
    1.0964557770487617, 
    14.288250198114556, 
    2.0585505015788002, 
    1.0858065034182518, 
    12.755156031930088, 
    14.858841074574414, 
    10.587011052973057, 
    12.929491085130376, 
    14.93834549516261, 
    2.9526205532458141, 
    1.7725141936562967, 
    9.3787190893810664, 
    3.4466158634805706, 
    1.4690449167495903, 
    4.7081268588547989, 
    5.4153910835198813, 
    0.79246709914653157, 
    2.6377528730063995, 
    12.75969629291321, 
    9.6844730090928497, 
    12.427473700401642, 
    17.627271519373533, 
    0.873482723978797, 
    16.820196851139709, 
    1.3699836789994073, 
    14.424923468677102, 
    8.6208899424264072, 
    2.3391309298671015, 
    10.793892422189485, 
    9.5314577846571868, 
    12.222234822917686, 
    1.8117325000486675, 
    1.4572698061007254, 
    11.400603551573658, 
    16.156911279259724, 
    13.967911368841369, 
    14.818643858669732, 
    1.6302700663175045, 
    13.552110226667224, 
    3.7041483254438923, 
    2.6485107737220348, 
    1.7116054240444718, 
    1.6470064884512998, 
    1.0696231143448172, 
    13.279254824388328, 
    4.74796449916765, 
    13.698673799419435, 
    2.1915622420645038, 
    1.7707736822536686, 
    4.6657750433634249, 
    15.783877919442888, 
    11.996893764018798, 
    1.3606018467836312, 
    1.1428612782197907, 
    1.0318417189547051, 
    1.1496865812771171, 
    2.3230431931079631, 
    3.7319569125722452, 
    0.8827775116706148, 
    3.7979104394044603, 
    7.0122686833210182, 
    11.527597202693059, 
    1.0088297938514268, 
    2.523007015627162, 
    1.1626688756012027, 
    11.234957335115388, 
    12.471572188684213, 
    1.2904566970625868
  ], 
  "mae": 12.311952027316849, 
  "pearsonr": [
    0.73568691837967293, 
    2.8368121652794661e-18
  ], 
  "variance": 0.9905876628418273
}