{
  "noise": 210.29319893832206, 
  "log_likelihood": -3845.5377162128257, 
  "nlpd": -4.428182843033758, 
  "rmse": 19.824945949615742, 
  "lengthscale": [
    4.2447348466906654, 
    2.0540799471867692, 
    24.660927636401428, 
    2.3399240654889368, 
    1.5892316172045515, 
    1.5573229781917188, 
    13.052261530879402, 
    15.2966968668168, 
    10.003384602831984, 
    1.7848606978611352, 
    13.899677356842702, 
    1.9939614833336972, 
    20.371750894851186, 
    16.362919396264516, 
    6.316204491109394, 
    36.854882939563836, 
    1.8586459825914465, 
    8.4466191423361572, 
    16.948622608354164, 
    15.572350645775622, 
    17.738327536743249, 
    5.6080317627072009, 
    12.153886506389885, 
    17.511757005909974, 
    2.3278621091290042, 
    16.941465707074261, 
    12.205281974168674, 
    5.2128952668580588, 
    12.613494745040793, 
    0.87236565942686284, 
    1.3578564287212715, 
    13.654422238168175, 
    8.2608449531860426, 
    1.1731932254122381, 
    3.5384330615966908, 
    3.316584687924149, 
    14.947650506727332, 
    15.793818630616439, 
    2.4416251631148267, 
    17.703975063988878, 
    1.0105854692700711, 
    16.369060380451064, 
    2.5745884492108795, 
    14.785453505517655, 
    2.9637909000508351, 
    13.746026888029137, 
    14.593396975090412, 
    16.949556394658881, 
    9.7150970337269662, 
    15.518067424014406, 
    0.9168278789017994, 
    6.0971532263537735, 
    18.353383633015483, 
    17.580014908942587, 
    13.736120450036218, 
    20.683463908014765, 
    25.810526648616861, 
    17.280781580829206, 
    18.610779581749409, 
    3.0730845551684376, 
    10.787613457600042, 
    3.1851309961525205, 
    15.430439266838697, 
    1.6843962244552992, 
    5.0277733811038736, 
    14.387166213616274, 
    15.119023353518319, 
    24.669964517843177, 
    2.134472585647774, 
    0.71729733631863091, 
    1.3039197717322397, 
    1.7276111246233887, 
    4.4610344182191879, 
    18.959885916715113, 
    3.0118840057231724, 
    16.166358837665449, 
    1.362049247881236, 
    16.705641822393186, 
    12.016880126357414, 
    0.96425477947111105, 
    1.4343115085029754, 
    15.175125765101054, 
    4.0007779993496531, 
    13.251208203976654, 
    18.654334592519515, 
    12.970856641420625, 
    1.217260873625569, 
    13.309702602722279, 
    0.70493058697377686, 
    17.241737124532275, 
    16.830490367808643, 
    16.065818751801974, 
    17.126395314579053, 
    16.528113436186402, 
    1.0065481007565178, 
    2.0863066337628706, 
    16.362292167107103, 
    16.124422219538765, 
    16.621796568889508, 
    12.238020400451655
  ], 
  "mae": 15.205974891714515, 
  "pearsonr": [
    0.48838712746265017, 
    2.5394901036819233e-07
  ], 
  "variance": 259.695384793169
}