{
  "noise": 0.7104691376693877, 
  "log_likelihood": -1157.3170887533595, 
  "nlpd": -396.24001660354008, 
  "rmse": 12.238255987922928, 
  "mae": 9.6034618075222316, 
  "pearsonr": [
    0.43664459073207468, 
    5.5811382952532446e-06
  ], 
  "variance": [
    0.16170489650019068, 
    0.057555347077244211, 
    0.094082697617072511, 
    0.00037537273622320811, 
    0.1281339389023102, 
    2.7084104627528501e-05, 
    0.00060288381432713613, 
    0.16247566768096852, 
    2.5497245852496002e-05, 
    0.00014070095903755963, 
    0.071362333754122556, 
    3.1381785038581074e-05, 
    2.9784433448770255e-05, 
    4.0463263040942505e-05, 
    0.17662533019487189, 
    9.1925463039271827e-05, 
    2.9563381125940715e-05, 
    0.00012739108267785152, 
    4.1179568392184983e-05, 
    2.2313102394507964e-05, 
    0.00011503392776562963, 
    0.00032446820459512389, 
    0.062944825192274484, 
    2.3571430059039374e-05, 
    0.0067191975602284961, 
    7.1554887919507911e-05, 
    3.1566902240614769e-05, 
    0.012643388929365652, 
    2.0821832770245557e-05, 
    0.060543310000868482, 
    7.9802261940783563e-05, 
    0.00030076573800078373, 
    0.00052822433941467572, 
    0.22576274582264089, 
    3.8880548143529421e-05, 
    2.8248814968769974e-05, 
    0.00089624701928284092, 
    2.1548908232756348e-05, 
    0.061620093295302186, 
    3.555570163774362e-05, 
    0.089105174901005196, 
    3.5959055073884112e-05, 
    6.1913563270394047e-05, 
    5.9747268649918381e-05, 
    0.14288473189452661, 
    5.4909144063533285e-05, 
    5.2024370115776326e-05, 
    3.7658843354318988e-05, 
    2.5596218596300268e-05, 
    3.2893967372275578e-05, 
    9.6069166729736332e-05, 
    0.00013951052074995254, 
    0.081672397570193483, 
    2.5249768023672202e-05, 
    4.7593408159274191e-05, 
    7.3865372900336279e-06, 
    0.054322957407344601, 
    2.126592680933745e-05, 
    0.07205931623748528, 
    0.00078995767480193133, 
    3.1727939140106973e-05, 
    1.919012754317105e-05, 
    0.076550418174288384, 
    4.86342929527641e-05, 
    3.2868549030112224e-05, 
    5.1106690281058701e-05, 
    0.17861997758854664, 
    0.47505164566564717, 
    4.6889126894259794e-05, 
    0.0068775098536901849, 
    0.66434099532310198, 
    2.9243828641702348e-05, 
    0.032255902308459351, 
    0.042717025930868374, 
    4.8997682746059401e-05, 
    0.00018139743897747831, 
    4.8125960826665935e-05, 
    0.22830279008596374, 
    3.6293470741971987e-05, 
    0.066048132321628164, 
    0.046416291103080362, 
    0.097734157862949353, 
    0.00016052902079818256, 
    4.5044099350395645e-05, 
    0.00033667624629317092, 
    0.079349574779567333, 
    0.03945458997457392, 
    0.00010618232799297034, 
    4.9652166928376312e-05, 
    0.07761205646635301, 
    0.00011957167909144785, 
    3.8118349549077776e-05, 
    0.40720893335720548, 
    4.8850323904938456e-05, 
    2.2318107141001239e-05, 
    0.00014265150315463415, 
    0.25040244473186879, 
    0.073037890954122539, 
    9.6618482539633389e-05, 
    0.062530710333080497
  ]
}