{
  "warp_d": 0.8897190964316872, 
  "noise": 28.677226384453252, 
  "log_likelihood": -3808.1424311795477, 
  "nlpd": -4.1557120371422256, 
  "rmse": 15.803014625082948, 
  "weight_variance": [
    119.90009589890985, 
    23.607409016131129, 
    95.379707523523919, 
    36.231255120674227, 
    13.484787229259998, 
    65.726183554149941, 
    1.1263585957846963e-23, 
    48.760044774453313, 
    125.02995161631384, 
    1.5040198232143063e-38, 
    20.486932030153906, 
    12.071230071774792, 
    6.1542151636383378e-16, 
    5.8790450427202223e-50, 
    4.2410636168208826e-37, 
    8.9580223038508761e-34, 
    1.2540729843107754e-29, 
    1.5763697367344255e-41, 
    172.70412256694937, 
    118.22231013128783, 
    8.5585081992495058e-22, 
    37.574753158637606, 
    167.4939858197308, 
    1.8567049042533082e-07, 
    3.5629620990370201e-58, 
    1.6919201645655812e-46, 
    1.4504755639731609e-08, 
    2.8561431686524795e-12, 
    31.459288145105685, 
    6.5223296015591254e-11, 
    25.550417393534449, 
    5.9862168912985574e-40, 
    1.2238145665403574e-10, 
    1.2213312198776591e-37, 
    72.070845514785276, 
    175.86970722481672, 
    1.6681417674794158e-42, 
    9.906303051118428, 
    5.4471533611918135, 
    2.4016394290742713e-47, 
    1.3386959173364915e-51, 
    142.31166990088158, 
    111.72504157291652, 
    1.2261381450162389e-23, 
    86.290175706315921, 
    48.473816431122373, 
    2.0821358012253416e-38, 
    53.910354333203983, 
    282.74861839324308, 
    71.099903602213857, 
    1.2005177447452022e-11, 
    60.586141684307997, 
    4.4971783416980197e-15, 
    1.9767554596875847e-52, 
    2.0824547128746829e-19, 
    0.0022356283003475076, 
    5.0023011058793351e-20, 
    2.833552573728612e-49, 
    8.9601387389059245e-20, 
    64.130840929111812, 
    19.816140729222173, 
    62.826603658474554, 
    1.076979551963187e-45, 
    9.7680935278823213, 
    137.83591882725514, 
    55.437082634098374, 
    1.7548107256064428e-55, 
    7.4078986902670263e-37, 
    81.164093943140387, 
    0.071995777105331948, 
    9.7898157349157738e-44, 
    7.3606092740314481e-20, 
    2.6105025771074237e-35, 
    167.87684872417591, 
    14.157536400621208, 
    233.2454604293905, 
    4.8847856993725301e-34, 
    66.441800152802628, 
    1.4364183646314698e-16, 
    9.7988519622544796, 
    44.331339311935082, 
    139.31675611699737, 
    2.3450734808068225e-46, 
    8.1831012873808563e-47, 
    149.19074247118678, 
    135.0038256480461, 
    11.925677715294228, 
    184.62524367994965, 
    36.3488874565248, 
    7.6708894046968139e-40, 
    237.65811089566378, 
    94.534300222645143, 
    112.37492869187025, 
    87.25342357931865, 
    1.1984679376711457e-26, 
    21.764499471198352, 
    0.0017741369969741191, 
    49.171418498430562, 
    5.6806732745008457, 
    216.42677215675252
  ], 
  "bias_variance": 495.07334636078537, 
  "mae": 12.20132101459671, 
  "pearsonr": [
    0.57281209500135688, 
    4.744757877504828e-10
  ], 
  "variance": 994.663527201933, 
  "warp_psi": [
    [
      5.5626846462681369e-309, 
      0.33743812959638708, 
      -37.982428497225371
    ], 
    [
      1.5279948430602811e-174, 
      1.1442766200971683e-44, 
      7.8278316675985318
    ], 
    [
      2.7314624403840006e-212, 
      5.6125644834321742, 
      261.56216027651647
    ]
  ]
}