{
  "noise": 0.04657406871913305, 
  "log_likelihood": -977.3165130948382, 
  "nlpd": -1294.0261034582591, 
  "rmse": 15.308639725119454, 
  "lengthscale": [
    9.1026493550618408, 
    2.4899271592039804, 
    1.3957726174498934, 
    20.326332562335153, 
    7.0215942560527722, 
    1.8451370987665903, 
    0.8098111763775887, 
    20.572160802859273, 
    0.85418680848106954, 
    20.121486053652141, 
    1.054612974676556, 
    1.4853881878088009, 
    2.0136670224539861, 
    21.493142912212761, 
    1.2983813737925247, 
    17.833512667381825, 
    23.43832900705759, 
    19.167623698496961, 
    0.95494216728513637, 
    2.8315974595492501, 
    12.352775099989961, 
    1.0329717106936185, 
    1.2255202763666133, 
    10.725308943260632, 
    19.380921905156463, 
    19.089993131906986, 
    0.65930608267252522, 
    13.844214311380373, 
    2.8263500989146193, 
    1.8846413966358284, 
    1.1300020223029053, 
    20.487818501395669, 
    7.1510446336632585, 
    18.657697341467465, 
    1.1765809855055271, 
    1.9839358363363857, 
    16.583089987097722, 
    9.2182463243248343, 
    16.083966986595527, 
    17.636955257019242, 
    22.798587266698654, 
    10.819126315499105, 
    16.763797245332242, 
    2.0403430918825221, 
    1.1559661355162569, 
    1.5342176650026556, 
    20.84281946837546, 
    3.0294226249476219, 
    0.81229392881523887, 
    13.43588095329501, 
    17.062168226142962, 
    2.2644946867848863, 
    12.707849909101427, 
    24.177112536198244, 
    0.68593075900793055, 
    18.116869163876867, 
    6.020651953026948, 
    21.526308706914836, 
    4.7355133348232314, 
    2.7372384596611385, 
    14.653467384042083, 
    16.369999320028196, 
    19.155203312042545, 
    3.2498641012521139, 
    2.0765215048593468, 
    18.381374365316212, 
    23.096763403212748, 
    18.888947175614643, 
    16.464129949400427, 
    15.74872001820124, 
    19.22030027372967, 
    5.0951261524843554, 
    15.424621373615704, 
    2.4274894907980782, 
    1.3568098622516236, 
    0.72434160612416565, 
    17.692909062499382, 
    2.9439343397732674, 
    18.944832933455757, 
    1.9896022922284449, 
    1.5884789875279965, 
    4.7080144565665885, 
    22.451180416311896, 
    17.306830909417069, 
    2.3456476568474653, 
    0.85978869941859548, 
    0.84517118236916589, 
    0.93842497084704557, 
    1.4370772527308417, 
    12.253209961927617, 
    0.71032331950089056, 
    1.6204573558568844, 
    1.1423019847940183, 
    3.2327252873514882, 
    1.3918120905809859, 
    2.2941254022355002, 
    2.2496296806405764, 
    14.112692597474714, 
    14.578188733452604, 
    0.94083803211052253
  ], 
  "mae": 11.467185144080156, 
  "pearsonr": [
    0.74715999080498607, 
    4.3871058857686868e-19
  ], 
  "variance": 0.9936123584029002
}