{
  "warp_d": 0.14597924751015381, 
  "noise": 1.5285224549039556, 
  "log_likelihood": -3281.03216772301, 
  "nlpd": -3.5322219443876675, 
  "rmse": 8.1621932887019497, 
  "lengthscale": [
    16.832201437146423
  ], 
  "mae": 5.1246211769427452, 
  "pearsonr": [
    0.63222630404062707, 
    1.7287761836896204e-12
  ], 
  "variance": 13.57876802981586, 
  "warp_psi": [
    [
      3.7897193554244199e-05, 
      1.6843350332687999, 
      1.3098962489345596
    ], 
    [
      5.3690599221875137e-07, 
      1.4963622874005793, 
      0.4532451117502454
    ], 
    [
      1.168432789800162e-05, 
      0.29123252801108274, 
      0.26076701946900244
    ]
  ]
}