{
  "warp_d": 0.15030202690766226, 
  "noise": 1.88775963916913, 
  "log_likelihood": -3691.2915157126868, 
  "nlpd": -4.0842763696279381, 
  "rmse": 14.579937931535078, 
  "lengthscale": [
    3.362983400823258
  ], 
  "mae": 11.223844065153262, 
  "pearsonr": [
    0.7606465635290639, 
    4.2835919053433255e-20
  ], 
  "variance": 10.550079376889737, 
  "warp_psi": [
    [
      2.0352078839028106e-07, 
      1.9249791081180907, 
      1.3489591587548522
    ], 
    [
      2.4291102590928458e-07, 
      0.62424850097251272, 
      2.1034229200093431
    ], 
    [
      6.3164373843221999e-08, 
      0.42464107211258584, 
      3.9811773253960161
    ]
  ]
}