{
  "log_likelihood": -4933.33701002399, 
  "nlpd": 4.3741820499024895, 
  "rmse": 19.237825272686536, 
  "Gaussian_noise.variance": 324.20277443095256, 
  "mae": 15.196912465517599, 
  "pearsonr": [
    0.47513377428066167, 
    2.1587791458174571e-08
  ], 
  "linear.variances": 34.57273811570504
}