{
  "log_likelihood": -4555.581312853693, 
  "nlpd": 3.8560566173137021, 
  "rmse": 10.990590786554559, 
  "Mat52.variance": 134.65640473729638, 
  "Mat52.lengthscale": 2.4073444545727067, 
  "Gaussian_noise.variance": 132.8425286722643, 
  "mae": 9.0375023766467386, 
  "pearsonr": [
    0.41627260688731804, 
    1.3769799334248925e-06
  ]
}