{
  "noise": 0.06116485223385794, 
  "power": [
    2.1761334337491856
  ], 
  "nlpd": -173.05503833207794, 
  "rmse": 10.699126930123144, 
  "lengthscale": [
    10.087143816897751, 
    3.7274462307589862, 
    9.809823807197807, 
    0.79036145846518968, 
    12.193363238148711, 
    2.0663081809720345, 
    0.52038485961955239, 
    9.9933746808218302, 
    1.4299527930951801, 
    0.78174148060510362, 
    9.1279306864131584, 
    11.372818106505095, 
    1.8641072602293591, 
    10.814699588400861, 
    8.2735686744585095, 
    0.33919995707383238, 
    7.4768536879570968, 
    9.4864995653163167, 
    6.6185766376699675, 
    2.5427859392026768, 
    5.3864463313453435, 
    5.6037446339787023, 
    10.788973126488672, 
    8.4902547848492453, 
    15.20269030824193, 
    7.0901590044684744, 
    1.493972191371016, 
    0.6128072149256939, 
    8.9873671641593127, 
    0.61118518085948725, 
    0.63802256891836695, 
    19.400125473727744, 
    4.875152200154508, 
    5.3232760449161187, 
    8.4479528936833006, 
    8.5882247416624704, 
    1.1269733780847115, 
    2.1310141950820944, 
    14.492846425347183, 
    14.108685187166586, 
    4.2104629385407275, 
    10.543568163358486, 
    12.641526050096275, 
    6.1547653588500175, 
    11.246210585190667, 
    5.6423709284703429, 
    4.9473575555511635, 
    1.6138416198173431, 
    6.9787774972026062, 
    2.2015432883878905, 
    12.452745719162598, 
    6.7772497371415525, 
    1.1844340310330828, 
    3.5573343672694286, 
    0.74165576179711379, 
    23.537218989346997, 
    6.8447568038883446, 
    3.1372972702161057, 
    15.961335130998414, 
    10.873362477425704, 
    14.299012497048263, 
    16.347870446941652, 
    11.634354757108021, 
    5.4161437574627591, 
    8.2260657550021392, 
    1.8843088370661609, 
    2.2242597176248053, 
    14.274551416130457, 
    13.619891946972446, 
    13.188715127027768, 
    9.188501739848963, 
    0.51636891831713205, 
    9.7156384357691721, 
    1.7408088551706649, 
    3.5245142969806897, 
    5.7659882476006148, 
    0.31308349542379194, 
    5.0810060071956151, 
    7.002843541684185, 
    3.3569675329965318, 
    4.5477184235364794, 
    11.201669478667204, 
    9.7306465423762543, 
    8.4496148042091068, 
    11.955228290698791, 
    1.112009337908904, 
    8.4569733688062367, 
    1.2806150897838289, 
    8.3153912939725796, 
    8.8574328619458154, 
    11.254834242880953, 
    8.2422561430143961, 
    15.677471505154303, 
    13.91972099603406, 
    1.1249984084616726, 
    9.0310083134919505, 
    0.60460329084900821, 
    2.0151307194027264, 
    11.305623736922843, 
    11.058761349124259
  ], 
  "mae": 6.3066496281360207, 
  "pearsonr": [
    0.52936208481104874, 
    1.4914275308631779e-08
  ], 
  "variance": 0.8287125588865683, 
  "log_likelihood": -1056.8177498639313
}