{
  "noise": 0.24946024916433351, 
  "log_likelihood": -1074.3697881061066, 
  "nlpd": -252.82451144610681, 
  "rmse": 9.9897274087684522, 
  "lengthscale": [
    1.7826049104115178
  ], 
  "mae": 6.6408242637591108, 
  "pearsonr": [
    0.71466409283561683, 
    6.8279239142116846e-17
  ], 
  "variance": 0.6362214239605379
}