{
  "noise": 0.2676030294205679, 
  "log_likelihood": -1009.8332072830744, 
  "nlpd": -284.25575697841282, 
  "rmse": 11.064113516066847, 
  "lengthscale": [
    21.819579673290207, 
    32.60944598664306, 
    30.673120803750894, 
    27.417930426041988, 
    35.235715118092067, 
    29.612939420615142, 
    0.84643948605157726, 
    1.5654311480797722, 
    29.685723940059873, 
    0.80166645065579756, 
    27.923248530704349, 
    31.330111922027996, 
    14.515202278726866, 
    1.1390767091868983, 
    12.899606637125228, 
    0.35315169438703242, 
    2.6833748303979106, 
    20.78543624439207, 
    0.58105708519668653, 
    21.246764642711042, 
    0.66892458542380973, 
    17.362151343213181, 
    22.231469778716257, 
    23.271202706424457, 
    37.53344539352549, 
    28.786188954484292, 
    1.1444312094141216, 
    10.647644789176706, 
    23.201325944267307, 
    0.83017144698393974, 
    1.3794596095554184, 
    0.67559558080979432, 
    26.438496639916977, 
    22.580004810742551, 
    36.328873690002055, 
    17.075504183433445, 
    1.189480451292628, 
    28.992193763643478, 
    24.236226913846789, 
    23.13295198114637, 
    1.1462109700553307, 
    16.386708103161631, 
    28.410811736458982, 
    31.508050981057576, 
    17.443937257866455, 
    18.897101881998701, 
    29.633577230850289, 
    18.316297396502765, 
    32.934376275840656, 
    18.355053201930289, 
    7.6605609161712414, 
    30.839648893001801, 
    1.8067885653612334, 
    2.2858405654055969, 
    26.953093938975645, 
    35.735071828440461, 
    20.939852968876568, 
    33.994740996155883, 
    12.183672442652753, 
    24.958481977390282, 
    0.65420116096839731, 
    33.363474063430466, 
    32.964800993214844, 
    13.475366138118197, 
    28.811740900021348, 
    0.62883393368830187, 
    0.7103640851015508, 
    0.67030538311607679, 
    36.990474319971462, 
    26.4294128669064, 
    27.118781046860711, 
    17.349100040059042, 
    0.6611844635414923, 
    1.2877505846322017, 
    8.9381503533307942, 
    33.534140793325605, 
    16.652573638487425, 
    8.1161925520669485, 
    1.1997904529048615, 
    0.77105222511719462, 
    19.911456905299527, 
    0.5267534867342083, 
    31.76465151380166, 
    23.298592811768259, 
    24.11505331565181, 
    11.652330697628971, 
    25.889563881047163, 
    33.388316854722845, 
    25.623409058379931, 
    1.5259720835246333, 
    17.785450863299346, 
    10.141065734486176, 
    28.575699825226732, 
    31.451531807008433, 
    1.2014486024338267, 
    0.75568646146447904, 
    33.426482485733644, 
    0.42536540748054186, 
    11.178974819335453, 
    1.5460999837632075
  ], 
  "mae": 7.8804569939074716, 
  "pearsonr": [
    0.60853727375075461, 
    1.8654662099493366e-11
  ], 
  "variance": 0.5080850954835275
}