{
  "warp_d": 0.822470689987057, 
  "noise": 33.47669198413159, 
  "log_likelihood": -3642.843221919064, 
  "nlpd": -4.0675323841754887, 
  "rmse": 14.11237846471994, 
  "weight_variance": [
    0.010687946435111237, 
    0.0015854122304297662, 
    8.1131423742539863e-06, 
    0.76474095091709748, 
    2.1688008503034414e-11, 
    5.9773101337545327e-08, 
    0.011472541028811699, 
    3.5995620422819294e-06, 
    6.6683674562755866e-12, 
    123.51860208584637, 
    1.7237913492977169e-13, 
    0.00015428949340609436, 
    6.786547599062488e-15, 
    2.0645744726552684e-07, 
    1.4561215442969508e-14, 
    7.2522998055961541e-13, 
    8.9604468605390188, 
    0.047492082614780114, 
    6.8625829235239744, 
    1.7399358017785118e-12, 
    46.044095711761166, 
    7.0260135484422515, 
    1.0364130757298069e-08, 
    7.0756578661187595, 
    2.8821433619419126e-15, 
    6.2960652239368846, 
    8.405115085536079e-12, 
    8.5265649346416943, 
    2.6253773986200854e-14, 
    63.730814470608607, 
    31.350962513515846, 
    9.1262392315603176, 
    5.0717714822521362e-08, 
    1.6811703380822724e-13, 
    4.0737389805991701e-11, 
    47.827281680439981, 
    5.9618758196958738e-14, 
    49.116946034312711, 
    22.415859946731185, 
    3.3868453063183606e-07, 
    0.099906172679638514, 
    2.337221776522906e-12, 
    7.4267500323030253, 
    9.5757807649667595e-14, 
    50.208560373458518, 
    1.2440628076831961e-12, 
    42.260844535261711, 
    8.846033134711063e-08, 
    2.4175892608742424e-13, 
    1.6736823175503385e-10, 
    32.337876379384191, 
    5.4636829306266806e-09, 
    1.6783296528632391e-06, 
    5.8337936602944191, 
    37.154945690674971, 
    6.934377075681267e-12, 
    9.1716917497183967, 
    1.4855875119861211e-13, 
    6.2631525594082399e-17, 
    2.58922531129111e-09, 
    2.1283314087201464e-11, 
    7.7022859763798381, 
    5.0287707552571328e-11, 
    4.0086200458724668e-05, 
    6.7637598499624316e-14, 
    14.028125776986952, 
    4.7678612095847646, 
    2.4616226813718423e-08, 
    9.3898340772043678, 
    22.009848509896241, 
    4.4526467105610299e-10, 
    79.380401411659051, 
    6.7444816401603937e-13, 
    0.0034135887319254057, 
    37.925201409953218, 
    7.701966816061169e-13, 
    6.0369275704296278e-13, 
    3.697904474079908e-14, 
    9.0702752608211178e-06, 
    0.0098476998062916599, 
    63.384748239715861, 
    65.427735162474249, 
    42.75103172827064, 
    5.7133852671566768e-06, 
    3.5664212388054075e-11, 
    3.255340506995515e-11, 
    4.0702262560536946, 
    6.5912177879705243e-14, 
    0.012258289213344509, 
    1.2076607564870252e-13, 
    68.928165071175385, 
    74.245799497189807, 
    3.8106629815554396e-05, 
    1.5659262577447765e-11, 
    44.831007440701605, 
    4.5322821331855121e-14, 
    1.8415980056705702e-11, 
    6.2684150575129625, 
    1.7717636398983425e-12, 
    16.425780021712395
  ], 
  "bias_variance": 282.1507284476411, 
  "mae": 10.300303787068174, 
  "pearsonr": [
    0.68794684971187225, 
    2.6347247239829093e-15
  ], 
  "variance": 765.2909684157123, 
  "warp_psi": [
    [
      4.5067550170691294e-245, 
      1.5181989991227861e-28, 
      -21.253360518081287
    ], 
    [
      5.5626846462681369e-309, 
      14.79099782257695, 
      -9.9173815581113498
    ], 
    [
      2.952360093390615e-254, 
      14.455663877913839, 
      7.6416890092309213
    ]
  ]
}