{
  "noise": [
    39.30022236616332, 
    21.37838860408973, 
    29.518415431767647, 
    60.18660646450069, 
    10.667591468705364, 
    84.1273617047854
  ], 
  "kappa": [
    12.361152752132703, 
    9.359815447893432, 
    37.930157939401845, 
    28.17586365843056, 
    43.39819637393567, 
    14.687770052707577
  ], 
  "log_likelihood": -21304.313498169206, 
  "joy": {
    "mae": 14.970413964853028, 
    "nlpd": 4.3850216149148444, 
    "pearsonr": [
      0.57515633403740296, 
      3.8826903960349858e-10
    ], 
    "rmse": 18.722000608262388
  }, 
  "weight_variance": [
    7.0791012740316308, 
    0.75264310632639786, 
    5.2316370255903291, 
    9.3545574055449734, 
    19.277456963357778, 
    16.793734241701461, 
    28.21439480919927, 
    3.2845834448796527, 
    16.927144132882088, 
    26.309512291080058, 
    7.0050600823843336e-05, 
    2.5246984486085551, 
    1.8746597687248812, 
    4.009962658230374e-08, 
    3.4621703939266846, 
    18.543992954894293, 
    1.2690644101154937e-05, 
    1.0115757504346465, 
    8.462211211769965, 
    3.1521345776599174, 
    28.796052977108893, 
    2.0070910425694368, 
    4.937743562493548, 
    2.1271161119578093, 
    7.649655515549554e-07, 
    1.3388392902123414, 
    27.880083624598914, 
    19.891297266628026, 
    4.5257713631970953, 
    43.203500388093723, 
    18.751569517280778, 
    30.883897499416907, 
    0.17637964880743326, 
    3.0613818857949653, 
    2.1402687098767865, 
    12.865933082466587, 
    2.1732600948146739, 
    29.87482119552736, 
    1.6684061357200037, 
    1.3775375166563755, 
    11.498765112134629, 
    0.011954051852052845, 
    8.1608546258910768e-05, 
    1.1796370691913242e-07, 
    35.367567689265535, 
    1.923039850051615, 
    29.020691664950014, 
    3.1248946959932322, 
    24.589823699820112, 
    4.8268769512060512, 
    37.731986448752572, 
    7.4538978703439192, 
    6.536935235450291, 
    0.0006398724593290971, 
    17.051142008739841, 
    0.00057950204911230187, 
    2.5427031597981511, 
    1.6083328674385085, 
    0.0010140449791594254, 
    0.0039678888844124601, 
    4.2850900543309521e-07, 
    2.9363759184469931, 
    8.0244581999387894e-08, 
    4.7437169777356809, 
    2.34001199748384, 
    2.2021803723392073, 
    5.4913683159871924, 
    43.9147008229289, 
    5.2221065311482482, 
    42.140091457040626, 
    3.7269081167750278, 
    36.178751970994611, 
    30.178065108345479, 
    8.641396572095557, 
    12.729721858990089, 
    2.5537018145541173, 
    5.1015872579854431, 
    1.4833349820989106, 
    0.25309579586728298, 
    19.471992614054315, 
    3.7036621990184764, 
    16.425904544248759, 
    6.3205318009285678, 
    1.0220290255753949e-07, 
    0.00076473662201436365, 
    2.4995426788931363, 
    13.51340310514648, 
    7.0193812502396158, 
    9.1320141116333975, 
    4.0990379846901197, 
    18.812521026781976, 
    3.7552794054272498, 
    10.768327815290277, 
    4.5639049506905169e-10, 
    45.345746638099506, 
    10.997731335431133, 
    41.841235887696072, 
    9.270256117045145, 
    0.00012901684519567801, 
    46.420308761202556
  ], 
  "bias_variance": 68.6215147884431, 
  "W": [
    -2.6475959464520615, 
    -1.8245357343780322, 
    -3.04889558005563, 
    5.831047108539433, 
    -5.145858406686823, 
    1.2789784135706406
  ], 
  "sadness": {
    "mae": 13.066611723169475, 
    "nlpd": 4.4263833070163612, 
    "pearsonr": [
      0.55452187804204611, 
      2.1515195227422807e-09
    ], 
    "rmse": 18.10149649216995
  }, 
  "disgust": {
    "mae": 5.3210855503418308, 
    "nlpd": 3.5139655381848924, 
    "pearsonr": [
      0.72736194987397051, 
      1.0356292275889794e-17
    ], 
    "rmse": 8.0603385005136836
  }, 
  "variance": 19.43518619534926, 
  "anger": {
    "mae": 6.7167518654438574, 
    "nlpd": 3.6588638728207674, 
    "pearsonr": [
      0.6471673008064609, 
      3.4624896891425955e-13
    ], 
    "rmse": 9.2290388038872528
  }, 
  "surprise": {
    "mae": 9.5169451687038489, 
    "nlpd": 3.9150012009847099, 
    "pearsonr": [
      0.40470406132055964, 
      2.9630420143906434e-05
    ], 
    "rmse": 12.103580909775145
  }, 
  "fear": {
    "mae": 8.3645904747821405, 
    "nlpd": 3.9084473781367253, 
    "pearsonr": [
      0.75384649933214498, 
      1.4105169313574596e-19
    ], 
    "rmse": 11.639450348087696
  }
}