{
  "noise": 0.051440870507955656, 
  "power": [
    0.67911270069330021
  ], 
  "nlpd": -837.26872925221369, 
  "rmse": 18.118584583198565, 
  "lengthscale": [
    1.1186663184493768
  ], 
  "mae": 14.191901360265962, 
  "pearsonr": [
    0.60032828522373471, 
    4.0657797460543423e-11
  ], 
  "variance": 1.3200148950144839, 
  "log_likelihood": -1119.9791174785541
}