{
  "noise": 0.11344457617662215, 
  "log_likelihood": -1135.5986724581692, 
  "nlpd": -627.6471037674379, 
  "rmse": 15.707323275086958, 
  "weight_variance": [
    2965613.1145128529
  ], 
  "bias_variance": 60001.428187859165, 
  "mae": 12.819121650320335, 
  "pearsonr": [
    0.6212672165179246, 
    5.3268357298581375e-12
  ], 
  "variance": 2.0585021813273796
}