{
  "noise": 0.03527771666213749, 
  "log_likelihood": -1060.8515470725044, 
  "nlpd": -1135.0177786071251, 
  "rmse": 18.390306530690111, 
  "lengthscale": [
    1.4001674975509604, 
    0.41367208017474411, 
    0.83628858235564274, 
    0.92849763052681078, 
    1.6316717843231459, 
    0.95847066447092222, 
    0.84977938984255152, 
    13.300185750210618, 
    1.8708199756801545, 
    1.1917787595078759, 
    16.84251759966185, 
    5.5866788572367039, 
    21.313700411583977, 
    15.451885307964414, 
    0.46887620545587627, 
    7.5522415535425393, 
    1.8788359264062453, 
    0.91590135430630892, 
    29.576225443762986, 
    25.843673239750558, 
    0.90341614425106731, 
    2.4459843321878294, 
    15.699185258568095, 
    10.181809024568853, 
    0.82067459378309437, 
    10.274651873856293, 
    13.432246546568752, 
    1.8964813748945106, 
    2.0184054409314562, 
    1.0127134309770616, 
    1.0461273521800512, 
    18.788149811761926, 
    0.69336253000417469, 
    15.480540384223673, 
    1.5713824964196232, 
    2.5774941021700561, 
    15.713387452670254, 
    19.6635436978593, 
    14.944028096501723, 
    1.3283814175328987, 
    5.9005638857678244, 
    0.59686229723248829, 
    1.7820978885190562, 
    16.860723144066625, 
    22.872938583682306, 
    23.742863804155323, 
    26.789537616405859, 
    25.249570075010524, 
    1.5006279632605379, 
    19.682089781365487, 
    1.306034561508348, 
    10.59255745791422, 
    1.0777874621798476, 
    27.40027478977478, 
    1.4543370931155435, 
    20.168526871996864, 
    0.86281067068113815, 
    19.838435797928884, 
    17.516317478651693, 
    1.1032538565424366, 
    25.532312103354894, 
    1.0397731961966523, 
    4.6078039213177533, 
    12.559647094028072, 
    24.282766942465127, 
    0.98468740212516837, 
    18.053244835534056, 
    0.55655455457693215, 
    0.87298080628106001, 
    1.1007594534373182, 
    1.2787953256572384, 
    1.0687578162484506, 
    22.709923264726321, 
    21.514314931376504, 
    19.636410636152888, 
    6.4893713125788404, 
    18.372452144182919, 
    20.142314447541626, 
    17.660245944968157, 
    0.88310138041189523, 
    1.118836400534287, 
    8.7148351927585885, 
    2.9035549205766884, 
    10.323790254528966, 
    1.6058117424718081, 
    17.711483644903733, 
    1.9748424422260156, 
    20.603901877892859, 
    0.74935912470971078, 
    18.005643197248325, 
    7.9456500022398417, 
    1.0922658613645877, 
    9.4465118674447943, 
    19.52682736632234, 
    1.0038766531921031, 
    1.6793285806947922, 
    0.92513758055020956, 
    25.004210515955862, 
    22.88861214376027, 
    20.713630601053453
  ], 
  "mae": 14.185261590887436, 
  "pearsonr": [
    0.51254159542642619, 
    4.9962243046785543e-08
  ], 
  "variance": 1.096700082219559
}