{
  "regularization": 10.0, 
  "rmse": 12.423071509344574, 
  "intercept": 3.8314360344487497, 
  "mae": 8.7162603093222657, 
  "pearsonr": [
    0.5447424796647492, 
    5.1226507152259233e-11
  ], 
  "coefs": [
    -1.5836372013244782, 
    -1.2918194054134955, 
    -3.5860509444254163, 
    -1.7428465698006748, 
    -2.4202346760188576, 
    2.3286710058872835, 
    -2.5319196971982163, 
    -2.0847424117792936, 
    2.6033116046394622, 
    5.1637884544276984, 
    2.1220821280076314, 
    0.23284957340247756, 
    2.1213631498194756, 
    -0.19061399656509842, 
    -2.8483809261200195, 
    4.5739149153541048, 
    -2.9947486826702794, 
    -0.79197137898773096, 
    -5.3323651349682439, 
    1.9589108446779275, 
    4.8337354027298485, 
    -0.34836115076726254, 
    4.40381888604123, 
    0.74450549826926493, 
    2.8832792175939121, 
    1.4084819296919857, 
    4.3713874503848436, 
    0.11089612384235205, 
    3.0030153094015835, 
    3.8579248731417266, 
    4.0697734526810079, 
    1.9279966873244088, 
    3.6507673838170271, 
    -1.1917508086007815, 
    -1.1471528926775083, 
    -0.88945193080785623, 
    -1.5245028609425011, 
    -2.3404084756977541, 
    2.4388572003741031, 
    -0.767537068560179, 
    -3.9266760505971305, 
    0.049931822948249466, 
    -3.044833332505219, 
    1.793564012913377, 
    0.39911851638314866, 
    -2.0797341569726759, 
    1.2283911851599758, 
    1.1017315587321883, 
    -1.5242306656386067, 
    2.1482795810639685, 
    2.2110897568484913, 
    2.2730542407725767, 
    -1.864307335254882, 
    4.5585192429296599, 
    0.57636742106144989, 
    1.0721027797313722, 
    1.8364604374034308, 
    -2.9357852056253551, 
    -1.9054485026027304, 
    -1.8543211278220029, 
    3.3758915424377749, 
    -3.039759177509314, 
    1.0890084804089568, 
    -0.52496368419102835, 
    1.0851112471975679, 
    1.8736905918887317, 
    4.2630035250483207, 
    -1.7514569318076432, 
    -0.70272866476326357, 
    1.8662230252925662, 
    0.71425947361427644, 
    -0.71005285607919644, 
    -2.6053563174008896, 
    3.9366507756045204, 
    -2.8516939873756142, 
    1.0155723483084902, 
    0.98531013574906501, 
    3.0475748596773347, 
    -4.8715907679109769, 
    2.5171989910608898, 
    2.0615295798058058, 
    -1.0822830679203161, 
    -3.2138496079997871, 
    0.1484935495983204, 
    -0.41708782417191492, 
    -3.2075090034170644, 
    -1.6077429356548236, 
    0.84605950820457387, 
    3.2796869349188036, 
    -5.0538829321112448, 
    -2.0684452120676484, 
    -3.4317185620997153, 
    -1.1145217035953059, 
    -1.1880468897649825, 
    2.9474544229172794, 
    -0.030797095496046201, 
    1.3169875604055177, 
    6.4968439540593179, 
    3.763372899574549, 
    -1.0354551428369478
  ]
}