{
  "noise": 0.08847816985886689, 
  "log_likelihood": -1150.4854727205684, 
  "nlpd": -54.025267297254857, 
  "rmse": 6.2673076294467007, 
  "lengthscale": [
    1.3571595243111976
  ], 
  "mae": 4.7800707637562896, 
  "pearsonr": [
    0.42236091746845467, 
    1.2024186056457234e-05
  ], 
  "variance": 0.8856668063706654
}