{
  "warp_d": 0.7847133288438425, 
  "noise": 105.09900116158059, 
  "log_likelihood": -3826.8535495518613, 
  "nlpd": -4.1407267251492463, 
  "rmse": 16.007852100054343, 
  "lengthscale": [
    2.8247538985969904
  ], 
  "mae": 13.044979899581115, 
  "pearsonr": [
    0.60249118259857326, 
    3.3183925878596278e-11
  ], 
  "variance": 271.2087268098817, 
  "warp_psi": [
    [
      0.52647243002313171, 
      719.32327528205576, 
      1.0000986537640155
    ], 
    [
      5.6578989267526991e-195, 
      3.7497944719526098e-51, 
      -52.862488717061225
    ], 
    [
      1.1852121650046518e-250, 
      3.0089212191946229, 
      -60.991796572260618
    ]
  ]
}