{
  "noise": 8.989827993505713, 
  "log_likelihood": -3162.710105291971, 
  "nlpd": -3.4403204080702268, 
  "rmse": 7.5859710444664268, 
  "lengthscale": [
    10.451566669594731, 
    1.0478874668933906, 
    0.72349153202608418, 
    0.57564719188110725, 
    11.999751956391524, 
    7.5266164830608657, 
    0.47820946612940496, 
    9.6579296648677282, 
    21.009680265278533, 
    1.0438617514814892, 
    1.765564008679082, 
    16.661674897008286, 
    9.8061078269712283, 
    8.3818166646428143, 
    10.922927075359111, 
    0.3684241593886835, 
    10.037695790755318, 
    1.2183340882939562, 
    6.0278601502962257, 
    10.847895811814839, 
    5.0047740539906425, 
    10.432046601708542, 
    9.9568723441095344, 
    9.2876446216873756, 
    12.53518821937061, 
    13.139817964952833, 
    6.7294191464269328, 
    0.44431388776517849, 
    11.369979200451992, 
    0.44055477707770402, 
    0.56383169338412054, 
    11.125308842914404, 
    2.040272734721821, 
    9.7501441039336729, 
    10.126003594154769, 
    9.6238522259415902, 
    16.280249207866689, 
    0.93249539377092316, 
    7.2664229526394637, 
    14.762012292779639, 
    8.1520560184265207, 
    10.78050384797948, 
    11.923585560056612, 
    8.6715611953191001, 
    9.3202341776540951, 
    5.3542678071519454, 
    7.9236848618218696, 
    0.78784031016229972, 
    22.648247363105998, 
    1.0973615157771668, 
    10.92954990155032, 
    8.431370207622372, 
    1.1534947994785436, 
    8.2147856783008084, 
    0.76337382078414939, 
    11.02500131946716, 
    9.5538189433760188, 
    8.2872999896561694, 
    4.6394395738718366, 
    11.287335960241551, 
    14.309950806873099, 
    11.976645518354857, 
    11.036921345855705, 
    1.5045405124621694, 
    11.106600408306866, 
    1.2016194409389191, 
    2.331728756504754, 
    20.645987751120085, 
    10.730851870247422, 
    1.7026436854147273, 
    12.00045584627212, 
    0.49137427552974877, 
    0.97821860069390398, 
    1.0735119597657139, 
    7.9940250605654413, 
    7.6526493115363801, 
    0.23243758692644159, 
    7.0515260907896788, 
    3.5988203920509849, 
    4.00416452221722, 
    1.0700838290745975, 
    0.85043756364790046, 
    10.270599656126585, 
    7.489654189775024, 
    8.4861195348578455, 
    10.779518162039727, 
    8.5003791578281334, 
    0.96177738931760959, 
    11.456086217539207, 
    8.4423098202878997, 
    9.5538119256745198, 
    10.084400189556385, 
    20.512495415433094, 
    11.975246370630085, 
    0.73051170221004347, 
    9.6456439773140676, 
    0.60804051484895305, 
    0.57495753975701058, 
    9.8236978645025896, 
    0.86550957487134594
  ], 
  "mae": 5.0418403065311308, 
  "pearsonr": [
    0.69539653574474003, 
    9.9029423392800823e-16
  ], 
  "variance": 88.73027522768176
}