{
  "noise": 0.025909015405507902, 
  "log_likelihood": -1007.6215632271114, 
  "nlpd": -919.13999636576204, 
  "rmse": 17.220874484130778, 
  "lengthscale": [
    1.8041294513059403
  ], 
  "mae": 12.865635375344038, 
  "pearsonr": [
    0.60113779726555205, 
    3.7688109699196865e-11
  ], 
  "variance": 0.9711524397062911
}