{
  "pearsonr": [
    0.75573159764409614, 
    2.3076971386608352e-24
  ], 
  "nlpd": 4.0420436779953635, 
  "rmse": 13.673598542695371, 
  "Mat32.lengthscale": 2.564094095031694, 
  "Gaussian_noise.variance": 76.94844937982393, 
  "mae": 10.11820312399502, 
  "Mat32.variance": 376.6971845375045, 
  "log_likelihood": -4648.953583786122
}