{
  "noise": 58.552196616351075, 
  "log_likelihood": -3686.455236524592, 
  "nlpd": -4.0103874948971763, 
  "rmse": 13.359742535691419, 
  "lengthscale": [
    2.521304377765806
  ], 
  "mae": 9.0286114621473477, 
  "pearsonr": [
    0.73452885832950732, 
    3.4066033615977745e-18
  ], 
  "variance": 367.3044595572842
}