{
  "noise": 31.726932058841122, 
  "log_likelihood": -3355.6927951667167, 
  "nlpd": -3.693064719739882, 
  "rmse": 9.4311988584686919, 
  "lengthscale": [
    11.465710529547149, 
    12.815619317366776, 
    6.7383624549200754, 
    11.858356321603688, 
    12.750836930119629, 
    12.667314023950627, 
    0.78997610910125249, 
    1.1844645417053139, 
    12.522016460579447, 
    1.5420969116483307, 
    12.61505335219427, 
    12.003862708576799, 
    7.6366172378325929, 
    8.4451505192194176, 
    0.865442984691702, 
    0.5888178106298334, 
    2.0972110452443942, 
    9.7363507662841364, 
    0.65166758258015411, 
    3.8753624360395724, 
    0.60203955752595406, 
    14.11598176605216, 
    12.05294465180056, 
    19.126875240934183, 
    12.505054653957547, 
    10.113652557275246, 
    1.7486846911532776, 
    1.4073393688610327, 
    11.226122837238691, 
    0.89593491355208332, 
    2.0396974135999195, 
    0.89955216167006036, 
    9.1038299979903918, 
    2.3638207149833579, 
    11.423862190723449, 
    8.8342429577208286, 
    7.9032093042016323, 
    11.395382388146501, 
    12.838940953559504, 
    3.7480669197598058, 
    2.1241138743228123, 
    9.9394732742217666, 
    9.7518828860779241, 
    13.982003547775227, 
    8.6351412993595993, 
    2.3693218412020443, 
    16.536328774952221, 
    10.448227442784834, 
    14.865197828562117, 
    2.4310467939342768, 
    20.063245270474933, 
    12.316519393016335, 
    1.8838436825550182, 
    1.5918740827061217, 
    13.09587048489287, 
    4.7426328156315414, 
    13.342895356585659, 
    13.417585937074639, 
    8.4559755930174667, 
    13.009899682977343, 
    0.6046322319937607, 
    13.988649685646019, 
    12.41290051826533, 
    9.2972767076359641, 
    13.152015802001833, 
    0.90722407768459579, 
    1.8548427705631756, 
    0.99317116985668763, 
    13.793270700781017, 
    13.313675178712923, 
    13.731544926283457, 
    7.2483800872457653, 
    10.976505527501992, 
    1.9776204407545963, 
    13.432569613899677, 
    9.5947432619502884, 
    0.85867468503454536, 
    0.99795848698823864, 
    1.361602604324905, 
    1.2327213290002836, 
    8.5242711748728865, 
    0.80842371046147721, 
    8.8307126339306254, 
    10.426039289975254, 
    13.200781380300045, 
    21.55384623930663, 
    9.7212540226277557, 
    13.542215854408807, 
    1.7807239476151817, 
    3.0609525950528269, 
    11.774329861716367, 
    12.651014281493477, 
    8.494784824177227, 
    13.748694072832709, 
    1.5033193271718204, 
    1.7708230505140938, 
    14.320277235353927, 
    0.48688627861953848, 
    7.8186362766650559, 
    1.4345693204944612
  ], 
  "mae": 6.616699139864501, 
  "pearsonr": [
    0.62341299661529548, 
    4.2882417670786682e-12
  ], 
  "variance": 142.50200397626574
}