{
  "warp_d": 0.2024493222801393, 
  "noise": 8.482338450254298, 
  "log_likelihood": -3852.7254581999623, 
  "nlpd": -4.1560862758310897, 
  "rmse": 16.047675977476498, 
  "lengthscale": [
    9.0980459203823472
  ], 
  "mae": 13.261790288455101, 
  "pearsonr": [
    0.59831343306953089, 
    4.9060309940723017e-11
  ], 
  "variance": 79.07106341532628, 
  "warp_psi": [
    [
      3.4226977899528767e-65, 
      0.60074189452156546, 
      97.734488079470339
    ], 
    [
      0.11198359248298986, 
      222.52975301205481, 
      0.99994542610359161
    ], 
    [
      3.4993929763497805e-16, 
      1.9384454893178468e-42, 
      5.0867680323450442
    ]
  ]
}