{
  "noise": [
    115.99731395501315, 
    74.87876812791849, 
    218.54437028965043, 
    305.5930597353283, 
    281.33630693544234, 
    154.7967816811324
  ], 
  "kappa": [
    0.06661177805967633, 
    6.6780847649347095, 
    81.44276640328326, 
    98.33346632874614, 
    0.0009408199430773796, 
    86.06946474716192
  ], 
  "log_likelihood": -21837.95984830727, 
  "joy": {
    "mae": 15.900545241476699, 
    "nlpd": 4.4357131381240062, 
    "pearsonr": [
      0.48694532826182668, 
      2.7873987552458391e-07
    ], 
    "rmse": 20.131800520284436
  }, 
  "W": [
    [
      2.0218266410316237, 
      -7.8004052388293292
    ], 
    [
      0.77684001492528276, 
      -3.7226172596475644
    ], 
    [
      -3.4784319056446265, 
      -9.4008515835139743
    ], 
    [
      2.9021794261540417, 
      11.977905685900037
    ], 
    [
      -13.671733292368847, 
      -13.424087327079329
    ], 
    [
      -0.93060459538249174, 
      0.95257958294744238
    ]
  ], 
  "sadness": {
    "mae": 14.176823245574196, 
    "nlpd": 4.3678848362300107, 
    "pearsonr": [
      0.51477716330166279, 
      4.2705927024353374e-08
    ], 
    "rmse": 18.919079785083635
  }, 
  "disgust": {
    "mae": 6.0496445672563581, 
    "nlpd": 3.7426175735909784, 
    "pearsonr": [
      0.52498433170624992, 
      2.0559155927717883e-08
    ], 
    "rmse": 10.02461046582035
  }, 
  "variance": [
    0.27663662995750021, 
    2.1290682391234061e-06, 
    0.039491747866497923, 
    0.15134305889361985, 
    0.17797191392758988, 
    0.1178493851359656, 
    1.9840746031037491e-08, 
    0.20093923050200463, 
    0.031744025046645301, 
    0.2500410787650616, 
    1.3972560370319249e-06, 
    0.070619344848669663, 
    1.3134601837971223e-06, 
    9.9851567727760033e-06, 
    2.6275555170711057e-08, 
    0.07033162158211935, 
    0.02434792449070065, 
    2.0341110666163002e-05, 
    0.21186322582483225, 
    0.24232647162036866, 
    0.039903710454990637, 
    1.349359471704709e-06, 
    0.12474970528150524, 
    0.1929599818846757, 
    8.7153980404835194e-05, 
    1.1110331429292134e-07, 
    0.064721103600479155, 
    0.10642771745561778, 
    4.6141369444253196e-06, 
    0.36974095599733009, 
    0.20952587465929096, 
    0.045255054009671204, 
    1.0948695324844723e-09, 
    0.20890094367624515, 
    0.11044827508827373, 
    1.0986940178323034e-08, 
    3.0500736938803515e-07, 
    0.21348735716313691, 
    0.022802916870365914, 
    0.0079241532887616064, 
    0.1998533480565178, 
    0.041830176505488363, 
    0.055197269395783073, 
    1.3001029613683601e-05, 
    0.27252412235370044, 
    0.14013291885540807, 
    0.10211885618679513, 
    0.049103795194522515, 
    0.059264131120517108, 
    0.071060185697756989, 
    0.17820552944764126, 
    0.21869840731906304, 
    1.34063680715492e-05, 
    0.7966189259711105, 
    4.188775049462875e-09, 
    0.13996565186612953, 
    0.20238809001966085, 
    0.05588322272647845, 
    8.9188366822758889e-07, 
    0.091564368560378917, 
    0.035094129092911486, 
    0.21254326239034671, 
    0.11962186095365468, 
    3.7620187067317138e-05, 
    0.2029439034727335, 
    0.061836356942348909, 
    0.6121271679708713, 
    0.14956773295061368, 
    0.028165192892600888, 
    0.020979643959094647, 
    0.50987323832127385, 
    5.0526354792353125e-08, 
    3.9039605774548928e-05, 
    0.24373339547777209, 
    0.33361975022994045, 
    0.077099776859082009, 
    0.11315644443394471, 
    1.189064204505313e-07, 
    0.060088844043474567, 
    0.16147563392061698, 
    0.11043446250685231, 
    0.53946241193982836, 
    0.42584176560318132, 
    0.00019395062425875141, 
    0.15722930835103327, 
    3.8097930975117965e-05, 
    0.20213992720261631, 
    0.11658214095486621, 
    0.23920526716192791, 
    0.24447710013880378, 
    2.9312414891426675e-09, 
    0.046848127933847836, 
    0.14590644918624299, 
    3.5240944152054471e-08, 
    1.1753054475115963, 
    0.12144493393794292, 
    0.41037730752257562, 
    0.68892118401837599, 
    0.062208215175509, 
    0.052636881118311746
  ], 
  "anger": {
    "mae": 6.9291929471104758, 
    "nlpd": 3.6917625003345229, 
    "pearsonr": [
      0.57405825908697294, 
      4.2658759885895525e-10
    ], 
    "rmse": 9.5229411481717872
  }, 
  "surprise": {
    "mae": 10.070522134092855, 
    "nlpd": 3.949248387845242, 
    "pearsonr": [
      0.35158926514911093, 
      0.00033460606525947414
    ], 
    "rmse": 12.55077373215315
  }, 
  "fear": {
    "mae": 9.831453149842849, 
    "nlpd": 3.9970376663367615, 
    "pearsonr": [
      0.68594195836863014, 
      3.4115088634979819e-15
    ], 
    "rmse": 12.84338132586913
  }
}