{
  "noise": 0.0870911141487959, 
  "log_likelihood": -915.8143948319026, 
  "nlpd": -721.48230441265366, 
  "rmse": 14.858784924008146, 
  "weight_variance": [
    23.573389090622044, 
    3.2778957917518312e-08, 
    3.8301016062852665e-05, 
    4.246499793893074, 
    4.8552908204581108e-09, 
    38.95933563113109, 
    20.326042008451687, 
    1.1206763493315171, 
    1.5659977239383344e-09, 
    21.261169901308911, 
    2.7402725800530431e-07, 
    2.9671605721828213e-06, 
    2.4640956587518064e-08, 
    11.352529463036086, 
    1.1705822715222463e-08, 
    2.9087528809168216e-11, 
    12.087276749977601, 
    2.4585698460344805, 
    1.8207060585129289, 
    1.8373725269081041e-06, 
    12.4355598490195, 
    14.370101244280409, 
    6.2911848203674213e-08, 
    6.9173718897435812, 
    1.0438828492193183e-07, 
    1.2740568617476202, 
    8.314558777934964e-11, 
    4.8260625287171335, 
    19.304349634410272, 
    45.334648404975894, 
    18.152080640077543, 
    0.47585260140349928, 
    3.0378733505223316e-06, 
    0.00019140732463906738, 
    1.0390053615693437e-07, 
    14.022378661135235, 
    4.7847633174049514e-09, 
    8.5116475719777771, 
    0.66728275926719283, 
    0.0094949759601965101, 
    5.9123379479377425, 
    8.5434184096860866e-09, 
    11.81976403945996, 
    1.9830456619268951e-09, 
    51.616003168120947, 
    3.1274325299553613e-09, 
    27.95446465402479, 
    4.5212117356225588e-09, 
    5.9808928621306495e-08, 
    8.7493462978816995e-10, 
    8.8765386545085647, 
    3.062823267327451e-08, 
    6.0648312085925625e-08, 
    1.0536814264029575e-09, 
    14.247648269114142, 
    2.9114899829928685e-10, 
    7.7137714246648663, 
    0.0011963394398726117, 
    1.6398741989794275e-17, 
    3.2345865168069599e-09, 
    2.1256979564765149e-05, 
    0.0033423686582978764, 
    1.4260549440427999e-09, 
    0.73003258452208786, 
    2.7304531088902192e-10, 
    58.075483869860143, 
    1.0245300425106845, 
    33.378907552240129, 
    0.00026612028608737716, 
    15.864835000845092, 
    4.6614468137267528e-05, 
    40.837975143343371, 
    1.2132824710954929e-07, 
    1.3893201913357673, 
    20.256077601180809, 
    5.2597201086108612e-05, 
    2.9454900422205448, 
    8.5062051743581767e-08, 
    2.9149635439765496e-07, 
    1.4900316166073909e-06, 
    18.76627564726342, 
    44.890703475302736, 
    17.742099103632217, 
    1.857593858325526e-06, 
    8.4745862614713104e-08, 
    1.1130368155933514e-10, 
    0.16644086134829733, 
    4.8010271018640023e-11, 
    28.435254463529649, 
    2.319819041913978e-10, 
    15.618418080574607, 
    46.633924916228224, 
    5.9775072788262521e-06, 
    2.2143315001962916e-08, 
    0.00052792483038775024, 
    0.00030323346310982222, 
    25.293646220828442, 
    1.0285995878191632, 
    0.0021452972636328361, 
    9.3902873075688991
  ], 
  "bias_variance": 85.19404790428797, 
  "mae": 10.891098891799103, 
  "pearsonr": [
    0.63553416344101177, 
    1.2200927796432872e-12
  ], 
  "variance": 2.2463217807660967
}