{
  "regularization": 10.0, 
  "rmse": 18.576299792110003, 
  "intercept": 13.63337759137104, 
  "mae": 13.862142979515067, 
  "pearsonr": [
    0.51643468243782464, 
    3.7987424430851538e-08
  ], 
  "coefs": [
    -5.0593116620958556, 
    2.2458060689255159, 
    -3.8705946757634453, 
    -5.190483319647071, 
    -3.4435640231282609, 
    5.4782787478651516, 
    2.8004078744374108, 
    3.1829693414234286, 
    5.2532644634412202, 
    -0.38473664483646114, 
    0.22465522940311006, 
    6.1809862265193063, 
    4.9364604071759732, 
    -0.886632097859543, 
    1.5719610445696197, 
    1.8022067976993796, 
    -1.7608580198722041, 
    3.5336887917128794, 
    -4.0301888193465079, 
    7.8448504877645364, 
    3.2505722703311424, 
    0.29828896395214138, 
    9.4792166602325825, 
    3.9895107443310711, 
    1.2349462841451908, 
    1.5513112588977176, 
    -0.92694104986340775, 
    6.1905488929326937, 
    4.7528720750451372, 
    5.5251516978454127, 
    8.5221000786767096, 
    3.8598298863069522, 
    0.0081559116353719374, 
    -4.5411535237252982, 
    -9.9152989498442299, 
    -0.34309198711249961, 
    -1.0508753102682582, 
    -5.1247056840065817, 
    0.91360029624889327, 
    2.5023518229880679, 
    -4.5659051482613764, 
    3.4355270770793447, 
    -2.6518492781357446, 
    -0.15412344228186495, 
    4.7743741156966495, 
    6.9789484768147032, 
    -1.0778711707543593, 
    4.4102999058830044, 
    -9.0352510565563016, 
    5.6420584473469173, 
    1.234607809205293, 
    -5.3392909095429859, 
    -0.111075231161331, 
    6.6802212817426634, 
    3.6362578458410559, 
    -0.14688288906992497, 
    -2.0973523031550312, 
    -2.0037779152134112, 
    -0.94234595228096563, 
    6.83943431896666, 
    4.1788819723976491, 
    0.1885600764496278, 
    0.20371529011424194, 
    -3.2624865039077617, 
    -11.358070799541181, 
    4.5074046640438352, 
    2.1407855706411802, 
    0.2273408232667975, 
    -1.8598542297718623, 
    2.5044777175563029, 
    -3.2624046242472895, 
    -0.74733329773432489, 
    0.21067466715870875, 
    8.3168120755866539, 
    7.0095522495199996, 
    -6.7856532963206933, 
    3.0491092874387715, 
    1.850213434005211, 
    0.11678722608485992, 
    5.6130648561342174, 
    5.8294807409758125, 
    8.5008117843045383, 
    3.3549857105365479, 
    -0.6232146370857844, 
    1.1583015243372361, 
    -1.7494765682785371, 
    -4.0262670480917047, 
    -7.5812900559856908, 
    -4.6646790154320517, 
    0.54652042358687114, 
    4.9200866488109725, 
    5.3298985061659341, 
    2.6191497570103879, 
    5.5420661501779973, 
    -3.6248929249704727, 
    9.1261955879214138, 
    2.2148275148794294, 
    5.9196267387407877, 
    1.5707995203520151, 
    -8.0262584383530076
  ]
}