{
  "noise": 201.31261542083294, 
  "log_likelihood": -3734.9017274257294, 
  "nlpd": -4.2093063141983684, 
  "rmse": 16.223633691043894, 
  "mae": 11.962492639609961, 
  "pearsonr": [
    0.54568264871110073, 
    4.3258634996540686e-09
  ], 
  "variance": [
    18.238482409863085
  ]
}