{
  "regularization": 10.0, 
  "rmse": 6.9011135162855037, 
  "intercept": -0.52851419165205515, 
  "mae": 5.6411684426577047, 
  "pearsonr": [
    0.35035741382732227, 
    0.00035225373475068316
  ], 
  "coefs": [
    -0.098925151423088359, 
    0.054467767939654563, 
    -0.051931916699612238, 
    -0.094596424735170243, 
    0.0056420874652280345, 
    0.20621591259150659, 
    -0.077294250032529391, 
    0.076116987589208623, 
    0.14651942567411835, 
    0.3170904689358085, 
    0.1017549087233707, 
    0.067062400650529944, 
    -0.24116207177012194, 
    0.22896821723404476, 
    -0.028495367155967281, 
    0.22770044402824902, 
    0.042025608599526428, 
    0.044253437675364715, 
    -0.12681715653109044, 
    0.091100730125782611, 
    0.087954147111832401, 
    0.076993123764639362, 
    0.15069141581824605, 
    0.051243808473083172, 
    -0.016021230949291112, 
    0.023247966759916156, 
    0.27174611369639978, 
    0.034038348427854755, 
    -0.012786042683500604, 
    0.32708377080985196, 
    0.47035228670408297, 
    -0.17593100323686592, 
    0.22123236034713231, 
    -0.14723838219114782, 
    0.0614563673019125, 
    -0.10998753933960755, 
    -0.1001668677823716, 
    -0.24013635615033857, 
    -0.16867060474505394, 
    0.023477558117563902, 
    -0.097131038069283221, 
    -0.0039179982123125744, 
    -0.036329340334888029, 
    -0.082011320093102275, 
    -0.064355600718201025, 
    -0.11248586457266223, 
    0.085897227560165143, 
    0.064232030225453832, 
    0.025972436703974269, 
    -0.20312793816898692, 
    -0.092261071719670448, 
    0.040973570781794255, 
    -0.33230116833707396, 
    0.36905504738826439, 
    -0.19682651049739311, 
    0.12659234054819293, 
    -0.023491318896829191, 
    -0.13518846631266793, 
    0.19981858880272324, 
    0.058870990787476922, 
    0.022846475038962612, 
    -0.18809918904281414, 
    -0.11272627738986346, 
    -0.16146037878705791, 
    -0.17584028149885167, 
    -0.080316342419226264, 
    0.44326810078082873, 
    0.085488629224307083, 
    -0.053054097368474218, 
    0.074426085406978176, 
    0.050425221393567511, 
    -0.2591410654590075, 
    0.056206638897119909, 
    0.36477088443945671, 
    -0.096019511253579867, 
    0.094229711309434347, 
    -0.082381505683645356, 
    0.15252275639957172, 
    -0.1233991770837008, 
    0.064688356448542372, 
    0.078502884353589875, 
    0.28235403884347854, 
    0.20477225597738036, 
    0.098681011007542091, 
    -0.29309146428958144, 
    -0.22303096240692941, 
    0.060399610595323699, 
    -0.17678501080821946, 
    0.070160680250886912, 
    -0.26047272440332342, 
    -0.055677286118910541, 
    -0.1307445762195634, 
    0.10793562927057383, 
    -0.0081469086645702526, 
    0.74860533343809099, 
    -0.099827530747468793, 
    -0.44421522312200978, 
    0.15238170344923932, 
    0.11432330839866965, 
    -0.066816854946516846
  ]
}