{
  "pearsonr": [
    0.53048253155211333, 
    1.9792306668009042e-10
  ], 
  "nlpd": 3.6989417644517157, 
  "rmse": 9.8683761424687635, 
  "Mat32.lengthscale": 1.4602361044012901, 
  "Gaussian_noise.variance": 8.186129632478263, 
  "mae": 6.4286447368111448, 
  "Mat32.variance": 138.09082847996856, 
  "log_likelihood": -4213.309300748724
}