{
  "warp_d": 0.0849385810689042, 
  "noise": 0.3525929371510989, 
  "power": [
    0.021863951741161743
  ], 
  "nlpd": -3.9243098282077384, 
  "rmse": 11.957834008246897, 
  "lengthscale": [
    0.24267932087391941, 
    1.2754297805150667, 
    0.29892315149361171, 
    1.4766827519197769, 
    0.16796753909210307, 
    2.539763491561998, 
    1.398503712406399, 
    0.26013298726012368, 
    1.9035490492563849, 
    1.713993756325918, 
    2.2326870963508596, 
    0.11754637476758653, 
    2.1333140728541813, 
    1.9576922465907787, 
    0.29621712935992156, 
    2.0631028558850084, 
    1.2215716282335933, 
    1.1149720343105221, 
    2.5047197884923311, 
    1.7042997596206004, 
    1.6719214724900011, 
    1.598860945783666, 
    0.38819478217505271, 
    2.1618706328766222, 
    1.4115532824942956, 
    1.6432780802044755, 
    1.0094494345533884, 
    1.7965024707342281, 
    1.8294421377595931, 
    0.25550445655501447, 
    1.7672304688970184, 
    0.42395367721236238, 
    0.83395186563381618, 
    0.33877471706586315, 
    2.0880199683539882, 
    2.0909984531754291, 
    0.49730036415807344, 
    1.3813885773187338, 
    0.27275724384660821, 
    0.88189789768964699, 
    0.41956689186659357, 
    1.5637877023852305, 
    2.1865446406601516, 
    1.0424342354521312, 
    0.14654705368517867, 
    2.2945323758362806, 
    2.051394999805074, 
    1.3910871144952419, 
    1.7033270975209149, 
    2.6606249191871925, 
    1.6425147847221766, 
    2.0471997689117281, 
    0.58650355379098418, 
    2.2590280619021916, 
    2.1589970688320288, 
    3.5058143112963824, 
    1.3795473295862932, 
    2.3408691187240045, 
    1.4201487963085015, 
    1.5218131150985825, 
    2.5759844616230669, 
    0.38197930294374227, 
    0.30521714632277142, 
    0.3619592822867212, 
    1.1191643025784554, 
    1.6934985009543522, 
    0.68634505194305906, 
    0.15483044161950354, 
    2.2981610063312505, 
    0.82273679439233627, 
    0.28348972790319305, 
    0.14471859227962644, 
    0.11310303575132154, 
    1.2759882672160276, 
    1.2857244675437629, 
    1.6311928671014375, 
    1.2022909762251928, 
    0.87113240092717015, 
    2.4437988046304495, 
    1.6795121227981187, 
    0.75265515675860872, 
    0.40496855753769057, 
    1.0202426853931141, 
    1.27173524763489, 
    1.8841510212346591, 
    1.0266308185395256, 
    0.34819557078393182, 
    2.5560630443127015, 
    2.0803539797804729, 
    1.5149223110471479, 
    0.43439992205587735, 
    1.3775629484794167, 
    0.18679200770315196, 
    0.42150550485415078, 
    1.7630304098644349, 
    1.8833888754908756, 
    0.21202246489000381, 
    0.24230783639955233, 
    2.2612462838952982, 
    0.3896149227889551
  ], 
  "mae": 9.0190287197851884, 
  "pearsonr": [
    0.52804595449469494, 
    1.6433126145179035e-08
  ], 
  "variance": 13.087155174339005, 
  "warp_psi": [
    [
      1.5175883399697443e-05, 
      1.5740577576301715, 
      -1.0042449781319185
    ], 
    [
      1.0875187044754671e-05, 
      2.4036607213117809, 
      1.8330491664614865
    ], 
    [
      5.7507399565875185e-06, 
      3.4957796034528248, 
      -0.42355577144909146
    ]
  ], 
  "log_likelihood": -3514.9109952997605
}