{
  "noise": 0.27033785214708267, 
  "log_likelihood": -1020.4428573664525, 
  "nlpd": -295.00983057537888, 
  "rmse": 12.003226348872269, 
  "weight_variance": [
    1.7273810870567174e-10, 
    3.8359332315894524e-10, 
    2.4454947857173536e-06, 
    1.2519644226615326e-07, 
    0.000203466491629991, 
    2.0936931626241813e-10, 
    41.015611357831737, 
    2.9481834782824016e-06, 
    2.0439866694547059e-09, 
    62.647281794125433, 
    7.2001318042061469e-07, 
    2.4679407050198352e-09, 
    4.0906712578634325e-11, 
    0.0025465731906240312, 
    30.461826044529097, 
    60.598151200369472, 
    4.4781568981836148, 
    9.6431317545554984e-07, 
    130.8346362422503, 
    13.929304640816113, 
    86.932945632453453, 
    1.2197018739468907e-07, 
    1.0965360278698519e-06, 
    45.57218894733191, 
    5.7544868109651076e-08, 
    1.473080594718024e-10, 
    35.626170693667518, 
    1.0659559137765523e-07, 
    8.480879892787151e-06, 
    48.043191018660501, 
    28.918842200540453, 
    47.980483616662561, 
    5.6772845530958011e-06, 
    4.0876603796307789e-07, 
    2.8571410351019611e-05, 
    1.1067742914063079e-09, 
    3.4862139883435423e-12, 
    8.2783400260530585e-11, 
    3.0137996471290873, 
    14.955399781771218, 
    3.1960527208851128, 
    0.0065628139407197606, 
    0.00062420708132371848, 
    1.4779668141290529e-08, 
    5.8644011166712313e-05, 
    0.000142934246846707, 
    2.7542459861019373e-11, 
    5.1004615359867836e-08, 
    3.4243164645051242e-11, 
    9.6045100870312972, 
    10.424404222691706, 
    2.1308916628528013e-10, 
    10.440792395846612, 
    1.7828583564647902, 
    2.8584861579382586e-11, 
    28.710682651887179, 
    3.4864704734746847e-10, 
    6.2060065892790522e-13, 
    1.9340698940649584e-27, 
    1.8013830534470176e-10, 
    4.6065506552630193, 
    0.0027174801477436159, 
    2.2199105036605971e-10, 
    0.00081219780860781663, 
    2.4892545310962423e-12, 
    7.3320660365046084, 
    28.467248197189239, 
    31.234631277212781, 
    0.0034874826957762258, 
    13.246804031964073, 
    8.9549435173235248e-10, 
    1.6436588538089648e-10, 
    23.535339568432942, 
    7.8927438860356736, 
    6.8727018986345431e-07, 
    5.3936584192966415e-05, 
    31.513759612050812, 
    4.9173168917750516, 
    19.90114094516273, 
    27.972429377280726, 
    4.544066323057638e-05, 
    24.447209166782386, 
    5.9067836141445014, 
    9.1386991819973645e-12, 
    7.0275481777816271e-13, 
    0.0046338322038901418, 
    5.4878663814412656e-10, 
    1.180217889817761e-11, 
    6.1948314732618801, 
    33.602206187025914, 
    14.285262533592791, 
    8.1613316176351243e-09, 
    0.0075131500044822268, 
    1.0334840151988924e-10, 
    36.50228201383355, 
    9.5717361741432399, 
    6.3964204646390456e-11, 
    71.952046832684729, 
    0.0090091809398048315, 
    1.6940273619095762e-07
  ], 
  "bias_variance": 6.485355755411833, 
  "mae": 8.8268763459111153, 
  "pearsonr": [
    0.55940732442707708, 
    1.4496590837673229e-09
  ], 
  "variance": 1.5535762274112228
}