{
  "log_likelihood": -4942.62445327828, 
  "nlpd": 4.3090903912379135, 
  "rmse": 17.996038442084572, 
  "Gaussian_noise.variance": 332.04917114176953, 
  "mae": 14.663928286780944, 
  "pearsonr": [
    0.55111564242084254, 
    2.7422981714583142e-11
  ], 
  "linear.variances": 31.598970614324074
}