{
  "noise": 27.66863830470746, 
  "log_likelihood": -3332.1818355563664, 
  "nlpd": -3.998758423286684, 
  "rmse": 12.135716113828378, 
  "weight_variance": [
    4.5667429585691579e-05, 
    2.8448602233931509e-05, 
    12.911122404443207, 
    3.3694088496157735e-05, 
    6.0565026923310796, 
    2.9214677057051745e-05, 
    266.28210729884739, 
    98.003949324504234, 
    3.3698516934638509e-05, 
    509.28577022037138, 
    4.6013437869119735e-05, 
    4.0997144010319221e-05, 
    3.8971119537440103e-05, 
    7.9440355950483097, 
    223.70801775809872, 
    567.06415028703134, 
    32.545299528666007, 
    4.7942678634466998e-05, 
    108.783427859374, 
    12.75913679713228, 
    328.41732294471751, 
    9.6420234815851734e-33, 
    5.3148984844514439e-05, 
    471.41358771124499, 
    5.581401106508852e-05, 
    1.4916139609237867e-05, 
    18.703859121636416, 
    3.5336965790144041e-05, 
    4.1644772446881496e-06, 
    85.107234218369896, 
    230.1683354756004, 
    79.377053851481833, 
    6.4217049938083018e-05, 
    4.1302140894403321e-05, 
    0.00036540626229934672, 
    8.641462187009438e-06, 
    3.9498829288871562e-05, 
    2.901198118295394e-05, 
    1.3039822159139082e-06, 
    9.860191188708777, 
    17.005539502731317, 
    2.3053320420640393e-05, 
    3.9808452346403304e-05, 
    3.4741737930974835e-05, 
    12.586523528288401, 
    9.6323738827652193e-28, 
    3.7339692957746004e-05, 
    4.4019965554962746e-05, 
    3.3412733886389713e-06, 
    11.609027885626867, 
    9.9175151611975414e-06, 
    4.4979297108706972e-05, 
    22.203786301755809, 
    6.516645636980166, 
    6.4589078872012519e-05, 
    2.7849592569829339e-06, 
    5.0945927575450491e-05, 
    3.4532699199278263e-05, 
    1.2792508149855964e-06, 
    3.7067890377888791e-05, 
    406.76903094622509, 
    5.6607145035383645e-06, 
    3.6924981859338538e-05, 
    2.0394642520885646e-07, 
    5.456065500751749e-05, 
    1.0851295295542773e-13, 
    10.38616708139635, 
    1.2801901716687117e-05, 
    5.3398127021559421e-05, 
    132.25215178847006, 
    8.7835614445364192e-05, 
    5.5210394069106294e-05, 
    50.109667538647074, 
    3.1717557014829758, 
    19.705268024937965, 
    4.7420882200747211e-05, 
    399.89442297529865, 
    5.976085973501631e-05, 
    0.55318459291716193, 
    24.303699861392378, 
    1.2474548936040284e-29, 
    210.5355286818093, 
    15.453777293960325, 
    7.4215417719862816e-05, 
    4.0348596196828635e-05, 
    2.7370279102245196e-74, 
    3.4999027121637464e-05, 
    3.4356882406017587e-05, 
    9.5543275432370027, 
    36.770277243292753, 
    33.31940222094687, 
    9.9410156044034545e-05, 
    8.8839653603479601e-05, 
    4.2722809511614712e-05, 
    32.296747326217115, 
    107.56516904995797, 
    3.8975309341290124e-05, 
    317.06480056837023, 
    0.0011334336798338297, 
    1.0333294473743645e-06
  ], 
  "bias_variance": 45.77160839752041, 
  "mae": 8.5748423438015529, 
  "pearsonr": [
    0.54484254354190376, 
    4.6179215016664986e-09
  ], 
  "variance": 252.3736462150023
}