{
  "noise": 0.5908197632874678, 
  "log_likelihood": -1084.3555141759953, 
  "nlpd": -258.16832354697948, 
  "rmse": 12.818798272726122, 
  "mae": 8.8782513387327953, 
  "pearsonr": [
    0.53203097875888627, 
    1.2236024356476558e-08
  ], 
  "variance": [
    8.6752042641907575e-06, 
    3.4773106430501884e-05, 
    0.14197154337888351, 
    6.7723626433558596e-06, 
    0.062856034772224192, 
    7.4785402080855146e-06, 
    0.19422894372191843, 
    0.035530272130430599, 
    7.999212475602736e-06, 
    0.25600702219951743, 
    8.0275641436517098e-06, 
    1.1311667013978981e-05, 
    8.0328104034820822e-06, 
    0.017288021319062971, 
    0.099516427233676513, 
    0.064316909655709076, 
    0.011114874351925713, 
    8.4999082677903014e-06, 
    0.55746352529332666, 
    6.9728932859806362e-06, 
    0.15610771673108856, 
    6.7310373283066069e-05, 
    0.00015126394714495896, 
    1.3140134367777539e-05, 
    0.14686986101689292, 
    1.5709861369817353e-05, 
    0.00010819866619810408, 
    6.2846268238220225e-05, 
    0.052770973898526391, 
    0.2774825885257467, 
    0.16661467246849096, 
    0.021803277053834155, 
    0.10509676276847779, 
    0.046604430911792283, 
    9.1196799694396836e-06, 
    8.1848244828569886e-06, 
    7.4574391879474698e-06, 
    0.0001628308256719521, 
    0.12283830552537722, 
    6.4366672803554832e-06, 
    0.047387572634418632, 
    3.3236883315010103e-05, 
    0.10400797181180593, 
    9.0797418622238031e-06, 
    6.8811037832686178e-06, 
    0.029631775219782996, 
    4.3694791272832356e-06, 
    0.032527574732272496, 
    0.0012246894457190293, 
    2.7002445484719761e-05, 
    8.4503422562191551e-05, 
    7.099731795179106e-05, 
    0.046450071365161792, 
    0.03505780937119863, 
    1.7972566236059993e-05, 
    0.10331822714831443, 
    0.013205019462153939, 
    5.9670828402569614e-06, 
    0.00027774638862021256, 
    0.0059129720826960061, 
    0.0077318105369972379, 
    0.080245174515283069, 
    1.0823348547686182e-05, 
    0.015385763732487547, 
    7.6702555533672041e-06, 
    0.044981550556227518, 
    0.034789953095319681, 
    5.8918307477608201e-06, 
    7.3592645868691219e-06, 
    0.044413006868971892, 
    0.0020518755128743397, 
    3.2459547532780158e-05, 
    0.00011717659119430868, 
    0.025194456823131192, 
    3.0547693907873298e-05, 
    2.2303556594324802e-05, 
    6.315592438420463e-06, 
    3.5242536953364014e-05, 
    0.20812024288070585, 
    0.35415813334540192, 
    0.032489781224325658, 
    0.11986458403255811, 
    0.054821701935940388, 
    3.0670549958460394e-05, 
    0.00075677156033587974, 
    0.020925775444941522, 
    6.8994381420792883e-06, 
    3.7200305655265546e-05, 
    0.044292364989565416, 
    0.22153357222061137, 
    0.06005520294458034, 
    5.8865343792244279e-05, 
    0.098578953466625027, 
    1.7324573265002551e-05, 
    0.20200863995927057, 
    4.1008339445749386e-05, 
    6.8213534287840328e-06, 
    0.19331485519488789, 
    0.044214439753459532, 
    5.4639439338722076e-05
  ]
}