{
  "regularization": 10.0, 
  "rmse": 10.687891237874208, 
  "intercept": -0.52573960551498988, 
  "mae": 7.5871360498383842, 
  "pearsonr": [
    0.64230583422377385, 
    5.899616481889669e-13
  ], 
  "coefs": [
    0.015481520063894662, 
    0.012682227203802665, 
    -0.19590191237366233, 
    0.0082371267525332935, 
    -0.22619834179904302, 
    0.21785891353475378, 
    -0.32452517338121506, 
    -0.059422574927227897, 
    0.10086602587975908, 
    0.2895946948583441, 
    -0.031718994474789292, 
    0.060620362352910434, 
    -0.055074863964769495, 
    -0.058761827822389638, 
    -0.17489838546399974, 
    0.32056045367694025, 
    -0.14929473401659846, 
    -0.029150096289468432, 
    -0.47562921226422872, 
    0.15687074759374794, 
    0.2886540232185959, 
    -0.11545069437721595, 
    0.18608374664779168, 
    0.085764532559606199, 
    0.19456332365603241, 
    0.074474828382424335, 
    0.25560965456259244, 
    0.023257619492523317, 
    0.20761591397274051, 
    0.33071874388221845, 
    0.29249732541304679, 
    0.099518802913239487, 
    0.25513756110175945, 
    -0.099813827893981868, 
    -0.07766663899893618, 
    -0.072708798079376288, 
    0.03977063967965265, 
    -0.1513168501173264, 
    0.16640567548235985, 
    0.0074898481445034859, 
    -0.18299928887061367, 
    -0.090548280145811136, 
    -0.20904619784828823, 
    0.085964959188496143, 
    0.12290950240015577, 
    -0.11479827474429581, 
    0.02221012735208204, 
    -0.029897225605192843, 
    -0.097388962815089034, 
    0.12433042401348775, 
    0.14978644038672459, 
    0.15856416553757824, 
    -0.26135544992367199, 
    0.33430800269130195, 
    0.021787998308707736, 
    0.13662412492511547, 
    0.18783371882438038, 
    -0.088566383985092534, 
    0.049614550852981457, 
    -0.072869959321154726, 
    0.16133351837975385, 
    -0.26021306966933511, 
    -0.00098568872851729009, 
    -0.097590299131688651, 
    -0.027015013519558255, 
    0.115106779590554, 
    0.35199399775550078, 
    0.041622923533571457, 
    -0.14447257871819047, 
    0.20599774301387436, 
    0.10774765165257133, 
    -0.017424646243894136, 
    -0.19141328092955606, 
    0.22879316402121311, 
    -0.15795963301065039, 
    -0.060493839615740633, 
    0.11972129880476876, 
    0.16245097185953436, 
    -0.3366917124544791, 
    0.27839268555799612, 
    0.11109168122546507, 
    -0.1225988772556368, 
    -0.18276091897768337, 
    0.14940282744338965, 
    -0.1503346242658509, 
    -0.18196134669449907, 
    -0.074291051814656797, 
    0.036974827953666127, 
    0.17163617799598979, 
    -0.37354271565380587, 
    -0.23362616392376787, 
    -0.13543501544930825, 
    -0.13171554693927348, 
    -0.074592239546030156, 
    0.31708321033213144, 
    -0.082219980352591274, 
    -0.01609603428759394, 
    0.47872848261369022, 
    0.22041676823167777, 
    -0.10767840228848639
  ]
}