{
  "noise": [
    112.69763962431979, 
    80.55768975284444, 
    203.55211504784435, 
    303.2741493667114, 
    291.44089409763285, 
    148.20021750507559
  ], 
  "kappa": [
    2.1240980795438684, 
    4.95752624188341, 
    36.539310442909404, 
    51.501485454746586, 
    64.96168770564988, 
    26.657727631349996
  ], 
  "log_likelihood": -21882.694819050084, 
  "joy": {
    "mae": 16.721437688707688, 
    "nlpd": 4.4353946247587643, 
    "pearsonr": [
      0.46137117778809372, 
      1.357719961531801e-06
    ], 
    "rmse": 20.152282607698016
  }, 
  "W": [
    -4.727206216167459, 
    -2.547148318063815, 
    -3.379911366428386, 
    4.972976616556384, 
    -4.368216201091331, 
    0.5823568159282508
  ], 
  "sadness": {
    "mae": 12.164739011597582, 
    "nlpd": 4.264878376570012, 
    "pearsonr": [
      0.66346642597750716, 
      5.3965776884078196e-14
    ], 
    "rmse": 17.194010623093828
  }, 
  "disgust": {
    "mae": 4.8299277791861455, 
    "nlpd": 3.3789102412664915, 
    "pearsonr": [
      0.43151483243756422, 
      7.3820185838707439e-06
    ], 
    "rmse": 6.3647655903911255
  }, 
  "variance": [
    0.34181215324077974
  ], 
  "anger": {
    "mae": 6.986275498555111, 
    "nlpd": 3.7102749263764903, 
    "pearsonr": [
      0.56483192505505231, 
      9.2807242564959448e-10
    ], 
    "rmse": 9.7681981083664677
  }, 
  "surprise": {
    "mae": 10.471754375802149, 
    "nlpd": 4.0980041502008682, 
    "pearsonr": [
      0.59892691690217204, 
      4.633923437646641e-11
    ], 
    "rmse": 14.316096057567814
  }, 
  "fear": {
    "mae": 12.529654250336813, 
    "nlpd": 4.2293403386435351, 
    "pearsonr": [
      0.67974928274359059, 
      7.4807437824877252e-15
    ], 
    "rmse": 16.420828518207806
  }
}