{
  "noise": 140.2030908039811, 
  "log_likelihood": -3798.875957846414, 
  "nlpd": -4.3195483023738603, 
  "rmse": 17.99680762311587, 
  "lengthscale": [
    8.5148232620265905, 
    10.351573645342322, 
    1.7590735517604106, 
    12.089630948563853, 
    2.2135773317080436, 
    1.6150433106723354, 
    0.79081136577170119, 
    15.177950258384188, 
    2.2305853696550666, 
    15.168710971202378, 
    12.854197986446367, 
    1.5811222632819377, 
    1.0128198375923174, 
    16.229368388375949, 
    12.085850067227799, 
    15.403174495689669, 
    9.6739991145206154, 
    17.399838395879975, 
    2.0150774868982428, 
    0.76004337737347827, 
    3.9973114258496572, 
    18.768372091601577, 
    0.98261473524886367, 
    4.1246947593285173, 
    16.506136536911296, 
    14.92339168313157, 
    2.9927762981180792, 
    2.0015839281264403, 
    3.2402914491562052, 
    1.1327992305158112, 
    1.5605699246256559, 
    13.276871165283275, 
    10.77078332706683, 
    13.861574409774006, 
    1.426529347137693, 
    1.1341305235416934, 
    12.682698327326694, 
    13.391037720545206, 
    16.420279432810798, 
    5.0331372019299812, 
    3.8570988771447716, 
    4.3619597370054546, 
    14.387663433271037, 
    5.3818215812645036, 
    11.938647386079957, 
    0.93054085050330582, 
    19.17331608552735, 
    9.502729101501485, 
    0.70205174768899492, 
    1.6906077108881821, 
    14.217919651026577, 
    10.494925440689753, 
    28.765727322998671, 
    16.695887847740781, 
    5.0202435449831029, 
    23.209585387519521, 
    11.614400174346146, 
    16.914836503027001, 
    17.505236697274441, 
    1.8799725374608465, 
    1.8540111994870907, 
    11.602165042878328, 
    13.324083709468487, 
    1.258277347585002, 
    1.2258369874469628, 
    15.571491880571431, 
    13.963278183119725, 
    13.406542139517903, 
    14.304762657919824, 
    12.906322591521857, 
    14.04793767331538, 
    1.0622075473435264, 
    14.938121912496532, 
    1.4447652683575634, 
    13.699810238077751, 
    0.59812541034963007, 
    10.837045615523319, 
    11.57076427386543, 
    12.580801007991006, 
    5.34976069417697, 
    2.71154210053533, 
    3.0971268291821321, 
    20.759141349293468, 
    14.469394913023507, 
    4.7398206685336062, 
    1.2764025586172747, 
    9.9087979019188328, 
    0.93010080137878726, 
    0.9597849725909946, 
    7.1966263133136197, 
    0.52063288670731245, 
    1.7066621311810741, 
    6.767594254353253, 
    2.7606822381492844, 
    13.933536895167382, 
    1.7166409940511915, 
    1.2101522563184381, 
    3.872194780029421, 
    14.464354937663622, 
    1.2568610407927157
  ], 
  "mae": 14.293296997907367, 
  "pearsonr": [
    0.65286160885018629, 
    1.8321052271143786e-13
  ], 
  "variance": 286.15672655101326
}