{
  "noise": 27.47099678260537, 
  "power": [
    0.85233467849914657
  ], 
  "nlpd": -3.6653178943336133, 
  "rmse": 9.3541830707025504, 
  "lengthscale": [
    12.339253438611719, 
    15.963358224327733, 
    1.394587923157478, 
    16.282195413397069, 
    15.805277182119303, 
    11.861054107730849, 
    0.54534471038362697, 
    0.83165835842047953, 
    13.900121780728494, 
    0.34412461556525431, 
    18.766865467793416, 
    7.93768692789493, 
    15.523960246358328, 
    0.39200718292506687, 
    10.893315693207178, 
    0.278822627533029, 
    1.3330366013526371, 
    12.226336158277922, 
    0.36979851252333962, 
    0.63742855851813895, 
    0.56667214471548177, 
    32.795017127806972, 
    15.23177872132629, 
    0.30684575358347976, 
    11.372650147502503, 
    18.046482687643831, 
    14.038297314958374, 
    11.088285928649064, 
    20.330850514801917, 
    1.1444835646385734, 
    0.72003894509737021, 
    3.6005124775690738, 
    13.613627841334949, 
    12.211766259973444, 
    13.814162696954819, 
    14.433594009959515, 
    13.680917196925073, 
    28.997603765974848, 
    15.004959157897147, 
    17.38108508679915, 
    0.73010521130250783, 
    21.354006925514152, 
    15.517853311666201, 
    12.835457734475506, 
    16.861005155053626, 
    1.3059612531835203, 
    20.059359122877414, 
    6.7734921067462786, 
    27.815458599945508, 
    12.960416082093177, 
    19.1000703579356, 
    13.316548715950397, 
    1.0016716941404595, 
    20.462799062319878, 
    17.605196749803444, 
    1.611833833854458, 
    12.852611414541736, 
    16.194866532086596, 
    12.61145045428211, 
    18.142687813025109, 
    12.116312515643006, 
    14.555303393754047, 
    13.715092543534682, 
    6.451242700159721, 
    19.517239450893953, 
    19.318326653112067, 
    0.82656239477282178, 
    19.148728718546767, 
    15.048689917002136, 
    22.508882778994391, 
    12.963592472743981, 
    11.031243526117194, 
    0.44124204173158565, 
    10.560740647254995, 
    15.765106956649896, 
    17.995043861205886, 
    16.133442707394106, 
    8.605247495717478, 
    25.472259346917909, 
    0.56502915807019993, 
    36.867058196227838, 
    0.61588408412631535, 
    12.215062632930952, 
    7.9278799373973108, 
    15.980780510543587, 
    0.55002118996407057, 
    11.930105505772495, 
    16.240614330435417, 
    9.1035553411249275, 
    0.75811814747527773, 
    17.927503144217447, 
    19.237875812167868, 
    22.841789237200633, 
    15.30807932003356, 
    0.75519109114937399, 
    22.420767799997208, 
    14.702513950871648, 
    0.37073159967995717, 
    0.52018697369546563, 
    35.330819533317332
  ], 
  "mae": 6.4772921544907147, 
  "pearsonr": [
    0.75262361685394263, 
    1.740504003767552e-19
  ], 
  "variance": 136.2332491906715, 
  "log_likelihood": -3359.7194099168523
}