{
  "noise": 119.10855526091137, 
  "log_likelihood": -3653.2634593315984, 
  "nlpd": -3.9143354842672915, 
  "rmse": 12.540079440355262, 
  "lengthscale": [
    0.98214042413383329, 
    13.112221438524447, 
    21.009394495078663, 
    15.991463102179967, 
    22.715002789818421, 
    1.3620411956053384, 
    32.768844622261298, 
    2.4325600161625585, 
    8.5780120742347581, 
    0.71676811567911469, 
    13.456100453924442, 
    9.2350993853223713, 
    15.980765564610893, 
    22.806669391174189, 
    19.254005932251196, 
    21.493652904324286, 
    2.3937681618643922, 
    19.143098796506447, 
    10.490964939751395, 
    41.311116543961639, 
    1.3825326269556886, 
    13.170226787479214, 
    12.824181440860999, 
    7.9417887869156818, 
    3.17398328909329, 
    2.3208768179914863, 
    22.862444514602934, 
    2.9469021487581508, 
    1.9695312133022786, 
    1.0215763033553711, 
    2.2227332113014171, 
    28.325543193532628, 
    49.794298430441188, 
    17.944677667546351, 
    17.10861223588152, 
    1.5780648035769387, 
    21.370300999244868, 
    2.3402604183862525, 
    16.710216910020776, 
    21.092729758795027, 
    16.361407009476746, 
    18.457790642449545, 
    1.491644600923955, 
    19.090774583923935, 
    0.93780216182559983, 
    38.916816525339812, 
    1.4561009148441431, 
    52.292997871661129, 
    16.937662036401996, 
    22.29112549995013, 
    7.1469006933722454, 
    2.1836408928640738, 
    34.962696615836677, 
    5.2257263261547715, 
    1.6044059335058583, 
    25.768809509332019, 
    15.24120849683146, 
    25.061701142812897, 
    25.477755837492332, 
    15.886505573575786, 
    19.627667948038589, 
    1.6989733842330761, 
    25.484662197984786, 
    3.4415728736093949, 
    21.184689357846842, 
    17.247745965064301, 
    3.1337154075911098, 
    28.521731357901583, 
    8.3231157967738127, 
    1.364734292990287, 
    18.277149470587606, 
    1.0439308412743191, 
    20.895062872641986, 
    3.5107414833759751, 
    1.6557581524713674, 
    19.177059282571765, 
    28.66374964969658, 
    17.979857250095684, 
    4.4248179471181714, 
    18.127531440322674, 
    0.81837776685143182, 
    1.0919501494134276, 
    1.3891166628522464, 
    24.702112866577927, 
    23.58863910614885, 
    38.204081706502784, 
    2.2985152578070704, 
    21.949213312819165, 
    33.547654441065085, 
    21.775189288642085, 
    12.627404548840502, 
    1.1466357823444913, 
    19.6270234111532, 
    25.331527729554146, 
    1.7605797969398163, 
    21.144136563665977, 
    53.595244828853204, 
    7.3149639395333468, 
    1.3267228478884197, 
    2.0248995489902524
  ], 
  "mae": 7.9280088321776239, 
  "pearsonr": [
    0.80399472943837413, 
    7.4863292673440178e-24
  ], 
  "variance": 357.4243890895905
}