{
  "noise": [
    51.93026766846714, 
    45.37821365850557, 
    75.41466079753636, 
    46.252393723019146, 
    56.48677556790877, 
    98.56352965179495
  ], 
  "kappa": [
    9.025940807963753, 
    5.247856228235689, 
    21.730028588228173, 
    31.0255431143029, 
    29.105335232856163, 
    9.973506364505054
  ], 
  "log_likelihood": -21432.1082664676, 
  "joy": {
    "mae": 14.35439794357586, 
    "nlpd": 4.3680497037771744, 
    "pearsonr": [
      0.56256118870689487, 
      1.1196511105739684e-09
    ], 
    "rmse": 18.516294532320856
  }, 
  "weight_variance": [
    47.797811408103804
  ], 
  "bias_variance": 49.707309330596885, 
  "W": [
    2.1199166549392254, 
    1.3765010193350202, 
    3.2799227465886216, 
    -5.898404406237379, 
    5.2377649547557725, 
    -1.3840992906524157
  ], 
  "sadness": {
    "mae": 11.417412274223228, 
    "nlpd": 4.208991976773655, 
    "pearsonr": [
      0.65792100703906786, 
      1.0288417094976113e-13
    ], 
    "rmse": 16.043197469464939
  }, 
  "disgust": {
    "mae": 5.0032846859977838, 
    "nlpd": 3.4748267144786884, 
    "pearsonr": [
      0.53260387897801875, 
      1.172440203737878e-08
    ], 
    "rmse": 7.6817695886551984
  }, 
  "variance": 17.057198590604923, 
  "anger": {
    "mae": 6.7116583767801377, 
    "nlpd": 3.7906377669177651, 
    "pearsonr": [
      0.73458075521250876, 
      3.3788441943262071e-18
    ], 
    "rmse": 10.652820871119863
  }, 
  "surprise": {
    "mae": 9.0153531511562424, 
    "nlpd": 3.9070540833170249, 
    "pearsonr": [
      0.51821951010529632, 
      3.3464328079316291e-08
    ], 
    "rmse": 12.007785465998095
  }, 
  "fear": {
    "mae": 8.3513045883314447, 
    "nlpd": 3.9743066694635156, 
    "pearsonr": [
      0.80391415055253546, 
      7.6226731236956447e-24
    ], 
    "rmse": 12.627771353702984
  }
}