{
  "noise": 185.03425509561322, 
  "power": [
    9.2819766851154277
  ], 
  "nlpd": -4.1294724926763111, 
  "rmse": 14.841317787555981, 
  "lengthscale": [
    22.547591981970776, 
    27.183191734405092, 
    8.7153957958884298, 
    24.109109398476512, 
    7.253090074013067, 
    14.007820706285042, 
    2.2110444829659976, 
    24.751827975583797, 
    5.982372905345807, 
    22.455742357910701, 
    20.40506050405531, 
    4.0807335761838619, 
    5.8112746476644279, 
    25.040482026935731, 
    20.636035085021025, 
    22.670411012735972, 
    11.650968532249708, 
    27.298212936539038, 
    2.9084722081589813, 
    5.3469777426669749, 
    17.666788007025222, 
    14.84537289609829, 
    4.2470962849196132, 
    11.021938792273788, 
    21.841021591584433, 
    22.196955295449037, 
    10.946269654822554, 
    8.1674603619866346, 
    7.6058995625317047, 
    6.8856689852587314, 
    3.9927477005173264, 
    23.692112699292519, 
    22.783692754477006, 
    25.579437706168552, 
    16.653746767641724, 
    3.7119127941106744, 
    25.705442213135282, 
    21.33849768175552, 
    28.014981116339804, 
    22.955290483803772, 
    16.812427818833751, 
    4.7588253684258746, 
    23.01005731479033, 
    22.381815514064446, 
    4.6652639289136886, 
    5.3007535156048622, 
    26.30636127409965, 
    6.6889432293155187, 
    3.1108467520425989, 
    8.0972508313103919, 
    20.127075812065229, 
    9.3926503423884729, 
    27.574666356013569, 
    23.402806118233489, 
    5.4390582426816287, 
    16.1597308915219, 
    26.697170031712165, 
    23.695618378957089, 
    18.495056833238987, 
    11.445034024990798, 
    8.2796277269865417, 
    22.562911438888765, 
    28.496498158848514, 
    22.751759846205353, 
    4.8228612497721448, 
    23.010946617649942, 
    21.762497457017801, 
    20.856194291943019, 
    18.376119394473005, 
    22.199675026353688, 
    17.991779364117008, 
    12.740383711844236, 
    20.734437869544195, 
    4.921712981357488, 
    5.5135682291414714, 
    1.8165419130835114, 
    13.512492055404934, 
    16.680277979781131, 
    13.264243630389782, 
    6.7381800616751395, 
    11.148070797849842, 
    4.7197081930856815, 
    26.475238874179198, 
    23.545601976555844, 
    5.0228003808064718, 
    3.4745989213957031, 
    14.13718455258277, 
    3.5452387233755887, 
    3.2447578397686812, 
    11.121351143973074, 
    2.1740055637916815, 
    6.9476282570489323, 
    20.672430008934036, 
    26.409980775256269, 
    9.1495560980919866, 
    9.0257307851526356, 
    3.329278134172299, 
    19.891277447022652, 
    9.5470555019508616, 
    3.6961977176963248
  ], 
  "mae": 11.27176400596905, 
  "pearsonr": [
    0.76802704840647451, 
    1.1226878756865528e-20
  ], 
  "variance": 328.9403489119174, 
  "log_likelihood": -3814.67763722525
}