{
  "noise": 0.06785189789848389, 
  "log_likelihood": -1089.4246026259125, 
  "nlpd": -120.35848860523446, 
  "rmse": 6.853493570266826, 
  "lengthscale": [
    17.254003405177446, 
    1.7397516011308147, 
    0.9171673926546694, 
    0.73162827849894196, 
    24.937516047173375, 
    16.228320705602194, 
    0.56394405494718136, 
    18.871027376775995, 
    1.5677679850219239, 
    0.9786883181493633, 
    6.3525029524513581, 
    12.723539691124909, 
    18.465929708547645, 
    17.246813108587098, 
    15.614693000195746, 
    0.39559592027872692, 
    17.055603990894966, 
    6.8271484050362981, 
    5.1400555571939286, 
    21.179855207647542, 
    8.8010096254528598, 
    18.256527508921081, 
    16.896882148901419, 
    15.315895212159171, 
    13.020484645136257, 
    13.874856984917244, 
    7.4408592751802534, 
    0.47363011840680203, 
    18.678838855609271, 
    0.49043548522498581, 
    0.63945855186454803, 
    8.075282529951151, 
    8.1641464145923877, 
    23.579217084217763, 
    22.277870792032086, 
    9.9646192788517975, 
    9.0120528329136835, 
    1.7056872199448982, 
    6.6273346434004665, 
    14.090805822322599, 
    16.95891657153674, 
    19.668450607226688, 
    22.079642808686035, 
    10.876906269570293, 
    13.869213273725746, 
    11.5775291018915, 
    14.081766032029568, 
    0.8988687772088727, 
    9.4672993394434872, 
    1.4130287752337849, 
    15.944602559377447, 
    13.661135851770066, 
    4.90487652576389, 
    12.995315234163508, 
    1.0019233567478478, 
    15.558950921069114, 
    15.914274208907589, 
    15.816035944192055, 
    2.596763601737559, 
    18.225193754314674, 
    9.1096937687514465, 
    18.833485972930546, 
    16.408540854145539, 
    2.3398927574350372, 
    16.709830606095476, 
    5.1833254848960095, 
    1.8393027794048045, 
    11.837519654652537, 
    16.201149669942868, 
    1.3739602749161408, 
    13.37674301395929, 
    0.5144206620752767, 
    3.1578216846778, 
    1.4707260187035369, 
    12.023866145987204, 
    15.630393240439592, 
    0.26760690152105487, 
    7.5907314335870995, 
    14.274900912206881, 
    10.710440981805142, 
    7.8311930112660741, 
    1.0495238494499923, 
    20.27820194064531, 
    11.542363414691973, 
    16.455413382021835, 
    4.2147402655229635, 
    11.4629924069152, 
    0.92755270290580083, 
    16.72802030288597, 
    16.879025448693177, 
    11.021982983023044, 
    18.994563199438801, 
    12.226577650436456, 
    18.03077842594648, 
    0.86120246651564292, 
    17.584417561474705, 
    0.63148384544316716, 
    0.80939892852531115, 
    21.177008778383769, 
    9.1042333781764047
  ], 
  "mae": 4.7575612860282233, 
  "pearsonr": [
    0.75211548225674485, 
    1.8986934414562355e-19
  ], 
  "variance": 0.9602117011902759
}