{
  "noise": 53.39931343172321, 
  "log_likelihood": -3645.3928796297228, 
  "nlpd": -4.1248051092715343, 
  "rmse": 14.496336755182638, 
  "lengthscale": [
    6.5413639642065284, 
    28.195419476649281, 
    26.684805000238363, 
    2.064018636790919, 
    20.424337302763536, 
    29.057149281990611, 
    10.588651344325569, 
    4.9554929280277813, 
    7.4466147505788678, 
    21.139657535898607, 
    24.151246293119513, 
    1.7088628047241345, 
    16.190081239348327, 
    103.59763645787812, 
    18.583158963062822, 
    21.198901163365726, 
    1.163283563189679, 
    14.38407157097819, 
    1.5043068325764613, 
    19.960643087001856, 
    1.832131191521768, 
    17.251721938758902, 
    11.99690165795627, 
    3.4557875795626538, 
    2.2556139851485391, 
    2.5351412092853591, 
    17.846537409377003, 
    17.837936298340544, 
    2.0319721953661234, 
    1.0389889839928879, 
    4.8516379610858769, 
    2.5929545413863311, 
    23.723646866476827, 
    24.782806391949112, 
    18.039388606423891, 
    1.398259514325507, 
    22.095109350739722, 
    1.8640193980333941, 
    31.618119413620693, 
    1.0281551275672445, 
    1.0624707098044857, 
    6.3066354770091211, 
    26.826173329660939, 
    18.065484359589096, 
    1.1339954651062507, 
    23.782365040597192, 
    1.0768854741138254, 
    59.999287205143098, 
    10.001814368901936, 
    5.3627691167309512, 
    7.0638057301767603, 
    2.0226139225465896, 
    84.727987394328792, 
    1.3295737054808972, 
    7.3245508467199878, 
    27.119894577090886, 
    4.889098735546809, 
    24.358583386142911, 
    22.454030234256471, 
    15.561274245819462, 
    17.323949918799482, 
    1.1457401137648988, 
    21.025661611804271, 
    19.254652646563397, 
    11.936076413811538, 
    0.7887865027733767, 
    3.5266321618746614, 
    18.323759383396599, 
    2.2233253860238289, 
    1.5628610756573791, 
    19.868879555139078, 
    1.2573359451251869, 
    17.678045654549763, 
    5.3672227336811309, 
    1.3855090683153095, 
    9.4392793868069269, 
    1.6575203769536682, 
    12.721292575201634, 
    11.783057791564573, 
    1.2859341536275986, 
    0.85628919915379109, 
    1.1261341090091446, 
    1.6167938285228503, 
    9.4923794957720489, 
    25.523703814928322, 
    1.4205705268661699, 
    1.644220377848046, 
    19.454180590807482, 
    1.4801892479389103, 
    21.094985408114926, 
    21.551934477180684, 
    0.63977560082238638, 
    5.0539102498993369, 
    20.010083534988784, 
    12.364519418621951, 
    20.355743521959436, 
    53.533029490970755, 
    1.2724358080207383, 
    16.766857906916627, 
    7.0771691042609319
  ], 
  "mae": 10.359792960963796, 
  "pearsonr": [
    0.75020586211142626, 
    2.6279933954841424e-19
  ], 
  "variance": 327.357642147631
}