{
  "noise": 0.5029585900794314, 
  "log_likelihood": -1036.8173532249643, 
  "nlpd": -573.22947815243288, 
  "rmse": 13.742747686367975, 
  "mae": 10.435845377090994, 
  "pearsonr": [
    0.70099637410153448, 
    4.6529567708239605e-16
  ], 
  "variance": [
    0.043062889852437461
  ]
}