{
  "noise": 0.06014488221664982, 
  "log_likelihood": -1061.3437242099767, 
  "nlpd": -167.38072890430519, 
  "rmse": 10.888726050904486, 
  "lengthscale": [
    15.612858008681656, 
    4.2228718557988323, 
    11.287008040235957, 
    0.71847437971479711, 
    17.283474418113716, 
    1.3753613233572017, 
    0.4473101157246166, 
    15.531427936433149, 
    1.1665963146853966, 
    0.6070433015328458, 
    8.5481299157678432, 
    13.577042019063112, 
    10.70272907663197, 
    13.939138186899633, 
    8.95740599520175, 
    0.30730255940974954, 
    12.232589970442469, 
    5.1329211524779597, 
    12.525109171307545, 
    10.474018786631461, 
    9.5392852342849039, 
    8.9818114805007365, 
    13.599963245207862, 
    10.197481386121629, 
    10.085965203507696, 
    9.8282255008459956, 
    1.1375418122058281, 
    0.52622822998338858, 
    12.512453630117154, 
    0.49635484201539004, 
    0.54407922802613895, 
    7.7652680193582189, 
    11.067243870295815, 
    16.486380776540731, 
    15.763437729342238, 
    3.1067578843522683, 
    1.4597662104855547, 
    1.0751099822719512, 
    7.9133166257658933, 
    7.9687913521574636, 
    10.888979527647161, 
    15.904217056475117, 
    16.889901889326719, 
    8.1711912989667379, 
    13.177421218558157, 
    10.76714772667694, 
    10.89746341726477, 
    4.3603170300934977, 
    12.875202087221053, 
    1.4667844669325456, 
    12.53133625662481, 
    8.7857252616875776, 
    0.94276785051335454, 
    10.064571448306699, 
    0.64331919044958863, 
    12.94769682577372, 
    15.349741994605667, 
    8.6157146072167414, 
    14.320244080909827, 
    13.838427050854792, 
    8.7271309723376191, 
    14.262459836768006, 
    15.941660914420012, 
    7.8543518611767178, 
    10.118990886676555, 
    2.5528497800813028, 
    1.7572776176039533, 
    7.8525486660251875, 
    11.578851922851314, 
    1.4134292350666557, 
    6.2621330174471339, 
    0.39240591721181006, 
    10.937667581393667, 
    1.4599414595470082, 
    1.9690951872357352, 
    13.215449092672156, 
    0.26612617498977875, 
    1.775139032502139, 
    13.382180665134506, 
    8.9046848831657659, 
    11.031071127059546, 
    8.5849314120453677, 
    17.194597882567578, 
    11.802121158858579, 
    13.160186561823496, 
    1.2836392932686256, 
    11.480618408569338, 
    1.1143591287133565, 
    11.767758271021668, 
    12.984796904167105, 
    4.6549269396307054, 
    15.86880954834835, 
    8.6562261202858828, 
    11.450798819220234, 
    0.88498039321004396, 
    14.120555678323088, 
    0.47321030814541837, 
    9.4225222817221592, 
    17.140615011281792, 
    10.194966386334272
  ], 
  "mae": 6.5167465319016413, 
  "pearsonr": [
    0.49539009962893243, 
    1.6054696819387521e-07
  ], 
  "variance": 0.8292598628724849
}