{
  "warp_d": 0.10053024497896759, 
  "noise": 0.3791287116571416, 
  "power": [
    0.099738915443401507
  ], 
  "nlpd": -4.0077732735535774, 
  "rmse": 13.402460533564966, 
  "lengthscale": [
    0.80809651794984272
  ], 
  "mae": 9.042950931254035, 
  "pearsonr": [
    0.73230578812338165, 
    4.8279278291595305e-18
  ], 
  "variance": 12.901660670847509, 
  "warp_psi": [
    [
      7.2024801730692328e-08, 
      1.3269384803879052, 
      1.7905560802594651
    ], 
    [
      1.2064734117250289e-07, 
      0.69684081993779123, 
      -0.85446721977791285
    ], 
    [
      2.6357916483295321e-07, 
      0.24010508226812197, 
      0.17978060576491059
    ]
  ], 
  "log_likelihood": -3685.0039639661595
}