{
  "warp_d": 0.1904369296254278, 
  "noise": 4.649813869849531, 
  "log_likelihood": -3574.5532686050933, 
  "nlpd": -3.9237543327322815, 
  "rmse": 12.087732549200251, 
  "lengthscale": [
    5.3480063272214782
  ], 
  "mae": 9.0728751773810821, 
  "pearsonr": [
    0.51282055980738561, 
    4.8996389862790677e-08
  ], 
  "variance": 11.146516065614192, 
  "warp_psi": [
    [
      2.9354975992833864e-07, 
      1.6970326703783252, 
      -1.1945533232320844
    ], 
    [
      2.7052948953560845e-07, 
      2.0717126695443122, 
      2.4813980142611949
    ], 
    [
      4.2085868806204016e-07, 
      0.041186485227193079, 
      0.49221437977507776
    ]
  ]
}