{
  "lengthscale": [
    2.239191441060032
  ], 
  "noise": [
    46.06370174300188, 
    30.969891542263642, 
    45.021106090975536, 
    36.071800528091295, 
    38.95318403728884, 
    64.90783696838938
  ], 
  "kappa": [
    9.134029243981168, 
    6.383707910021114, 
    25.665127997909863, 
    27.372051872829775, 
    29.1808638227267, 
    15.91773636969968
  ], 
  "log_likelihood": -21342.36280623313, 
  "joy": {
    "mae": 14.012354521683175, 
    "nlpd": 4.4267601950527711, 
    "pearsonr": [
      0.55656382019880113, 
      1.8256169644431182e-09
    ], 
    "rmse": 18.898462110084324
  }, 
  "W": [
    -2.1490959673781793, 
    -1.3311596413507718, 
    -2.838090137944567, 
    5.539072398684152, 
    -4.747117996539297, 
    1.216982504067159
  ], 
  "sadness": {
    "mae": 13.371932308679039, 
    "nlpd": 4.33507177505507, 
    "pearsonr": [
      0.71642911331738535, 
      5.2857549979944513e-17
    ], 
    "rmse": 17.575347380915581
  }, 
  "disgust": {
    "mae": 6.3890948644994543, 
    "nlpd": 3.7621938914643076, 
    "pearsonr": [
      0.53043028292305727, 
      1.3781168530750941e-08
    ], 
    "rmse": 9.8981584912068197
  }, 
  "variance": 10.385809490483432, 
  "anger": {
    "mae": 6.1666449344065821, 
    "nlpd": 3.5980088628136575, 
    "pearsonr": [
      0.70899137134271761, 
      1.5346935864669785e-16
    ], 
    "rmse": 8.5334962706172561
  }, 
  "surprise": {
    "mae": 9.23719079853214, 
    "nlpd": 3.9124453879822036, 
    "pearsonr": [
      0.52035753161295795, 
      2.8721780648767088e-08
    ], 
    "rmse": 12.029643132971051
  }, 
  "fear": {
    "mae": 9.0183319057824818, 
    "nlpd": 4.0205924970185478, 
    "pearsonr": [
      0.73876070981472508, 
      1.7370361066845842e-18
    ], 
    "rmse": 13.271106774127274
  }
}