{
  "log_likelihood": -4368.321520509699, 
  "nlpd": 3.8741877094370771, 
  "rmse": 11.672879907366781, 
  "Mat52.variance": 168.191798144186, 
  "Mat52.lengthscale": 1.733008358624143, 
  "Gaussian_noise.variance": 38.300473965935126, 
  "mae": 7.9221449928304919, 
  "pearsonr": [
    0.61566330883454101, 
    2.1607215355444024e-14
  ]
}