{
  "warp_d": 0.17091389103975216, 
  "noise": 3.420387352946621, 
  "log_likelihood": -3567.866900350685, 
  "nlpd": -3.94281580654589, 
  "rmse": 12.450187646077994, 
  "lengthscale": [
    5.4667842018627324
  ], 
  "mae": 10.330016823551896, 
  "pearsonr": [
    0.57045118017712393, 
    5.7972972527591782e-10
  ], 
  "variance": 8.61459605634662, 
  "warp_psi": [
    [
      9.8574548100428735e-08, 
      2.6820070665762938, 
      3.8697241936062476
    ], 
    [
      7.0981731526021354e-08, 
      0.59082765595051523, 
      2.7550590461015165
    ], 
    [
      7.0504472014127688e-08, 
      0.40141694436480024, 
      -0.89099921032202234
    ]
  ]
}