{
  "regularization": 10.0, 
  "rmse": 8.9473958415873458, 
  "intercept": 2.0866044552911278, 
  "mae": 6.6101744756778817, 
  "pearsonr": [
    0.63306418265748077, 
    1.5833402897985826e-12
  ], 
  "coefs": [
    -0.37541424474478413, 
    -0.56125684871856507, 
    -3.3788363818886618, 
    -0.26848718686802953, 
    -2.8469053892760661, 
    3.1833756683028906, 
    -3.914097241453137, 
    -1.9089116048408428, 
    0.64650506611079162, 
    4.4394449443782884, 
    -0.054311370633810557, 
    -0.41362033300318318, 
    -0.054336579416236597, 
    -0.4259324554174691, 
    -2.6219159959381613, 
    3.8441868193439594, 
    -2.0657879562775521, 
    -0.36754833981294394, 
    -6.7653832338751538, 
    1.8660477632574537, 
    3.5700739301936686, 
    -1.3632047590852339, 
    1.8027798724473572, 
    0.84446949298907859, 
    3.0380741427141071, 
    1.1362934797201569, 
    2.3023297635368563, 
    -0.091143027944774663, 
    2.3601937528945998, 
    4.3798425912073959, 
    3.0923959864049295, 
    1.6705128872181105, 
    2.9811872315168433, 
    -2.3124973254269059, 
    -1.4844514172924175, 
    -0.54715874711689305, 
    -0.065798427253086711, 
    -2.1708599754325331, 
    2.1655745656017924, 
    0.46210171530611077, 
    -3.6921292827264525, 
    -0.9355960122231548, 
    -1.4553942386308953, 
    1.1022170622690279, 
    1.0595594452064183, 
    -2.6571430312770401, 
    0.37622132432838534, 
    -0.20407882398422439, 
    -0.8917642272795997, 
    1.9106811630466649, 
    2.0118636755545327, 
    2.9069807035316888, 
    -3.6521092223158549, 
    4.6462615109686922, 
    0.71673063858627262, 
    2.0719461236238712, 
    1.7175931613399031, 
    -1.2089627086555377, 
    -0.097130933114975615, 
    0.42442685052391194, 
    1.8919529930753358, 
    -3.0444301335555601, 
    -0.07227871494964086, 
    -1.5605725931943057, 
    -0.87536193646617333, 
    1.9037449345539761, 
    4.3769906981697417, 
    -0.11801532683925027, 
    -1.4538447827075587, 
    1.9283544904070689, 
    1.8053430201519924, 
    0.40993993832975217, 
    -2.5651618033130301, 
    3.2808525541670814, 
    -2.3287156680064109, 
    -0.92690176158184134, 
    2.1746541059659665, 
    2.0708900378816413, 
    -4.7980450165651147, 
    4.0634784261970776, 
    2.2533169157052599, 
    -2.230890591309326, 
    -2.9679104799247904, 
    1.6631314101260455, 
    -1.3760772211540648, 
    -3.0018511320700783, 
    -0.75498515896153395, 
    0.59969977087485515, 
    2.1704694495034214, 
    -4.8574948292798252, 
    -2.4282972744050664, 
    -1.8422402920186698, 
    -3.3287332947447141, 
    -1.8816385377091183, 
    4.4998990192952011, 
    -1.8035016401884512, 
    -1.319823862811452, 
    6.0234183629100455, 
    2.6115867146326157, 
    -0.74043351327884732
  ]
}