{
  "regularization": 10.0, 
  "rmse": 8.9473958415873547, 
  "intercept": -0.48655145886342771, 
  "mae": 6.6101744756778835, 
  "pearsonr": [
    0.63306418265748055, 
    1.5833402897986264e-12
  ], 
  "coefs": [
    -0.027352908838093753, 
    -0.040893513319375886, 
    -0.24618406154370029, 
    -0.01956213875578839, 
    -0.20742724782987795, 
    0.23194267578122169, 
    -0.28518349137678944, 
    -0.13908445360853397, 
    0.047104749977497876, 
    0.32346064262389373, 
    -0.0039571592996641234, 
    -0.030136627527037135, 
    -0.0039589960267930897, 
    -0.031033696209741425, 
    -0.19103438460836394, 
    0.2800897757558351, 
    -0.15051455941770051, 
    -0.026779794249233092, 
    -0.49292991260028429, 
    0.13596136819636864, 
    0.26011774493060563, 
    -0.09932392290618014, 
    0.13135163142177639, 
    0.06152855780414962, 
    0.22135591878118138, 
    0.082791029906800789, 
    0.16774913850182666, 
    -0.0066407361188322292, 
    0.17196514374953881, 
    0.31911797913777989, 
    0.2253138411541136, 
    0.1217145789126866, 
    0.21721110403895713, 
    -0.16848995320818663, 
    -0.10815802772582701, 
    -0.039866317113319893, 
    -0.0047941131897290823, 
    -0.15817017025722599, 
    0.157785072101533, 
    0.033669010352249951, 
    -0.26901077170773191, 
    -0.068168091088342764, 
    -0.10604090412131072, 
    0.080308201529568815, 
    0.077200141760667779, 
    -0.19360104770053188, 
    0.027411713144494129, 
    -0.014869306496402437, 
    -0.06497448073775966, 
    0.13921338468923905, 
    0.14658560372296153, 
    0.21180437154656526, 
    -0.26609488591109531, 
    0.33852942270175279, 
    0.052221427644669312, 
    0.15096324721362359, 
    0.12514487614874775, 
    -0.088085753861020008, 
    -0.0070770185096660117, 
    0.030923996926945432, 
    0.13784883890254915, 
    -0.22181902011656465, 
    -0.0052662708691198212, 
    -0.11370426262298373, 
    -0.063779399912683651, 
    0.13870800688779392, 
    0.31891018848687341, 
    -0.0085986680625991258, 
    -0.1059280098259739, 
    0.14050107400556827, 
    0.13153838391314993, 
    0.029868471746058344, 
    -0.18689923982154338, 
    0.2390449006173509, 
    -0.16967163145372963, 
    -0.067534622730290608, 
    0.15844661290172515, 
    0.15088630016796481, 
    -0.3495884606839883, 
    0.29606749480933126, 
    0.16417803277688517, 
    -0.16254403722300653, 
    -0.21624375189117195, 
    0.12117676002910538, 
    -0.10026181827488115, 
    -0.21871668832613919, 
    -0.055008675126929016, 
    0.043694487869305028, 
    0.15814171630192822, 
    -0.35392000998023859, 
    -0.17692720750046548, 
    -0.13422674144851504, 
    -0.24253352032333067, 
    -0.13709732144870895, 
    0.32786536307134634, 
    -0.13140421985575265, 
    -0.09616316457667623, 
    0.43886990352851063, 
    0.19028178692761988, 
    -0.053948433424931178
  ]
}