{
  "noise": 51.7802721597621, 
  "log_likelihood": -3434.7645327794835, 
  "nlpd": -3.629495907390933, 
  "rmse": 8.7197009473879241, 
  "weight_variance": [
    686621.28310500016
  ], 
  "bias_variance": 1689629.5230261274, 
  "mae": 6.228554677623265, 
  "pearsonr": [
    0.66966034936108043, 
    2.5824262047014053e-14
  ], 
  "variance": 224.63137942618252
}