{
  "warp_d": 0.2715090792598025, 
  "noise": 5.799741653005114, 
  "log_likelihood": -3396.272291986569, 
  "nlpd": -3.7815532023127396, 
  "rmse": 10.454799261430443, 
  "lengthscale": [
    17.608784952975896, 
    19.051290773455307, 
    12.440572117966603, 
    20.031198280196758, 
    14.344614721413823, 
    15.284023069044308, 
    13.541813275774739, 
    8.5050025831360898, 
    18.226257575519366, 
    2.0304683421327341, 
    16.500105152270379, 
    17.961829921034543, 
    3.8352385527730033, 
    12.083894201892262, 
    2.036811054377579, 
    13.115439124184084, 
    15.948291099029159, 
    14.043081623259633, 
    1.8758715422171646, 
    7.7295539719577091, 
    1.8443964376334241, 
    17.070434458376962, 
    13.469725441672217, 
    13.208800301894092, 
    14.037501991816304, 
    20.824338899152856, 
    3.1955485298658552, 
    12.218385774128212, 
    19.861652154654973, 
    9.3307648468760593, 
    12.608258271881839, 
    2.0510623963753067, 
    15.956871799970243, 
    15.925022152530007, 
    17.544235494666857, 
    10.195974284433523, 
    17.386148479366838, 
    14.433536250932594, 
    11.832392754590053, 
    19.692080996549084, 
    9.5843206623710806, 
    17.672163064529887, 
    13.304130089905529, 
    17.114513505227084, 
    16.09250144987444, 
    11.357101290168099, 
    18.314794736009762, 
    8.2062677566814397, 
    18.487572940754898, 
    17.5030541531541, 
    10.160434704273717, 
    17.259792555571675, 
    9.8608478507725295, 
    10.899621904167518, 
    17.539173125586654, 
    19.037140183200304, 
    6.5491341971814592, 
    10.214292695324469, 
    15.673499930817609, 
    18.883084899560508, 
    12.416608070030998, 
    17.049720651743463, 
    17.964209019777982, 
    14.488292262619293, 
    21.196665796768364, 
    14.348837324806876, 
    3.5395185739862729, 
    14.6529603147451, 
    17.430098317780558, 
    9.8774629122517172, 
    11.87121330729655, 
    16.880939935681621, 
    14.551785662673714, 
    9.8021612576096278, 
    15.469502062086287, 
    13.863247644528212, 
    15.030641761802578, 
    11.931332058520599, 
    10.15252787157182, 
    1.9050847998340681, 
    12.364002214748631, 
    1.5321623645161118, 
    11.41392496096247, 
    15.129214711724034, 
    19.593473300831892, 
    6.5214507208647401, 
    19.175960211747761, 
    16.678183973390997, 
    14.346921055745907, 
    3.7693340777190567, 
    14.486676061022443, 
    15.72758276117017, 
    17.121906216284934, 
    17.718442320069563, 
    4.8396379259212834, 
    15.750985031556612, 
    16.290368235566813, 
    2.247622602556183, 
    10.270011172793557, 
    13.700107858357201
  ], 
  "mae": 6.810820253712766, 
  "pearsonr": [
    0.67640065429557805, 
    1.1347347279983972e-14
  ], 
  "variance": 46.29001025040964, 
  "warp_psi": [
    [
      2.1769379877644869e-34, 
      7.8859799645927142e-07, 
      -8.435171636341968
    ], 
    [
      4.1802182563026715e-15, 
      2.1086551416492854, 
      6.118372706422825
    ], 
    [
      2.1304120265814017e-15, 
      1.3119594704482365, 
      1.5165035603310593
    ]
  ]
}