{
  "warp_d": 0.1531283535289992, 
  "noise": 1.1307606051768968, 
  "log_likelihood": -3838.822270853855, 
  "nlpd": -4.2538750866179234, 
  "rmse": 16.662892792055363, 
  "lengthscale": [
    2.7284417616271015
  ], 
  "mae": 11.922094074649159, 
  "pearsonr": [
    0.65526748553279002, 
    1.3943650422879312e-13
  ], 
  "variance": 16.467388391438217, 
  "warp_psi": [
    [
      1.0118466736414064e-06, 
      0.49728166009224883, 
      0.33569444548437555
    ], 
    [
      1.5102304990997499e-08, 
      1.1699397900548447, 
      -0.60598804333267464
    ], 
    [
      1.5442582898417374e-07, 
      0.20964993664811665, 
      8.4175755915476209
    ]
  ]
}