{
  "noise": 34.419494066343, 
  "power": [
    0.22478342907933582
  ], 
  "nlpd": -4.0320775894248611, 
  "rmse": 13.755236927322455, 
  "lengthscale": [
    0.87771462175610016
  ], 
  "mae": 9.8198389021025569, 
  "pearsonr": [
    0.69435085190878543, 
    1.1381300986177348e-15
  ], 
  "variance": 673.6481367731334, 
  "log_likelihood": -3682.7902915316417
}