{
  "RatQuad.variance": 741.1526705913953, 
  "log_likelihood": -4646.320164323213, 
  "nlpd": 4.051731806277985, 
  "rmse": 13.635362398371536, 
  "Gaussian_noise.variance": 37.55090181790578, 
  "RatQuad.lengthscale": 0.8438220054982187, 
  "mae": 9.1702724680520618, 
  "pearsonr": [
    0.74639129755653866, 
    1.6912940767456252e-23
  ], 
  "RatQuad.power": 0.21779531994680693
}