{
  "warp_d": 0.19111859424368463, 
  "noise": 2.357292165557285, 
  "log_likelihood": -3270.9069338548043, 
  "nlpd": -3.5973982436718268, 
  "rmse": 8.7192288198914749, 
  "lengthscale": [
    10.904321973108694
  ], 
  "mae": 5.4271625817336977, 
  "pearsonr": [
    0.46698428087303628, 
    9.6968008120189503e-07
  ], 
  "variance": 16.18717520065795, 
  "warp_psi": [
    [
      4.1293404053140975e-07, 
      0.50365252914649061, 
      0.16555144037658612
    ], 
    [
      4.9737750070762848e-07, 
      0.0083722942287027813, 
      0.80029818352609072
    ], 
    [
      6.5200414674566181e-08, 
      0.12708284788238378, 
      -0.67225486573558113
    ]
  ]
}