{
  "noise": 55.603787441292546, 
  "power": [
    0.4243173678012625
  ], 
  "nlpd": -4.051749213306941, 
  "rmse": 13.502338344161926, 
  "lengthscale": [
    0.76824435603275909, 
    0.26619688832861188, 
    0.59646775842346444, 
    0.40547179080988316, 
    0.47881965301874108, 
    27.544314281804677, 
    30.377812248781542, 
    0.57445128869967144, 
    25.481313952946028, 
    0.31402671687428829, 
    12.787030255306592, 
    44.613574389612886, 
    48.260328913656167, 
    20.287121930184245, 
    8.2113979556460546, 
    27.685423417492323, 
    22.965633716063106, 
    4.7196766443363538, 
    27.849226491515111, 
    33.435164510055166, 
    28.982226807199481, 
    0.42626107723727491, 
    1.0341251606433173, 
    24.393865568114148, 
    25.740872482320878, 
    12.264545077636612, 
    37.743645324606064, 
    22.756933406987141, 
    41.799312058213353, 
    0.26050132953912475, 
    0.36096137469276457, 
    0.42174363145478949, 
    28.046195985786987, 
    11.473824156396367, 
    59.282230467848976, 
    24.751448529712992, 
    0.68593516784883479, 
    36.58753858017824, 
    0.85618429766609738, 
    18.788535375865223, 
    10.005956947551002, 
    40.133389612449896, 
    18.787262275828901, 
    31.337404623176134, 
    0.70682223889162743, 
    25.839208893743315, 
    25.452174000591341, 
    20.029860803773701, 
    27.77207017364244, 
    19.799683526793746, 
    49.031935620517011, 
    28.483213746713499, 
    5.3216552357727442, 
    0.50255173329304559, 
    23.828873779350843, 
    25.891985468514633, 
    0.69042063343147864, 
    27.038498148877803, 
    43.481646339822596, 
    27.146222454632341, 
    21.123256618740761, 
    6.8480411089723052, 
    10.207504568624534, 
    0.49951877125359112, 
    31.630447317354829, 
    25.366082027477571, 
    0.53058363746937443, 
    0.28970757125850999, 
    52.464125177831868, 
    0.55039556331585215, 
    0.55890542414096178, 
    0.50485650968809559, 
    4.1290149170130048, 
    14.141110063674635, 
    26.571520238537047, 
    14.685542088814111, 
    45.782004606872988, 
    1.0395324952113745, 
    28.486805873290031, 
    20.815278142134122, 
    27.466658681780277, 
    8.595059958588509, 
    14.9659288066401, 
    29.547907773372909, 
    21.410855503488996, 
    22.835800049339579, 
    23.357674796734685, 
    19.284666061021341, 
    20.776597230985303, 
    17.637557318899454, 
    29.169187614310299, 
    2.6751540336130892, 
    0.44609912951398012, 
    33.446914094264173, 
    15.689233190115639, 
    43.635606360987893, 
    0.44164996762916664, 
    0.43285676488864827, 
    27.185404081052454, 
    0.62586354149349199
  ], 
  "mae": 10.588062220768528, 
  "pearsonr": [
    0.41769089877476817, 
    1.5339136096585404e-05
  ], 
  "variance": 213.3756580045667, 
  "log_likelihood": -3513.5532421107737
}