{
  "noise": 0.4558033427541437, 
  "log_likelihood": -1147.6595193371163, 
  "nlpd": -495.14961281070862, 
  "rmse": 13.226191698940157, 
  "weight_variance": [
    483761.3066805288, 
    5.5626846462681369e-309, 
    252702.05046734767, 
    5.5626846462681369e-309, 
    437073.09741378704, 
    5.5626846462681369e-309, 
    74055.545883919287, 
    50409.94751342816, 
    5.5626846462681369e-309, 
    5.5626846462681369e-309, 
    5.5626846462681369e-309, 
    5.5626846462681369e-309, 
    5.5626846462681369e-309, 
    5.5626846462681369e-309, 
    504556.75712791353, 
    5.5626846462681369e-309, 
    5.5626846462681369e-309, 
    5.5626846462681369e-309, 
    5.5626846462681369e-309, 
    5.5626846462681369e-309, 
    24952.331005217718, 
    5.5626846462681369e-309, 
    147529.62232886782, 
    5.5626846462681369e-309, 
    5.5626846462681369e-309, 
    5.5626846462681369e-309, 
    5.5626846462681369e-309, 
    5.5626846462681369e-309, 
    5.5626846462681369e-309, 
    100092.47153880585, 
    5.5626846462681369e-309, 
    185059.74202994062, 
    5.5626846462681369e-309, 
    376059.67423939647, 
    5.5626846462681369e-309, 
    5.5626846462681369e-309, 
    214951.84371211199, 
    5.5626846462681369e-309, 
    83516.662496399615, 
    5.5626846462681369e-309, 
    382476.27492378902, 
    5.5626846462681369e-309, 
    5.5626846462681369e-309, 
    5.5626846462681369e-309, 
    120863.63895730367, 
    5.5626846462681369e-309, 
    5.5626846462681369e-309, 
    5.5626846462681369e-309, 
    5.5626846462681369e-309, 
    5.5626846462681369e-309, 
    5.5626846462681369e-309, 
    5.5626846462681369e-309, 
    119999.63539320922, 
    5.5626846462681369e-309, 
    5.5626846462681369e-309, 
    5.5626846462681369e-309, 
    35743.626197650803, 
    5.5626846462681369e-309, 
    352576.30250339309, 
    5.5626846462681369e-309, 
    5.5626846462681369e-309, 
    5.5626846462681369e-309, 
    262883.12569326779, 
    207873.35915873104, 
    5.5626846462681369e-309, 
    5.5626846462681369e-309, 
    287666.78191344597, 
    1241879.6278140771, 
    5.5626846462681369e-309, 
    89333.859319374766, 
    540567.37681983132, 
    5.5626846462681369e-309, 
    481993.63559208205, 
    273051.03510320664, 
    5.5626846462681369e-309, 
    5.5626846462681369e-309, 
    5.5626846462681369e-309, 
    27032.36831767478, 
    22960.180497168865, 
    5.5626846462681369e-309, 
    482346.34181547933, 
    119663.94043247773, 
    142693.70320842991, 
    27869.080850646409, 
    5.5626846462681369e-309, 
    75822.556199782834, 
    8.1613147023124548e-302, 
    5.5626846462681369e-309, 
    5.5626846462681369e-309, 
    5.5626846462681369e-309, 
    60301.952061532051, 
    5.5626846462681369e-309, 
    867959.04712551681, 
    5.5626846462681369e-309, 
    47787.94600896116, 
    5.5626846462681369e-309, 
    219638.78210875578, 
    438993.41585357604, 
    5.5626846462681369e-309, 
    109052.72513350667
  ], 
  "bias_variance": 5.562684646268137e-309, 
  "mae": 9.7315730994770941, 
  "pearsonr": [
    0.66491093004015189, 
    4.551420015148575e-14
  ], 
  "variance": 0.9934940777288728
}