{
  "noise": 48.915462608384175, 
  "log_likelihood": -3839.496614877524, 
  "nlpd": -4.1758499357210717, 
  "rmse": 15.19887692013222, 
  "lengthscale": [
    2.0519588347632158
  ], 
  "mae": 11.229748878904829, 
  "pearsonr": [
    0.67886218838115042, 
    8.3581954655535398e-15
  ], 
  "variance": 532.7301772174573
}