{
  "log_likelihood": -4817.452564894251, 
  "nlpd": 4.2435382866882545, 
  "rmse": 16.289217136774276, 
  "Mat52.variance": 486.92260817736604, 
  "Mat52.lengthscale": 2.164978371531611, 
  "Gaussian_noise.variance": 94.28863908652136, 
  "mae": 11.778410720476787, 
  "pearsonr": [
    0.68059742654488808, 
    2.5240938946056129e-18
  ]
}