{
  "warp_d": 0.30978218873980234, 
  "noise": 11.486558548252171, 
  "log_likelihood": -3532.4278662135675, 
  "nlpd": -3.9559703860295548, 
  "rmse": 12.604605117128321, 
  "lengthscale": [
    10.224250408627643, 
    12.194420324111752, 
    4.6673512082222874, 
    16.951154859604415, 
    2.2174647277069219, 
    27.228763641185385, 
    24.079415243831065, 
    3.6551352671392214, 
    21.260282728021402, 
    13.577328336024983, 
    22.712392794082135, 
    16.318669066304302, 
    22.849763668465371, 
    21.617944734035476, 
    10.434421307693359, 
    20.715679878724913, 
    19.655870337759271, 
    17.795817221316263, 
    19.830117584827676, 
    25.283524005433797, 
    18.148557983159964, 
    9.8729225111715362, 
    3.4671268684177137, 
    27.538225070361396, 
    21.18727098438163, 
    23.01291590280286, 
    19.951394838505312, 
    18.225683941531901, 
    20.296686245235687, 
    9.3549779965540036, 
    18.682645944719464, 
    10.114449411456899, 
    17.999543973694959, 
    10.503757739054024, 
    20.569716947644615, 
    22.95897779096325, 
    13.765396554693289, 
    23.863025656105972, 
    3.7471420032156506, 
    20.793771070499588, 
    8.5069934949876487, 
    20.632384870790201, 
    28.28459227154956, 
    19.513551998534282, 
    16.613267427224244, 
    21.705202301948237, 
    22.992023139440089, 
    14.764799613843403, 
    25.387885367880944, 
    27.751509398784471, 
    16.972086721419174, 
    22.402944706769219, 
    16.951871791776171, 
    22.89021578176142, 
    21.483941572138736, 
    35.075844611787566, 
    5.708079069890271, 
    28.957689059541952, 
    21.27432870037573, 
    16.619665484358151, 
    26.135313030155931, 
    18.126208729024889, 
    9.8106673982916384, 
    18.512528646344052, 
    16.651952286781899, 
    20.822269316964242, 
    3.6760598520330037, 
    1.7421636024866383, 
    26.524132083891793, 
    15.239254537903181, 
    5.1788217945701955, 
    6.1936980129043118, 
    1.5344641674609814, 
    20.901299800941402, 
    22.100601845005222, 
    22.859230766537731, 
    25.987515453816901, 
    13.204147154220049, 
    18.697947364513698, 
    17.544003575209594, 
    19.734191982325342, 
    15.050657341172132, 
    21.746737915163347, 
    22.42676554256656, 
    16.858236151198799, 
    19.813583246707854, 
    26.537563171094604, 
    27.2120377299855, 
    23.195659789476959, 
    20.410415962561444, 
    14.294864672214254, 
    16.44428405997763, 
    5.795346606351619, 
    20.812944777012181, 
    19.201891518735174, 
    20.898939978685892, 
    3.5058070415509834, 
    2.373637287280844, 
    20.02463547830742, 
    14.980872209098502
  ], 
  "mae": 10.201163051748248, 
  "pearsonr": [
    0.53584217400384593, 
    9.1957726459699426e-09
  ], 
  "variance": 46.607797859786125, 
  "warp_psi": [
    [
      1.9294248587551289e-31, 
      3.1968055829131841e-05, 
      3.3656803287646531
    ], 
    [
      3.464185620934003e-31, 
      3.3681863698973924, 
      8.1469958990304274
    ], 
    [
      1.6418712972132798e-24, 
      0.19281934605441586, 
      -3.7969043947469121
    ]
  ]
}