{
  "warp_d": 0.1355726575071129, 
  "noise": 1.4754455467897247, 
  "log_likelihood": -3849.161201022539, 
  "nlpd": -4.1676349797424521, 
  "rmse": 15.81669456208572, 
  "lengthscale": [
    3.0124282637086672
  ], 
  "mae": 11.287114764897396, 
  "pearsonr": [
    0.66946684586863991, 
    2.6432822636903232e-14
  ], 
  "variance": 13.096291134440627, 
  "warp_psi": [
    [
      6.247394301843399e-08, 
      0.033388096876780793, 
      0.88092631025844925
    ], 
    [
      7.8438857728915844e-07, 
      3.4576218506511367, 
      1.9988489676080401
    ], 
    [
      8.2390725948846898e-08, 
      0.57531569180883235, 
      0.17457349055537916
    ]
  ]
}