{
  "log_likelihood": -4886.085488401311, 
  "nlpd": 4.2689917937480644, 
  "rmse": 17.751781698855908, 
  "rbf.lengthscale": 2.3830524461988465, 
  "Gaussian_noise.variance": 187.27533841233853, 
  "mae": 13.93491065380724, 
  "pearsonr": [
    0.58006077746999385, 
    1.3503027320267242e-12
  ], 
  "rbf.variance": 562.1687545455048
}