{
  "noise": 173.67558513318514, 
  "log_likelihood": -3877.986347874612, 
  "nlpd": -4.3788307757429719, 
  "rmse": 19.22726914587453, 
  "lengthscale": [
    2.4103833680681168
  ], 
  "mae": 14.717475535192406, 
  "pearsonr": [
    0.54114488889608625, 
    6.1433946281149434e-09
  ], 
  "variance": 505.9246297190086
}