{
  "noise": 9.874353882165169, 
  "log_likelihood": -3239.746852857989, 
  "nlpd": -3.4237365674067628, 
  "rmse": 7.2233071289552484, 
  "lengthscale": [
    1.3648580589584816
  ], 
  "mae": 4.5085904176456948, 
  "pearsonr": [
    0.62237460590943527, 
    4.7637591773080474e-12
  ], 
  "variance": 91.81971109201862
}