{
  "log_likelihood": -4203.98401134171, 
  "nlpd": 3.8151793147893467, 
  "rmse": 10.82690225335609, 
  "Mat52.variance": 129.19886839041877, 
  "Mat52.lengthscale": 1.3775578507106148, 
  "Gaussian_noise.variance": 9.96666168040078, 
  "mae": 6.7176431076317593, 
  "pearsonr": [
    0.54717843403243216, 
    4.0405566124895495e-11
  ]
}