{
  "noise": 140.4277527225502, 
  "log_likelihood": -3778.8689892240523, 
  "nlpd": -4.5528311862641981, 
  "rmse": 20.403867924523453, 
  "lengthscale": [
    18.064930305843696, 
    20.85739572525512, 
    16.260950405021234, 
    22.918411253017908, 
    2.2528697262852568, 
    7.8040523663839307, 
    0.88249683084420494, 
    19.405900996373692, 
    2.0165230253167903, 
    19.211520535273024, 
    20.443969118034673, 
    1.1513470202145164, 
    1.172674533497057, 
    21.356145620245595, 
    24.591693562660758, 
    22.21010026852883, 
    7.1148891932804545, 
    21.369311545787014, 
    54.498500404966137, 
    1.1120627855367919, 
    18.198267447030062, 
    21.901432836419527, 
    0.90464217148849291, 
    16.177310260596538, 
    21.309017352646393, 
    19.255126260536166, 
    17.007090163977008, 
    1.4685521530919134, 
    6.8215993006590674, 
    1.1120232469014397, 
    1.0790922112958392, 
    17.847837414569906, 
    15.58948867195738, 
    19.688837819035083, 
    2.0067208994266394, 
    1.0773556629841825, 
    9.5721303610965034, 
    16.400049682921512, 
    19.243499315252098, 
    13.782549564813324, 
    3.5724261424380597, 
    2.4641586787528538, 
    18.604061315772604, 
    52.052256692135884, 
    1.075541199613038, 
    1.4043770113295795, 
    24.172326268436628, 
    2.5749358644045643, 
    0.62982349711092211, 
    1.5438363173472263, 
    19.757713436625565, 
    18.937188636660974, 
    6.358408895341281, 
    18.406925032696773, 
    49.970308235624991, 
    24.477192419936561, 
    17.03954861025472, 
    21.956548166614017, 
    24.088253393556229, 
    1.958051218331234, 
    2.3403371287397974, 
    21.504327274667443, 
    20.413072099381658, 
    7.0041671250574122, 
    0.69489525067300961, 
    17.704793048547128, 
    18.782657041238391, 
    21.189509346063716, 
    19.587601171234397, 
    18.472381317229068, 
    20.116046338654463, 
    2.8960901211944137, 
    18.966398259116069, 
    2.2476979245867339, 
    77.354550245488483, 
    0.68951395126473469, 
    15.750393058344139, 
    14.319901707684709, 
    18.104029101088418, 
    14.660735645766602, 
    2.8067296170042586, 
    2.2726427967204597, 
    20.395700278596351, 
    17.414889597488077, 
    83.939719297536271, 
    77.022393059783369, 
    1.8999337681181236, 
    0.91835513622095, 
    82.556035248820521, 
    1.576918248290087, 
    0.61358425809264361, 
    90.713708356187496, 
    1.2914142200050742, 
    4.4180111113910421, 
    16.025181806505483, 
    6.407024033127783, 
    1.3319004570868394, 
    83.886568638223096, 
    28.329237593903255, 
    1.1213760271458324
  ], 
  "mae": 14.365318294821634, 
  "pearsonr": [
    0.44248197776857301, 
    4.037331945370978e-06
  ], 
  "variance": 413.18770159500514
}