{
  "pearsonr": [
    0.59186306217654394, 
    3.6259599473569955e-13
  ], 
  "nlpd": 4.2771058968634135, 
  "rmse": 17.229136065330675, 
  "Gaussian_noise.variance": 22.913121391861875, 
  "mlp.variance": 1785.6339142795453, 
  "mlp.weight_variance": 11821831.126763638, 
  "mae": 13.257460780745669, 
  "log_likelihood": -4855.901739721163, 
  "mlp.bias_variance": 317748239.9417969
}