{
  "noise": 35.47059406383842, 
  "log_likelihood": -3411.9474347030596, 
  "nlpd": -3.7139057465671925, 
  "rmse": 9.8625336823943517, 
  "lengthscale": [
    1.8034706938727532
  ], 
  "mae": 6.7080362508885072, 
  "pearsonr": [
    0.7076993325029407, 
    1.8406117453802714e-16
  ], 
  "variance": 126.56525016446533
}