{
  "noise": 0.4634836065731729, 
  "log_likelihood": -1169.762100081156, 
  "nlpd": -346.51311287608974, 
  "rmse": 11.490554552280464, 
  "lengthscale": [
    1.6134393036490984
  ], 
  "mae": 8.7300032004694224, 
  "pearsonr": [
    0.58752016961269549, 
    1.313061951781301e-10
  ], 
  "variance": 0.5069174062081729
}