{
  "noise": 4.18778282836261, 
  "log_likelihood": -3117.305586231738, 
  "nlpd": -3.4498121023393988, 
  "rmse": 7.7267878350362791, 
  "weight_variance": [
    5.5626846462681369e-309, 
    5.5626846462681369e-309, 
    5.5626846462681369e-309, 
    5.5626846462681369e-309, 
    5.5626846462681369e-309, 
    525.86267954299831, 
    19750.047748095469, 
    5.5626846462681369e-309, 
    5.5626846462681369e-309, 
    4575.144929002342, 
    403.1738746596543, 
    5.5626846462681369e-309, 
    5.5626846462681369e-309, 
    5.5626846462681369e-309, 
    5.5626846462681369e-309, 
    54888.847297432738, 
    5.5626846462681369e-309, 
    5.5626846462681369e-309, 
    335.8778199470475, 
    5.5626846462681369e-309, 
    5.5626846462681369e-309, 
    5.5626846462681369e-309, 
    5.5626846462681369e-309, 
    5.5626846462681369e-309, 
    5.5626846462681369e-309, 
    5.5626846462681369e-309, 
    4937.2296299493, 
    10497.432714069579, 
    5.5626846462681369e-309, 
    15401.342568306178, 
    9102.1377251713748, 
    5.5626846462681369e-309, 
    5.5626846462681369e-309, 
    5.5626846462681369e-309, 
    5.5626846462681369e-309, 
    5.5626846462681369e-309, 
    2.6568386720642543e-163, 
    5107.5497730896777, 
    5.5626846462681369e-309, 
    5.5626846462681369e-309, 
    5.5626846462681369e-309, 
    5.5626846462681369e-309, 
    5.5626846462681369e-309, 
    5.5626846462681369e-309, 
    5.5626846462681369e-309, 
    544.4942385440786, 
    5.5626846462681369e-309, 
    5.5626846462681369e-309, 
    5.5626846462681369e-309, 
    290.69065134376825, 
    431.07356744566988, 
    5.5626846462681369e-309, 
    2467.8890076656003, 
    5.5626846462681369e-309, 
    4115.5232279034808, 
    5.5626846462681369e-309, 
    5.5626846462681369e-309, 
    5.5626846462681369e-309, 
    3.1816343443455022e-49, 
    5.5626846462681369e-309, 
    5.5626846462681369e-309, 
    5.5626846462681369e-309, 
    5.5626846462681369e-309, 
    401.01921461059771, 
    5.5626846462681369e-309, 
    5.5626846462681369e-309, 
    922.34881086096152, 
    5.5626846462681369e-309, 
    5.5626846462681369e-309, 
    5.5626846462681369e-309, 
    5.5626846462681369e-309, 
    8790.4100260452324, 
    5.5626846462681369e-309, 
    763.46848511719463, 
    5.5626846462681369e-309, 
    5.5626846462681369e-309, 
    88337.054620496376, 
    290.31745982646544, 
    5.5626846462681369e-309, 
    5.5626846462681369e-309, 
    687.06053368732489, 
    16595.802267640502, 
    5.5626846462681369e-309, 
    5.5626846462681369e-309, 
    5.5626846462681369e-309, 
    3569.8661560411965, 
    5.5626846462681369e-309, 
    13174.325667392024, 
    5.5626846462681369e-309, 
    5.5626846462681369e-309, 
    5.5626846462681369e-309, 
    5.5626846462681369e-309, 
    5.5626846462681369e-309, 
    5.5626846462681369e-309, 
    5331.6529578001246, 
    5.5626846462681369e-309, 
    8862.0039571006873, 
    5.5626846462681369e-309, 
    5.5626846462681369e-309, 
    5.5626846462681369e-309
  ], 
  "bias_variance": 2.028861301715971e-244, 
  "mae": 5.1374723734402492, 
  "pearsonr": [
    0.7196047096090461, 
    3.3184639225441205e-17
  ], 
  "variance": 197.36950912787717
}