{
  "mixed_noise.Gaussian_noise_3.variance": 32.54817756605287, 
  "mixed_noise.Gaussian_noise_4.variance": 35.64403456561479, 
  "mixed_noise.Gaussian_noise_2.variance": 51.014934583929964, 
  "mixed_noise.Gaussian_noise_0.variance": 42.136376406687816, 
  "mixed_noise.Gaussian_noise_5.variance": 74.60588172927419, 
  "joy": {
    "mae": 13.660185304973359, 
    "nlpd": 4.2574652768751342, 
    "pearsonr": [
      0.60855069876205614, 
      5.1447946601987653e-14
    ], 
    "rmse": 16.734002027805957
  }, 
  "ICM.B.kappa": [
    1.1315564118975195e-10, 
    5.2915132434713765, 
    19.374018355490428, 
    34.302629722123569, 
    29.959093802790736, 
    11.084974618339924
  ], 
  "ICM.sum.Mat52.lengthscale": 1.5962853116862166, 
  "ICM.sum.Mat52.variance": 12.2074461890839, 
  "sadness": {
    "mae": 12.786024726018239, 
    "nlpd": 4.2502697541951324, 
    "pearsonr": [
      0.75970654668840332, 
      9.6195263766355109e-25
    ], 
    "rmse": 16.668990008248901
  }, 
  "mixed_noise.Gaussian_noise_1.variance": 16.460459399538514, 
  "disgust": {
    "mae": 6.6468494456529976, 
    "nlpd": 3.7310010835601295, 
    "pearsonr": [
      0.52549469554971695, 
      3.1292521433772602e-10
    ], 
    "rmse": 9.9571254672909024
  }, 
  "ICM.B.W": [
    [
      -3.5795852870587188
    ], 
    [
      -2.5242049498428365
    ], 
    [
      -1.7047766748580153
    ], 
    [
      2.3430183600049519
    ], 
    [
      -2.6140540879392171
    ], 
    [
      0.76229745992179709
    ]
  ], 
  "anger": {
    "mae": 7.6227447911756414, 
    "nlpd": 3.8199699013099622, 
    "pearsonr": [
      0.66430447617939647, 
      3.0262911854281398e-17
    ], 
    "rmse": 10.926009128381795
  }, 
  "surprise": {
    "mae": 11.123841118680799, 
    "nlpd": 4.1818390728655501, 
    "pearsonr": [
      0.41813638689262095, 
      1.2213749703150801e-06
    ], 
    "rmse": 15.228521696924975
  }, 
  "fear": {
    "mae": 10.628832358401276, 
    "nlpd": 4.1700193395300706, 
    "pearsonr": [
      0.67201926632199516, 
      9.5194392161510864e-18
    ], 
    "rmse": 15.442052680894765
  }, 
  "ICM.sum.bias.variance": 11.135962312565407, 
  "log_likelihood": -27034.616835123234
}