{
  "log_likelihood": -4870.124079050735, 
  "nlpd": 4.2227825764087212, 
  "rmse": 16.541280997157536, 
  "Mat52.variance": 592.1504650874575, 
  "Mat52.lengthscale": 2.0181263899034416, 
  "Gaussian_noise.variance": 63.661719870528366, 
  "mae": 13.017993296669848, 
  "pearsonr": [
    0.64332604174635277, 
    5.9509200925834759e-16
  ]
}