{
  "noise": 62.189864526671776, 
  "log_likelihood": -3868.2667502945683, 
  "nlpd": -4.30773348704043, 
  "rmse": 17.757721282129747, 
  "lengthscale": [
    2.1433038429138462
  ], 
  "mae": 14.009376144631283, 
  "pearsonr": [
    0.53721629170020413, 
    8.2886376909070278e-09
  ], 
  "variance": 578.2428489831539
}