{
  "pearsonr": [
    0.66295609832575331, 
    3.6913184248211827e-17
  ], 
  "nlpd": 4.1980003259640482, 
  "rmse": 16.304738703262643, 
  "Gaussian_noise.variance": 26.226959155668567, 
  "mlp.variance": 1716.7357999535648, 
  "mlp.weight_variance": 199134.42311867894, 
  "mae": 12.966554571040106, 
  "log_likelihood": -4864.996198595287, 
  "mlp.bias_variance": 4672950.183666315
}