{
  "noise": 75.07987765420346, 
  "log_likelihood": -3657.9215036624464, 
  "nlpd": -4.1446999823989614, 
  "rmse": 15.31689097564332, 
  "lengthscale": [
    16.761250135712874, 
    1.8722809868773787, 
    1.0513958869827067, 
    20.426866112272496, 
    2.868442965792986, 
    1.5570421162909247, 
    8.8232425048979248, 
    10.695861175770714, 
    29.28499002524282, 
    1.1376205613191954, 
    30.128524899178476, 
    27.927393477000425, 
    47.214357646217145, 
    46.291916537954911, 
    19.517378307122769, 
    26.233037200983532, 
    1.6370182416643877, 
    21.960985147822161, 
    3.4232348062272204, 
    23.81120543692305, 
    1.0879011137485599, 
    7.7097645116911053, 
    14.709408342811578, 
    6.8341218442007499, 
    5.2477242522851233, 
    2.1657921765975181, 
    23.594481213482606, 
    2.8045726037609224, 
    1.867385537656026, 
    1.3311559134210869, 
    1.5696813660586928, 
    3.0985924944212471, 
    32.420339450487333, 
    25.387656895448611, 
    24.255173849761341, 
    2.6135899318763469, 
    23.710934858721863, 
    2.0024880894858055, 
    2.1295915766207671, 
    1.0621471466488295, 
    1.0881205596926484, 
    12.829259783858358, 
    30.529116244515784, 
    19.228099797715771, 
    1.6129631599390062, 
    24.599713467942795, 
    56.065769870874206, 
    8.5564467020559043, 
    17.849059479208613, 
    1.6266335019619429, 
    21.341552829549705, 
    2.4907774878583879, 
    42.286525653099631, 
    72.813199355126002, 
    17.551389553834341, 
    30.802656167981162, 
    15.671767438461588, 
    22.134046661820204, 
    28.353527143126083, 
    6.4367618877030477, 
    27.344826387060763, 
    1.4625602187285351, 
    20.054619967927742, 
    34.853330739463061, 
    30.192475267246934, 
    0.77843254475975365, 
    1.8888781233741783, 
    18.150228246877557, 
    4.7032306229570393, 
    1.8836123381391128, 
    13.446549361765248, 
    74.92159273293187, 
    10.674270657774157, 
    4.4655294271608206, 
    2.5720821758059902, 
    1.9636355826679024, 
    3.5103381863552814, 
    15.501046212875867, 
    29.977621519050505, 
    3.1976805033046221, 
    1.0701563153453129, 
    1.1407932921953374, 
    18.801470975042495, 
    26.112295256003542, 
    26.665586576903948, 
    12.513707992291796, 
    16.768312515147837, 
    25.739646389348277, 
    41.172158058024834, 
    27.560399034839325, 
    18.943915074221049, 
    6.5803398648250599, 
    16.083619153022468, 
    23.068722188041104, 
    1.733856685708286, 
    20.695018474025538, 
    3.6527098381473118, 
    9.9153302119599651, 
    17.860298554717257, 
    20.121747679908633
  ], 
  "mae": 11.661012876456562, 
  "pearsonr": [
    0.72860799888981531, 
    8.5575883854308619e-18
  ], 
  "variance": 381.617238521971
}