{
  "regularization": 1.0, 
  "rmse": 15.595599212279854, 
  "epsilon": 0.10000000000000001, 
  "mae": 11.77869701557537, 
  "pearsonr": [
    0.66677931617606279, 
    3.6463698397799722e-14
  ], 
  "gamma": 0.10000000000000001
}