{
  "warp_d": 0.3500627140246882, 
  "noise": 5.693751341805848, 
  "log_likelihood": -3393.388068385179, 
  "nlpd": -3.7197520476517876, 
  "rmse": 9.7068304345196434, 
  "weight_variance": [
    0.00029849627360877044, 
    0.08185200711456965, 
    0.96230488664360636, 
    0.00014202520985041279, 
    0.6655000422831352, 
    0.1531201173985795, 
    7.9932024092638319, 
    0.91079262596281663, 
    0.00062009784552670107, 
    3.0039026670194513, 
    0.021591258640491627, 
    0.00059014191037407861, 
    6.7064338022476759, 
    5.9753736652288794, 
    13.360830247315194, 
    13.668121527342922, 
    2.8429624363513786, 
    0.017267430945592983, 
    13.611050446940194, 
    2.808697231845664, 
    19.807065597666373, 
    0.0004649242184136908, 
    0.001005963311489138, 
    15.238131282866735, 
    2.395387579953649, 
    0.00020297232400189711, 
    15.452272097737151, 
    1.3245866966928008, 
    0.007504330546938119, 
    5.6824880050126731, 
    3.9635008958740152, 
    8.0581589919991448, 
    0.64110744274713871, 
    2.6495025320237406, 
    0.0014051718309817203, 
    4.6433542142438329, 
    0.002844642661248157, 
    0.00142129581300819, 
    2.2559324392752695, 
    0.00023558579755209052, 
    1.2467718452424899, 
    0.022021881624763765, 
    0.17137698412231722, 
    0.00084963688609718377, 
    0.004883938830335781, 
    0.018991718518132413, 
    0.00039231319896228906, 
    0.0040564913244145687, 
    0.0011294498628959067, 
    0.016013825260170277, 
    0.0012775319474740332, 
    0.30965435318449586, 
    0.37533748392204647, 
    11.552697781039514, 
    0.00094642057040421963, 
    45.00677472207056, 
    0.22320308926965982, 
    0.099444071663378902, 
    11.440079733952503, 
    0.0017709312937521475, 
    0.62143315982388747, 
    0.0011551510208320493, 
    0.0018006337468170659, 
    0.0091432325792400373, 
    0.0007334232608551351, 
    1.3960012774530162, 
    1.7936665400394221, 
    0.0049903856472650106, 
    0.00095566129694132451, 
    0.013227974177736452, 
    0.0014464335321023711, 
    0.0012493749936412985, 
    0.029674232989088438, 
    0.34044364886112449, 
    0.0041709498463455346, 
    0.0096578640861417868, 
    0.010355557427689401, 
    3.1918029743199159, 
    3.4128484942767581, 
    15.175671437367322, 
    0.012720493496201312, 
    16.608960051103701, 
    0.98841542215120837, 
    0.012611268965609445, 
    0.0040819236785011072, 
    1.6795849283887527, 
    0.00019517480904706393, 
    0.0020618149746164209, 
    8.4493945642999631, 
    10.804664916788489, 
    0.48390789207385709, 
    0.006240230269585422, 
    0.0016789023043277905, 
    0.0006257029070125818, 
    7.782939828627077, 
    0.68973765464261783, 
    0.00037565612553197727, 
    14.137409307838613, 
    3.2996265133721527, 
    0.026287044883040386
  ], 
  "bias_variance": 81.37569359919478, 
  "mae": 6.7202244865598004, 
  "pearsonr": [
    0.59395954172571153, 
    7.3300617624441988e-11
  ], 
  "variance": 114.65494071451006, 
  "warp_psi": [
    [
      8.2239944954677394e-54, 
      0.013994995557177823, 
      -11.189006520027817
    ], 
    [
      5.6735995723557496e-54, 
      0.0047528101681860377, 
      1.118716154977881
    ], 
    [
      4.2521648362473808e-54, 
      2.7821118373584492, 
      -1.042353573805644
    ]
  ]
}