{
  "noise": 35.92010747506255, 
  "log_likelihood": -3650.38758038213, 
  "nlpd": -4.1374976726581014, 
  "rmse": 15.259474508672394, 
  "weight_variance": [
    2.2190443485882401e-10, 
    4.2717167274659369, 
    2.6474132775219636e-08, 
    12.626289066438792, 
    1.2842279042195091e-07, 
    3.6555437082051823e-07, 
    5.0050199265396644e-22, 
    5.2563211957108642, 
    175.445133596701, 
    71.58640574943685, 
    4.0609086738482239e-07, 
    9.5181710169803654e-08, 
    5.912699810875921, 
    2.7989635981186878e-07, 
    6.5927061249557865e-07, 
    4.8985796322843593e-07, 
    26.940107318947238, 
    6.65079866879974, 
    10.898854413734822, 
    1.0933802078246129e-16, 
    0.097622670711778339, 
    1.5567559195327944e-08, 
    6.5010860157110946, 
    112.27952358227202, 
    1.0216621923156996e-09, 
    9.1498656215516654, 
    1.9334620041183774e-07, 
    8.9656325545487139, 
    7.4560009393208461e-07, 
    80.460829217800281, 
    181.09808726936052, 
    32.39350789924255, 
    1.1410998979122797e-14, 
    3.3891034257180365e-06, 
    1.8374043697032172e-05, 
    47.998143284730411, 
    2.4887127090028876e-18, 
    142.26189193019391, 
    66.824670106501813, 
    150.60004671280632, 
    2.1196000256040186e-18, 
    1.6863849487761176e-07, 
    37.199137056219691, 
    4.2244957120407126e-09, 
    53.983680968777705, 
    4.5846811566890911e-07, 
    67.681423297977815, 
    1.6818566808282525, 
    5.6357593967032542e-08, 
    9.3778409169281677e-06, 
    3.9083937825608391e-08, 
    2.1637810130335832e-10, 
    9.1177929054222316e-08, 
    2.1280414044400086e-12, 
    12.918333436566547, 
    1.8331748771882546, 
    28.85570265002286, 
    3.3508500816745223e-07, 
    3.3881650412064793e-08, 
    6.6522316278472124e-07, 
    9.9248589037408604e-27, 
    1.8463477952836962e-15, 
    1.4735971575889413e-07, 
    2.4453945571662655e-53, 
    0.23229757037621354, 
    4.7703452148467114e-13, 
    11.071752547298749, 
    1.4874865663581217e-25, 
    4.8417827446098279e-09, 
    44.100028816287477, 
    1.8700482646472098e-07, 
    13.763514643151932, 
    1.8291177580274515e-06, 
    8.5737801647763428e-13, 
    2.7112224921617396, 
    2.3856270496295004e-07, 
    1.762280945151003e-07, 
    3.271338463802645e-07, 
    6.0929209407182169e-11, 
    2.5590858481893055, 
    15.620835830080301, 
    51.324350943652092, 
    15.955791840389677, 
    7.5864649998579703e-21, 
    1.1163857719570737e-05, 
    201.37194940621279, 
    3.2222927301159787e-10, 
    2.7598270205331335e-06, 
    165.83179476969187, 
    4.3585516000748566e-07, 
    2.2227763687104222e-12, 
    154.84160478392437, 
    3.2079672099735089e-09, 
    2.069787765784987e-09, 
    4.1388678542244998e-09, 
    4.8755826088084523e-07, 
    226.09618508306548, 
    19.384541068234068, 
    38.370436414278274, 
    14.249282477519651
  ], 
  "bias_variance": 2.936557842656889e-07, 
  "mae": 11.198071925801464, 
  "pearsonr": [
    0.64204233938621025, 
    6.0708535793179888e-13
  ], 
  "variance": 598.1383480616333
}