{
  "warp_d": 0.2855844968709996, 
  "noise": 11.349823272667113, 
  "log_likelihood": -3575.423314413656, 
  "nlpd": -3.9432897791354344, 
  "rmse": 12.630668176612877, 
  "mae": 9.0048167969170922, 
  "pearsonr": [
    0.27432430034131422, 
    0.0057457415570004618
  ], 
  "variance": [
    1.2281007334709091
  ], 
  "warp_psi": [
    [
      5.6767823105917372e-07, 
      0.14491249393998021, 
      0.54300997317555599
    ], 
    [
      6.8757625448025482e-09, 
      2.9674429184308764, 
      1.0816998350816109
    ], 
    [
      1.9649318449650818e-07, 
      2.0987970452471658, 
      2.5510512717212666
    ]
  ]
}