{
  "pearsonr": [
    0.61174552363387014, 
    3.4938153409678678e-14
  ], 
  "nlpd": 4.2352712951851696, 
  "rmse": 16.692899996020955, 
  "Mat32.lengthscale": 2.064857834416349, 
  "Gaussian_noise.variance": 26.932308919286267, 
  "mae": 13.493084349292932, 
  "Mat32.variance": 627.7464276266483, 
  "log_likelihood": -4861.482879184996
}