{
  "noise": 38.519452343887764, 
  "log_likelihood": -3872.0250053589007, 
  "nlpd": -4.2144605785977731, 
  "rmse": 16.262829530394523, 
  "lengthscale": [
    2.2122201545968316
  ], 
  "mae": 13.086048434779199, 
  "pearsonr": [
    0.54299355343965161, 
    5.3286875520427297e-09
  ], 
  "variance": 594.9953717660549
}