{
  "warp_d": 0.9369940197050926, 
  "noise": 21.729145226050836, 
  "log_likelihood": -3197.546691057374, 
  "nlpd": -3.5765939262029907, 
  "rmse": 8.6163631258614046, 
  "weight_variance": [
    4.4512961734910562e-12, 
    144.75701433874568, 
    7.5328513691587791e-44, 
    2.0859982826898468e-30, 
    1.259710136006989e-16, 
    13.044143158397187, 
    2.9514814641869287e-25, 
    1.877146197265564e-39, 
    1.8391242180722397e-22, 
    15.722524692104429, 
    1.1468803022670895e-29, 
    1.2129200816189245e-30, 
    34.105459608756796, 
    1.4678224232641318e-05, 
    6.7104355112120671e-05, 
    2.1244925417099688e-25, 
    5.7190258625033455e-34, 
    2.3948422619427283e-23, 
    0.0029232001951641109, 
    2.7866973664685467e-19, 
    4.8486419854211145e-31, 
    9.1255354341562068e-41, 
    3.1898383847379198e-30, 
    1.9893231804638155e-36, 
    9.7753050051345843e-29, 
    8.945694366186221e-44, 
    80.548121599114893, 
    154.32772675810278, 
    6.20018296323209e-40, 
    291.59276145862208, 
    39.034379230722855, 
    2.4505516922292549e-21, 
    34.974952374672618, 
    11.0970938043709, 
    2.5984646774349292e-42, 
    1.9713959557387055e-28, 
    4.2379574115515847e-34, 
    105.89700305191478, 
    2.930134364830178e-21, 
    3.1887268471613067e-30, 
    0.00017912933065648457, 
    6.6575924130193867e-42, 
    7.6021183305794615e-46, 
    88.67931788359067, 
    27.654551329098645, 
    3.9532628698472478e-39, 
    3.2439194319497929e-31, 
    8.7632666181307339, 
    8.1209167528417281e-37, 
    26.82154520184984, 
    2.3094038904818985, 
    6.3494093412634586e-21, 
    7.3960122457875652, 
    4.6893929420690438e-48, 
    20.148195491522252, 
    280.46040645646349, 
    18.339144459304329, 
    1.5066728054979355e-36, 
    195.71298498148875, 
    1.2711820222305108e-39, 
    2.1206648743058559e-27, 
    4.7045723470752286e-23, 
    7.5396197935155729e-33, 
    10.636629165713453, 
    1.1239509696981599e-31, 
    6.4899830800616264e-16, 
    13.464478036696157, 
    8.0266166514153851e-22, 
    1.0193677645930054e-32, 
    34.91498384125066, 
    8.9677064333229145e-41, 
    43.347106960553418, 
    2.038071416727697e-15, 
    203.15652056556419, 
    3.2627475900517e-21, 
    5.5337472270731362e-45, 
    1.1679243087170833e-26, 
    72.338491827062683, 
    6.3103459103906014e-42, 
    5.6564334131811567, 
    13.529572813318117, 
    6.0104324124466315e-26, 
    24.312991110244472, 
    2.184565583430895e-13, 
    28.623338778137452, 
    4.673887155905626e-28, 
    1.1382368730787331e-37, 
    28.422116638108982, 
    3.7444576880236123e-29, 
    3.7398923112156649e-25, 
    3.6822423869989149e-32, 
    1.6002407980121478e-30, 
    45.005566470332603, 
    1.5461196692715108e-36, 
    48.352597048999677, 
    1.1316307507609933e-36, 
    154.60051939921897, 
    2.5159543031901739e-25, 
    8.7857053723857782e-30, 
    1.3024707457421527e-29
  ], 
  "bias_variance": 470.90089895488313, 
  "mae": 5.6218290527383852, 
  "pearsonr": [
    0.39768597554734431, 
    4.1821164752499673e-05
  ], 
  "variance": 444.64339780298945, 
  "warp_psi": [
    [
      2.8586337543076342e-204, 
      0.55349943234015786, 
      0.24629139055472118
    ], 
    [
      1.8156801237929672e-202, 
      0.63475679651868322, 
      -0.81385964981043823
    ], 
    [
      7.1605757113789353e-189, 
      3.9286810626239595e-49, 
      -10.421246707396845
    ]
  ]
}