{
  "warp_d": 1.9006364464004255, 
  "noise": 380.7673022721036, 
  "log_likelihood": -3867.9025628241397, 
  "nlpd": -4.3537042319413413, 
  "rmse": 18.676326636083022, 
  "weight_variance": [
    389.15124044251974
  ], 
  "bias_variance": 2449.798836163389, 
  "mae": 14.638193574638265, 
  "pearsonr": [
    0.57594829459379315, 
    3.6270915393765338e-10
  ], 
  "variance": 2907.6715113568735, 
  "warp_psi": [
    [
      5.5626846462681369e-309, 
      1.141415743870203e-130, 
      256.69556217651711
    ], 
    [
      5.5626846462681369e-309, 
      6.7111576049837188e-162, 
      -164.30837679814732
    ], 
    [
      5.5626846462681369e-309, 
      87.368409118517704, 
      3007.4380229549179
    ]
  ]
}