{
  "noise": 0.6397389645396901, 
  "log_likelihood": -1118.320479266171, 
  "nlpd": -657.29262859339565, 
  "rmse": 20.771930472515947, 
  "mae": 16.120889979504458, 
  "pearsonr": [
    0.40491008693646119, 
    2.9328743696466424e-05
  ], 
  "variance": [
    0.11678904726616804, 
    4.5646763702264747e-06, 
    8.1162601527332739e-06, 
    0.31026880887987429, 
    0.39515162035000451, 
    0.13342613117696958, 
    6.355968248689166e-05, 
    5.42498104386439e-06, 
    0.0058191122334044455, 
    0.16542917799669318, 
    5.2066258970376711e-05, 
    0.048248555817502987, 
    1.9371395304029913e-06, 
    3.3590456031223864e-06, 
    0.00029582035645343336, 
    2.2756798598704544e-05, 
    1.5618972523511099e-05, 
    1.7906812821068116e-06, 
    3.1667959846804573e-06, 
    0.017790872830973643, 
    4.5951063058248692e-06, 
    8.9572716809107455e-06, 
    3.0466092197634497e-06, 
    1.139365747791137e-06, 
    0.047724344648585493, 
    2.2748925047411826e-06, 
    5.2093963738833638e-06, 
    1.2282669218858141e-06, 
    0.00027465244329282677, 
    0.49038150617314274, 
    0.45328314301141287, 
    0.009369789818957067, 
    1.1216858734110971e-05, 
    0.24289075409713179, 
    0.092121614758817486, 
    0.02390697111243795, 
    9.029856144448843e-05, 
    1.7452397206673856e-06, 
    0.15473052023621731, 
    2.2437464219641809e-06, 
    0.48412208890792258, 
    2.1802816248849893e-06, 
    0.22643297741495311, 
    7.6007756930515893e-06, 
    7.3400469578834774e-06, 
    2.8723448150442499e-06, 
    0.050645430265894485, 
    2.2181574264802505e-06, 
    0.0047738259964942003, 
    1.3991361248289514e-06, 
    0.29821748732916947, 
    0.00028927677237583781, 
    2.0447133297135618e-06, 
    1.3979661966565117e-06, 
    3.0587537304980223e-06, 
    2.5501808101124417e-06, 
    0.018323313699109861, 
    0.060380552824310117, 
    1.3694425759190308e-05, 
    0.13078088211373942, 
    0.10020767695619506, 
    0.28584757943233152, 
    1.7219652504848534e-06, 
    0.056449422949467337, 
    3.1839888261418749e-06, 
    2.8381684317211737e-06, 
    1.3155326001980154e-06, 
    0.017257059121558029, 
    0.065448102338837341, 
    0.027658010742232429, 
    0.31321019974495939, 
    0.00010327121392969855, 
    0.12333249836723724, 
    3.9482444920536652e-06, 
    0.031719077050262688, 
    1.7187583792075786e-06, 
    0.23129276769348797, 
    2.7211153232344874e-06, 
    0.010052896957392754, 
    0.38049689544249299, 
    0.050085745856451674, 
    1.1214135043183218e-05, 
    1.6380219354942683e-05, 
    0.068490979934399315, 
    3.4248014361611443e-05, 
    1.5777644753043427e-06, 
    0.44986887213090559, 
    0.020828588749244929, 
    0.08627683276018358, 
    2.2069030722932328e-05, 
    0.024814523003335594, 
    0.060692590289465893, 
    2.463067785343383e-06, 
    1.6914141294308864e-06, 
    1.7392548942921256e-05, 
    0.031884482514663345, 
    1.7670637172199638e-06, 
    5.5570583546272923e-06, 
    3.724485111852401e-06, 
    2.0747531165595586e-06
  ]
}