{
  "warp_d": 0.2614116744967508, 
  "noise": 7.4375779852107735, 
  "log_likelihood": -3454.5700179827036, 
  "nlpd": -3.8820337398579494, 
  "rmse": 11.651646433007883, 
  "lengthscale": [
    21.077271431083592
  ], 
  "mae": 7.3154841282406959, 
  "pearsonr": [
    0.57102541446278932, 
    5.52236926656646e-10
  ], 
  "variance": 236.4740981350978, 
  "warp_psi": [
    [
      2.69294599964407e-142, 
      1.4048015062192545e-16, 
      -61.076737817654795
    ], 
    [
      4.4566370473180962e-70, 
      2.4741382967133813e-07, 
      -16.890446307905833
    ], 
    [
      1.7841843722103937e-42, 
      0.027928713505374819, 
      -7.590058582149747
    ]
  ]
}