{
  "noise": 63.64522878337653, 
  "log_likelihood": -3647.5258901059724, 
  "nlpd": -3.9074972469110509, 
  "rmse": 11.878124279805467, 
  "lengthscale": [
    1.5607244816346069, 
    1.831643110593701, 
    32.951813118866646, 
    11.843419664636238, 
    24.756474541153029, 
    46.439011193221077, 
    26.04762726440778, 
    17.661722338070653, 
    21.481425504116967, 
    1.8208299616344534, 
    20.214582394062276, 
    17.403809265837079, 
    11.093181742347191, 
    106.18274768368522, 
    21.592376172276108, 
    20.42142943254883, 
    1.7485558201740181, 
    19.649134169184812, 
    1.5022590911633893, 
    23.689196902886209, 
    16.591791045705683, 
    21.929066428969978, 
    19.027155567718186, 
    17.72063193704556, 
    5.8433318697438539, 
    3.2808662633245462, 
    23.895846619807056, 
    2.8738859475532532, 
    22.468483229510927, 
    0.88379909269775758, 
    1.5483060024109903, 
    4.6927428303322092, 
    54.351279565090593, 
    22.471226574904115, 
    16.859948125176764, 
    1.5352375756906902, 
    21.579900263147582, 
    2.5627550690328529, 
    2.150839859948749, 
    50.07516250105752, 
    3.0231863667090675, 
    19.681057121424743, 
    1.1840348833526775, 
    22.165527451193544, 
    1.0995425747587484, 
    19.824811831425759, 
    1.1471721187036861, 
    41.073046609865713, 
    13.173458401759463, 
    31.113705899533741, 
    15.639908399432166, 
    1.880592126673541, 
    58.670282774297547, 
    2.4816263189630408, 
    2.4846978063746361, 
    27.40366944638453, 
    11.339674330064785, 
    24.12406224742956, 
    30.619848655908577, 
    17.243426886756705, 
    21.711056085687023, 
    2.3798670612007653, 
    24.648765691819875, 
    16.802011336204068, 
    18.724044918663417, 
    11.901634668655005, 
    4.9843168310517996, 
    27.011628984848173, 
    2.540853232469698, 
    2.3016893713489415, 
    20.009919061157778, 
    0.88138950380712622, 
    17.750444405796539, 
    11.126962643609792, 
    3.0964637940270445, 
    22.552494519131233, 
    1.1932651557991603, 
    21.757438668206248, 
    4.0910049913239606, 
    1.6281385940329967, 
    0.90569360929007758, 
    1.5028091542170847, 
    1.6378593181819543, 
    28.093256301569699, 
    23.62264277965345, 
    18.556658677485757, 
    1.7805120716014993, 
    23.389222036677708, 
    36.279970898708456, 
    26.04166302199409, 
    17.173928515826454, 
    1.1427113938691127, 
    16.522111200389972, 
    24.649540977157574, 
    1.849969927572185, 
    23.486855235988426, 
    25.831605955150557, 
    1.8290158683715156, 
    1.0131391991037895, 
    1.5453568114546239
  ], 
  "mae": 9.1723745741568958, 
  "pearsonr": [
    0.80326462465428106, 
    8.8136953839048698e-24
  ], 
  "variance": 367.6649220997185
}