{
  "warp_d": 0.13313099419589142, 
  "noise": 6.8638634698163035, 
  "log_likelihood": -3297.652818998477, 
  "nlpd": -3.7062403250602687, 
  "rmse": 12.90853153118055, 
  "lengthscale": [
    4.6433097875262552, 
    9.9068582120456181, 
    5.5609081055622349, 
    9.2578253704029958, 
    17.046190376201594, 
    12.935677018837906, 
    10.215832659687161, 
    6.4711903871467902, 
    10.116661701445576, 
    10.885207737404491, 
    11.534826356535202, 
    9.9821306064553283, 
    12.392980080139996, 
    13.533761264530138, 
    9.5849292302797302, 
    12.808012395976728, 
    13.68437920524967, 
    3.1345284961277873, 
    12.580080907525776, 
    8.3493552078219935, 
    4.9688824610902875, 
    12.916720489727451, 
    8.1753473481371, 
    11.619029271955004, 
    9.787542992109918, 
    14.234940918622616, 
    7.8875204235274952, 
    9.6602473147139438, 
    10.464389229510939, 
    8.9825790134735648, 
    11.709618235365113, 
    10.443791432205575, 
    9.2418567775976683, 
    5.18558441860751, 
    19.990322620381352, 
    11.100886403094242, 
    5.6396660031765107, 
    8.9694708181253997, 
    11.276581651163326, 
    4.5784440189098845, 
    9.4666346537952979, 
    10.557998246935304, 
    12.805195839455163, 
    11.217185983829358, 
    11.023184087828897, 
    12.369151164637911, 
    13.865124643045982, 
    5.6859867850790122, 
    11.617597006726049, 
    12.64491807470046, 
    5.7158159645769402, 
    11.798509545377399, 
    10.810705632899795, 
    9.231310314535639, 
    13.048500401916412, 
    20.661242846160935, 
    5.9619027611366846, 
    11.175338532757648, 
    10.596210738986708, 
    8.4805324740320973, 
    14.339175591925002, 
    9.6141099731570705, 
    8.9080654669094059, 
    9.4473429467325332, 
    8.2335282923679376, 
    10.196604666841806, 
    7.4584599007864405, 
    1.2104753549095078, 
    9.2480979784557338, 
    4.5098825614944404, 
    3.2181054873095944, 
    9.605222093816721, 
    0.26036692366553227, 
    8.010287476319693, 
    12.550783165996537, 
    13.170412485676106, 
    12.03046783209796, 
    8.4253079816627032, 
    13.29931758129365, 
    8.1573334563463096, 
    6.4570967359336979, 
    7.5646442346812695, 
    8.8189572867253609, 
    12.242617833979317, 
    11.949935209795026, 
    12.038666730009261, 
    14.69196424437145, 
    14.310873317041709, 
    12.361313021541296, 
    11.637692300934592, 
    6.2814556727698125, 
    10.437851119908869, 
    4.7826683108735724, 
    11.482709851019681, 
    12.95203220974369, 
    7.5237179245725763, 
    5.1968294905005523, 
    2.3307505438649647, 
    12.599698451938327, 
    2.4911056118645498
  ], 
  "mae": 9.1896534511075245, 
  "pearsonr": [
    0.32636121549215924, 
    0.00092035084885881832
  ], 
  "variance": 34.09335267544773, 
  "warp_psi": [
    [
      3.5883800137858799, 
      0.051837516843398483, 
      -8.6326524453642826
    ], 
    [
      3.3299941118479999, 
      35.989418965587596, 
      0.020433390554723752
    ], 
    [
      2.3493637065410926e-18, 
      3.5190870019087934, 
      -11.079807389766135
    ]
  ]
}