{
  "log_likelihood": -4389.348385879307, 
  "nlpd": 3.8044778467131888, 
  "rmse": 10.410720871076585, 
  "rbf.lengthscale": 2.0345462784276127, 
  "Gaussian_noise.variance": 85.88406092888228, 
  "mae": 7.2603253198642763, 
  "pearsonr": [
    0.63205499120024244, 
    2.6860374332482301e-15
  ], 
  "rbf.variance": 137.40404962681606
}