{
  "noise": 0.28204589791800017, 
  "log_likelihood": -1076.1169233789185, 
  "nlpd": -259.18786967722667, 
  "rmse": 11.776327190524821, 
  "weight_variance": [
    1646.6177740256928
  ], 
  "bias_variance": 170.3137930786526, 
  "mae": 8.5951079037025178, 
  "pearsonr": [
    0.5767264218296615, 
    3.3917513327846644e-10
  ], 
  "variance": 1.1052957755247523
}