{
  "warp_d": 1.3540063611261308, 
  "noise": 64.6729874039543, 
  "log_likelihood": -3886.996869472749, 
  "nlpd": -4.1594673385825516, 
  "rmse": 15.665575010253312, 
  "weight_variance": [
    551.13288170823205
  ], 
  "bias_variance": 438.9978843965992, 
  "mae": 12.618321448758344, 
  "pearsonr": [
    0.62591763746544482, 
    3.3221635931101438e-12
  ], 
  "variance": 1936.0680017368818, 
  "warp_psi": [
    [
      5.5626846462681369e-309, 
      9.4292373153982057e-148, 
      -252.00551443900864
    ], 
    [
      5.5626846462681369e-309, 
      6.2256316209320607e-40, 
      -161.27227682593829
    ], 
    [
      5.5626846462681369e-309, 
      2.3602918314337074e-89, 
      149.43783016606926
    ]
  ]
}