{
  "noise": 100.80290589295595, 
  "log_likelihood": -3628.8612415560124, 
  "nlpd": -4.2355527311067798, 
  "rmse": 15.296483998507705, 
  "lengthscale": [
    1.3939705099406647, 
    49.999692590533208, 
    17.888604300872839, 
    2.8450130306457693, 
    20.855297781903875, 
    1.4131176705373913, 
    13.050189586246992, 
    1.893776127184239, 
    12.162733499542805, 
    0.90173510257315592, 
    13.70122062780287, 
    1.116996305895988, 
    13.285198657874863, 
    54.185272495797065, 
    17.975568369737687, 
    18.959571672093492, 
    1.6293229655819228, 
    16.858863552594133, 
    2.4712356261825352, 
    23.380370202769065, 
    4.2804293216091525, 
    13.608578071983095, 
    11.28044907080991, 
    4.8065179123868074, 
    2.1150151592686037, 
    2.2317471359832792, 
    19.716352023724973, 
    17.768404626457201, 
    6.9105318137948366, 
    1.0284452626510607, 
    1.3078169064751672, 
    17.066267763357395, 
    28.786829046461456, 
    15.945301220494388, 
    18.607676728346274, 
    2.1613170283691279, 
    20.736441706035166, 
    2.3362032781075914, 
    1.9652336693239574, 
    5.5678056935776246, 
    4.0717823087180447, 
    15.289386342705463, 
    1.2962720925780438, 
    15.791054982257897, 
    0.77325581892922812, 
    17.595820281556502, 
    1.0844884423374839, 
    39.876816311047207, 
    16.18941920096545, 
    15.9231820101068, 
    1.6027103468641555, 
    19.226676906432125, 
    2.118239826235977, 
    2.1241155056798613, 
    1.8665907755041689, 
    21.55060079343485, 
    6.1699770468763351, 
    17.747640022588733, 
    19.873754572638443, 
    16.152730975059516, 
    16.11772097087561, 
    1.4294471296224276, 
    18.891659377438298, 
    8.9849886993970483, 
    15.820073782629969, 
    10.281923534156352, 
    2.2647285460515962, 
    19.165931654463947, 
    3.7358685423784355, 
    1.3958591662940734, 
    18.147339591648134, 
    1.1242890878718537, 
    18.230567751280137, 
    12.524900100865779, 
    3.1663831386302199, 
    10.448065543343727, 
    1.7865032449509217, 
    16.672701924708193, 
    14.778476500929171, 
    9.3753322193751156, 
    0.90674194661124996, 
    1.3663272650432754, 
    1.7611745892177351, 
    17.084122524844908, 
    19.599133521638823, 
    2.3011682873926778, 
    5.7466745760170284, 
    19.198983146700794, 
    10.785962372242498, 
    19.114003440702135, 
    18.401815162465319, 
    0.61169245589432331, 
    11.313092232110515, 
    17.568734552952115, 
    1.8050817113901996, 
    19.86709770636983, 
    43.767064434851825, 
    1.338873358651504, 
    0.8039977964828996, 
    41.95166252325825
  ], 
  "mae": 10.790675961497023, 
  "pearsonr": [
    0.72176526533472551, 
    2.4087657065327568e-17
  ], 
  "variance": 315.58944734937427
}