{
  "lengthscale": [
    0.51755611107438493
  ], 
  "noise": [
    19.920223905043063, 
    10.205913044427362, 
    41.20920565019417, 
    20.1097888652331, 
    38.951432362741464, 
    44.01684385692268
  ], 
  "kappa": [
    3.890151310910189, 
    17.159659389587638, 
    63.59121553378768, 
    0.0928915075029106, 
    80.07233721690505, 
    44.615855040516045
  ], 
  "log_likelihood": -21273.084558044942, 
  "power": [
    0.014281740416153606
  ], 
  "joy": {
    "mae": 11.645342338878081, 
    "nlpd": 4.1274283431921166, 
    "pearsonr": [
      0.67698959908954426, 
      1.0549734868799343e-14
    ], 
    "rmse": 13.819666460751684
  }, 
  "W": [
    [
      1.1462017597243466, 
      5.7076774818327181
    ], 
    [
      0.72588938779292356, 
      2.9977200338782195
    ], 
    [
      3.0075822355120385, 
      1.2657923404552069
    ], 
    [
      -11.364639376926785, 
      -1.0024829566734645
    ], 
    [
      5.4108901947605528, 
      1.4556897864089318
    ], 
    [
      -0.99944734430158566, 
      -0.63390030393545238
    ]
  ], 
  "sadness": {
    "mae": 11.829207586845168, 
    "nlpd": 4.2286027685365513, 
    "pearsonr": [
      0.81982050425378528, 
      1.8212452197447578e-25
    ], 
    "rmse": 16.154372174678816
  }, 
  "disgust": {
    "mae": 6.1778635829734467, 
    "nlpd": 3.8265480379312176, 
    "pearsonr": [
      0.64124260318787996, 
      6.6204953252832375e-13
    ], 
    "rmse": 10.082770255427057
  }, 
  "variance": 74.56812494286417, 
  "anger": {
    "mae": 7.9336434726982512, 
    "nlpd": 3.879317280768884, 
    "pearsonr": [
      0.62577975186498547, 
      3.3693788283359116e-12
    ], 
    "rmse": 11.260297387126624
  }, 
  "surprise": {
    "mae": 10.030443489941488, 
    "nlpd": 3.9293776485586087, 
    "pearsonr": [
      0.59907457464796321, 
      4.5706339462982595e-11
    ], 
    "rmse": 12.208684774263432
  }, 
  "fear": {
    "mae": 8.8850470503282004, 
    "nlpd": 3.9473128720837076, 
    "pearsonr": [
      0.77217436353392999, 
      5.1755101877611229e-21
    ], 
    "rmse": 12.16201756753771
  }
}