{
  "noise": 0.08387070904260803, 
  "power": [
    0.021804092923088131
  ], 
  "nlpd": -1029.2907947189371, 
  "rmse": 15.014459376297673, 
  "lengthscale": [
    0.71234511756718932, 
    0.67019343165859291, 
    0.38444465656754928, 
    2.8485457459490617, 
    0.8818739803857496, 
    8.5569646832911541, 
    2.588813907735823, 
    1.7100874239546235, 
    7.8375021646873666, 
    0.66891338429017155, 
    0.6945375527084664, 
    8.5868982119130024, 
    8.4168732558501471, 
    5.7072622272966775, 
    11.197377792016958, 
    11.525576674585048, 
    0.96582585244268515, 
    5.9364340853846151, 
    7.3234421253138446, 
    0.61216096718625912, 
    0.36551615232920842, 
    11.297671260161946, 
    12.04564046519919, 
    6.024995690073772, 
    8.1636039535086784, 
    1.2210717381680491, 
    11.385431619662864, 
    0.93883927148446422, 
    1.0193460524792863, 
    0.35992852705789519, 
    0.56341016163989521, 
    10.779725604598921, 
    9.4104890755662289, 
    11.263887263389758, 
    9.6205284278429826, 
    0.75123450954726889, 
    6.2518685195029082, 
    0.65468496445050195, 
    4.0332418555368852, 
    10.435083915721634, 
    0.62098258189242872, 
    8.8134889650430992, 
    4.0107937547407797, 
    9.8154122543676614, 
    1.1480971493974228, 
    11.088169798515773, 
    0.52281912701410305, 
    0.46831778705289123, 
    10.167212213042543, 
    3.8122950379438358, 
    0.61792842039874007, 
    10.326570617733097, 
    10.213674214274278, 
    4.0613854234349827, 
    1.163173576030659, 
    14.926300889005232, 
    1.3500301140137421, 
    8.4444070688256794, 
    5.8430331017607688, 
    8.4246499180096741, 
    9.8744151555839057, 
    0.99617150688399891, 
    8.4156853883509601, 
    1.0695380662225751, 
    6.6965844229948743, 
    0.2988235784411889, 
    2.2336031594261367, 
    2.6774095918352443, 
    9.0370876447487731, 
    0.49149159843579948, 
    6.1566512356127019, 
    0.38648153639783822, 
    9.0187286595513907, 
    7.8390192439436817, 
    0.4245981744723113, 
    0.71451175754677287, 
    0.88749965200001568, 
    10.34960270610361, 
    5.4360985691583359, 
    0.62792034132915098, 
    0.37626191338005444, 
    1.7679727493897213, 
    0.60252502627557725, 
    10.577517721316994, 
    10.471225331899371, 
    11.366025846339465, 
    0.7846922358329772, 
    8.4937874446303301, 
    3.485504693149887, 
    10.177786877638219, 
    0.66999705841371449, 
    1.0449425269781341, 
    9.550143941978158, 
    10.816115922979533, 
    0.66165926812813136, 
    10.260274486179224, 
    12.134997683837394, 
    5.028078424342195, 
    10.201992279267845, 
    0.60935877328019572
  ], 
  "mae": 11.32180894414592, 
  "pearsonr": [
    0.74013241607459068, 
    1.3924515873269728e-18
  ], 
  "variance": 17.008347550085446, 
  "log_likelihood": -914.9128507862454
}