{
  "warp_d": 0.18071222535930806, 
  "noise": 2.4564631981783847, 
  "log_likelihood": -3275.7426131952966, 
  "nlpd": -3.6900780094688037, 
  "rmse": 9.5403094988905455, 
  "lengthscale": [
    35.624933608230435
  ], 
  "mae": 5.364913343192443, 
  "pearsonr": [
    0.51548354489498505, 
    4.0630424409817221e-08
  ], 
  "variance": 149.39439470182478, 
  "warp_psi": [
    [
      1.4302925032072125e-50, 
      2.7277093548448388, 
      0.75881191107804846
    ], 
    [
      8.95142386335226e-19, 
      0.37265401256621189, 
      -0.11346575541076506
    ], 
    [
      1.3783048944748027e-19, 
      2.8280013557593779, 
      -3.3219147554807282
    ]
  ]
}