{
  "warp_d": 3.241783765056938, 
  "noise": 1056.7125451595605, 
  "log_likelihood": -3564.4798692102395, 
  "nlpd": -3.8997061580382284, 
  "rmse": 12.025421909273728, 
  "weight_variance": [
    31.300836578507386
  ], 
  "bias_variance": 9213.722200347187, 
  "mae": 9.1925140017158373, 
  "pearsonr": [
    0.51677628735514747, 
    3.7078878528803666e-08
  ], 
  "variance": 8601.471287897482, 
  "warp_psi": [
    [
      5.5626846462681369e-309, 
      1.4972046468476713e-63, 
      275.04868424767238
    ], 
    [
      5.5626846462681369e-309, 
      4.6881729678492191e-148, 
      194.68782831010498
    ], 
    [
      5.5626846462681369e-309, 
      41.501297983152448, 
      367.57809445355025
    ]
  ]
}