{
  "warp_d": 0.12663204761769117, 
  "noise": 1.0822627144640569, 
  "log_likelihood": -3266.0762920496545, 
  "nlpd": -3.6644113939643832, 
  "rmse": 9.3135014252847501, 
  "lengthscale": [
    14.519344765883154
  ], 
  "mae": 5.9042445222497157, 
  "pearsonr": [
    0.62937222493310596, 
    2.32742715201378e-12
  ], 
  "variance": 9.064465953759058, 
  "warp_psi": [
    [
      1.1011611908413173e-05, 
      0.39220262706030429, 
      0.96700408848686203
    ], 
    [
      7.201627424400922e-06, 
      2.091954259414996, 
      0.21273991810884299
    ], 
    [
      3.7914358531092522e-06, 
      0.32218121182118065, 
      0.35150493196240112
    ]
  ]
}