{
  "noise": 0.10083673644535587, 
  "log_likelihood": -971.3212298127875, 
  "nlpd": -918.80627651281088, 
  "rmse": 13.889737198316078, 
  "lengthscale": [
    2.2135707965718741
  ], 
  "mae": 9.3762337784668421, 
  "pearsonr": [
    0.77031015900702116, 
    7.3450029728404859e-21
  ], 
  "variance": 0.8384190486128911
}